"../../../Engine/Plugins/2D/Paper2D/Content/PlaceholderTextures/DummySpriteTexture.ubulk" 0
"../../../Engine/Plugins/2D/Paper2D/Content/PlaceholderTextures/DummySpriteTexture.uasset" 1
"../../../Engine/Plugins/2D/Paper2D/Content/PlaceholderTextures/DummySpriteTexture.uexp" 2
"../../../Engine/Plugins/2D/Paper2D/Content/DummySprite.uasset" 3
"../../../Engine/Plugins/2D/Paper2D/Content/DummySprite.uexp" 4
"../../../Engine/Plugins/2D/Paper2D/Content/DefaultPaperTerrainMaterial.uasset" 5
"../../../Engine/Plugins/2D/Paper2D/Content/DefaultPaperTerrainMaterial.uexp" 6
"../../../Engine/Content/Animation/DefaultRecorderBoneCompression.uasset" 7
"../../../Engine/Content/Animation/DefaultRecorderBoneCompression.uexp" 8
"../../../Engine/Plugins/Interchange/Runtime/Content/Pipelines/DefaultTexturePipeline.uasset" 9
"../../../Engine/Plugins/Interchange/Runtime/Content/Pipelines/DefaultTexturePipeline.uexp" 10
"../../../Engine/Plugins/Interchange/Runtime/Content/Pipelines/DefaultSceneLevelPipeline.uasset" 11
"../../../Engine/Plugins/Interchange/Runtime/Content/Pipelines/DefaultSceneLevelPipeline.uexp" 12
"../../../Engine/Plugins/Interchange/Runtime/Content/Pipelines/DefaultSceneAssetsPipeline.uasset" 13
"../../../Engine/Plugins/Interchange/Runtime/Content/Pipelines/DefaultSceneAssetsPipeline.uexp" 14
"../../../Engine/Plugins/Interchange/Runtime/Content/Pipelines/DefaultMaterialXPipeline.uasset" 15
"../../../Engine/Plugins/Interchange/Runtime/Content/Pipelines/DefaultMaterialXPipeline.uexp" 16
"../../../Engine/Plugins/Interchange/Runtime/Content/Pipelines/DefaultMaterialPipeline.uasset" 17
"../../../Engine/Plugins/Interchange/Runtime/Content/Pipelines/DefaultMaterialPipeline.uexp" 18
"../../../Engine/Plugins/Interchange/Runtime/Content/Pipelines/DefaultGLTFSceneAssetsPipeline.uasset" 19
"../../../Engine/Plugins/Interchange/Runtime/Content/Pipelines/DefaultGLTFSceneAssetsPipeline.uexp" 20
"../../../Engine/Plugins/Interchange/Runtime/Content/Pipelines/DefaultGLTFPipeline.uasset" 21
"../../../Engine/Plugins/Interchange/Runtime/Content/Pipelines/DefaultGLTFPipeline.uexp" 22
"../../../Engine/Plugins/Interchange/Runtime/Content/Pipelines/DefaultGLTFAssetsPipeline.uasset" 23
"../../../Engine/Plugins/Interchange/Runtime/Content/Pipelines/DefaultGLTFAssetsPipeline.uexp" 24
"../../../Engine/Plugins/Interchange/Runtime/Content/Pipelines/DefaultAssetsPipeline.uasset" 25
"../../../Engine/Plugins/Interchange/Runtime/Content/Pipelines/DefaultAssetsPipeline.uexp" 26
"../../../Engine/Plugins/Animation/ControlRig/Content/Controls/DefaultGizmoLibraryNormalized.uasset" 27
"../../../Engine/Plugins/Animation/ControlRig/Content/Controls/DefaultGizmoLibraryNormalized.uexp" 28
"../../../Engine/Content/EngineSounds/Master.uasset" 29
"../../../Engine/Content/EngineSounds/Master.uexp" 30
"../../../Engine/Content/EngineMaterials/DefaultPhysicalMaterial.uasset" 31
"../../../Engine/Content/EngineMaterials/DefaultPhysicalMaterial.uexp" 32
"../../../Engine/Content/EngineMaterials/DefaultDestructiblePhysicalMaterial.uasset" 33
"../../../Engine/Content/EngineMaterials/DefaultDestructiblePhysicalMaterial.uexp" 34
"../../../Engine/Content/EngineFonts/Faces/DroidSansFallback.uexp" 35
"../../../Engine/Content/EngineFonts/Faces/DroidSansFallback.uasset" 36
"../../../Engine/Content/EngineFonts/Faces/DroidSansFallback.ufont" 37
"../../../Engine/Content/EngineFonts/Faces/RobotoBold.uexp" 38
"../../../Engine/Content/EngineFonts/Faces/RobotoBold.uasset" 39
"../../../Engine/Content/EngineFonts/Faces/RobotoBold.ufont" 40
"../../../Engine/Content/EngineFonts/Faces/RobotoBoldItalic.uexp" 41
"../../../Engine/Content/EngineFonts/Faces/RobotoBoldItalic.uasset" 42
"../../../Engine/Content/EngineFonts/Faces/RobotoBoldItalic.ufont" 43
"../../../Engine/Content/EngineFonts/Faces/RobotoItalic.uexp" 44
"../../../Engine/Content/EngineFonts/Faces/RobotoItalic.uasset" 45
"../../../Engine/Content/EngineFonts/Faces/RobotoItalic.ufont" 46
"../../../Engine/Content/EngineFonts/Faces/RobotoLight.uexp" 47
"../../../Engine/Content/EngineFonts/Faces/RobotoLight.uasset" 48
"../../../Engine/Content/EngineFonts/Faces/RobotoLight.ufont" 49
"../../../Engine/Content/EngineFonts/Faces/RobotoRegular.uexp" 50
"../../../Engine/Content/EngineFonts/Faces/RobotoRegular.uasset" 51
"../../../Engine/Content/EngineFonts/Faces/RobotoRegular.ufont" 52
"../../../Engine/Content/EngineFonts/Roboto.uasset" 53
"../../../Engine/Content/EngineFonts/Roboto.uexp" 54
"../../../Engine/Content/EngineFonts/Faces/DroidSansMono.uexp" 55
"../../../Engine/Content/EngineFonts/Faces/DroidSansMono.uasset" 56
"../../../Engine/Content/EngineFonts/Faces/DroidSansMono.ufont" 57
"../../../Engine/Content/EngineFonts/DroidSansMono.uasset" 58
"../../../Engine/Content/EngineFonts/DroidSansMono.uexp" 59
"../../../Engine/Content/EngineResources/GradientTexture0.uasset" 60
"../../../Engine/Content/EngineResources/GradientTexture0.uexp" 61
"../../../Engine/Content/EngineResources/Black.uasset" 62
"../../../Engine/Content/EngineResources/Black.uexp" 63
"../../../Engine/Content/EditorResources/S_Actor.ubulk" 64
"../../../Engine/Content/EditorResources/S_Actor.uasset" 65
"../../../Engine/Content/EditorResources/S_Actor.uexp" 66
"../../../Engine/Plugins/NNE/NNEDenoiser/Content/NNEDTOM_Output_Default.uasset" 67
"../../../Engine/Plugins/NNE/NNEDenoiser/Content/NNEDTOM_Output_Default.uexp" 68
"../../../Engine/Plugins/NNE/NNEDenoiser/Content/NNEDTOM_Output_Alpha.uasset" 69
"../../../Engine/Plugins/NNE/NNEDenoiser/Content/NNEDTOM_Output_Alpha.uexp" 70
"../../../Engine/Plugins/NNE/NNEDenoiser/Content/NNEDTIM_ColorAlbedoNormal_Default.uasset" 71
"../../../Engine/Plugins/NNE/NNEDenoiser/Content/NNEDTIM_ColorAlbedoNormal_Default.uexp" 72
"../../../Engine/Plugins/NNE/NNEDenoiser/Content/NNEDTIM_ColorAlbedoNormal_Alpha.uasset" 73
"../../../Engine/Plugins/NNE/NNEDenoiser/Content/NNEDTIM_ColorAlbedoNormal_Alpha.uexp" 74
"../../../Engine/Plugins/NNE/NNEDenoiser/Content/NNEDOM_Output_Default.uasset" 75
"../../../Engine/Plugins/NNE/NNEDenoiser/Content/NNEDOM_Output_Default.uexp" 76
"../../../Engine/Plugins/NNE/NNEDenoiser/Content/NNEDOM_Output_Alpha.uasset" 77
"../../../Engine/Plugins/NNE/NNEDenoiser/Content/NNEDOM_Output_Alpha.uexp" 78
"../../../Engine/Plugins/NNE/NNEDenoiser/Content/NNEDIM_HighQuality_Default.uasset" 79
"../../../Engine/Plugins/NNE/NNEDenoiser/Content/NNEDIM_HighQuality_Default.uexp" 80
"../../../Engine/Plugins/NNE/NNEDenoiser/Content/NNEDIM_HighQuality_Alpha.uasset" 81
"../../../Engine/Plugins/NNE/NNEDenoiser/Content/NNEDIM_HighQuality_Alpha.uexp" 82
"../../../Engine/Plugins/NNE/NNEDenoiser/Content/NNEDIM_ColorAlbedoNormal_Default.uasset" 83
"../../../Engine/Plugins/NNE/NNEDenoiser/Content/NNEDIM_ColorAlbedoNormal_Default.uexp" 84
"../../../Engine/Plugins/NNE/NNEDenoiser/Content/NNEDIM_ColorAlbedoNormal_Alpha.uasset" 85
"../../../Engine/Plugins/NNE/NNEDenoiser/Content/NNEDIM_ColorAlbedoNormal_Alpha.uexp" 86
"../../../Engine/Plugins/Runtime/AudioWidgets/Content/Resources/ScrubHandleDown_Clamped.uasset" 87
"../../../Engine/Plugins/Runtime/AudioWidgets/Content/Resources/ScrubHandleDown_Clamped.uexp" 88
"../../../Engine/Content/EngineResources/FilmGrains/Marcie_Grain_v3_128_M2_000.uasset" 89
"../../../Engine/Content/EngineResources/FilmGrains/Marcie_Grain_v3_128_M2_000.uexp" 90
"../../../Engine/Content/EngineResources/Development/ZenLogo_64.uasset" 91
"../../../Engine/Content/EngineResources/Development/ZenLogo_64.uexp" 92
"../../../Engine/Content/EngineMaterials/PreintegratedSkinBRDF.uasset" 93
"../../../Engine/Content/EngineMaterials/PreintegratedSkinBRDF.uexp" 94
"../../../Engine/Content/EngineMaterials/MiniFont.uasset" 95
"../../../Engine/Content/EngineMaterials/MiniFont.uexp" 96
"../../../Engine/Content/EngineMaterials/FastBlueNoise_vec2_128x128x64.uasset" 97
"../../../Engine/Content/EngineMaterials/FastBlueNoise_vec2_128x128x64.uexp" 98
"../../../Engine/Content/EngineMaterials/FastBlueNoise_scalar_128x128x8.uasset" 99
"../../../Engine/Content/EngineMaterials/FastBlueNoise_scalar_128x128x8.uexp" 100
"../../../Engine/Content/EngineMaterials/FastBlueNoise_scalar_128x128x64.uasset" 101
"../../../Engine/Content/EngineMaterials/FastBlueNoise_scalar_128x128x64.uexp" 102
"../../../Engine/Content/EngineMaterials/DefaultWhiteGrid.ubulk" 103
"../../../Engine/Content/EngineMaterials/DefaultWhiteGrid.uasset" 104
"../../../Engine/Content/EngineMaterials/DefaultWhiteGrid.uexp" 105
"../../../Engine/Content/EngineMaterials/DefaultBokeh.uasset" 106
"../../../Engine/Content/EngineMaterials/DefaultBokeh.uexp" 107
"../../../Engine/Content/EngineMaterials/DefaultBloomKernel.uasset" 108
"../../../Engine/Content/EngineMaterials/DefaultBloomKernel.uexp" 109
"../../../Engine/Content/EngineMaterials/LTC/Sheen_LTC.uasset" 110
"../../../Engine/Content/EngineMaterials/LTC/Sheen_LTC.uexp" 111
"../../../Engine/Content/EngineMaterials/LTC/GGX_LTCMat.uasset" 112
"../../../Engine/Content/EngineMaterials/LTC/GGX_LTCMat.uexp" 113
"../../../Engine/Content/EngineMaterials/LTC/GGX_LTCAmp.uasset" 114
"../../../Engine/Content/EngineMaterials/LTC/GGX_LTCAmp.uexp" 115
"../../../Engine/Content/EngineMaterials/EnergyConservation/Sheen_Energy.uasset" 116
"../../../Engine/Content/EngineMaterials/EnergyConservation/Sheen_Energy.uexp" 117
"../../../Engine/Content/EngineMaterials/EnergyConservation/SheenLegacy_Energy.uasset" 118
"../../../Engine/Content/EngineMaterials/EnergyConservation/SheenLegacy_Energy.uexp" 119
"../../../Engine/Content/EngineMaterials/EnergyConservation/GGX_TransmissionEnergyArray.uasset" 120
"../../../Engine/Content/EngineMaterials/EnergyConservation/GGX_TransmissionEnergyArray.uexp" 121
"../../../Engine/Content/EngineMaterials/EnergyConservation/GGX_ReflectionEnergy.uasset" 122
"../../../Engine/Content/EngineMaterials/EnergyConservation/GGX_ReflectionEnergy.uexp" 123
"../../../Engine/Content/EngineMaterials/EnergyConservation/Diffuse_Energy.uasset" 124
"../../../Engine/Content/EngineMaterials/EnergyConservation/Diffuse_Energy.uexp" 125
"../../../Engine/Content/EngineDamageTypes/DmgTypeBP_Environmental.uasset" 126
"../../../Engine/Content/EngineDamageTypes/DmgTypeBP_Environmental.uexp" 127
"../../../Engine/Content/EditorResources/S_TriggerSphere.uasset" 128
"../../../Engine/Content/EditorResources/S_TriggerSphere.uexp" 129
"../../../Engine/Content/EditorResources/S_TriggerCapsule.uasset" 130
"../../../Engine/Content/EditorResources/S_TriggerCapsule.uexp" 131
"../../../Engine/Content/EditorResources/S_TriggerBox.uasset" 132
"../../../Engine/Content/EditorResources/S_TriggerBox.uexp" 133
"../../../Engine/Content/EditorResources/S_Trigger.ubulk" 134
"../../../Engine/Content/EditorResources/S_Trigger.uasset" 135
"../../../Engine/Content/EditorResources/S_Trigger.uexp" 136
"../../../Engine/Content/EditorResources/S_Terrain.ubulk" 137
"../../../Engine/Content/EditorResources/S_Terrain.uasset" 138
"../../../Engine/Content/EditorResources/S_Terrain.uexp" 139
"../../../Engine/Content/EditorResources/S_Solver.ubulk" 140
"../../../Engine/Content/EditorResources/S_Solver.uasset" 141
"../../../Engine/Content/EditorResources/S_Solver.uexp" 142
"../../../Engine/Content/EditorResources/S_BoxReflectionCapture.uasset" 143
"../../../Engine/Content/EditorResources/S_BoxReflectionCapture.uexp" 144
"../../../Engine/Content/EditorResources/BSPVertex.uasset" 145
"../../../Engine/Content/EditorResources/BSPVertex.uexp" 146
"../../../Engine/Content/EditorResources/SequenceRecorder/RecordingIndicator.uasset" 147
"../../../Engine/Content/EditorResources/SequenceRecorder/RecordingIndicator.uexp" 148
"../../../Engine/Content/EditorResources/SequenceRecorder/Countdown.uasset" 149
"../../../Engine/Content/EditorResources/SequenceRecorder/Countdown.uexp" 150
"../../../Engine/Content/EditorMaterials/ParticleSystems/PSysThumbnail_OOD.ubulk" 151
"../../../Engine/Content/EditorMaterials/ParticleSystems/PSysThumbnail_OOD.uasset" 152
"../../../Engine/Content/EditorMaterials/ParticleSystems/PSysThumbnail_OOD.uexp" 153
"../../../Engine/Content/EditorMaterials/ParticleSystems/PSysThumbnail_NoImage.ubulk" 154
"../../../Engine/Content/EditorMaterials/ParticleSystems/PSysThumbnail_NoImage.uasset" 155
"../../../Engine/Content/EditorMaterials/ParticleSystems/PSysThumbnail_NoImage.uexp" 156
"../../../Engine/Content/Functions/Engine_MaterialFunctions01/Shading/PowerToRoughness.uasset" 157
"../../../Engine/Content/Functions/Engine_MaterialFunctions01/Shading/PowerToRoughness.uexp" 158
"../../../Engine/Content/Functions/Engine_MaterialFunctions01/Shading/ConvertFromDiffSpec.uasset" 159
"../../../Engine/Content/Functions/Engine_MaterialFunctions01/Shading/ConvertFromDiffSpec.uexp" 160
"../../../Engine/Content/EngineMaterials/T_Default_Material_Grid_M.ubulk" 161
"../../../Engine/Content/EngineMaterials/T_Default_Material_Grid_M.uasset" 162
"../../../Engine/Content/EngineMaterials/T_Default_Material_Grid_M.uexp" 163
"../../../Engine/Content/Functions/Engine_MaterialFunctions01/Opacity/CameraDepthFade.uasset" 164
"../../../Engine/Content/Functions/Engine_MaterialFunctions01/Opacity/CameraDepthFade.uexp" 165
"../../../Engine/Content/EngineMaterials/T_Default_Material_Grid_N.ubulk" 166
"../../../Engine/Content/EngineMaterials/T_Default_Material_Grid_N.uasset" 167
"../../../Engine/Content/EngineMaterials/T_Default_Material_Grid_N.uexp" 168
"../../../Engine/Content/EngineMaterials/WorldGridMaterial.uasset" 169
"../../../Engine/Content/EngineMaterials/WorldGridMaterial.uexp" 170
"../../../Engine/Content/BasicShapes/Cube.ubulk" 171
"../../../Engine/Content/BasicShapes/Cube.uasset" 172
"../../../Engine/Content/BasicShapes/Cube.uexp" 173
"D:/mydata/Repositories/MechaManZero/mmz/Content/BPI_CanOverlap.uasset" 174
"D:/mydata/Repositories/MechaManZero/mmz/Content/BPI_CanOverlap.uexp" 175
"../../../Engine/Content/BasicShapes/BasicShapeMaterial.uasset" 176
"../../../Engine/Content/BasicShapes/BasicShapeMaterial.uexp" 177
"D:/mydata/Repositories/MechaManZero/mmz/Content/FirstPerson/Blueprints/BPC_Energy.uasset" 178
"D:/mydata/Repositories/MechaManZero/mmz/Content/FirstPerson/Blueprints/BPC_Energy.uexp" 179
"D:/mydata/Repositories/MechaManZero/mmz/Content/Input/Actions/IA_MouseLook.uasset" 180
"D:/mydata/Repositories/MechaManZero/mmz/Content/Input/Actions/IA_MouseLook.uexp" 181
"D:/mydata/Repositories/MechaManZero/mmz/Content/Input/Actions/IA_Jump.uasset" 182
"D:/mydata/Repositories/MechaManZero/mmz/Content/Input/Actions/IA_Jump.uexp" 183
"D:/mydata/Repositories/MechaManZero/mmz/Content/Input/Actions/IA_Look.uasset" 184
"D:/mydata/Repositories/MechaManZero/mmz/Content/Input/Actions/IA_Look.uexp" 185
"D:/mydata/Repositories/MechaManZero/mmz/Content/Input/Actions/IA_Move.uasset" 186
"D:/mydata/Repositories/MechaManZero/mmz/Content/Input/Actions/IA_Move.uexp" 187
"D:/mydata/Repositories/MechaManZero/mmz/Content/Input/Actions/IA_Crouch.uasset" 188
"D:/mydata/Repositories/MechaManZero/mmz/Content/Input/Actions/IA_Crouch.uexp" 189
"D:/mydata/Repositories/MechaManZero/mmz/Content/Input/Actions/IA_Run.uasset" 190
"D:/mydata/Repositories/MechaManZero/mmz/Content/Input/Actions/IA_Run.uexp" 191
"D:/mydata/Repositories/MechaManZero/mmz/Content/Input/Actions/IA_Dash.uasset" 192
"D:/mydata/Repositories/MechaManZero/mmz/Content/Input/Actions/IA_Dash.uexp" 193
"D:/mydata/Repositories/MechaManZero/mmz/Content/Input/Actions/IA_Aim.uasset" 194
"D:/mydata/Repositories/MechaManZero/mmz/Content/Input/Actions/IA_Aim.uexp" 195
"D:/mydata/Repositories/MechaManZero/mmz/Content/Input/Actions/IA_Fire.uasset" 196
"D:/mydata/Repositories/MechaManZero/mmz/Content/Input/Actions/IA_Fire.uexp" 197
"D:/mydata/Repositories/MechaManZero/mmz/Content/Weapon/S_WeaponConfig.uasset" 198
"D:/mydata/Repositories/MechaManZero/mmz/Content/Weapon/S_WeaponConfig.uexp" 199
"D:/mydata/Repositories/MechaManZero/mmz/Content/Weapon/S_BulletImpactHit.uasset" 200
"D:/mydata/Repositories/MechaManZero/mmz/Content/Weapon/S_BulletImpactHit.uexp" 201
"D:/mydata/Repositories/MechaManZero/mmz/Content/Weapon/BP_Bullet_Old.uasset" 202
"D:/mydata/Repositories/MechaManZero/mmz/Content/Weapon/BP_Bullet_Old.uexp" 203
"../../../Engine/Content/EngineMaterials/DefaultMaterial.uasset" 204
"../../../Engine/Content/EngineMaterials/DefaultMaterial.uexp" 205
"../../../Engine/Content/BasicShapes/Cylinder.ubulk" 206
"../../../Engine/Content/BasicShapes/Cylinder.uasset" 207
"../../../Engine/Content/BasicShapes/Cylinder.uexp" 208
"D:/mydata/Repositories/MechaManZero/mmz/Content/UI/WBP_EnemyHealthBar.uasset" 209
"D:/mydata/Repositories/MechaManZero/mmz/Content/UI/WBP_EnemyHealthBar.uexp" 210
"D:/mydata/Repositories/MechaManZero/mmz/Content/Characters/Enemy/BPI_Damageable.uasset" 211
"D:/mydata/Repositories/MechaManZero/mmz/Content/Characters/Enemy/BPI_Damageable.uexp" 212
"D:/mydata/Repositories/MechaManZero/mmz/Content/Characters/Enemy/BP_Enemy.uasset" 213
"D:/mydata/Repositories/MechaManZero/mmz/Content/Characters/Enemy/BP_Enemy.uexp" 214
"D:/mydata/Repositories/MechaManZero/mmz/Content/Characters/Mecha/Materials/light1.uasset" 215
"D:/mydata/Repositories/MechaManZero/mmz/Content/Characters/Mecha/Materials/light1.uexp" 216
"D:/mydata/Repositories/MechaManZero/mmz/Content/Weapon/BP_Bullet.uasset" 217
"D:/mydata/Repositories/MechaManZero/mmz/Content/Weapon/BP_Bullet.uexp" 218
"D:/mydata/Repositories/MechaManZero/mmz/Content/Characters/Mecha/Mesh/final_Default_Skeleton.uasset" 219
"D:/mydata/Repositories/MechaManZero/mmz/Content/Characters/Mecha/Mesh/final_Default_Skeleton.uexp" 220
"D:/mydata/Repositories/MechaManZero/mmz/Content/Characters/Mecha/Textures/Iron3_lambert9SG_Roughness.ubulk" 221
"D:/mydata/Repositories/MechaManZero/mmz/Content/Characters/Mecha/Textures/Iron3_lambert9SG_Roughness.uasset" 222
"D:/mydata/Repositories/MechaManZero/mmz/Content/Characters/Mecha/Textures/Iron3_lambert9SG_Roughness.uexp" 223
"D:/mydata/Repositories/MechaManZero/mmz/Content/Characters/Mecha/Textures/Iron3_lambert9SG_Height.ubulk" 224
"D:/mydata/Repositories/MechaManZero/mmz/Content/Characters/Mecha/Textures/Iron3_lambert9SG_Height.uasset" 225
"D:/mydata/Repositories/MechaManZero/mmz/Content/Characters/Mecha/Textures/Iron3_lambert9SG_Height.uexp" 226
"D:/mydata/Repositories/MechaManZero/mmz/Content/Characters/Mecha/Textures/Iron3_lambert9SG_BaseColor.ubulk" 227
"D:/mydata/Repositories/MechaManZero/mmz/Content/Characters/Mecha/Textures/Iron3_lambert9SG_BaseColor.uasset" 228
"D:/mydata/Repositories/MechaManZero/mmz/Content/Characters/Mecha/Textures/Iron3_lambert9SG_BaseColor.uexp" 229
"D:/mydata/Repositories/MechaManZero/mmz/Content/Characters/Mecha/Materials/aiStandardSurface7.uasset" 230
"D:/mydata/Repositories/MechaManZero/mmz/Content/Characters/Mecha/Materials/aiStandardSurface7.uexp" 231
"D:/mydata/Repositories/MechaManZero/mmz/Content/Characters/Mecha/Textures/Iron3_lambert7SG_Roughness.ubulk" 232
"D:/mydata/Repositories/MechaManZero/mmz/Content/Characters/Mecha/Textures/Iron3_lambert7SG_Roughness.uasset" 233
"D:/mydata/Repositories/MechaManZero/mmz/Content/Characters/Mecha/Textures/Iron3_lambert7SG_Roughness.uexp" 234
"D:/mydata/Repositories/MechaManZero/mmz/Content/Characters/Mecha/Textures/Iron3_lambert7SG_BaseColor.ubulk" 235
"D:/mydata/Repositories/MechaManZero/mmz/Content/Characters/Mecha/Textures/Iron3_lambert7SG_BaseColor.uasset" 236
"D:/mydata/Repositories/MechaManZero/mmz/Content/Characters/Mecha/Textures/Iron3_lambert7SG_BaseColor.uexp" 237
"D:/mydata/Repositories/MechaManZero/mmz/Content/Characters/Mecha/Materials/aiStandardSurface6.uasset" 238
"D:/mydata/Repositories/MechaManZero/mmz/Content/Characters/Mecha/Materials/aiStandardSurface6.uexp" 239
"D:/mydata/Repositories/MechaManZero/mmz/Content/Characters/Mecha/Textures/Iron3_lambert5SG_Roughness.ubulk" 240
"D:/mydata/Repositories/MechaManZero/mmz/Content/Characters/Mecha/Textures/Iron3_lambert5SG_Roughness.uasset" 241
"D:/mydata/Repositories/MechaManZero/mmz/Content/Characters/Mecha/Textures/Iron3_lambert5SG_Roughness.uexp" 242
"D:/mydata/Repositories/MechaManZero/mmz/Content/Characters/Mecha/Textures/Iron3_lambert5SG_BaseColor.ubulk" 243
"D:/mydata/Repositories/MechaManZero/mmz/Content/Characters/Mecha/Textures/Iron3_lambert5SG_BaseColor.uasset" 244
"D:/mydata/Repositories/MechaManZero/mmz/Content/Characters/Mecha/Textures/Iron3_lambert5SG_BaseColor.uexp" 245
"D:/mydata/Repositories/MechaManZero/mmz/Content/Characters/Mecha/Materials/aiStandardSurface5.uasset" 246
"D:/mydata/Repositories/MechaManZero/mmz/Content/Characters/Mecha/Materials/aiStandardSurface5.uexp" 247
"D:/mydata/Repositories/MechaManZero/mmz/Content/Characters/Mecha/Textures/Iron3_lambert2SG_Roughness.ubulk" 248
"D:/mydata/Repositories/MechaManZero/mmz/Content/Characters/Mecha/Textures/Iron3_lambert2SG_Roughness.uasset" 249
"D:/mydata/Repositories/MechaManZero/mmz/Content/Characters/Mecha/Textures/Iron3_lambert2SG_Roughness.uexp" 250
"D:/mydata/Repositories/MechaManZero/mmz/Content/Characters/Mecha/Textures/Iron3_lambert2SG_BaseColor.ubulk" 251
"D:/mydata/Repositories/MechaManZero/mmz/Content/Characters/Mecha/Textures/Iron3_lambert2SG_BaseColor.uasset" 252
"D:/mydata/Repositories/MechaManZero/mmz/Content/Characters/Mecha/Textures/Iron3_lambert2SG_BaseColor.uexp" 253
"D:/mydata/Repositories/MechaManZero/mmz/Content/Characters/Mecha/Materials/aiStandardSurface4.uasset" 254
"D:/mydata/Repositories/MechaManZero/mmz/Content/Characters/Mecha/Materials/aiStandardSurface4.uexp" 255
"D:/mydata/Repositories/MechaManZero/mmz/Content/Characters/Mecha/Textures/Iron3_lambert15SG_Roughness.ubulk" 256
"D:/mydata/Repositories/MechaManZero/mmz/Content/Characters/Mecha/Textures/Iron3_lambert15SG_Roughness.uasset" 257
"D:/mydata/Repositories/MechaManZero/mmz/Content/Characters/Mecha/Textures/Iron3_lambert15SG_Roughness.uexp" 258
"D:/mydata/Repositories/MechaManZero/mmz/Content/Characters/Mecha/Textures/Iron3_lambert15SG_Metalness.ubulk" 259
"D:/mydata/Repositories/MechaManZero/mmz/Content/Characters/Mecha/Textures/Iron3_lambert15SG_Metalness.uasset" 260
"D:/mydata/Repositories/MechaManZero/mmz/Content/Characters/Mecha/Textures/Iron3_lambert15SG_Metalness.uexp" 261
"D:/mydata/Repositories/MechaManZero/mmz/Content/Characters/Mecha/Textures/Iron3_lambert15SG_BaseColor.ubulk" 262
"D:/mydata/Repositories/MechaManZero/mmz/Content/Characters/Mecha/Textures/Iron3_lambert15SG_BaseColor.uasset" 263
"D:/mydata/Repositories/MechaManZero/mmz/Content/Characters/Mecha/Textures/Iron3_lambert15SG_BaseColor.uexp" 264
"D:/mydata/Repositories/MechaManZero/mmz/Content/Characters/Mecha/Materials/aiStandardSurface3.uasset" 265
"D:/mydata/Repositories/MechaManZero/mmz/Content/Characters/Mecha/Materials/aiStandardSurface3.uexp" 266
"D:/mydata/Repositories/MechaManZero/mmz/Content/Characters/Mecha/Textures/Iron3_lambert13SG_Roughness.ubulk" 267
"D:/mydata/Repositories/MechaManZero/mmz/Content/Characters/Mecha/Textures/Iron3_lambert13SG_Roughness.uasset" 268
"D:/mydata/Repositories/MechaManZero/mmz/Content/Characters/Mecha/Textures/Iron3_lambert13SG_Roughness.uexp" 269
"D:/mydata/Repositories/MechaManZero/mmz/Content/Characters/Mecha/Textures/Iron3_lambert13SG_Metalness.ubulk" 270
"D:/mydata/Repositories/MechaManZero/mmz/Content/Characters/Mecha/Textures/Iron3_lambert13SG_Metalness.uasset" 271
"D:/mydata/Repositories/MechaManZero/mmz/Content/Characters/Mecha/Textures/Iron3_lambert13SG_Metalness.uexp" 272
"D:/mydata/Repositories/MechaManZero/mmz/Content/Characters/Mecha/Textures/Iron3_lambert13SG_BaseColor.ubulk" 273
"D:/mydata/Repositories/MechaManZero/mmz/Content/Characters/Mecha/Textures/Iron3_lambert13SG_BaseColor.uasset" 274
"D:/mydata/Repositories/MechaManZero/mmz/Content/Characters/Mecha/Textures/Iron3_lambert13SG_BaseColor.uexp" 275
"D:/mydata/Repositories/MechaManZero/mmz/Content/Characters/Mecha/Materials/aiStandardSurface2.uasset" 276
"D:/mydata/Repositories/MechaManZero/mmz/Content/Characters/Mecha/Materials/aiStandardSurface2.uexp" 277
"D:/mydata/Repositories/MechaManZero/mmz/Content/Characters/Mecha/Textures/Iron3_lambert10SG_Roughness.ubulk" 278
"D:/mydata/Repositories/MechaManZero/mmz/Content/Characters/Mecha/Textures/Iron3_lambert10SG_Roughness.uasset" 279
"D:/mydata/Repositories/MechaManZero/mmz/Content/Characters/Mecha/Textures/Iron3_lambert10SG_Roughness.uexp" 280
"D:/mydata/Repositories/MechaManZero/mmz/Content/Characters/Mecha/Textures/Iron3_lambert10SG_BaseColor.ubulk" 281
"D:/mydata/Repositories/MechaManZero/mmz/Content/Characters/Mecha/Textures/Iron3_lambert10SG_BaseColor.uasset" 282
"D:/mydata/Repositories/MechaManZero/mmz/Content/Characters/Mecha/Textures/Iron3_lambert10SG_BaseColor.uexp" 283
"D:/mydata/Repositories/MechaManZero/mmz/Content/Characters/Mecha/Materials/aiStandardSurface1.uasset" 284
"D:/mydata/Repositories/MechaManZero/mmz/Content/Characters/Mecha/Materials/aiStandardSurface1.uexp" 285
"D:/mydata/Repositories/MechaManZero/mmz/Content/Characters/Mecha/Mesh/final_Default.uasset" 286
"D:/mydata/Repositories/MechaManZero/mmz/Content/Characters/Mecha/Mesh/final_Default.uexp" 287
"../../../Engine/Plugins/Animation/ACLPlugin/Content/ACLAnimCurveCompressionSettings.uasset" 288
"../../../Engine/Plugins/Animation/ACLPlugin/Content/ACLAnimCurveCompressionSettings.uexp" 289
"../../../Engine/Plugins/Animation/ACLPlugin/Content/ACLAnimBoneCompressionSettings.uasset" 290
"../../../Engine/Plugins/Animation/ACLPlugin/Content/ACLAnimBoneCompressionSettings.uexp" 291
"../../../Engine/Content/Animation/DefaultVariableFrameStrippingSettings.uasset" 292
"../../../Engine/Content/Animation/DefaultVariableFrameStrippingSettings.uexp" 293
"D:/mydata/Repositories/MechaManZero/mmz/Content/Characters/Mecha/Animations/final_Idle.uasset" 294
"D:/mydata/Repositories/MechaManZero/mmz/Content/Characters/Mecha/Animations/final_Idle.uexp" 295
"D:/mydata/Repositories/MechaManZero/mmz/Content/Characters/Mecha/Animations/mecha_run_Anim.uasset" 296
"D:/mydata/Repositories/MechaManZero/mmz/Content/Characters/Mecha/Animations/mecha_run_Anim.uexp" 297
"D:/mydata/Repositories/MechaManZero/mmz/Content/Characters/Mecha/Animations/mecha_Walk_Anim.uasset" 298
"D:/mydata/Repositories/MechaManZero/mmz/Content/Characters/Mecha/Animations/mecha_Walk_Anim.uexp" 299
"D:/mydata/Repositories/MechaManZero/mmz/Content/Characters/Mecha/ABP_Mecha.uasset" 300
"D:/mydata/Repositories/MechaManZero/mmz/Content/Characters/Mecha/ABP_Mecha.uexp" 301
"D:/mydata/Repositories/MechaManZero/mmz/Content/UI/S_LogsEntry.uasset" 302
"D:/mydata/Repositories/MechaManZero/mmz/Content/UI/S_LogsEntry.uexp" 303
"D:/mydata/Repositories/MechaManZero/mmz/Content/UI/Assets/Orbitron-Regular.uexp" 304
"D:/mydata/Repositories/MechaManZero/mmz/Content/UI/Assets/Orbitron-Regular.uasset" 305
"D:/mydata/Repositories/MechaManZero/mmz/Content/UI/Assets/Orbitron-Regular.ufont" 306
"D:/mydata/Repositories/MechaManZero/mmz/Content/UI/Assets/OrbitronRegular.uasset" 307
"D:/mydata/Repositories/MechaManZero/mmz/Content/UI/Assets/OrbitronRegular.uexp" 308
"D:/mydata/Repositories/MechaManZero/mmz/Content/UI/WBP_LogListEntry.uasset" 309
"D:/mydata/Repositories/MechaManZero/mmz/Content/UI/WBP_LogListEntry.uexp" 310
"D:/mydata/Repositories/MechaManZero/mmz/Content/UI/DT_Logs.uasset" 311
"D:/mydata/Repositories/MechaManZero/mmz/Content/UI/DT_Logs.uexp" 312
"D:/mydata/Repositories/MechaManZero/mmz/Content/UI/Assets/Close_button.uasset" 313
"D:/mydata/Repositories/MechaManZero/mmz/Content/UI/Assets/Close_button.uexp" 314
"D:/mydata/Repositories/MechaManZero/mmz/Content/UI/Assets/Log_title.uasset" 315
"D:/mydata/Repositories/MechaManZero/mmz/Content/UI/Assets/Log_title.uexp" 316
"D:/mydata/Repositories/MechaManZero/mmz/Content/UI/WBP_Logs.uasset" 317
"D:/mydata/Repositories/MechaManZero/mmz/Content/UI/WBP_Logs.uexp" 318
"D:/mydata/Repositories/MechaManZero/mmz/Content/UI/WBP_HUD.uasset" 319
"D:/mydata/Repositories/MechaManZero/mmz/Content/UI/WBP_HUD.uexp" 320
"../../../Engine/Content/MobileResources/HUD/VirtualJoystick_Thumb.uasset" 321
"../../../Engine/Content/MobileResources/HUD/VirtualJoystick_Thumb.uexp" 322
"D:/mydata/Repositories/MechaManZero/mmz/Content/Input/Touch/BPI_TouchInterface.uasset" 323
"D:/mydata/Repositories/MechaManZero/mmz/Content/Input/Touch/BPI_TouchInterface.uexp" 324
"../../../Engine/Content/MobileResources/HUD/VirtualJoystick_Background.uasset" 325
"../../../Engine/Content/MobileResources/HUD/VirtualJoystick_Background.uexp" 326
"D:/mydata/Repositories/MechaManZero/mmz/Content/Input/Touch/UI_Thumbstick.uasset" 327
"D:/mydata/Repositories/MechaManZero/mmz/Content/Input/Touch/UI_Thumbstick.uexp" 328
"D:/mydata/Repositories/MechaManZero/mmz/Content/Input/Touch/UI_TouchSimple.uasset" 329
"D:/mydata/Repositories/MechaManZero/mmz/Content/Input/Touch/UI_TouchSimple.uexp" 330
"D:/mydata/Repositories/MechaManZero/mmz/Content/Weapon/DT_WeaponConfig.uasset" 331
"D:/mydata/Repositories/MechaManZero/mmz/Content/Weapon/DT_WeaponConfig.uexp" 332
"../../../Engine/Content/Functions/Engine_MaterialFunctions02/Fresnel_Function.uasset" 333
"../../../Engine/Content/Functions/Engine_MaterialFunctions02/Fresnel_Function.uexp" 334
"D:/mydata/Repositories/MechaManZero/mmz/Content/Laboratory/Materials/M_Glass.uasset" 335
"D:/mydata/Repositories/MechaManZero/mmz/Content/Laboratory/Materials/M_Glass.uexp" 336
"D:/mydata/Repositories/MechaManZero/mmz/Content/Weapon/AA_gun1/BPC_Weapon.uasset" 337
"D:/mydata/Repositories/MechaManZero/mmz/Content/Weapon/AA_gun1/BPC_Weapon.uexp" 338
"../../../Engine/Content/EngineResources/DefaultTexture.ubulk" 339
"../../../Engine/Content/EngineResources/DefaultTexture.uasset" 340
"../../../Engine/Content/EngineResources/DefaultTexture.uexp" 341
"../../../Engine/Content/Functions/Engine_MaterialFunctions03/Procedurals/NormalFromHeightmap.uasset" 342
"../../../Engine/Content/Functions/Engine_MaterialFunctions03/Procedurals/NormalFromHeightmap.uexp" 343
"D:/mydata/Repositories/MechaManZero/mmz/Content/Weapon/AA_gun1/Textures/gun_initialShadingGroup_Roughness.ubulk" 344
"D:/mydata/Repositories/MechaManZero/mmz/Content/Weapon/AA_gun1/Textures/gun_initialShadingGroup_Roughness.uasset" 345
"D:/mydata/Repositories/MechaManZero/mmz/Content/Weapon/AA_gun1/Textures/gun_initialShadingGroup_Roughness.uexp" 346
"D:/mydata/Repositories/MechaManZero/mmz/Content/Weapon/AA_gun1/Textures/gun_initialShadingGroup_Metallic.ubulk" 347
"D:/mydata/Repositories/MechaManZero/mmz/Content/Weapon/AA_gun1/Textures/gun_initialShadingGroup_Metallic.uasset" 348
"D:/mydata/Repositories/MechaManZero/mmz/Content/Weapon/AA_gun1/Textures/gun_initialShadingGroup_Metallic.uexp" 349
"D:/mydata/Repositories/MechaManZero/mmz/Content/Weapon/AA_gun1/Textures/gun_initialShadingGroup_Height.ubulk" 350
"D:/mydata/Repositories/MechaManZero/mmz/Content/Weapon/AA_gun1/Textures/gun_initialShadingGroup_Height.uasset" 351
"D:/mydata/Repositories/MechaManZero/mmz/Content/Weapon/AA_gun1/Textures/gun_initialShadingGroup_Height.uexp" 352
"D:/mydata/Repositories/MechaManZero/mmz/Content/Weapon/AA_gun1/Textures/gun_initialShadingGroup_BaseColor.ubulk" 353
"D:/mydata/Repositories/MechaManZero/mmz/Content/Weapon/AA_gun1/Textures/gun_initialShadingGroup_BaseColor.uasset" 354
"D:/mydata/Repositories/MechaManZero/mmz/Content/Weapon/AA_gun1/Textures/gun_initialShadingGroup_BaseColor.uexp" 355
"D:/mydata/Repositories/MechaManZero/mmz/Content/Weapon/AA_gun1/Materials/standardSurface1.uasset" 356
"D:/mydata/Repositories/MechaManZero/mmz/Content/Weapon/AA_gun1/Materials/standardSurface1.uexp" 357
"D:/mydata/Repositories/MechaManZero/mmz/Content/Weapon/AA_gun1/Meshs/polySurface6.ubulk" 358
"D:/mydata/Repositories/MechaManZero/mmz/Content/Weapon/AA_gun1/Meshs/polySurface6.uasset" 359
"D:/mydata/Repositories/MechaManZero/mmz/Content/Weapon/AA_gun1/Meshs/polySurface6.uexp" 360
"D:/mydata/Repositories/MechaManZero/mmz/Content/Weapon/AA_gun1/Meshs/polySurface5.ubulk" 361
"D:/mydata/Repositories/MechaManZero/mmz/Content/Weapon/AA_gun1/Meshs/polySurface5.uasset" 362
"D:/mydata/Repositories/MechaManZero/mmz/Content/Weapon/AA_gun1/Meshs/polySurface5.uexp" 363
"D:/mydata/Repositories/MechaManZero/mmz/Content/Weapon/AA_gun1/Meshs/polySurface32.ubulk" 364
"D:/mydata/Repositories/MechaManZero/mmz/Content/Weapon/AA_gun1/Meshs/polySurface32.uasset" 365
"D:/mydata/Repositories/MechaManZero/mmz/Content/Weapon/AA_gun1/Meshs/polySurface32.uexp" 366
"D:/mydata/Repositories/MechaManZero/mmz/Content/Weapon/AA_gun1/Meshs/pCylinder8.ubulk" 367
"D:/mydata/Repositories/MechaManZero/mmz/Content/Weapon/AA_gun1/Meshs/pCylinder8.uasset" 368
"D:/mydata/Repositories/MechaManZero/mmz/Content/Weapon/AA_gun1/Meshs/pCylinder8.uexp" 369
"D:/mydata/Repositories/MechaManZero/mmz/Content/Weapon/AA_gun1/Meshs/pCylinder7.ubulk" 370
"D:/mydata/Repositories/MechaManZero/mmz/Content/Weapon/AA_gun1/Meshs/pCylinder7.uasset" 371
"D:/mydata/Repositories/MechaManZero/mmz/Content/Weapon/AA_gun1/Meshs/pCylinder7.uexp" 372
"D:/mydata/Repositories/MechaManZero/mmz/Content/Weapon/AA_gun1/Meshs/pCylinder6.ubulk" 373
"D:/mydata/Repositories/MechaManZero/mmz/Content/Weapon/AA_gun1/Meshs/pCylinder6.uasset" 374
"D:/mydata/Repositories/MechaManZero/mmz/Content/Weapon/AA_gun1/Meshs/pCylinder6.uexp" 375
"D:/mydata/Repositories/MechaManZero/mmz/Content/Weapon/AA_gun1/Meshs/pCylinder4.ubulk" 376
"D:/mydata/Repositories/MechaManZero/mmz/Content/Weapon/AA_gun1/Meshs/pCylinder4.uasset" 377
"D:/mydata/Repositories/MechaManZero/mmz/Content/Weapon/AA_gun1/Meshs/pCylinder4.uexp" 378
"D:/mydata/Repositories/MechaManZero/mmz/Content/Weapon/AA_gun1/Meshs/pCylinder3.ubulk" 379
"D:/mydata/Repositories/MechaManZero/mmz/Content/Weapon/AA_gun1/Meshs/pCylinder3.uasset" 380
"D:/mydata/Repositories/MechaManZero/mmz/Content/Weapon/AA_gun1/Meshs/pCylinder3.uexp" 381
"D:/mydata/Repositories/MechaManZero/mmz/Content/Weapon/AA_gun1/Meshs/pCylinder2.ubulk" 382
"D:/mydata/Repositories/MechaManZero/mmz/Content/Weapon/AA_gun1/Meshs/pCylinder2.uasset" 383
"D:/mydata/Repositories/MechaManZero/mmz/Content/Weapon/AA_gun1/Meshs/pCylinder2.uexp" 384
"D:/mydata/Repositories/MechaManZero/mmz/Content/Weapon/AA_gun1/Meshs/pCube17.ubulk" 385
"D:/mydata/Repositories/MechaManZero/mmz/Content/Weapon/AA_gun1/Meshs/pCube17.uasset" 386
"D:/mydata/Repositories/MechaManZero/mmz/Content/Weapon/AA_gun1/Meshs/pCube17.uexp" 387
"D:/mydata/Repositories/MechaManZero/mmz/Content/Weapon/AA_gun1/Meshs/pCube18.ubulk" 388
"D:/mydata/Repositories/MechaManZero/mmz/Content/Weapon/AA_gun1/Meshs/pCube18.uasset" 389
"D:/mydata/Repositories/MechaManZero/mmz/Content/Weapon/AA_gun1/Meshs/pCube18.uexp" 390
"D:/mydata/Repositories/MechaManZero/mmz/Content/Weapon/AA_gun1/Meshs/pCube19.ubulk" 391
"D:/mydata/Repositories/MechaManZero/mmz/Content/Weapon/AA_gun1/Meshs/pCube19.uasset" 392
"D:/mydata/Repositories/MechaManZero/mmz/Content/Weapon/AA_gun1/Meshs/pCube19.uexp" 393
"D:/mydata/Repositories/MechaManZero/mmz/Content/Weapon/AA_gun1/Meshs/pCube20.ubulk" 394
"D:/mydata/Repositories/MechaManZero/mmz/Content/Weapon/AA_gun1/Meshs/pCube20.uasset" 395
"D:/mydata/Repositories/MechaManZero/mmz/Content/Weapon/AA_gun1/Meshs/pCube20.uexp" 396
"D:/mydata/Repositories/MechaManZero/mmz/Content/Weapon/AA_gun1/Meshs/pCube21.ubulk" 397
"D:/mydata/Repositories/MechaManZero/mmz/Content/Weapon/AA_gun1/Meshs/pCube21.uasset" 398
"D:/mydata/Repositories/MechaManZero/mmz/Content/Weapon/AA_gun1/Meshs/pCube21.uexp" 399
"D:/mydata/Repositories/MechaManZero/mmz/Content/Weapon/AA_gun1/Meshs/pCube22.ubulk" 400
"D:/mydata/Repositories/MechaManZero/mmz/Content/Weapon/AA_gun1/Meshs/pCube22.uasset" 401
"D:/mydata/Repositories/MechaManZero/mmz/Content/Weapon/AA_gun1/Meshs/pCube22.uexp" 402
"D:/mydata/Repositories/MechaManZero/mmz/Content/Weapon/AA_gun1/Meshs/pCube6.ubulk" 403
"D:/mydata/Repositories/MechaManZero/mmz/Content/Weapon/AA_gun1/Meshs/pCube6.uasset" 404
"D:/mydata/Repositories/MechaManZero/mmz/Content/Weapon/AA_gun1/Meshs/pCube6.uexp" 405
"D:/mydata/Repositories/MechaManZero/mmz/Content/Weapon/AA_gun1/Meshs/pCube8.ubulk" 406
"D:/mydata/Repositories/MechaManZero/mmz/Content/Weapon/AA_gun1/Meshs/pCube8.uasset" 407
"D:/mydata/Repositories/MechaManZero/mmz/Content/Weapon/AA_gun1/Meshs/pCube8.uexp" 408
"D:/mydata/Repositories/MechaManZero/mmz/Content/Weapon/AA_gun1/Meshs/pCylinder1.ubulk" 409
"D:/mydata/Repositories/MechaManZero/mmz/Content/Weapon/AA_gun1/Meshs/pCylinder1.uasset" 410
"D:/mydata/Repositories/MechaManZero/mmz/Content/Weapon/AA_gun1/Meshs/pCylinder1.uexp" 411
"D:/mydata/Repositories/MechaManZero/mmz/Content/Weapon/AA_gun1/Meshs/pCylinder13.ubulk" 412
"D:/mydata/Repositories/MechaManZero/mmz/Content/Weapon/AA_gun1/Meshs/pCylinder13.uasset" 413
"D:/mydata/Repositories/MechaManZero/mmz/Content/Weapon/AA_gun1/Meshs/pCylinder13.uexp" 414
"D:/mydata/Repositories/MechaManZero/mmz/Content/Weapon/AA_gun1/Meshs/pCylinder14.ubulk" 415
"D:/mydata/Repositories/MechaManZero/mmz/Content/Weapon/AA_gun1/Meshs/pCylinder14.uasset" 416
"D:/mydata/Repositories/MechaManZero/mmz/Content/Weapon/AA_gun1/Meshs/pCylinder14.uexp" 417
"D:/mydata/Repositories/MechaManZero/mmz/Content/Weapon/AA_gun1/Meshs/pCylinder15.ubulk" 418
"D:/mydata/Repositories/MechaManZero/mmz/Content/Weapon/AA_gun1/Meshs/pCylinder15.uasset" 419
"D:/mydata/Repositories/MechaManZero/mmz/Content/Weapon/AA_gun1/Meshs/pCylinder15.uexp" 420
"D:/mydata/Repositories/MechaManZero/mmz/Content/Weapon/AA_gun1/Meshs/pCylinder16.ubulk" 421
"D:/mydata/Repositories/MechaManZero/mmz/Content/Weapon/AA_gun1/Meshs/pCylinder16.uasset" 422
"D:/mydata/Repositories/MechaManZero/mmz/Content/Weapon/AA_gun1/Meshs/pCylinder16.uexp" 423
"D:/mydata/Repositories/MechaManZero/mmz/Content/Weapon/AA_gun1/Meshs/pCylinder17.ubulk" 424
"D:/mydata/Repositories/MechaManZero/mmz/Content/Weapon/AA_gun1/Meshs/pCylinder17.uasset" 425
"D:/mydata/Repositories/MechaManZero/mmz/Content/Weapon/AA_gun1/Meshs/pCylinder17.uexp" 426
"D:/mydata/Repositories/MechaManZero/mmz/Content/Weapon/AA_gun1/Meshs/pCylinder18.ubulk" 427
"D:/mydata/Repositories/MechaManZero/mmz/Content/Weapon/AA_gun1/Meshs/pCylinder18.uasset" 428
"D:/mydata/Repositories/MechaManZero/mmz/Content/Weapon/AA_gun1/Meshs/pCylinder18.uexp" 429
"D:/mydata/Repositories/MechaManZero/mmz/Content/Weapon/AA_gun1/BP_Gun.uasset" 430
"D:/mydata/Repositories/MechaManZero/mmz/Content/Weapon/AA_gun1/BP_Gun.uexp" 431
"D:/mydata/Repositories/MechaManZero/mmz/Content/Sci-FiSoundPack/Weapons/wav/Weapon_06_Shoot_1.ubulk" 432
"D:/mydata/Repositories/MechaManZero/mmz/Content/Sci-FiSoundPack/Weapons/wav/Weapon_06_Shoot_1.uasset" 433
"D:/mydata/Repositories/MechaManZero/mmz/Content/Sci-FiSoundPack/Weapons/wav/Weapon_06_Shoot_1.uexp" 434
"D:/mydata/Repositories/MechaManZero/mmz/Content/FirstPerson/Blueprints/BP_FirstPersonCharacter.uasset" 435
"D:/mydata/Repositories/MechaManZero/mmz/Content/FirstPerson/Blueprints/BP_FirstPersonCharacter.uexp" 436
"D:/mydata/Repositories/MechaManZero/mmz/Content/Input/IMC_MouseLook.uasset" 437
"D:/mydata/Repositories/MechaManZero/mmz/Content/Input/IMC_MouseLook.uexp" 438
"D:/mydata/Repositories/MechaManZero/mmz/Content/Input/IMC_Default.uasset" 439
"D:/mydata/Repositories/MechaManZero/mmz/Content/Input/IMC_Default.uexp" 440
"D:/mydata/Repositories/MechaManZero/mmz/Content/FirstPerson/Blueprints/BP_FirstPersonCameraManager.uasset" 441
"D:/mydata/Repositories/MechaManZero/mmz/Content/FirstPerson/Blueprints/BP_FirstPersonCameraManager.uexp" 442
"D:/mydata/Repositories/MechaManZero/mmz/Content/FirstPerson/Blueprints/BP_FirstPersonPlayerController.uasset" 443
"D:/mydata/Repositories/MechaManZero/mmz/Content/FirstPerson/Blueprints/BP_FirstPersonPlayerController.uexp" 444
"D:/mydata/Repositories/MechaManZero/mmz/Content/FirstPerson/Blueprints/BP_FirstPersonGameMode.uasset" 445
"D:/mydata/Repositories/MechaManZero/mmz/Content/FirstPerson/Blueprints/BP_FirstPersonGameMode.uexp" 446
"../../../Engine/Content/EditorMaterials/Dataflow/DataflowTwoSidedVertexMaterial.uasset" 447
"../../../Engine/Content/EditorMaterials/Dataflow/DataflowTwoSidedVertexMaterial.uexp" 448
"../../../Engine/Content/EditorMaterials/Dataflow/DataflowVertexMaterial.uasset" 449
"../../../Engine/Content/EditorMaterials/Dataflow/DataflowVertexMaterial.uexp" 450
"../../../Engine/Content/EngineDebugMaterials/DebugEditorMaterial.uasset" 451
"../../../Engine/Content/EngineDebugMaterials/DebugEditorMaterial.uexp" 452
"../../../Engine/Content/EngineDebugMaterials/DebugMeshMaterial.uasset" 453
"../../../Engine/Content/EngineDebugMaterials/DebugMeshMaterial.uexp" 454
"../../../Engine/Content/EngineDebugMaterials/M_SimpleUnlitTranslucent.uasset" 455
"../../../Engine/Content/EngineDebugMaterials/M_SimpleUnlitTranslucent.uexp" 456
"../../../Engine/Content/Functions/Engine_MaterialFunctions02/Utility/CameraDirectionVector.uasset" 457
"../../../Engine/Content/Functions/Engine_MaterialFunctions02/Utility/CameraDirectionVector.uexp" 458
"../../../Engine/Content/EngineDebugMaterials/VolumeToRender.uasset" 459
"../../../Engine/Content/EngineDebugMaterials/VolumeToRender.uexp" 460
"../../../Engine/Content/EngineDebugMaterials/M_VolumeRenderSphereTracePP.uasset" 461
"../../../Engine/Content/EngineDebugMaterials/M_VolumeRenderSphereTracePP.uexp" 462
"../../../Engine/Content/EngineMaterials/DefaultDiffuse.ubulk" 463
"../../../Engine/Content/EngineMaterials/DefaultDiffuse.uasset" 464
"../../../Engine/Content/EngineMaterials/DefaultDiffuse.uexp" 465
"../../../Engine/Content/EngineMaterials/DefaultDeferredDecalMaterial.uasset" 466
"../../../Engine/Content/EngineMaterials/DefaultDeferredDecalMaterial.uexp" 467
"../../../Engine/Content/EngineMaterials/DefaultLightFunctionMaterial.uasset" 468
"../../../Engine/Content/EngineMaterials/DefaultLightFunctionMaterial.uexp" 469
"../../../Engine/Content/Functions/Engine_MaterialFunctions02/Utility/BreakOutFloat2Components.uasset" 470
"../../../Engine/Content/Functions/Engine_MaterialFunctions02/Utility/BreakOutFloat2Components.uexp" 471
"../../../Engine/Content/EngineMaterials/DefaultPostProcessMaterial.uasset" 472
"../../../Engine/Content/EngineMaterials/DefaultPostProcessMaterial.uexp" 473
"../../../Engine/Content/EngineFonts/RobotoDistanceField.uasset" 474
"../../../Engine/Content/EngineFonts/RobotoDistanceField.uexp" 475
"../../../Engine/Content/EngineMaterials/DefaultTextMaterialOpaque.uasset" 476
"../../../Engine/Content/EngineMaterials/DefaultTextMaterialOpaque.uexp" 477
"../../../Engine/Content/EngineMaterials/DefaultWhiteGrid_Low.uasset" 478
"../../../Engine/Content/EngineMaterials/DefaultWhiteGrid_Low.uexp" 479
"../../../Engine/Content/EngineMaterials/EmissiveMeshMaterial.uasset" 480
"../../../Engine/Content/EngineMaterials/EmissiveMeshMaterial.uexp" 481
"../../../Engine/Content/EngineMaterials/BaseFlattenNormalMap.uasset" 482
"../../../Engine/Content/EngineMaterials/BaseFlattenNormalMap.uexp" 483
"../../../Engine/Content/EngineMaterials/BaseFlattenDiffuseMap.uasset" 484
"../../../Engine/Content/EngineMaterials/BaseFlattenDiffuseMap.uexp" 485
"../../../Engine/Content/EngineMaterials/BaseFlattenEmissiveMap.uasset" 486
"../../../Engine/Content/EngineMaterials/BaseFlattenEmissiveMap.uexp" 487
"../../../Engine/Content/EngineMaterials/BaseFlattenGrayscaleMap.uasset" 488
"../../../Engine/Content/EngineMaterials/BaseFlattenGrayscaleMap.uexp" 489
"../../../Engine/Content/EngineMaterials/BaseFlattenLinearColor.uasset" 490
"../../../Engine/Content/EngineMaterials/BaseFlattenLinearColor.uexp" 491
"../../../Engine/Content/Functions/Engine_MaterialFunctions02/PivotPainter2/Black_1x1_EXR_Texture.uasset" 492
"../../../Engine/Content/Functions/Engine_MaterialFunctions02/PivotPainter2/Black_1x1_EXR_Texture.uexp" 493
"../../../Engine/Content/EngineMaterials/FlattenMaterial.uasset" 494
"../../../Engine/Content/EngineMaterials/FlattenMaterial.uexp" 495
"../../../Engine/Content/EngineMaterials/BaseFlattenDiffuseMap_VT.ubulk" 496
"../../../Engine/Content/EngineMaterials/BaseFlattenDiffuseMap_VT.uasset" 497
"../../../Engine/Content/EngineMaterials/BaseFlattenDiffuseMap_VT.uexp" 498
"../../../Engine/Content/EngineMaterials/BaseFlattenEmissiveMap_VT.ubulk" 499
"../../../Engine/Content/EngineMaterials/BaseFlattenEmissiveMap_VT.uasset" 500
"../../../Engine/Content/EngineMaterials/BaseFlattenEmissiveMap_VT.uexp" 501
"../../../Engine/Content/EngineMaterials/BaseFlattenGrayscaleMap_VT.ubulk" 502
"../../../Engine/Content/EngineMaterials/BaseFlattenGrayscaleMap_VT.uasset" 503
"../../../Engine/Content/EngineMaterials/BaseFlattenGrayscaleMap_VT.uexp" 504
"../../../Engine/Content/EngineMaterials/BaseFlattenLinearColor_VT.ubulk" 505
"../../../Engine/Content/EngineMaterials/BaseFlattenLinearColor_VT.uasset" 506
"../../../Engine/Content/EngineMaterials/BaseFlattenLinearColor_VT.uexp" 507
"../../../Engine/Content/EngineMaterials/BaseFlattenNormalMap_VT.ubulk" 508
"../../../Engine/Content/EngineMaterials/BaseFlattenNormalMap_VT.uasset" 509
"../../../Engine/Content/EngineMaterials/BaseFlattenNormalMap_VT.uexp" 510
"../../../Engine/Content/EngineMaterials/Black_1x1_EXR_Texture_VT.ubulk" 511
"../../../Engine/Content/EngineMaterials/Black_1x1_EXR_Texture_VT.uasset" 512
"../../../Engine/Content/EngineMaterials/Black_1x1_EXR_Texture_VT.uexp" 513
"../../../Engine/Content/EngineMaterials/FlattenMaterial_VT.uasset" 514
"../../../Engine/Content/EngineMaterials/FlattenMaterial_VT.uexp" 515
"../../../Engine/Content/EngineMaterials/FlattenMaterial_WS_Normal_VT.uasset" 516
"../../../Engine/Content/EngineMaterials/FlattenMaterial_WS_Normal_VT.uexp" 517
"../../../Engine/Content/EngineMaterials/GizmoMaterial.uasset" 518
"../../../Engine/Content/EngineMaterials/GizmoMaterial.uexp" 519
"../../../Engine/Content/EngineMaterials/InvalidLightmapSettings.ubulk" 520
"../../../Engine/Content/EngineMaterials/InvalidLightmapSettings.uasset" 521
"../../../Engine/Content/EngineMaterials/InvalidLightmapSettings.uexp" 522
"../../../Engine/Content/EngineMaterials/M_InvalidLightmapSettings.uasset" 523
"../../../Engine/Content/EngineMaterials/M_InvalidLightmapSettings.uexp" 524
"../../../Engine/Content/EngineMaterials/NaniteHiddenSectionMaterial.uasset" 525
"../../../Engine/Content/EngineMaterials/NaniteHiddenSectionMaterial.uexp" 526
"../../../Engine/Content/Functions/Engine_MaterialFunctions02/WorldPositionOffset/CameraOffset.uasset" 527
"../../../Engine/Content/Functions/Engine_MaterialFunctions02/WorldPositionOffset/CameraOffset.uexp" 528
"../../../Engine/Content/EngineMaterials/PhAT_JointLimitMaterial.uasset" 529
"../../../Engine/Content/EngineMaterials/PhAT_JointLimitMaterial.uexp" 530
"../../../Engine/Content/EngineMaterials/DefaultCalibrationColor.uasset" 531
"../../../Engine/Content/EngineMaterials/DefaultCalibrationColor.uexp" 532
"../../../Engine/Content/EngineMaterials/PPM_DefaultCalibrationColor.uasset" 533
"../../../Engine/Content/EngineMaterials/PPM_DefaultCalibrationColor.uexp" 534
"../../../Engine/Content/EngineMaterials/DefaultCalibrationGrayscale.uasset" 535
"../../../Engine/Content/EngineMaterials/DefaultCalibrationGrayscale.uexp" 536
"../../../Engine/Content/EngineMaterials/PPM_DefaultCalibrationGrayscale.uasset" 537
"../../../Engine/Content/EngineMaterials/PPM_DefaultCalibrationGrayscale.uexp" 538
"../../../Engine/Content/EngineMaterials/RemoveSurfaceMaterial.uasset" 539
"../../../Engine/Content/EngineMaterials/RemoveSurfaceMaterial.uexp" 540
"../../../Engine/Plugins/Animation/ControlRig/Content/Controls/ControlRigGizmoMaterial.uasset" 541
"../../../Engine/Plugins/Animation/ControlRig/Content/Controls/ControlRigGizmoMaterial.uexp" 542
"../../../Engine/Plugins/Animation/ControlRig/Content/Controls/ControlRigXRayMaterial.uasset" 543
"../../../Engine/Plugins/Animation/ControlRig/Content/Controls/ControlRigXRayMaterial.uexp" 544
"../../../Engine/Content/Functions/Engine_MaterialFunctions02/Utility/BreakOutFloat3Components.uasset" 545
"../../../Engine/Content/Functions/Engine_MaterialFunctions02/Utility/BreakOutFloat3Components.uexp" 546
"../../../Engine/Content/Functions/Engine_MaterialFunctions02/Utility/VectorLength.uasset" 547
"../../../Engine/Content/Functions/Engine_MaterialFunctions02/Utility/VectorLength.uexp" 548
"../../../Engine/Content/Functions/Engine_MaterialFunctions02/WorldPositionOffset/ObjectScale.uasset" 549
"../../../Engine/Content/Functions/Engine_MaterialFunctions02/WorldPositionOffset/ObjectScale.uexp" 550
"../../../Engine/Content/Functions/Engine_MaterialFunctions02/SafeNormalize.uasset" 551
"../../../Engine/Content/Functions/Engine_MaterialFunctions02/SafeNormalize.uexp" 552
"../../../Engine/Plugins/Editor/SpeedTreeImporter/Content/SpeedTree9/UnpackInteger3.uasset" 553
"../../../Engine/Plugins/Editor/SpeedTreeImporter/Content/SpeedTree9/UnpackInteger3.uexp" 554
"../../../Engine/Plugins/Editor/SpeedTreeImporter/Content/SpeedTree9/UnpackDirection.uasset" 555
"../../../Engine/Plugins/Editor/SpeedTreeImporter/Content/SpeedTree9/UnpackDirection.uexp" 556
"../../../Engine/Plugins/Editor/SpeedTreeImporter/Content/SpeedTree9/game_wind_noise.ubulk" 557
"../../../Engine/Plugins/Editor/SpeedTreeImporter/Content/SpeedTree9/game_wind_noise.uasset" 558
"../../../Engine/Plugins/Editor/SpeedTreeImporter/Content/SpeedTree9/game_wind_noise.uexp" 559
"../../../Engine/Plugins/Editor/SpeedTreeImporter/Content/SpeedTree9/SpeedTreeWindMotion.uasset" 560
"../../../Engine/Plugins/Editor/SpeedTreeImporter/Content/SpeedTree9/SpeedTreeWindMotion.uexp" 561
"../../../Engine/Plugins/Editor/SpeedTreeImporter/Content/SpeedTree9/SpeedTreeBranchMotion.uasset" 562
"../../../Engine/Plugins/Editor/SpeedTreeImporter/Content/SpeedTree9/SpeedTreeBranchMotion.uexp" 563
"../../../Engine/Content/Functions/Engine_MaterialFunctions02/ObjectLocalBounds.uasset" 564
"../../../Engine/Content/Functions/Engine_MaterialFunctions02/ObjectLocalBounds.uexp" 565
"../../../Engine/Content/Functions/Engine_MaterialFunctions02/UVs/BoundingBoxBased_0-1_UVW.uasset" 566
"../../../Engine/Content/Functions/Engine_MaterialFunctions02/UVs/BoundingBoxBased_0-1_UVW.uexp" 567
"../../../Engine/Plugins/Editor/SpeedTreeImporter/Content/SpeedTree9/SpeedTreeWind.uasset" 568
"../../../Engine/Plugins/Editor/SpeedTreeImporter/Content/SpeedTree9/SpeedTreeWind.uexp" 569
"../../../Engine/Plugins/Editor/SpeedTreeImporter/Content/SpeedTree9/EmptyNormal.uasset" 570
"../../../Engine/Plugins/Editor/SpeedTreeImporter/Content/SpeedTree9/EmptyNormal.uexp" 571
"../../../Engine/Plugins/Editor/SpeedTreeImporter/Content/SpeedTree9/Empty.uasset" 572
"../../../Engine/Plugins/Editor/SpeedTreeImporter/Content/SpeedTree9/Empty.uexp" 573
"../../../Engine/Plugins/Editor/SpeedTreeImporter/Content/SpeedTree9/SpeedTreeBillboard.uasset" 574
"../../../Engine/Plugins/Editor/SpeedTreeImporter/Content/SpeedTree9/SpeedTreeBillboard.uexp" 575
"../../../Engine/Plugins/Editor/SpeedTreeImporter/Content/SpeedTree9/SpeedTreeBillboardMaster.uasset" 576
"../../../Engine/Plugins/Editor/SpeedTreeImporter/Content/SpeedTree9/SpeedTreeBillboardMaster.uexp" 577
"../../../Engine/Plugins/Editor/SpeedTreeImporter/Content/SpeedTree9/SpeedTreeCameraFacing.uasset" 578
"../../../Engine/Plugins/Editor/SpeedTreeImporter/Content/SpeedTree9/SpeedTreeCameraFacing.uexp" 579
"../../../Engine/Plugins/Editor/SpeedTreeImporter/Content/SpeedTree9/SpeedTreeMaster.uasset" 580
"../../../Engine/Plugins/Editor/SpeedTreeImporter/Content/SpeedTree9/SpeedTreeMaster.uexp" 581
"../../../Engine/Plugins/Interchange/Assets/Content/Functions/MX_AbsorptionVDF.uasset" 582
"../../../Engine/Plugins/Interchange/Assets/Content/Functions/MX_AbsorptionVDF.uexp" 583
"../../../Engine/Plugins/Interchange/Assets/Content/Functions/MX_AnisotropicVDF.uasset" 584
"../../../Engine/Plugins/Interchange/Assets/Content/Functions/MX_AnisotropicVDF.uexp" 585
"../../../Engine/Plugins/Interchange/Assets/Content/Functions/MX_BurleyDiffuseBSDF.uasset" 586
"../../../Engine/Plugins/Interchange/Assets/Content/Functions/MX_BurleyDiffuseBSDF.uexp" 587
"../../../Engine/Plugins/Interchange/Assets/Content/Functions/MX_ConductorBSDF.uasset" 588
"../../../Engine/Plugins/Interchange/Assets/Content/Functions/MX_ConductorBSDF.uexp" 589
"../../../Engine/Plugins/Interchange/Assets/Content/Functions/MX_ConicalEDF.uasset" 590
"../../../Engine/Plugins/Interchange/Assets/Content/Functions/MX_ConicalEDF.uexp" 591
"../../../Engine/Plugins/Interchange/Assets/Content/Functions/MX_DielectricBSDF.uasset" 592
"../../../Engine/Plugins/Interchange/Assets/Content/Functions/MX_DielectricBSDF.uexp" 593
"../../../Engine/Plugins/Interchange/Assets/Content/Functions/MX_Displacement.uasset" 594
"../../../Engine/Plugins/Interchange/Assets/Content/Functions/MX_Displacement.uexp" 595
"../../../Engine/Plugins/Interchange/Assets/Content/Functions/MX_GeneralizedSchlickBSDF.uasset" 596
"../../../Engine/Plugins/Interchange/Assets/Content/Functions/MX_GeneralizedSchlickBSDF.uexp" 597
"../../../Engine/Plugins/Interchange/Assets/Content/Functions/MX_MeasuredEDF.uasset" 598
"../../../Engine/Plugins/Interchange/Assets/Content/Functions/MX_MeasuredEDF.uexp" 599
"../../../Engine/Plugins/Interchange/Assets/Content/Functions/MF_IridescenceNoLUT.uasset" 600
"../../../Engine/Plugins/Interchange/Assets/Content/Functions/MF_IridescenceNoLUT.uexp" 601
"../../../Engine/Plugins/Interchange/Assets/Content/Functions/MX_StandardSurface.uasset" 602
"../../../Engine/Plugins/Interchange/Assets/Content/Functions/MX_StandardSurface.uexp" 603
"../../../Engine/Plugins/Interchange/Assets/Content/Functions/MX_OpenPBR_Opaque.uasset" 604
"../../../Engine/Plugins/Interchange/Assets/Content/Functions/MX_OpenPBR_Opaque.uexp" 605
"../../../Engine/Plugins/Interchange/Assets/Content/Functions/MX_TransmissionSurface.uasset" 606
"../../../Engine/Plugins/Interchange/Assets/Content/Functions/MX_TransmissionSurface.uexp" 607
"../../../Engine/Plugins/Interchange/Assets/Content/Functions/MX_OpenPBR_Translucent.uasset" 608
"../../../Engine/Plugins/Interchange/Assets/Content/Functions/MX_OpenPBR_Translucent.uexp" 609
"../../../Engine/Plugins/Interchange/Assets/Content/Functions/MX_OrenNayarBSDF.uasset" 610
"../../../Engine/Plugins/Interchange/Assets/Content/Functions/MX_OrenNayarBSDF.uexp" 611
"../../../Engine/Plugins/Interchange/Assets/Content/Functions/MX_SheenBSDF.uasset" 612
"../../../Engine/Plugins/Interchange/Assets/Content/Functions/MX_SheenBSDF.uexp" 613
"../../../Engine/Plugins/Interchange/Assets/Content/Functions/MX_SubsurfaceBSDF.uasset" 614
"../../../Engine/Plugins/Interchange/Assets/Content/Functions/MX_SubsurfaceBSDF.uexp" 615
"../../../Engine/Plugins/Interchange/Assets/Content/Functions/MX_Surface.uasset" 616
"../../../Engine/Plugins/Interchange/Assets/Content/Functions/MX_Surface.uexp" 617
"../../../Engine/Plugins/Interchange/Assets/Content/Functions/MX_SurfaceUnlit.uasset" 618
"../../../Engine/Plugins/Interchange/Assets/Content/Functions/MX_SurfaceUnlit.uexp" 619
"../../../Engine/Plugins/Interchange/Assets/Content/Functions/MX_ThinFilmBSDF.uasset" 620
"../../../Engine/Plugins/Interchange/Assets/Content/Functions/MX_ThinFilmBSDF.uexp" 621
"../../../Engine/Plugins/Interchange/Assets/Content/Functions/MX_TranslucentBSDF.uasset" 622
"../../../Engine/Plugins/Interchange/Assets/Content/Functions/MX_TranslucentBSDF.uexp" 623
"../../../Engine/Plugins/Interchange/Assets/Content/Functions/MX_UniformEDF.uasset" 624
"../../../Engine/Plugins/Interchange/Assets/Content/Functions/MX_UniformEDF.uexp" 625
"../../../Engine/Plugins/Interchange/Assets/Content/Functions/MX_UsdPreviewSurface.uasset" 626
"../../../Engine/Plugins/Interchange/Assets/Content/Functions/MX_UsdPreviewSurface.uexp" 627
"../../../Engine/Plugins/Runtime/HairStrands/Content/Materials/HairCardsDefaultMaterial.uasset" 628
"../../../Engine/Plugins/Runtime/HairStrands/Content/Materials/HairCardsDefaultMaterial.uexp" 629
"../../../Engine/Content/Functions/Engine_MaterialFunctions02/Utility/MakeFloat2.uasset" 630
"../../../Engine/Content/Functions/Engine_MaterialFunctions02/Utility/MakeFloat2.uexp" 631
"../../../Engine/Content/EngineMaterials/HairDebugColor.uasset" 632
"../../../Engine/Content/EngineMaterials/HairDebugColor.uexp" 633
"../../../Engine/Content/EngineMaterials/HairColorMap.uasset" 634
"../../../Engine/Content/EngineMaterials/HairColorMap.uexp" 635
"../../../Engine/Content/Functions/Engine_MaterialFunctions02/Utility/MakeFloat3.uasset" 636
"../../../Engine/Content/Functions/Engine_MaterialFunctions02/Utility/MakeFloat3.uexp" 637
"../../../Engine/Plugins/Runtime/HairStrands/Content/Materials/HairGroupColors.uasset" 638
"../../../Engine/Plugins/Runtime/HairStrands/Content/Materials/HairGroupColors.uexp" 639
"../../../Engine/Plugins/Runtime/HairStrands/Content/Materials/HairDebugMaterial.uasset" 640
"../../../Engine/Plugins/Runtime/HairStrands/Content/Materials/HairDebugMaterial.uexp" 641
"../../../Engine/Plugins/Runtime/HairStrands/Content/Materials/HairDefaultMaterial.uasset" 642
"../../../Engine/Plugins/Runtime/HairStrands/Content/Materials/HairDefaultMaterial.uexp" 643
"../../../Engine/Plugins/Runtime/HairStrands/Content/Materials/HairMeshesDefaultMaterial.uasset" 644
"../../../Engine/Plugins/Runtime/HairStrands/Content/Materials/HairMeshesDefaultMaterial.uexp" 645
"../../../Engine/Plugins/VirtualProduction/CameraCalibrationCore/Content/Materials/M_DefaultEvenSquare.uasset" 646
"../../../Engine/Plugins/VirtualProduction/CameraCalibrationCore/Content/Materials/M_DefaultEvenSquare.uexp" 647
"../../../Engine/Plugins/VirtualProduction/CameraCalibrationCore/Content/Materials/M_DefaultOddSquare.uasset" 648
"../../../Engine/Plugins/VirtualProduction/CameraCalibrationCore/Content/Materials/M_DefaultOddSquare.uexp" 649
"../../../Engine/Content/EditorLandscapeResources/DefaultAlphaTexture.uasset" 650
"../../../Engine/Content/EditorLandscapeResources/DefaultAlphaTexture.uexp" 651
"../../../Engine/Content/EditorLandscapeResources/LandscapeDirtyMaterial.uasset" 652
"../../../Engine/Content/EditorLandscapeResources/LandscapeDirtyMaterial.uexp" 653
"../../../Engine/Content/Functions/Engine_MaterialFunctions02/WorldPositionOffset/LocalPosition.uasset" 654
"../../../Engine/Content/Functions/Engine_MaterialFunctions02/WorldPositionOffset/LocalPosition.uexp" 655
"../../../Engine/Content/Functions/Engine_MaterialFunctions01/Texturing/ScaleUVsByCenter.uasset" 656
"../../../Engine/Content/Functions/Engine_MaterialFunctions01/Texturing/ScaleUVsByCenter.uexp" 657
"../../../Engine/Content/Functions/Engine_MaterialFunctions02/ExampleContent/DebugNumberStrip.uasset" 658
"../../../Engine/Content/Functions/Engine_MaterialFunctions02/ExampleContent/DebugNumberStrip.uexp" 659
"../../../Engine/Content/Functions/Engine_MaterialFunctions01/Texturing/TextureCropping.uasset" 660
"../../../Engine/Content/Functions/Engine_MaterialFunctions01/Texturing/TextureCropping.uexp" 661
"../../../Engine/Content/Functions/Engine_MaterialFunctions01/Debug/DebugIntValues.uasset" 662
"../../../Engine/Content/Functions/Engine_MaterialFunctions01/Debug/DebugIntValues.uexp" 663
"../../../Engine/Content/EditorLandscapeResources/LandscapeLayerUsageMaterial.uasset" 664
"../../../Engine/Content/EditorLandscapeResources/LandscapeLayerUsageMaterial.uexp" 665
"../../../Engine/Content/EditorLandscapeResources/WhiteSquareTexture.uasset" 666
"../../../Engine/Content/EditorLandscapeResources/WhiteSquareTexture.uexp" 667
"../../../Engine/Content/EditorLandscapeResources/LayerVisMaterial.uasset" 668
"../../../Engine/Content/EditorLandscapeResources/LayerVisMaterial.uexp" 669
"../../../Engine/Content/EditorMaterials/PhAT_NoCollisionMaterial.uasset" 670
"../../../Engine/Content/EditorMaterials/PhAT_NoCollisionMaterial.uexp" 671
"../../../Engine/Content/EditorMaterials/PhAT_UnselectedMaterial.uasset" 672
"../../../Engine/Content/EditorMaterials/PhAT_UnselectedMaterial.uexp" 673
"../../../Engine/Content/EditorMaterials/PreviewShadowIndicator.ubulk" 674
"../../../Engine/Content/EditorMaterials/PreviewShadowIndicator.uasset" 675
"../../../Engine/Content/EditorMaterials/PreviewShadowIndicator.uexp" 676
"../../../Engine/Content/EditorMaterials/PreviewShadowIndicatorMaterial.uasset" 677
"../../../Engine/Content/EditorMaterials/PreviewShadowIndicatorMaterial.uexp" 678
"../../../Engine/Plugins/Animation/ControlRig/Content/M_Manip.uasset" 679
"../../../Engine/Plugins/Animation/ControlRig/Content/M_Manip.uexp" 680
"../../../Engine/Content/EngineMeshes/Sphere.ubulk" 681
"../../../Engine/Content/EngineMeshes/Sphere.uasset" 682
"../../../Engine/Content/EngineMeshes/Sphere.uexp" 683
"../../../Engine/Content/EngineResources/DefaultTextureCube.uasset" 684
"../../../Engine/Content/EngineResources/DefaultTextureCube.uexp" 685
"../../../Engine/Content/VREditor/TransformGizmo/Xray.uasset" 686
"../../../Engine/Content/VREditor/TransformGizmo/Xray.uexp" 687
"../../../Engine/Content/VREditor/TransformGizmo/Main.uasset" 688
"../../../Engine/Content/VREditor/TransformGizmo/Main.uexp" 689
"../../../Engine/Content/VREditor/TransformGizmo/SM_Sequencer_Node.ubulk" 690
"../../../Engine/Content/VREditor/TransformGizmo/SM_Sequencer_Node.uasset" 691
"../../../Engine/Content/VREditor/TransformGizmo/SM_Sequencer_Node.uexp" 692
"../../../Engine/Content/EditorMaterials/Camera/CineMat.uasset" 693
"../../../Engine/Content/EditorMaterials/Camera/CineMat.uexp" 694
"../../../Engine/Content/EditorMaterials/Camera/MI_CineMat_Rig.uasset" 695
"../../../Engine/Content/EditorMaterials/Camera/MI_CineMat_Rig.uexp" 696
"../../../Engine/Content/EditorMeshes/Camera/SM_CraneRig_Base.ubulk" 697
"../../../Engine/Content/EditorMeshes/Camera/SM_CraneRig_Base.uasset" 698
"../../../Engine/Content/EditorMeshes/Camera/SM_CraneRig_Base.uexp" 699
"../../../Engine/Content/EditorMeshes/Camera/SM_CraneRig_Arm.ubulk" 700
"../../../Engine/Content/EditorMeshes/Camera/SM_CraneRig_Arm.uasset" 701
"../../../Engine/Content/EditorMeshes/Camera/SM_CraneRig_Arm.uexp" 702
"../../../Engine/Content/EditorMeshes/Camera/SM_CraneRig_Mount.ubulk" 703
"../../../Engine/Content/EditorMeshes/Camera/SM_CraneRig_Mount.uasset" 704
"../../../Engine/Content/EditorMeshes/Camera/SM_CraneRig_Mount.uexp" 705
"../../../Engine/Content/EditorMeshes/Camera/SM_CraneRig_Body.ubulk" 706
"../../../Engine/Content/EditorMeshes/Camera/SM_CraneRig_Body.uasset" 707
"../../../Engine/Content/EditorMeshes/Camera/SM_CraneRig_Body.uexp" 708
"../../../Engine/Content/EditorMeshes/Camera/SM_RailRig_Track.ubulk" 709
"../../../Engine/Content/EditorMeshes/Camera/SM_RailRig_Track.uasset" 710
"../../../Engine/Content/EditorMeshes/Camera/SM_RailRig_Track.uexp" 711
"../../../Engine/Content/EditorMeshes/Camera/SM_RailRig_Mount.ubulk" 712
"../../../Engine/Content/EditorMeshes/Camera/SM_RailRig_Mount.uasset" 713
"../../../Engine/Content/EditorMeshes/Camera/SM_RailRig_Mount.uexp" 714
"../../../Engine/Content/EditorLandscapeResources/SplineEditorMeshMat.uasset" 715
"../../../Engine/Content/EditorLandscapeResources/SplineEditorMeshMat.uexp" 716
"../../../Engine/Content/EditorLandscapeResources/SplineEditorMesh.ubulk" 717
"../../../Engine/Content/EditorLandscapeResources/SplineEditorMesh.uasset" 718
"../../../Engine/Content/EditorLandscapeResources/SplineEditorMesh.uexp" 719
"../../../Engine/Content/ArtTools/RenderToTexture/Meshes/S_1_Unit_Plane.ubulk" 720
"../../../Engine/Content/ArtTools/RenderToTexture/Meshes/S_1_Unit_Plane.uasset" 721
"../../../Engine/Content/ArtTools/RenderToTexture/Meshes/S_1_Unit_Plane.uexp" 722
"../../../Engine/Content/EngineMaterials/Substrate/GLints/AGlintTex2dArray.uasset" 723
"../../../Engine/Content/EngineMaterials/Substrate/GLints/AGlintTex2dArray.uexp" 724
"../../../Engine/Content/EngineMaterials/Substrate/Glints2/AGlintTex2dArray2.uasset" 725
"../../../Engine/Content/EngineMaterials/Substrate/Glints2/AGlintTex2dArray2.uexp" 726
"../../../Engine/Content/EngineMaterials/Substrate/Volume/SubstrateSimpleVolumeEnvLUT3D.uasset" 727
"../../../Engine/Content/EngineMaterials/Substrate/Volume/SubstrateSimpleVolumeEnvLUT3D.uexp" 728
"../../../Engine/Content/EngineMaterials/Substrate/Volume/SubstrateSimpleVolumeLUT3D.uasset" 729
"../../../Engine/Content/EngineMaterials/Substrate/Volume/SubstrateSimpleVolumeLUT3D.uexp" 730
"../../../Engine/Content/EngineMaterials/WeightMapPlaceholderTexture.uasset" 731
"../../../Engine/Content/EngineMaterials/WeightMapPlaceholderTexture.uexp" 732
"../../../Engine/Content/EngineMaterials/WeightMapArrayPlaceholderTexture.uasset" 733
"../../../Engine/Content/EngineMaterials/WeightMapArrayPlaceholderTexture.uexp" 734
"../../../Engine/Content/EngineResources/WhiteSquareTexture.uasset" 735
"../../../Engine/Content/EngineResources/WhiteSquareTexture.uexp" 736
"../../../Engine/Content/EngineMaterials/Widget3DPassThrough.uasset" 737
"../../../Engine/Content/EngineMaterials/Widget3DPassThrough.uexp" 738
"../../../Engine/Content/EngineMaterials/Widget3DPassThrough_Masked.uasset" 739
"../../../Engine/Content/EngineMaterials/Widget3DPassThrough_Masked.uexp" 740
"../../../Engine/Content/EngineMaterials/Widget3DPassThrough_Opaque.uasset" 741
"../../../Engine/Content/EngineMaterials/Widget3DPassThrough_Opaque.uexp" 742
"../../../Engine/Content/EngineMaterials/Widget3DPassThrough_Masked_OneSided.uasset" 743
"../../../Engine/Content/EngineMaterials/Widget3DPassThrough_Masked_OneSided.uexp" 744
"../../../Engine/Content/EngineMaterials/Widget3DPassThrough_Opaque_OneSided.uasset" 745
"../../../Engine/Content/EngineMaterials/Widget3DPassThrough_Opaque_OneSided.uexp" 746
"../../../Engine/Content/EngineMaterials/Widget3DPassThrough_Translucent.uasset" 747
"../../../Engine/Content/EngineMaterials/Widget3DPassThrough_Translucent.uexp" 748
"../../../Engine/Content/EngineMaterials/Widget3DPassThrough_Translucent_OneSided.uasset" 749
"../../../Engine/Content/EngineMaterials/Widget3DPassThrough_Translucent_OneSided.uexp" 750
"../../../Engine/Content/EngineResources/LandscapeVisibilityLayerInfo.uasset" 751
"../../../Engine/Content/EngineResources/LandscapeVisibilityLayerInfo.uexp" 752
"../../../Engine/Content/VREditor/TransformGizmo/TranslucentTransformGizmoMaterial.uasset" 753
"../../../Engine/Content/VREditor/TransformGizmo/TranslucentTransformGizmoMaterial.uexp" 754
"../../../Engine/Content/VREditor/LaserPointer/VR_LaserPower_01.ubulk" 755
"../../../Engine/Content/VREditor/LaserPointer/VR_LaserPower_01.uasset" 756
"../../../Engine/Content/VREditor/LaserPointer/VR_LaserPower_01.uexp" 757
"../../../Engine/Content/VREditor/TransformGizmo/TransformGizmoMaterial.uasset" 758
"../../../Engine/Content/VREditor/TransformGizmo/TransformGizmoMaterial.uexp" 759
"../../../Engine/Content/VREditor/TransformGizmo/BoundingBoxCorner.ubulk" 760
"../../../Engine/Content/VREditor/TransformGizmo/BoundingBoxCorner.uasset" 761
"../../../Engine/Content/VREditor/TransformGizmo/BoundingBoxCorner.uexp" 762
"../../../Engine/Content/VREditor/TransformGizmo/BoundingBoxEdge.ubulk" 763
"../../../Engine/Content/VREditor/TransformGizmo/BoundingBoxEdge.uasset" 764
"../../../Engine/Content/VREditor/TransformGizmo/BoundingBoxEdge.uexp" 765
"../../../Engine/Content/VREditor/Sounds/UI/Drop_Item_From_ContentBrowser.ubulk" 766
"../../../Engine/Content/VREditor/Sounds/UI/Drop_Item_From_ContentBrowser.uasset" 767
"../../../Engine/Content/VREditor/Sounds/UI/Drop_Item_From_ContentBrowser.uexp" 768
"../../../Engine/Content/VREditor/TransformGizmo/TranslucentTransformGizmoMaterial_Inst.uasset" 769
"../../../Engine/Content/VREditor/TransformGizmo/TranslucentTransformGizmoMaterial_Inst.uexp" 770
"../../../Engine/Content/VREditor/TransformGizmo/TransformGizmoMaterial_Inst.uasset" 771
"../../../Engine/Content/VREditor/TransformGizmo/TransformGizmoMaterial_Inst.uexp" 772
"../../../Engine/Content/VREditor/Sounds/UI/Gizmo_Handle_Clicked.ubulk" 773
"../../../Engine/Content/VREditor/Sounds/UI/Gizmo_Handle_Clicked.uasset" 774
"../../../Engine/Content/VREditor/Sounds/UI/Gizmo_Handle_Clicked.uexp" 775
"../../../Engine/Content/VREditor/Sounds/UI/Object_PickUp.ubulk" 776
"../../../Engine/Content/VREditor/Sounds/UI/Object_PickUp.uasset" 777
"../../../Engine/Content/VREditor/Sounds/UI/Object_PickUp.uexp" 778
"../../../Engine/Content/VREditor/Sounds/UI/Object_Snaps_To_Another_Actor.ubulk" 779
"../../../Engine/Content/VREditor/Sounds/UI/Object_Snaps_To_Another_Actor.uasset" 780
"../../../Engine/Content/VREditor/Sounds/UI/Object_Snaps_To_Another_Actor.uexp" 781
"../../../Engine/Content/VREditor/Sounds/UI/Object_Snaps_To_Grid.ubulk" 782
"../../../Engine/Content/VREditor/Sounds/UI/Object_Snaps_To_Grid.uasset" 783
"../../../Engine/Content/VREditor/Sounds/UI/Object_Snaps_To_Grid.uexp" 784
"../../../Engine/Content/VREditor/Sounds/UI/Scaling_Down.ubulk" 785
"../../../Engine/Content/VREditor/Sounds/UI/Scaling_Down.uasset" 786
"../../../Engine/Content/VREditor/Sounds/UI/Scaling_Down.uexp" 787
"../../../Engine/Content/VREditor/Sounds/UI/Scaling_Up.ubulk" 788
"../../../Engine/Content/VREditor/Sounds/UI/Scaling_Up.uasset" 789
"../../../Engine/Content/VREditor/Sounds/UI/Scaling_Up.uexp" 790
"../../../Engine/Content/VREditor/Sounds/UI/Selection_Changes.ubulk" 791
"../../../Engine/Content/VREditor/Sounds/UI/Selection_Changes.uasset" 792
"../../../Engine/Content/VREditor/Sounds/UI/Selection_Changes.uexp" 793
"../../../Engine/Content/Functions/Engine_MaterialFunctions02/Math/Transform3x3Matrix.uasset" 794
"../../../Engine/Content/Functions/Engine_MaterialFunctions02/Math/Transform3x3Matrix.uexp" 795
"../../../Engine/Content/Functions/Engine_MaterialFunctions02/SplitComponents.uasset" 796
"../../../Engine/Content/Functions/Engine_MaterialFunctions02/SplitComponents.uexp" 797
"../../../Engine/Content/VREditor/SnapGrid/SnapGridMaterial.uasset" 798
"../../../Engine/Content/VREditor/SnapGrid/SnapGridMaterial.uexp" 799
"../../../Engine/Content/VREditor/SnapGrid/SnapGridPlaneMesh.ubulk" 800
"../../../Engine/Content/VREditor/SnapGrid/SnapGridPlaneMesh.uasset" 801
"../../../Engine/Content/VREditor/SnapGrid/SnapGridPlaneMesh.uexp" 802
"../../../Engine/Content/VREditor/TransformGizmo/PlaneTranslationHandle.ubulk" 803
"../../../Engine/Content/VREditor/TransformGizmo/PlaneTranslationHandle.uasset" 804
"../../../Engine/Content/VREditor/TransformGizmo/PlaneTranslationHandle.uexp" 805
"../../../Engine/Content/VREditor/TransformGizmo/RotationHandleFull.ubulk" 806
"../../../Engine/Content/VREditor/TransformGizmo/RotationHandleFull.uasset" 807
"../../../Engine/Content/VREditor/TransformGizmo/RotationHandleFull.uexp" 808
"../../../Engine/Content/VREditor/TransformGizmo/RotationHandleIndicator.ubulk" 809
"../../../Engine/Content/VREditor/TransformGizmo/RotationHandleIndicator.uasset" 810
"../../../Engine/Content/VREditor/TransformGizmo/RotationHandleIndicator.uexp" 811
"../../../Engine/Content/VREditor/TransformGizmo/RotationHandleQuarter.ubulk" 812
"../../../Engine/Content/VREditor/TransformGizmo/RotationHandleQuarter.uasset" 813
"../../../Engine/Content/VREditor/TransformGizmo/RotationHandleQuarter.uexp" 814
"../../../Engine/Content/VREditor/TransformGizmo/StartRotationHandleIndicator.ubulk" 815
"../../../Engine/Content/VREditor/TransformGizmo/StartRotationHandleIndicator.uasset" 816
"../../../Engine/Content/VREditor/TransformGizmo/StartRotationHandleIndicator.uexp" 817
"../../../Engine/Content/VREditor/TransformGizmo/TransformGizmoFreeRotation.ubulk" 818
"../../../Engine/Content/VREditor/TransformGizmo/TransformGizmoFreeRotation.uasset" 819
"../../../Engine/Content/VREditor/TransformGizmo/TransformGizmoFreeRotation.uexp" 820
"../../../Engine/Content/VREditor/TransformGizmo/TranslateArrowHandle.ubulk" 821
"../../../Engine/Content/VREditor/TransformGizmo/TranslateArrowHandle.uasset" 822
"../../../Engine/Content/VREditor/TransformGizmo/TranslateArrowHandle.uexp" 823
"../../../Engine/Content/VREditor/TransformGizmo/UniformScaleHandle.ubulk" 824
"../../../Engine/Content/VREditor/TransformGizmo/UniformScaleHandle.uasset" 825
"../../../Engine/Content/VREditor/TransformGizmo/UniformScaleHandle.uexp" 826
"../../../Engine/Plugins/Animation/ControlRig/Content/Controls/ControlRig_Arrow2_1mm.ubulk" 827
"../../../Engine/Plugins/Animation/ControlRig/Content/Controls/ControlRig_Arrow2_1mm.uasset" 828
"../../../Engine/Plugins/Animation/ControlRig/Content/Controls/ControlRig_Arrow2_1mm.uexp" 829
"../../../Engine/Plugins/Animation/ControlRig/Content/Controls/ControlRig_Arrow2_3mm.ubulk" 830
"../../../Engine/Plugins/Animation/ControlRig/Content/Controls/ControlRig_Arrow2_3mm.uasset" 831
"../../../Engine/Plugins/Animation/ControlRig/Content/Controls/ControlRig_Arrow2_3mm.uexp" 832
"../../../Engine/Plugins/Animation/ControlRig/Content/Controls/ControlRig_Arrow2_solid.ubulk" 833
"../../../Engine/Plugins/Animation/ControlRig/Content/Controls/ControlRig_Arrow2_solid.uasset" 834
"../../../Engine/Plugins/Animation/ControlRig/Content/Controls/ControlRig_Arrow2_solid.uexp" 835
"../../../Engine/Plugins/Animation/ControlRig/Content/Controls/ControlRig_Arrow4_1mm.ubulk" 836
"../../../Engine/Plugins/Animation/ControlRig/Content/Controls/ControlRig_Arrow4_1mm.uasset" 837
"../../../Engine/Plugins/Animation/ControlRig/Content/Controls/ControlRig_Arrow4_1mm.uexp" 838
"../../../Engine/Plugins/Animation/ControlRig/Content/Controls/ControlRig_Arrow4_3mm.ubulk" 839
"../../../Engine/Plugins/Animation/ControlRig/Content/Controls/ControlRig_Arrow4_3mm.uasset" 840
"../../../Engine/Plugins/Animation/ControlRig/Content/Controls/ControlRig_Arrow4_3mm.uexp" 841
"../../../Engine/Plugins/Animation/ControlRig/Content/Controls/ControlRig_Arrow4_solid.ubulk" 842
"../../../Engine/Plugins/Animation/ControlRig/Content/Controls/ControlRig_Arrow4_solid.uasset" 843
"../../../Engine/Plugins/Animation/ControlRig/Content/Controls/ControlRig_Arrow4_solid.uexp" 844
"../../../Engine/Plugins/Animation/ControlRig/Content/Controls/ControlRig_Arrow_1mm.ubulk" 845
"../../../Engine/Plugins/Animation/ControlRig/Content/Controls/ControlRig_Arrow_1mm.uasset" 846
"../../../Engine/Plugins/Animation/ControlRig/Content/Controls/ControlRig_Arrow_1mm.uexp" 847
"../../../Engine/Plugins/Animation/ControlRig/Content/Controls/ControlRig_Arrow_3mm.ubulk" 848
"../../../Engine/Plugins/Animation/ControlRig/Content/Controls/ControlRig_Arrow_3mm.uasset" 849
"../../../Engine/Plugins/Animation/ControlRig/Content/Controls/ControlRig_Arrow_3mm.uexp" 850
"../../../Engine/Plugins/Animation/ControlRig/Content/Controls/ControlRig_Arrow_solid.ubulk" 851
"../../../Engine/Plugins/Animation/ControlRig/Content/Controls/ControlRig_Arrow_solid.uasset" 852
"../../../Engine/Plugins/Animation/ControlRig/Content/Controls/ControlRig_Arrow_solid.uexp" 853
"../../../Engine/Plugins/Animation/ControlRig/Content/Controls/ControlRig_Box_1mm.ubulk" 854
"../../../Engine/Plugins/Animation/ControlRig/Content/Controls/ControlRig_Box_1mm.uasset" 855
"../../../Engine/Plugins/Animation/ControlRig/Content/Controls/ControlRig_Box_1mm.uexp" 856
"../../../Engine/Plugins/Animation/ControlRig/Content/Controls/ControlRig_Box_3mm.ubulk" 857
"../../../Engine/Plugins/Animation/ControlRig/Content/Controls/ControlRig_Box_3mm.uasset" 858
"../../../Engine/Plugins/Animation/ControlRig/Content/Controls/ControlRig_Box_3mm.uexp" 859
"../../../Engine/Plugins/Animation/ControlRig/Content/Controls/ControlRig_Box_solid.ubulk" 860
"../../../Engine/Plugins/Animation/ControlRig/Content/Controls/ControlRig_Box_solid.uasset" 861
"../../../Engine/Plugins/Animation/ControlRig/Content/Controls/ControlRig_Box_solid.uexp" 862
"../../../Engine/Plugins/Animation/ControlRig/Content/Controls/ControlRig_Circle_1mm.ubulk" 863
"../../../Engine/Plugins/Animation/ControlRig/Content/Controls/ControlRig_Circle_1mm.uasset" 864
"../../../Engine/Plugins/Animation/ControlRig/Content/Controls/ControlRig_Circle_1mm.uexp" 865
"../../../Engine/Plugins/Animation/ControlRig/Content/Controls/ControlRig_Circle_3mm.ubulk" 866
"../../../Engine/Plugins/Animation/ControlRig/Content/Controls/ControlRig_Circle_3mm.uasset" 867
"../../../Engine/Plugins/Animation/ControlRig/Content/Controls/ControlRig_Circle_3mm.uexp" 868
"../../../Engine/Plugins/Animation/ControlRig/Content/Controls/ControlRig_Circle_solid.ubulk" 869
"../../../Engine/Plugins/Animation/ControlRig/Content/Controls/ControlRig_Circle_solid.uasset" 870
"../../../Engine/Plugins/Animation/ControlRig/Content/Controls/ControlRig_Circle_solid.uexp" 871
"../../../Engine/Plugins/Animation/ControlRig/Content/Controls/ControlRig_Diamond_1mm.ubulk" 872
"../../../Engine/Plugins/Animation/ControlRig/Content/Controls/ControlRig_Diamond_1mm.uasset" 873
"../../../Engine/Plugins/Animation/ControlRig/Content/Controls/ControlRig_Diamond_1mm.uexp" 874
"../../../Engine/Plugins/Animation/ControlRig/Content/Controls/ControlRig_Diamond_3mm.ubulk" 875
"../../../Engine/Plugins/Animation/ControlRig/Content/Controls/ControlRig_Diamond_3mm.uasset" 876
"../../../Engine/Plugins/Animation/ControlRig/Content/Controls/ControlRig_Diamond_3mm.uexp" 877
"../../../Engine/Plugins/Animation/ControlRig/Content/Controls/ControlRig_Diamond_solid.ubulk" 878
"../../../Engine/Plugins/Animation/ControlRig/Content/Controls/ControlRig_Diamond_solid.uasset" 879
"../../../Engine/Plugins/Animation/ControlRig/Content/Controls/ControlRig_Diamond_solid.uexp" 880
"../../../Engine/Plugins/Animation/ControlRig/Content/Controls/ControlRig_HalfCircle_1mm.ubulk" 881
"../../../Engine/Plugins/Animation/ControlRig/Content/Controls/ControlRig_HalfCircle_1mm.uasset" 882
"../../../Engine/Plugins/Animation/ControlRig/Content/Controls/ControlRig_HalfCircle_1mm.uexp" 883
"../../../Engine/Plugins/Animation/ControlRig/Content/Controls/ControlRig_HalfCircle_3mm.ubulk" 884
"../../../Engine/Plugins/Animation/ControlRig/Content/Controls/ControlRig_HalfCircle_3mm.uasset" 885
"../../../Engine/Plugins/Animation/ControlRig/Content/Controls/ControlRig_HalfCircle_3mm.uexp" 886
"../../../Engine/Plugins/Animation/ControlRig/Content/Controls/ControlRig_HalfCircle_solid.ubulk" 887
"../../../Engine/Plugins/Animation/ControlRig/Content/Controls/ControlRig_HalfCircle_solid.uasset" 888
"../../../Engine/Plugins/Animation/ControlRig/Content/Controls/ControlRig_HalfCircle_solid.uexp" 889
"../../../Engine/Plugins/Animation/ControlRig/Content/Controls/ControlRig_Hexagon_1mm.ubulk" 890
"../../../Engine/Plugins/Animation/ControlRig/Content/Controls/ControlRig_Hexagon_1mm.uasset" 891
"../../../Engine/Plugins/Animation/ControlRig/Content/Controls/ControlRig_Hexagon_1mm.uexp" 892
"../../../Engine/Plugins/Animation/ControlRig/Content/Controls/ControlRig_Hexagon_3mm.ubulk" 893
"../../../Engine/Plugins/Animation/ControlRig/Content/Controls/ControlRig_Hexagon_3mm.uasset" 894
"../../../Engine/Plugins/Animation/ControlRig/Content/Controls/ControlRig_Hexagon_3mm.uexp" 895
"../../../Engine/Plugins/Animation/ControlRig/Content/Controls/ControlRig_Hexagon_solid.ubulk" 896
"../../../Engine/Plugins/Animation/ControlRig/Content/Controls/ControlRig_Hexagon_solid.uasset" 897
"../../../Engine/Plugins/Animation/ControlRig/Content/Controls/ControlRig_Hexagon_solid.uexp" 898
"../../../Engine/Plugins/Animation/ControlRig/Content/Controls/ControlRig_Octagon_1mm.ubulk" 899
"../../../Engine/Plugins/Animation/ControlRig/Content/Controls/ControlRig_Octagon_1mm.uasset" 900
"../../../Engine/Plugins/Animation/ControlRig/Content/Controls/ControlRig_Octagon_1mm.uexp" 901
"../../../Engine/Plugins/Animation/ControlRig/Content/Controls/ControlRig_Octagon_3mm.ubulk" 902
"../../../Engine/Plugins/Animation/ControlRig/Content/Controls/ControlRig_Octagon_3mm.uasset" 903
"../../../Engine/Plugins/Animation/ControlRig/Content/Controls/ControlRig_Octagon_3mm.uexp" 904
"../../../Engine/Plugins/Animation/ControlRig/Content/Controls/ControlRig_Octagon_solid.ubulk" 905
"../../../Engine/Plugins/Animation/ControlRig/Content/Controls/ControlRig_Octagon_solid.uasset" 906
"../../../Engine/Plugins/Animation/ControlRig/Content/Controls/ControlRig_Octagon_solid.uexp" 907
"../../../Engine/Plugins/Animation/ControlRig/Content/Controls/ControlRig_Pyramid_1mm.ubulk" 908
"../../../Engine/Plugins/Animation/ControlRig/Content/Controls/ControlRig_Pyramid_1mm.uasset" 909
"../../../Engine/Plugins/Animation/ControlRig/Content/Controls/ControlRig_Pyramid_1mm.uexp" 910
"../../../Engine/Plugins/Animation/ControlRig/Content/Controls/ControlRig_Pyramid_3mm.ubulk" 911
"../../../Engine/Plugins/Animation/ControlRig/Content/Controls/ControlRig_Pyramid_3mm.uasset" 912
"../../../Engine/Plugins/Animation/ControlRig/Content/Controls/ControlRig_Pyramid_3mm.uexp" 913
"../../../Engine/Plugins/Animation/ControlRig/Content/Controls/ControlRig_Pyramid_solid.ubulk" 914
"../../../Engine/Plugins/Animation/ControlRig/Content/Controls/ControlRig_Pyramid_solid.uasset" 915
"../../../Engine/Plugins/Animation/ControlRig/Content/Controls/ControlRig_Pyramid_solid.uexp" 916
"../../../Engine/Plugins/Animation/ControlRig/Content/Controls/ControlRig_QuarterCircle_1mm.ubulk" 917
"../../../Engine/Plugins/Animation/ControlRig/Content/Controls/ControlRig_QuarterCircle_1mm.uasset" 918
"../../../Engine/Plugins/Animation/ControlRig/Content/Controls/ControlRig_QuarterCircle_1mm.uexp" 919
"../../../Engine/Plugins/Animation/ControlRig/Content/Controls/ControlRig_QuarterCircle_3mm.ubulk" 920
"../../../Engine/Plugins/Animation/ControlRig/Content/Controls/ControlRig_QuarterCircle_3mm.uasset" 921
"../../../Engine/Plugins/Animation/ControlRig/Content/Controls/ControlRig_QuarterCircle_3mm.uexp" 922
"../../../Engine/Plugins/Animation/ControlRig/Content/Controls/ControlRig_QuarterCircle_solid.ubulk" 923
"../../../Engine/Plugins/Animation/ControlRig/Content/Controls/ControlRig_QuarterCircle_solid.uasset" 924
"../../../Engine/Plugins/Animation/ControlRig/Content/Controls/ControlRig_QuarterCircle_solid.uexp" 925
"../../../Engine/Plugins/Animation/ControlRig/Content/Controls/ControlRig_RoundedSquare_1mm.ubulk" 926
"../../../Engine/Plugins/Animation/ControlRig/Content/Controls/ControlRig_RoundedSquare_1mm.uasset" 927
"../../../Engine/Plugins/Animation/ControlRig/Content/Controls/ControlRig_RoundedSquare_1mm.uexp" 928
"../../../Engine/Plugins/Animation/ControlRig/Content/Controls/ControlRig_RoundedSquare_3mm.ubulk" 929
"../../../Engine/Plugins/Animation/ControlRig/Content/Controls/ControlRig_RoundedSquare_3mm.uasset" 930
"../../../Engine/Plugins/Animation/ControlRig/Content/Controls/ControlRig_RoundedSquare_3mm.uexp" 931
"../../../Engine/Plugins/Animation/ControlRig/Content/Controls/ControlRig_RoundedSquare_solid.ubulk" 932
"../../../Engine/Plugins/Animation/ControlRig/Content/Controls/ControlRig_RoundedSquare_solid.uasset" 933
"../../../Engine/Plugins/Animation/ControlRig/Content/Controls/ControlRig_RoundedSquare_solid.uexp" 934
"../../../Engine/Plugins/Animation/ControlRig/Content/Controls/ControlRig_RoundedTriangle_1mm.ubulk" 935
"../../../Engine/Plugins/Animation/ControlRig/Content/Controls/ControlRig_RoundedTriangle_1mm.uasset" 936
"../../../Engine/Plugins/Animation/ControlRig/Content/Controls/ControlRig_RoundedTriangle_1mm.uexp" 937
"../../../Engine/Plugins/Animation/ControlRig/Content/Controls/ControlRig_RoundedTriangle_3mm.ubulk" 938
"../../../Engine/Plugins/Animation/ControlRig/Content/Controls/ControlRig_RoundedTriangle_3mm.uasset" 939
"../../../Engine/Plugins/Animation/ControlRig/Content/Controls/ControlRig_RoundedTriangle_3mm.uexp" 940
"../../../Engine/Plugins/Animation/ControlRig/Content/Controls/ControlRig_RoundedTriangle_solid.ubulk" 941
"../../../Engine/Plugins/Animation/ControlRig/Content/Controls/ControlRig_RoundedTriangle_solid.uasset" 942
"../../../Engine/Plugins/Animation/ControlRig/Content/Controls/ControlRig_RoundedTriangle_solid.uexp" 943
"../../../Engine/Plugins/Animation/ControlRig/Content/Controls/ControlRig_Sphere_1mm.ubulk" 944
"../../../Engine/Plugins/Animation/ControlRig/Content/Controls/ControlRig_Sphere_1mm.uasset" 945
"../../../Engine/Plugins/Animation/ControlRig/Content/Controls/ControlRig_Sphere_1mm.uexp" 946
"../../../Engine/Plugins/Animation/ControlRig/Content/Controls/ControlRig_Sphere_3mm.ubulk" 947
"../../../Engine/Plugins/Animation/ControlRig/Content/Controls/ControlRig_Sphere_3mm.uasset" 948
"../../../Engine/Plugins/Animation/ControlRig/Content/Controls/ControlRig_Sphere_3mm.uexp" 949
"../../../Engine/Plugins/Animation/ControlRig/Content/Controls/ControlRig_Sphere_solid.ubulk" 950
"../../../Engine/Plugins/Animation/ControlRig/Content/Controls/ControlRig_Sphere_solid.uasset" 951
"../../../Engine/Plugins/Animation/ControlRig/Content/Controls/ControlRig_Sphere_solid.uexp" 952
"../../../Engine/Plugins/Animation/ControlRig/Content/Controls/ControlRig_Square_1mm.ubulk" 953
"../../../Engine/Plugins/Animation/ControlRig/Content/Controls/ControlRig_Square_1mm.uasset" 954
"../../../Engine/Plugins/Animation/ControlRig/Content/Controls/ControlRig_Square_1mm.uexp" 955
"../../../Engine/Plugins/Animation/ControlRig/Content/Controls/ControlRig_Square_3mm.ubulk" 956
"../../../Engine/Plugins/Animation/ControlRig/Content/Controls/ControlRig_Square_3mm.uasset" 957
"../../../Engine/Plugins/Animation/ControlRig/Content/Controls/ControlRig_Square_3mm.uexp" 958
"../../../Engine/Plugins/Animation/ControlRig/Content/Controls/ControlRig_Square_solid.ubulk" 959
"../../../Engine/Plugins/Animation/ControlRig/Content/Controls/ControlRig_Square_solid.uasset" 960
"../../../Engine/Plugins/Animation/ControlRig/Content/Controls/ControlRig_Square_solid.uexp" 961
"../../../Engine/Plugins/Animation/ControlRig/Content/Controls/ControlRig_Star4_1mm.ubulk" 962
"../../../Engine/Plugins/Animation/ControlRig/Content/Controls/ControlRig_Star4_1mm.uasset" 963
"../../../Engine/Plugins/Animation/ControlRig/Content/Controls/ControlRig_Star4_1mm.uexp" 964
"../../../Engine/Plugins/Animation/ControlRig/Content/Controls/ControlRig_Star4_3mm.ubulk" 965
"../../../Engine/Plugins/Animation/ControlRig/Content/Controls/ControlRig_Star4_3mm.uasset" 966
"../../../Engine/Plugins/Animation/ControlRig/Content/Controls/ControlRig_Star4_3mm.uexp" 967
"../../../Engine/Plugins/Animation/ControlRig/Content/Controls/ControlRig_Star4_solid.ubulk" 968
"../../../Engine/Plugins/Animation/ControlRig/Content/Controls/ControlRig_Star4_solid.uasset" 969
"../../../Engine/Plugins/Animation/ControlRig/Content/Controls/ControlRig_Star4_solid.uexp" 970
"../../../Engine/Plugins/Animation/ControlRig/Content/Controls/ControlRig_Triangle_1mm.ubulk" 971
"../../../Engine/Plugins/Animation/ControlRig/Content/Controls/ControlRig_Triangle_1mm.uasset" 972
"../../../Engine/Plugins/Animation/ControlRig/Content/Controls/ControlRig_Triangle_1mm.uexp" 973
"../../../Engine/Plugins/Animation/ControlRig/Content/Controls/ControlRig_Triangle_3mm.ubulk" 974
"../../../Engine/Plugins/Animation/ControlRig/Content/Controls/ControlRig_Triangle_3mm.uasset" 975
"../../../Engine/Plugins/Animation/ControlRig/Content/Controls/ControlRig_Triangle_3mm.uexp" 976
"../../../Engine/Plugins/Animation/ControlRig/Content/Controls/ControlRig_Triangle_solid.ubulk" 977
"../../../Engine/Plugins/Animation/ControlRig/Content/Controls/ControlRig_Triangle_solid.uasset" 978
"../../../Engine/Plugins/Animation/ControlRig/Content/Controls/ControlRig_Triangle_solid.uexp" 979
"../../../Engine/Plugins/Animation/ControlRig/Content/Controls/ControlRig_Wedge_1mm.ubulk" 980
"../../../Engine/Plugins/Animation/ControlRig/Content/Controls/ControlRig_Wedge_1mm.uasset" 981
"../../../Engine/Plugins/Animation/ControlRig/Content/Controls/ControlRig_Wedge_1mm.uexp" 982
"../../../Engine/Plugins/Animation/ControlRig/Content/Controls/ControlRig_Wedge_3mm.ubulk" 983
"../../../Engine/Plugins/Animation/ControlRig/Content/Controls/ControlRig_Wedge_3mm.uasset" 984
"../../../Engine/Plugins/Animation/ControlRig/Content/Controls/ControlRig_Wedge_3mm.uexp" 985
"../../../Engine/Plugins/Animation/ControlRig/Content/Controls/ControlRig_Wedge_solid.ubulk" 986
"../../../Engine/Plugins/Animation/ControlRig/Content/Controls/ControlRig_Wedge_solid.uasset" 987
"../../../Engine/Plugins/Animation/ControlRig/Content/Controls/ControlRig_Wedge_solid.uexp" 988
"../../../Engine/Plugins/Interchange/Assets/Content/Utilities/New_LUT.uasset" 989
"../../../Engine/Plugins/Interchange/Assets/Content/Utilities/New_LUT.uexp" 990
"../../../Engine/Content/Functions/Engine_MaterialFunctions03/Math/RemapValueRange.uasset" 991
"../../../Engine/Content/Functions/Engine_MaterialFunctions03/Math/RemapValueRange.uexp" 992
"../../../Engine/Plugins/Interchange/Assets/Content/Functions/MF_Iridescence.uasset" 993
"../../../Engine/Plugins/Interchange/Assets/Content/Functions/MF_Iridescence.uexp" 994
"../../../Engine/Plugins/Interchange/Assets/Content/gltf/Textures/T_White_srgb.uasset" 995
"../../../Engine/Plugins/Interchange/Assets/Content/gltf/Textures/T_White_srgb.uexp" 996
"../../../Engine/Plugins/Interchange/Assets/Content/gltf/MaterialFunctions/MF_BaseColor.uasset" 997
"../../../Engine/Plugins/Interchange/Assets/Content/gltf/MaterialFunctions/MF_BaseColor.uexp" 998
"../../../Engine/Plugins/Interchange/Assets/Content/gltf/MaterialFunctions/MF_RotateV2.uasset" 999
"../../../Engine/Plugins/Interchange/Assets/Content/gltf/MaterialFunctions/MF_RotateV2.uexp" 1000
"../../../Engine/Plugins/Interchange/Assets/Content/gltf/MaterialFunctions/MF_TransformUVs.uasset" 1001
"../../../Engine/Plugins/Interchange/Assets/Content/gltf/MaterialFunctions/MF_TransformUVs.uexp" 1002
"../../../Engine/Plugins/Interchange/Assets/Content/gltf/MaterialFunctions/MF_IOR.uasset" 1003
"../../../Engine/Plugins/Interchange/Assets/Content/gltf/MaterialFunctions/MF_IOR.uexp" 1004
"../../../Engine/Plugins/Interchange/Assets/Content/gltf/MaterialFunctions/MF_Iridescence.uasset" 1005
"../../../Engine/Plugins/Interchange/Assets/Content/gltf/MaterialFunctions/MF_Iridescence.uexp" 1006
"../../../Engine/Plugins/Interchange/Assets/Content/gltf/Textures/T_White_Linear.uasset" 1007
"../../../Engine/Plugins/Interchange/Assets/Content/gltf/Textures/T_White_Linear.uexp" 1008
"../../../Engine/Plugins/Interchange/Assets/Content/gltf/MaterialFunctions/MF_MetallicRoughness.uasset" 1009
"../../../Engine/Plugins/Interchange/Assets/Content/gltf/MaterialFunctions/MF_MetallicRoughness.uexp" 1010
"../../../Engine/Plugins/Interchange/Assets/Content/gltf/MaterialFunctions/MF_RotateNormals_TS.uasset" 1011
"../../../Engine/Plugins/Interchange/Assets/Content/gltf/MaterialFunctions/MF_RotateNormals_TS.uexp" 1012
"../../../Engine/Plugins/Interchange/Assets/Content/gltf/MaterialFunctions/MF_ScaleNormal.uasset" 1013
"../../../Engine/Plugins/Interchange/Assets/Content/gltf/MaterialFunctions/MF_ScaleNormal.uexp" 1014
"../../../Engine/Plugins/Interchange/Assets/Content/gltf/Textures/T_Generic_N.uasset" 1015
"../../../Engine/Plugins/Interchange/Assets/Content/gltf/Textures/T_Generic_N.uexp" 1016
"../../../Engine/Plugins/Interchange/Assets/Content/gltf/MaterialFunctions/MF_Normals.uasset" 1017
"../../../Engine/Plugins/Interchange/Assets/Content/gltf/MaterialFunctions/MF_Normals.uexp" 1018
"../../../Engine/Plugins/Interchange/Assets/Content/gltf/MaterialFunctions/MF_Occlusion.uasset" 1019
"../../../Engine/Plugins/Interchange/Assets/Content/gltf/MaterialFunctions/MF_Occlusion.uexp" 1020
"../../../Engine/Plugins/Interchange/Assets/Content/gltf/MaterialFunctions/MF_Specular.uasset" 1021
"../../../Engine/Plugins/Interchange/Assets/Content/gltf/MaterialFunctions/MF_Specular.uexp" 1022
"../../../Engine/Plugins/Interchange/Assets/Content/gltf/Textures/T_Anisotropy_Direction_Linear.uasset" 1023
"../../../Engine/Plugins/Interchange/Assets/Content/gltf/Textures/T_Anisotropy_Direction_Linear.uexp" 1024
"../../../Engine/Plugins/Interchange/Assets/Content/gltf/MaterialFunctions/MF_SpecularAnisotropy.uasset" 1025
"../../../Engine/Plugins/Interchange/Assets/Content/gltf/MaterialFunctions/MF_SpecularAnisotropy.uexp" 1026
"../../../Engine/Plugins/Interchange/Assets/Content/gltf/MaterialFunctions/MF_Emissive.uasset" 1027
"../../../Engine/Plugins/Interchange/Assets/Content/gltf/MaterialFunctions/MF_Emissive.uexp" 1028
"../../../Engine/Content/Functions/Engine_MaterialFunctions01/Texturing/FlattenNormal.uasset" 1029
"../../../Engine/Content/Functions/Engine_MaterialFunctions01/Texturing/FlattenNormal.uexp" 1030
"../../../Engine/Plugins/Interchange/Assets/Content/gltf/MaterialFunctions/MF_Clearcoat.uasset" 1031
"../../../Engine/Plugins/Interchange/Assets/Content/gltf/MaterialFunctions/MF_Clearcoat.uexp" 1032
"../../../Engine/Plugins/Interchange/Assets/Content/gltf/MaterialBodies/MF_ClearCoat_Body.uasset" 1033
"../../../Engine/Plugins/Interchange/Assets/Content/gltf/MaterialBodies/MF_ClearCoat_Body.uexp" 1034
"../../../Engine/Plugins/Interchange/Assets/Content/gltf/M_ClearCoat.uasset" 1035
"../../../Engine/Plugins/Interchange/Assets/Content/gltf/M_ClearCoat.uexp" 1036
"../../../Engine/Plugins/Interchange/Assets/Content/gltf/MaterialInstances/MI_ClearCoat_Blend.uasset" 1037
"../../../Engine/Plugins/Interchange/Assets/Content/gltf/MaterialInstances/MI_ClearCoat_Blend.uexp" 1038
"../../../Engine/Plugins/Interchange/Assets/Content/gltf/MaterialInstances/MI_ClearCoat_Blend_DS.uasset" 1039
"../../../Engine/Plugins/Interchange/Assets/Content/gltf/MaterialInstances/MI_ClearCoat_Blend_DS.uexp" 1040
"../../../Engine/Plugins/Interchange/Assets/Content/gltf/MaterialInstances/MI_ClearCoat_Mask.uasset" 1041
"../../../Engine/Plugins/Interchange/Assets/Content/gltf/MaterialInstances/MI_ClearCoat_Mask.uexp" 1042
"../../../Engine/Plugins/Interchange/Assets/Content/gltf/MaterialInstances/MI_ClearCoat_Mask_DS.uasset" 1043
"../../../Engine/Plugins/Interchange/Assets/Content/gltf/MaterialInstances/MI_ClearCoat_Mask_DS.uexp" 1044
"../../../Engine/Plugins/Interchange/Assets/Content/gltf/MaterialInstances/MI_ClearCoat_Opaque.uasset" 1045
"../../../Engine/Plugins/Interchange/Assets/Content/gltf/MaterialInstances/MI_ClearCoat_Opaque.uexp" 1046
"../../../Engine/Plugins/Interchange/Assets/Content/gltf/MaterialInstances/MI_ClearCoat_Opaque_DS.uasset" 1047
"../../../Engine/Plugins/Interchange/Assets/Content/gltf/MaterialInstances/MI_ClearCoat_Opaque_DS.uexp" 1048
"../../../Engine/Plugins/Interchange/Assets/Content/gltf/MaterialBodies/MF_Default_Body.uasset" 1049
"../../../Engine/Plugins/Interchange/Assets/Content/gltf/MaterialBodies/MF_Default_Body.uexp" 1050
"../../../Engine/Plugins/Interchange/Assets/Content/gltf/M_Default.uasset" 1051
"../../../Engine/Plugins/Interchange/Assets/Content/gltf/M_Default.uexp" 1052
"../../../Engine/Plugins/Interchange/Assets/Content/gltf/MaterialInstances/MI_Default_Blend.uasset" 1053
"../../../Engine/Plugins/Interchange/Assets/Content/gltf/MaterialInstances/MI_Default_Blend.uexp" 1054
"../../../Engine/Plugins/Interchange/Assets/Content/gltf/MaterialInstances/MI_Default_Blend_DS.uasset" 1055
"../../../Engine/Plugins/Interchange/Assets/Content/gltf/MaterialInstances/MI_Default_Blend_DS.uexp" 1056
"../../../Engine/Plugins/Interchange/Assets/Content/gltf/MaterialInstances/MI_Default_Mask.uasset" 1057
"../../../Engine/Plugins/Interchange/Assets/Content/gltf/MaterialInstances/MI_Default_Mask.uexp" 1058
"../../../Engine/Plugins/Interchange/Assets/Content/gltf/MaterialInstances/MI_Default_Mask_DS.uasset" 1059
"../../../Engine/Plugins/Interchange/Assets/Content/gltf/MaterialInstances/MI_Default_Mask_DS.uexp" 1060
"../../../Engine/Plugins/Interchange/Assets/Content/gltf/MaterialInstances/MI_Default_Opaque.uasset" 1061
"../../../Engine/Plugins/Interchange/Assets/Content/gltf/MaterialInstances/MI_Default_Opaque.uexp" 1062
"../../../Engine/Plugins/Interchange/Assets/Content/gltf/MaterialInstances/MI_Default_Opaque_DS.uasset" 1063
"../../../Engine/Plugins/Interchange/Assets/Content/gltf/MaterialInstances/MI_Default_Opaque_DS.uexp" 1064
"../../../Engine/Plugins/Interchange/Assets/Content/gltf/MaterialFunctions/MF_Sheen.uasset" 1065
"../../../Engine/Plugins/Interchange/Assets/Content/gltf/MaterialFunctions/MF_Sheen.uexp" 1066
"../../../Engine/Plugins/Interchange/Assets/Content/gltf/MaterialBodies/MF_Sheen_Body.uasset" 1067
"../../../Engine/Plugins/Interchange/Assets/Content/gltf/MaterialBodies/MF_Sheen_Body.uexp" 1068
"../../../Engine/Plugins/Interchange/Assets/Content/gltf/M_Sheen.uasset" 1069
"../../../Engine/Plugins/Interchange/Assets/Content/gltf/M_Sheen.uexp" 1070
"../../../Engine/Plugins/Interchange/Assets/Content/gltf/MaterialInstances/MI_Sheen_Blend.uasset" 1071
"../../../Engine/Plugins/Interchange/Assets/Content/gltf/MaterialInstances/MI_Sheen_Blend.uexp" 1072
"../../../Engine/Plugins/Interchange/Assets/Content/gltf/MaterialInstances/MI_Sheen_Blend_DS.uasset" 1073
"../../../Engine/Plugins/Interchange/Assets/Content/gltf/MaterialInstances/MI_Sheen_Blend_DS.uexp" 1074
"../../../Engine/Plugins/Interchange/Assets/Content/gltf/MaterialInstances/MI_Sheen_Mask.uasset" 1075
"../../../Engine/Plugins/Interchange/Assets/Content/gltf/MaterialInstances/MI_Sheen_Mask.uexp" 1076
"../../../Engine/Plugins/Interchange/Assets/Content/gltf/MaterialInstances/MI_Sheen_Mask_DS.uasset" 1077
"../../../Engine/Plugins/Interchange/Assets/Content/gltf/MaterialInstances/MI_Sheen_Mask_DS.uexp" 1078
"../../../Engine/Plugins/Interchange/Assets/Content/gltf/MaterialInstances/MI_Sheen_Opaque.uasset" 1079
"../../../Engine/Plugins/Interchange/Assets/Content/gltf/MaterialInstances/MI_Sheen_Opaque.uexp" 1080
"../../../Engine/Plugins/Interchange/Assets/Content/gltf/MaterialInstances/MI_Sheen_Opaque_DS.uasset" 1081
"../../../Engine/Plugins/Interchange/Assets/Content/gltf/MaterialInstances/MI_Sheen_Opaque_DS.uexp" 1082
"../../../Engine/Content/Functions/Engine_MaterialFunctions02/Math/AddComponents.uasset" 1083
"../../../Engine/Content/Functions/Engine_MaterialFunctions02/Math/AddComponents.uexp" 1084
"../../../Engine/Plugins/Interchange/Assets/Content/gltf/MaterialFunctions/MF_DiffuseSpecGloss.uasset" 1085
"../../../Engine/Plugins/Interchange/Assets/Content/gltf/MaterialFunctions/MF_DiffuseSpecGloss.uexp" 1086
"../../../Engine/Plugins/Interchange/Assets/Content/gltf/MaterialFunctions/MF_MaxComponentValue.uasset" 1087
"../../../Engine/Plugins/Interchange/Assets/Content/gltf/MaterialFunctions/MF_MaxComponentValue.uexp" 1088
"../../../Engine/Plugins/Interchange/Assets/Content/gltf/MaterialFunctions/MF_PerceivedBrightness.uasset" 1089
"../../../Engine/Plugins/Interchange/Assets/Content/gltf/MaterialFunctions/MF_PerceivedBrightness.uexp" 1090
"../../../Engine/Plugins/Interchange/Assets/Content/gltf/MaterialFunctions/MF_SpecGlossToMetalRoughness.uasset" 1091
"../../../Engine/Plugins/Interchange/Assets/Content/gltf/MaterialFunctions/MF_SpecGlossToMetalRoughness.uexp" 1092
"../../../Engine/Plugins/Interchange/Assets/Content/gltf/MaterialBodies/MF_SpecularGlossiness_Body.uasset" 1093
"../../../Engine/Plugins/Interchange/Assets/Content/gltf/MaterialBodies/MF_SpecularGlossiness_Body.uexp" 1094
"../../../Engine/Plugins/Interchange/Assets/Content/gltf/M_SpecularGlossiness.uasset" 1095
"../../../Engine/Plugins/Interchange/Assets/Content/gltf/M_SpecularGlossiness.uexp" 1096
"../../../Engine/Plugins/Interchange/Assets/Content/gltf/MaterialInstances/MI_SpecularGlossiness_Blend.uasset" 1097
"../../../Engine/Plugins/Interchange/Assets/Content/gltf/MaterialInstances/MI_SpecularGlossiness_Blend.uexp" 1098
"../../../Engine/Plugins/Interchange/Assets/Content/gltf/MaterialInstances/MI_SpecularGlossiness_Blend_DS.uasset" 1099
"../../../Engine/Plugins/Interchange/Assets/Content/gltf/MaterialInstances/MI_SpecularGlossiness_Blend_DS.uexp" 1100
"../../../Engine/Plugins/Interchange/Assets/Content/gltf/MaterialInstances/MI_SpecularGlossiness_Mask.uasset" 1101
"../../../Engine/Plugins/Interchange/Assets/Content/gltf/MaterialInstances/MI_SpecularGlossiness_Mask.uexp" 1102
"../../../Engine/Plugins/Interchange/Assets/Content/gltf/MaterialInstances/MI_SpecularGlossiness_Mask_DS.uasset" 1103
"../../../Engine/Plugins/Interchange/Assets/Content/gltf/MaterialInstances/MI_SpecularGlossiness_Mask_DS.uexp" 1104
"../../../Engine/Plugins/Interchange/Assets/Content/gltf/MaterialInstances/MI_SpecularGlossiness_Opaque.uasset" 1105
"../../../Engine/Plugins/Interchange/Assets/Content/gltf/MaterialInstances/MI_SpecularGlossiness_Opaque.uexp" 1106
"../../../Engine/Plugins/Interchange/Assets/Content/gltf/MaterialInstances/MI_SpecularGlossiness_Opaque_DS.uasset" 1107
"../../../Engine/Plugins/Interchange/Assets/Content/gltf/MaterialInstances/MI_SpecularGlossiness_Opaque_DS.uexp" 1108
"../../../Engine/Content/EngineMaterials/Good64x64TilingNoiseHighFreq.uasset" 1109
"../../../Engine/Content/EngineMaterials/Good64x64TilingNoiseHighFreq.uexp" 1110
"../../../Engine/Content/Functions/Engine_MaterialFunctions02/Texturing/ScreenAlignedPixelToPixelUVs.uasset" 1111
"../../../Engine/Content/Functions/Engine_MaterialFunctions02/Texturing/ScreenAlignedPixelToPixelUVs.uexp" 1112
"../../../Engine/Plugins/Interchange/Assets/Content/gltf/MaterialFunctions/MF_Fresnel_DS.uasset" 1113
"../../../Engine/Plugins/Interchange/Assets/Content/gltf/MaterialFunctions/MF_Fresnel_DS.uexp" 1114
"../../../Engine/Plugins/Interchange/Assets/Content/gltf/MaterialFunctions/MF_Temporal_Blur.uasset" 1115
"../../../Engine/Plugins/Interchange/Assets/Content/gltf/MaterialFunctions/MF_Temporal_Blur.uexp" 1116
"../../../Engine/Plugins/Interchange/Assets/Content/gltf/MaterialFunctions/MF_Transmission.uasset" 1117
"../../../Engine/Plugins/Interchange/Assets/Content/gltf/MaterialFunctions/MF_Transmission.uexp" 1118
"../../../Engine/Plugins/Interchange/Assets/Content/gltf/MaterialBodies/MF_Transmission_Body.uasset" 1119
"../../../Engine/Plugins/Interchange/Assets/Content/gltf/MaterialBodies/MF_Transmission_Body.uexp" 1120
"../../../Engine/Plugins/Interchange/Assets/Content/gltf/M_Transmission.uasset" 1121
"../../../Engine/Plugins/Interchange/Assets/Content/gltf/M_Transmission.uexp" 1122
"../../../Engine/Plugins/Interchange/Assets/Content/gltf/MaterialInstances/MI_Transmission.uasset" 1123
"../../../Engine/Plugins/Interchange/Assets/Content/gltf/MaterialInstances/MI_Transmission.uexp" 1124
"../../../Engine/Plugins/Interchange/Assets/Content/gltf/MaterialInstances/MI_Transmission_DS.uasset" 1125
"../../../Engine/Plugins/Interchange/Assets/Content/gltf/MaterialInstances/MI_Transmission_DS.uexp" 1126
"../../../Engine/Plugins/Interchange/Assets/Content/gltf/MaterialBodies/MF_Unlit_Body.uasset" 1127
"../../../Engine/Plugins/Interchange/Assets/Content/gltf/MaterialBodies/MF_Unlit_Body.uexp" 1128
"../../../Engine/Plugins/Interchange/Assets/Content/gltf/M_Unlit.uasset" 1129
"../../../Engine/Plugins/Interchange/Assets/Content/gltf/M_Unlit.uexp" 1130
"../../../Engine/Plugins/Interchange/Assets/Content/gltf/MaterialInstances/MI_Unlit_Blend.uasset" 1131
"../../../Engine/Plugins/Interchange/Assets/Content/gltf/MaterialInstances/MI_Unlit_Blend.uexp" 1132
"../../../Engine/Plugins/Interchange/Assets/Content/gltf/MaterialInstances/MI_Unlit_Blend_DS.uasset" 1133
"../../../Engine/Plugins/Interchange/Assets/Content/gltf/MaterialInstances/MI_Unlit_Blend_DS.uexp" 1134
"../../../Engine/Plugins/Interchange/Assets/Content/gltf/MaterialInstances/MI_Unlit_Mask.uasset" 1135
"../../../Engine/Plugins/Interchange/Assets/Content/gltf/MaterialInstances/MI_Unlit_Mask.uexp" 1136
"../../../Engine/Plugins/Interchange/Assets/Content/gltf/MaterialInstances/MI_Unlit_Mask_DS.uasset" 1137
"../../../Engine/Plugins/Interchange/Assets/Content/gltf/MaterialInstances/MI_Unlit_Mask_DS.uexp" 1138
"../../../Engine/Plugins/Interchange/Assets/Content/gltf/MaterialInstances/MI_Unlit_Opaque.uasset" 1139
"../../../Engine/Plugins/Interchange/Assets/Content/gltf/MaterialInstances/MI_Unlit_Opaque.uexp" 1140
"../../../Engine/Plugins/Interchange/Assets/Content/gltf/MaterialInstances/MI_Unlit_Opaque_DS.uasset" 1141
"../../../Engine/Plugins/Interchange/Assets/Content/gltf/MaterialInstances/MI_Unlit_Opaque_DS.uexp" 1142
"../../../Engine/Content/BasicShapes/Cone.ubulk" 1143
"../../../Engine/Content/BasicShapes/Cone.uasset" 1144
"../../../Engine/Content/BasicShapes/Cone.uexp" 1145
"../../../Engine/Content/BasicShapes/Plane.ubulk" 1146
"../../../Engine/Content/BasicShapes/Plane.uasset" 1147
"../../../Engine/Content/BasicShapes/Plane.uexp" 1148
"../../../Engine/Content/EditorLandscapeResources/ColorMaskBrushMaterial.uasset" 1149
"../../../Engine/Content/EditorLandscapeResources/ColorMaskBrushMaterial.uexp" 1150
"../../../Engine/Content/EditorLandscapeResources/ColorMaskBrushMaterial_MaskedRegion.uasset" 1151
"../../../Engine/Content/EditorLandscapeResources/ColorMaskBrushMaterial_MaskedRegion.uexp" 1152
"../../../Engine/Content/Functions/Engine_MaterialFunctions03/Math/WithinRangeFloat2.uasset" 1153
"../../../Engine/Content/Functions/Engine_MaterialFunctions03/Math/WithinRangeFloat2.uexp" 1154
"../../../Engine/Content/EditorLandscapeResources/MaskBrushMaterial.uasset" 1155
"../../../Engine/Content/EditorLandscapeResources/MaskBrushMaterial.uexp" 1156
"../../../Engine/Content/EditorLandscapeResources/MaskBrushMaterial_MaskedRegion.uasset" 1157
"../../../Engine/Content/EditorLandscapeResources/MaskBrushMaterial_MaskedRegion.uexp" 1158
"../../../Engine/Content/EditorLandscapeResources/SelectBrushMaterial.uasset" 1159
"../../../Engine/Content/EditorLandscapeResources/SelectBrushMaterial.uexp" 1160
"../../../Engine/Content/EditorLandscapeResources/SelectBrushMaterial_Selected.uasset" 1161
"../../../Engine/Content/EditorLandscapeResources/SelectBrushMaterial_Selected.uexp" 1162
"../../../Engine/Content/EditorLandscapeResources/SelectBrushMaterial_SelectedRegion.uasset" 1163
"../../../Engine/Content/EditorLandscapeResources/SelectBrushMaterial_SelectedRegion.uexp" 1164
"../../../Engine/Plugins/2D/Paper2D/Content/DefaultSpriteMaterial.uasset" 1165
"../../../Engine/Plugins/2D/Paper2D/Content/DefaultSpriteMaterial.uexp" 1166
"../../../Engine/Plugins/2D/Paper2D/Content/MaskedUnlitSpriteMaterial.uasset" 1167
"../../../Engine/Plugins/2D/Paper2D/Content/MaskedUnlitSpriteMaterial.uexp" 1168
"../../../Engine/Plugins/2D/Paper2D/Content/OpaqueUnlitSpriteMaterial.uasset" 1169
"../../../Engine/Plugins/2D/Paper2D/Content/OpaqueUnlitSpriteMaterial.uexp" 1170
"../../../Engine/Plugins/Media/MediaPlate/Content/SM_MediaPlateScreen.ubulk" 1171
"../../../Engine/Plugins/Media/MediaPlate/Content/SM_MediaPlateScreen.uasset" 1172
"../../../Engine/Plugins/Media/MediaPlate/Content/SM_MediaPlateScreen.uexp" 1173
"../../../Engine/Plugins/NNE/NNEDenoiser/Content/NNE_oidn2-3-0_rt_hdr_alb_nrm_small__dyn__fp16_opset11_DenoiseAlpha.uasset" 1174
"../../../Engine/Plugins/NNE/NNEDenoiser/Content/NNE_oidn2-3-0_rt_hdr_alb_nrm_small__dyn__fp16_opset11_DenoiseAlpha.uexp" 1175
"../../../Engine/Plugins/NNE/NNEDenoiser/Content/NNE_oidn2-3-0_rt_hdr_alb_nrm_small__dyn__fp16_opset11_ForwardAlpha.uasset" 1176
"../../../Engine/Plugins/NNE/NNEDenoiser/Content/NNE_oidn2-3-0_rt_hdr_alb_nrm_small__dyn__fp16_opset11_ForwardAlpha.uexp" 1177
"../../../Engine/Plugins/NNE/NNEDenoiser/Content/NNE_oidn2-3-0_rt_hdr_alb_nrm__dyn__fp16_opset11_DenoiseAlpha.uasset" 1178
"../../../Engine/Plugins/NNE/NNEDenoiser/Content/NNE_oidn2-3-0_rt_hdr_alb_nrm__dyn__fp16_opset11_DenoiseAlpha.uexp" 1179
"../../../Engine/Plugins/NNE/NNEDenoiser/Content/NNE_oidn2-3-0_rt_hdr_alb_nrm__dyn__fp16_opset11_ForwardAlpha.uasset" 1180
"../../../Engine/Plugins/NNE/NNEDenoiser/Content/NNE_oidn2-3-0_rt_hdr_alb_nrm__dyn__fp16_opset11_ForwardAlpha.uexp" 1181
"../../../Engine/Plugins/NNE/NNEDenoiser/Content/NNE_oidn2-3-0_rt_hdr_calb_cnrm_large__dyn__fp16_opset11_DenoiseAlpha.uasset" 1182
"../../../Engine/Plugins/NNE/NNEDenoiser/Content/NNE_oidn2-3-0_rt_hdr_calb_cnrm_large__dyn__fp16_opset11_DenoiseAlpha.uexp" 1183
"../../../Engine/Plugins/NNE/NNEDenoiser/Content/NNE_oidn2-3-0_rt_hdr_calb_cnrm_large__dyn__fp16_opset11_ForwardAlpha.uasset" 1184
"../../../Engine/Plugins/NNE/NNEDenoiser/Content/NNE_oidn2-3-0_rt_hdr_calb_cnrm_large__dyn__fp16_opset11_ForwardAlpha.uexp" 1185
"../../../Engine/Plugins/NNE/NNEDenoiser/Content/NNED_Oidn2-3_HighQuality_Alpha.uasset" 1186
"../../../Engine/Plugins/NNE/NNEDenoiser/Content/NNED_Oidn2-3_HighQuality_Alpha.uexp" 1187
"../../../Engine/Plugins/NNE/NNEDenoiser/Content/NNED_Oidn2-3_HighQuality.uasset" 1188
"../../../Engine/Plugins/NNE/NNEDenoiser/Content/NNED_Oidn2-3_HighQuality.uexp" 1189
"../../../Engine/Plugins/NNE/NNEDenoiser/Content/NNED_Oidn2-3_Fast_Alpha.uasset" 1190
"../../../Engine/Plugins/NNE/NNEDenoiser/Content/NNED_Oidn2-3_Fast_Alpha.uexp" 1191
"../../../Engine/Plugins/NNE/NNEDenoiser/Content/NNED_Oidn2-3_Fast.uasset" 1192
"../../../Engine/Plugins/NNE/NNEDenoiser/Content/NNED_Oidn2-3_Fast.uexp" 1193
"../../../Engine/Plugins/NNE/NNEDenoiser/Content/NNED_Oidn2-3_Balanced_Alpha.uasset" 1194
"../../../Engine/Plugins/NNE/NNEDenoiser/Content/NNED_Oidn2-3_Balanced_Alpha.uexp" 1195
"../../../Engine/Plugins/NNE/NNEDenoiser/Content/NNED_Oidn2-3_Balanced.uasset" 1196
"../../../Engine/Plugins/NNE/NNEDenoiser/Content/NNED_Oidn2-3_Balanced.uexp" 1197
"../../../Engine/Plugins/NNE/NNEDenoiser/Content/NNEDT_Oidn2-3_Balanced_Alpha.uasset" 1198
"../../../Engine/Plugins/NNE/NNEDenoiser/Content/NNEDT_Oidn2-3_Balanced_Alpha.uexp" 1199
"../../../Engine/Plugins/NNE/NNEDenoiser/Content/NNEDT_Oidn2-3_Balanced.uasset" 1200
"../../../Engine/Plugins/NNE/NNEDenoiser/Content/NNEDT_Oidn2-3_Balanced.uexp" 1201
"../../../Engine/Plugins/Animation/DeformerGraph/Content/DeformerFunctions/DG_Function_LinearBlendSkin_Morph_Cloth_PositionOnly.uasset" 1202
"../../../Engine/Plugins/Animation/DeformerGraph/Content/DeformerFunctions/DG_Function_LinearBlendSkin_Morph_Cloth_PositionOnly.uexp" 1203
"../../../Engine/Plugins/Animation/DeformerGraph/Content/DeformerFunctions/DG_Function_ComputeNormalsTangents.uasset" 1204
"../../../Engine/Plugins/Animation/DeformerGraph/Content/DeformerFunctions/DG_Function_ComputeNormalsTangents.uexp" 1205
"../../../Engine/Plugins/Animation/DeformerGraph/Content/Deformers/DG_LinearBlendSkin_Morph_Cloth_RecomputeNormals.uasset" 1206
"../../../Engine/Plugins/Animation/DeformerGraph/Content/Deformers/DG_LinearBlendSkin_Morph_Cloth_RecomputeNormals.uexp" 1207
"../../../Engine/Plugins/Animation/DeformerGraph/Content/DeformerFunctions/DG_Function_LinearBlendSkin_Morph_Cloth.uasset" 1208
"../../../Engine/Plugins/Animation/DeformerGraph/Content/DeformerFunctions/DG_Function_LinearBlendSkin_Morph_Cloth.uexp" 1209
"../../../Engine/Plugins/Animation/DeformerGraph/Content/Deformers/DG_LinearBlendSkin_Morph_Cloth.uasset" 1210
"../../../Engine/Plugins/Animation/DeformerGraph/Content/Deformers/DG_LinearBlendSkin_Morph_Cloth.uexp" 1211
"D:/mydata/Repositories/MechaManZero/mmz/Content/MAP/Whitebox/SM_hall.ubulk" 1212
"D:/mydata/Repositories/MechaManZero/mmz/Content/MAP/Whitebox/SM_hall.uasset" 1213
"D:/mydata/Repositories/MechaManZero/mmz/Content/MAP/Whitebox/SM_hall.uexp" 1214
"D:/mydata/Repositories/MechaManZero/mmz/Content/MAP/Whitebox/Serum_Lab_obj_pCylinder10polySurface49.ubulk" 1215
"D:/mydata/Repositories/MechaManZero/mmz/Content/MAP/Whitebox/Serum_Lab_obj_pCylinder10polySurface49.uasset" 1216
"D:/mydata/Repositories/MechaManZero/mmz/Content/MAP/Whitebox/Serum_Lab_obj_pCylinder10polySurface49.uexp" 1217
"../../../Engine/Content/BasicShapes/Sphere.ubulk" 1218
"../../../Engine/Content/BasicShapes/Sphere.uasset" 1219
"../../../Engine/Content/BasicShapes/Sphere.uexp" 1220
"D:/mydata/Repositories/MechaManZero/mmz/Content/shit/mat0.uasset" 1221
"D:/mydata/Repositories/MechaManZero/mmz/Content/shit/mat0.uexp" 1222
"D:/mydata/Repositories/MechaManZero/mmz/Content/shit/imagetostl_mesh0.ubulk" 1223
"D:/mydata/Repositories/MechaManZero/mmz/Content/shit/imagetostl_mesh0.uasset" 1224
"D:/mydata/Repositories/MechaManZero/mmz/Content/shit/imagetostl_mesh0.uexp" 1225
"D:/mydata/Repositories/MechaManZero/mmz/Content/shit/mat1.uasset" 1226
"D:/mydata/Repositories/MechaManZero/mmz/Content/shit/mat1.uexp" 1227
"D:/mydata/Repositories/MechaManZero/mmz/Content/shit/imagetostl_mesh1.ubulk" 1228
"D:/mydata/Repositories/MechaManZero/mmz/Content/shit/imagetostl_mesh1.uasset" 1229
"D:/mydata/Repositories/MechaManZero/mmz/Content/shit/imagetostl_mesh1.uexp" 1230
"D:/mydata/Repositories/MechaManZero/mmz/Content/shit/Canister_UV.uasset" 1231
"D:/mydata/Repositories/MechaManZero/mmz/Content/shit/Canister_UV.uexp" 1232
"D:/mydata/Repositories/MechaManZero/mmz/Content/shit/Canister_Emissions.uasset" 1233
"D:/mydata/Repositories/MechaManZero/mmz/Content/shit/Canister_Emissions.uexp" 1234
"D:/mydata/Repositories/MechaManZero/mmz/Content/shit/M_Bat.uasset" 1235
"D:/mydata/Repositories/MechaManZero/mmz/Content/shit/M_Bat.uexp" 1236
"D:/mydata/Repositories/MechaManZero/mmz/Content/shit/standardSurface1.uasset" 1237
"D:/mydata/Repositories/MechaManZero/mmz/Content/shit/standardSurface1.uexp" 1238
"D:/mydata/Repositories/MechaManZero/mmz/Content/shit/Canister_Cylinder.ubulk" 1239
"D:/mydata/Repositories/MechaManZero/mmz/Content/shit/Canister_Cylinder.uasset" 1240
"D:/mydata/Repositories/MechaManZero/mmz/Content/shit/Canister_Cylinder.uexp" 1241
"D:/mydata/Repositories/MechaManZero/mmz/Content/BP_Battery.uasset" 1242
"D:/mydata/Repositories/MechaManZero/mmz/Content/BP_Battery.uexp" 1243
"../../../Engine/Content/MapTemplates/SM_Template_Map_Floor.ubulk" 1244
"../../../Engine/Content/MapTemplates/SM_Template_Map_Floor.uasset" 1245
"../../../Engine/Content/MapTemplates/SM_Template_Map_Floor.uexp" 1246
"../../../Engine/Content/EngineSky/T_Sky_Stars.ubulk" 1247
"../../../Engine/Content/EngineSky/T_Sky_Stars.uasset" 1248
"../../../Engine/Content/EngineSky/T_Sky_Stars.uexp" 1249
"../../../Engine/Content/EngineSky/T_Sky_Clouds_M.ubulk" 1250
"../../../Engine/Content/EngineSky/T_Sky_Clouds_M.uasset" 1251
"../../../Engine/Content/EngineSky/T_Sky_Clouds_M.uexp" 1252
"../../../Engine/Content/EngineSky/T_Sky_Blue.ubulk" 1253
"../../../Engine/Content/EngineSky/T_Sky_Blue.uasset" 1254
"../../../Engine/Content/EngineSky/T_Sky_Blue.uexp" 1255
"../../../Engine/Content/EngineSky/M_Sky_Panning_Clouds2.uasset" 1256
"../../../Engine/Content/EngineSky/M_Sky_Panning_Clouds2.uexp" 1257
"../../../Engine/Content/EngineSky/SM_SkySphere.ubulk" 1258
"../../../Engine/Content/EngineSky/SM_SkySphere.uasset" 1259
"../../../Engine/Content/EngineSky/SM_SkySphere.uexp" 1260
"../../../Engine/Content/EngineSky/M_SimpleSkyDome.uasset" 1261
"../../../Engine/Content/EngineSky/M_SimpleSkyDome.uexp" 1262
"../../../Engine/Content/EngineSky/VolumetricClouds/VT_PerlinWorley_Balanced.uasset" 1263
"../../../Engine/Content/EngineSky/VolumetricClouds/VT_PerlinWorley_Balanced.uexp" 1264
"../../../Engine/Content/EngineSky/VolumetricClouds/T_Profile_08.ubulk" 1265
"../../../Engine/Content/EngineSky/VolumetricClouds/T_Profile_08.uasset" 1266
"../../../Engine/Content/EngineSky/VolumetricClouds/T_Profile_08.uexp" 1267
"../../../Engine/Content/EngineSky/VolumetricClouds/T_CloudPattern.ubulk" 1268
"../../../Engine/Content/EngineSky/VolumetricClouds/T_CloudPattern.uasset" 1269
"../../../Engine/Content/EngineSky/VolumetricClouds/T_CloudPattern.uexp" 1270
"../../../Engine/Content/EngineSky/VolumetricClouds/T_CloudMask.ubulk" 1271
"../../../Engine/Content/EngineSky/VolumetricClouds/T_CloudMask.uasset" 1272
"../../../Engine/Content/EngineSky/VolumetricClouds/T_CloudMask.uexp" 1273
"../../../Engine/Content/Functions/Engine_MaterialFunctions02/Utility/BreakOutFloat4Components.uasset" 1274
"../../../Engine/Content/Functions/Engine_MaterialFunctions02/Utility/BreakOutFloat4Components.uexp" 1275
"../../../Engine/Content/Functions/Engine_MaterialFunctions02/Utility/MakeFloat4.uasset" 1276
"../../../Engine/Content/Functions/Engine_MaterialFunctions02/Utility/MakeFloat4.uexp" 1277
"../../../Engine/Content/EngineResources/DefaultVolumeTexture2D.uasset" 1278
"../../../Engine/Content/EngineResources/DefaultVolumeTexture2D.uexp" 1279
"../../../Engine/Content/EngineResources/DefaultVolumeTexture.uasset" 1280
"../../../Engine/Content/EngineResources/DefaultVolumeTexture.uexp" 1281
"../../../Engine/Content/EngineSky/VolumetricClouds/VT_Lightning.uasset" 1282
"../../../Engine/Content/EngineSky/VolumetricClouds/VT_Lightning.uexp" 1283
"../../../Engine/Content/Functions/Engine_MaterialFunctions01/Units/Km-to-Cm.uasset" 1284
"../../../Engine/Content/Functions/Engine_MaterialFunctions01/Units/Km-to-Cm.uexp" 1285
"../../../Engine/Content/EngineSky/VolumetricClouds/m_SimpleVolumetricCloud.uasset" 1286
"../../../Engine/Content/EngineSky/VolumetricClouds/m_SimpleVolumetricCloud.uexp" 1287
"../../../Engine/Content/EngineSky/VolumetricClouds/m_SimpleVolumetricCloud_Inst.uasset" 1288
"../../../Engine/Content/EngineSky/VolumetricClouds/m_SimpleVolumetricCloud_Inst.uexp" 1289
"D:/mydata/Repositories/MechaManZero/mmz/Content/MAP/Whitebox/spawn_room.ubulk" 1290
"D:/mydata/Repositories/MechaManZero/mmz/Content/MAP/Whitebox/spawn_room.uasset" 1291
"D:/mydata/Repositories/MechaManZero/mmz/Content/MAP/Whitebox/spawn_room.uexp" 1292
"../../../Engine/Content/Functions/Engine_MaterialFunctions01/Gradient/LinearGradient.uasset" 1293
"../../../Engine/Content/Functions/Engine_MaterialFunctions01/Gradient/LinearGradient.uexp" 1294
"D:/mydata/Repositories/MechaManZero/mmz/Content/LevelPrototyping/Textures/T_GridChecker_A.ubulk" 1295
"D:/mydata/Repositories/MechaManZero/mmz/Content/LevelPrototyping/Textures/T_GridChecker_A.uasset" 1296
"D:/mydata/Repositories/MechaManZero/mmz/Content/LevelPrototyping/Textures/T_GridChecker_A.uexp" 1297
"../../../Engine/Content/Functions/Engine_MaterialFunctions01/ImageAdjustment/CheapContrast.uasset" 1298
"../../../Engine/Content/Functions/Engine_MaterialFunctions01/ImageAdjustment/CheapContrast.uexp" 1299
"D:/mydata/Repositories/MechaManZero/mmz/Content/LevelPrototyping/Materials/MF_ProcGrid.uasset" 1300
"D:/mydata/Repositories/MechaManZero/mmz/Content/LevelPrototyping/Materials/MF_ProcGrid.uexp" 1301
"D:/mydata/Repositories/MechaManZero/mmz/Content/LevelPrototyping/Materials/WhiteBox_Dark01.uasset" 1302
"D:/mydata/Repositories/MechaManZero/mmz/Content/LevelPrototyping/Materials/WhiteBox_Dark01.uexp" 1303
"D:/mydata/Repositories/MechaManZero/mmz/Content/LevelPrototyping/Materials/M_PrototypeGrid.uasset" 1304
"D:/mydata/Repositories/MechaManZero/mmz/Content/LevelPrototyping/Materials/M_PrototypeGrid.uexp" 1305
"D:/mydata/Repositories/MechaManZero/mmz/Content/LevelPrototyping/Materials/MI_PrototypeGrid_Gray.uasset" 1306
"D:/mydata/Repositories/MechaManZero/mmz/Content/LevelPrototyping/Materials/MI_PrototypeGrid_Gray.uexp" 1307
"D:/mydata/Repositories/MechaManZero/mmz/Content/MAP/Texture/Cell/Lab_Cell_02.uasset" 1308
"D:/mydata/Repositories/MechaManZero/mmz/Content/MAP/Texture/Cell/Lab_Cell_02.uexp" 1309
"D:/mydata/Repositories/MechaManZero/mmz/Content/MAP/Texture/Cell/Lab_Cell_04.uasset" 1310
"D:/mydata/Repositories/MechaManZero/mmz/Content/MAP/Texture/Cell/Lab_Cell_04.uexp" 1311
"D:/mydata/Repositories/MechaManZero/mmz/Content/MAP/Texture/Trans_Window_01.uasset" 1312
"D:/mydata/Repositories/MechaManZero/mmz/Content/MAP/Texture/Trans_Window_01.uexp" 1313
"D:/mydata/Repositories/MechaManZero/mmz/Content/MAP/Texture/Tube/Lab_Tube_01.uasset" 1314
"D:/mydata/Repositories/MechaManZero/mmz/Content/MAP/Texture/Tube/Lab_Tube_01.uexp" 1315
"D:/mydata/Repositories/MechaManZero/mmz/Content/MAP/Whitebox/SM_Biohazard.ubulk" 1316
"D:/mydata/Repositories/MechaManZero/mmz/Content/MAP/Whitebox/SM_Biohazard.uasset" 1317
"D:/mydata/Repositories/MechaManZero/mmz/Content/MAP/Whitebox/SM_Biohazard.uexp" 1318
"D:/mydata/Repositories/MechaManZero/mmz/Content/MAP/Whitebox/MainLobby.ubulk" 1319
"D:/mydata/Repositories/MechaManZero/mmz/Content/MAP/Whitebox/MainLobby.uasset" 1320
"D:/mydata/Repositories/MechaManZero/mmz/Content/MAP/Whitebox/MainLobby.uexp" 1321
"D:/mydata/Repositories/MechaManZero/mmz/Content/MAP/Whitebox/LabRoomW3Tanks.ubulk" 1322
"D:/mydata/Repositories/MechaManZero/mmz/Content/MAP/Whitebox/LabRoomW3Tanks.uasset" 1323
"D:/mydata/Repositories/MechaManZero/mmz/Content/MAP/Whitebox/LabRoomW3Tanks.uexp" 1324
"D:/mydata/Repositories/MechaManZero/mmz/Content/MAP/Whitebox/FIX_Pathogen_cultivation_lab.ubulk" 1325
"D:/mydata/Repositories/MechaManZero/mmz/Content/MAP/Whitebox/FIX_Pathogen_cultivation_lab.uasset" 1326
"D:/mydata/Repositories/MechaManZero/mmz/Content/MAP/Whitebox/FIX_Pathogen_cultivation_lab.uexp" 1327
"D:/mydata/Repositories/MechaManZero/mmz/Content/MAP/Whitebox/cube666.ubulk" 1328
"D:/mydata/Repositories/MechaManZero/mmz/Content/MAP/Whitebox/cube666.uasset" 1329
"D:/mydata/Repositories/MechaManZero/mmz/Content/MAP/Whitebox/cube666.uexp" 1330
"../../../Engine/Plugins/Experimental/MeshModelingToolsetExp/Content/Materials/GetDisplacementVectorForDepthBias.uasset" 1331
"../../../Engine/Plugins/Experimental/MeshModelingToolsetExp/Content/Materials/GetDisplacementVectorForDepthBias.uexp" 1332
"../../../Engine/Plugins/Editor/UVEditor/Content/Materials/UVEditor_UnwrapMaterial.uasset" 1333
"../../../Engine/Plugins/Editor/UVEditor/Content/Materials/UVEditor_UnwrapMaterial.uexp" 1334
"../../../Engine/Content/MapTemplates/TilingNoise05.ubulk" 1335
"../../../Engine/Content/MapTemplates/TilingNoise05.uasset" 1336
"../../../Engine/Content/MapTemplates/TilingNoise05.uexp" 1337
"../../../Engine/Content/Functions/Engine_MaterialFunctions02/Lerp_3Color.uasset" 1338
"../../../Engine/Content/Functions/Engine_MaterialFunctions02/Lerp_3Color.uexp" 1339
"D:/mydata/Repositories/MechaManZero/mmz/Content/Burning/MF_Burning.uasset" 1340
"D:/mydata/Repositories/MechaManZero/mmz/Content/Burning/MF_Burning.uexp" 1341
"../../../Engine/Content/Functions/Engine_MaterialFunctions01/ImageAdjustment/3ColorBlend.uasset" 1342
"../../../Engine/Content/Functions/Engine_MaterialFunctions01/ImageAdjustment/3ColorBlend.uexp" 1343
"D:/mydata/Repositories/MechaManZero/mmz/Content/Characters/Skeleton/Texture/T_NOISE_06.ubulk" 1344
"D:/mydata/Repositories/MechaManZero/mmz/Content/Characters/Skeleton/Texture/T_NOISE_06.uasset" 1345
"D:/mydata/Repositories/MechaManZero/mmz/Content/Characters/Skeleton/Texture/T_NOISE_06.uexp" 1346
"D:/mydata/Repositories/MechaManZero/mmz/Content/Characters/Skeleton/Texture/Etuix0AXEAUulGw.ubulk" 1347
"D:/mydata/Repositories/MechaManZero/mmz/Content/Characters/Skeleton/Texture/Etuix0AXEAUulGw.uasset" 1348
"D:/mydata/Repositories/MechaManZero/mmz/Content/Characters/Skeleton/Texture/Etuix0AXEAUulGw.uexp" 1349
"D:/mydata/Repositories/MechaManZero/mmz/Content/Characters/Skeleton/MF_Green_Emission.uasset" 1350
"D:/mydata/Repositories/MechaManZero/mmz/Content/Characters/Skeleton/MF_Green_Emission.uexp" 1351
"D:/mydata/Repositories/MechaManZero/mmz/Content/Characters/Skeleton/Sword/Texture/087-Sword_lambert2_Normal.ubulk" 1352
"D:/mydata/Repositories/MechaManZero/mmz/Content/Characters/Skeleton/Sword/Texture/087-Sword_lambert2_Normal.uasset" 1353
"D:/mydata/Repositories/MechaManZero/mmz/Content/Characters/Skeleton/Sword/Texture/087-Sword_lambert2_Normal.uexp" 1354
"D:/mydata/Repositories/MechaManZero/mmz/Content/Characters/Skeleton/Sword/Texture/086-Sword_lambert2_BaseColor.ubulk" 1355
"D:/mydata/Repositories/MechaManZero/mmz/Content/Characters/Skeleton/Sword/Texture/086-Sword_lambert2_BaseColor.uasset" 1356
"D:/mydata/Repositories/MechaManZero/mmz/Content/Characters/Skeleton/Sword/Texture/086-Sword_lambert2_BaseColor.uexp" 1357
"D:/mydata/Repositories/MechaManZero/mmz/Content/Characters/Skeleton/Sword/Texture/085-Sword_lambert2_OcclusionRoughnessMetallic.ubulk" 1358
"D:/mydata/Repositories/MechaManZero/mmz/Content/Characters/Skeleton/Sword/Texture/085-Sword_lambert2_OcclusionRoughnessMetallic.uasset" 1359
"D:/mydata/Repositories/MechaManZero/mmz/Content/Characters/Skeleton/Sword/Texture/085-Sword_lambert2_OcclusionRoughnessMetallic.uexp" 1360
"D:/mydata/Repositories/MechaManZero/mmz/Content/Characters/Skeleton/Sword/Mat_Sword.uasset" 1361
"D:/mydata/Repositories/MechaManZero/mmz/Content/Characters/Skeleton/Sword/Mat_Sword.uexp" 1362
"D:/mydata/Repositories/MechaManZero/mmz/Content/Characters/Skeleton/Sword/M_Sword.ubulk" 1363
"D:/mydata/Repositories/MechaManZero/mmz/Content/Characters/Skeleton/Sword/M_Sword.uasset" 1364
"D:/mydata/Repositories/MechaManZero/mmz/Content/Characters/Skeleton/Sword/M_Sword.uexp" 1365
"D:/mydata/Repositories/MechaManZero/mmz/Content/Characters/Skeleton/Sword/BP_weapon.uasset" 1366
"D:/mydata/Repositories/MechaManZero/mmz/Content/Characters/Skeleton/Sword/BP_weapon.uexp" 1367
"../../../Engine/Plugins/FX/Niagara/Content/DefaultAssets/DefaultSpriteMaterial.uasset" 1368
"../../../Engine/Plugins/FX/Niagara/Content/DefaultAssets/DefaultSpriteMaterial.uexp" 1369
"D:/mydata/Repositories/MechaManZero/mmz/Content/Characters/Skeleton/Texture/T_Fire_Tiled_D.ubulk" 1370
"D:/mydata/Repositories/MechaManZero/mmz/Content/Characters/Skeleton/Texture/T_Fire_Tiled_D.uasset" 1371
"D:/mydata/Repositories/MechaManZero/mmz/Content/Characters/Skeleton/Texture/T_Fire_Tiled_D.uexp" 1372
"D:/mydata/Repositories/MechaManZero/mmz/Content/Characters/Skeleton/Texture/T_Fire_SubUV.ubulk" 1373
"D:/mydata/Repositories/MechaManZero/mmz/Content/Characters/Skeleton/Texture/T_Fire_SubUV.uasset" 1374
"D:/mydata/Repositories/MechaManZero/mmz/Content/Characters/Skeleton/Texture/T_Fire_SubUV.uexp" 1375
"D:/mydata/Repositories/MechaManZero/mmz/Content/Characters/Skeleton/Texture/M_Fire_SubUV.uasset" 1376
"D:/mydata/Repositories/MechaManZero/mmz/Content/Characters/Skeleton/Texture/M_Fire_SubUV.uexp" 1377
"D:/mydata/Repositories/MechaManZero/mmz/Content/Characters/Skeleton/NS_Fire.uasset" 1378
"D:/mydata/Repositories/MechaManZero/mmz/Content/Characters/Skeleton/NS_Fire.uexp" 1379
"D:/mydata/Repositories/MechaManZero/mmz/Content/Characters/Skeleton/Texture/Skeleton_standardSurface2_OcclusionRoughnessMetallic.ubulk" 1380
"D:/mydata/Repositories/MechaManZero/mmz/Content/Characters/Skeleton/Texture/Skeleton_standardSurface2_OcclusionRoughnessMetallic.uasset" 1381
"D:/mydata/Repositories/MechaManZero/mmz/Content/Characters/Skeleton/Texture/Skeleton_standardSurface2_OcclusionRoughnessMetallic.uexp" 1382
"D:/mydata/Repositories/MechaManZero/mmz/Content/Characters/Skeleton/Texture/Skeleton_standardSurface2_Normal.ubulk" 1383
"D:/mydata/Repositories/MechaManZero/mmz/Content/Characters/Skeleton/Texture/Skeleton_standardSurface2_Normal.uasset" 1384
"D:/mydata/Repositories/MechaManZero/mmz/Content/Characters/Skeleton/Texture/Skeleton_standardSurface2_Normal.uexp" 1385
"D:/mydata/Repositories/MechaManZero/mmz/Content/Characters/Skeleton/Texture/Skeleton_standardSurface2_BaseColor.ubulk" 1386
"D:/mydata/Repositories/MechaManZero/mmz/Content/Characters/Skeleton/Texture/Skeleton_standardSurface2_BaseColor.uasset" 1387
"D:/mydata/Repositories/MechaManZero/mmz/Content/Characters/Skeleton/Texture/Skeleton_standardSurface2_BaseColor.uexp" 1388
"D:/mydata/Repositories/MechaManZero/mmz/Content/Characters/Skeleton/Mat_Skeleton.uasset" 1389
"D:/mydata/Repositories/MechaManZero/mmz/Content/Characters/Skeleton/Mat_Skeleton.uexp" 1390
"D:/mydata/Repositories/MechaManZero/mmz/Content/Characters/Skeleton/Mesh/Enemy_skeleton_Final_Skeleton.uasset" 1391
"D:/mydata/Repositories/MechaManZero/mmz/Content/Characters/Skeleton/Mesh/Enemy_skeleton_Final_Skeleton.uexp" 1392
"D:/mydata/Repositories/MechaManZero/mmz/Content/Characters/Skeleton/Anim/Standing_Walk_Forward.uasset" 1393
"D:/mydata/Repositories/MechaManZero/mmz/Content/Characters/Skeleton/Anim/Standing_Walk_Forward.uexp" 1394
"D:/mydata/Repositories/MechaManZero/mmz/Content/Characters/Skeleton/Anim/Standing_Run_Forward.uasset" 1395
"D:/mydata/Repositories/MechaManZero/mmz/Content/Characters/Skeleton/Anim/Standing_Run_Forward.uexp" 1396
"D:/mydata/Repositories/MechaManZero/mmz/Content/Characters/Skeleton/Anim/Standing_Idle.uasset" 1397
"D:/mydata/Repositories/MechaManZero/mmz/Content/Characters/Skeleton/Anim/Standing_Idle.uexp" 1398
"D:/mydata/Repositories/MechaManZero/mmz/Content/Characters/Skeleton/ABP_Skeleton.uasset" 1399
"D:/mydata/Repositories/MechaManZero/mmz/Content/Characters/Skeleton/ABP_Skeleton.uexp" 1400
"D:/mydata/Repositories/MechaManZero/mmz/Content/Characters/Skeleton/BTS_SetRandomLocation.uasset" 1401
"D:/mydata/Repositories/MechaManZero/mmz/Content/Characters/Skeleton/BTS_SetRandomLocation.uexp" 1402
"D:/mydata/Repositories/MechaManZero/mmz/Content/Characters/Skeleton/BB_Skeleton.uasset" 1403
"D:/mydata/Repositories/MechaManZero/mmz/Content/Characters/Skeleton/BB_Skeleton.uexp" 1404
"D:/mydata/Repositories/MechaManZero/mmz/Content/Characters/Skeleton/BTT_Attack.uasset" 1405
"D:/mydata/Repositories/MechaManZero/mmz/Content/Characters/Skeleton/BTT_Attack.uexp" 1406
"D:/mydata/Repositories/MechaManZero/mmz/Content/Characters/Skeleton/BTS_SetInRange.uasset" 1407
"D:/mydata/Repositories/MechaManZero/mmz/Content/Characters/Skeleton/BTS_SetInRange.uexp" 1408
"D:/mydata/Repositories/MechaManZero/mmz/Content/Characters/Skeleton/BT_Skeleton.uasset" 1409
"D:/mydata/Repositories/MechaManZero/mmz/Content/Characters/Skeleton/BT_Skeleton.uexp" 1410
"D:/mydata/Repositories/MechaManZero/mmz/Content/Characters/Skeleton/AIC_Skeleton.uasset" 1411
"D:/mydata/Repositories/MechaManZero/mmz/Content/Characters/Skeleton/AIC_Skeleton.uexp" 1412
"D:/mydata/Repositories/MechaManZero/mmz/Content/Characters/Skeleton/Mesh/Enemy_skeleton_Final_PhysicsAsset.uasset" 1413
"D:/mydata/Repositories/MechaManZero/mmz/Content/Characters/Skeleton/Mesh/Enemy_skeleton_Final_PhysicsAsset.uexp" 1414
"D:/mydata/Repositories/MechaManZero/mmz/Content/Characters/Skeleton/Mesh/Enemy_skeleton_Final.uasset" 1415
"D:/mydata/Repositories/MechaManZero/mmz/Content/Characters/Skeleton/Mesh/Enemy_skeleton_Final.uexp" 1416
"D:/mydata/Repositories/MechaManZero/mmz/Content/Characters/Skeleton/Anim/Standing_Death_Right_01_Anim.uasset" 1417
"D:/mydata/Repositories/MechaManZero/mmz/Content/Characters/Skeleton/Anim/Standing_Death_Right_01_Anim.uexp" 1418
"D:/mydata/Repositories/MechaManZero/mmz/Content/Characters/Skeleton/Anim/Standing_Death_Left_01.uasset" 1419
"D:/mydata/Repositories/MechaManZero/mmz/Content/Characters/Skeleton/Anim/Standing_Death_Left_01.uexp" 1420
"D:/mydata/Repositories/MechaManZero/mmz/Content/Characters/Skeleton/Anim/Standing_Melee_Attack_Downward.uasset" 1421
"D:/mydata/Repositories/MechaManZero/mmz/Content/Characters/Skeleton/Anim/Standing_Melee_Attack_Downward.uexp" 1422
"D:/mydata/Repositories/MechaManZero/mmz/Content/Characters/Skeleton/BP_ThirdPersonSkeleton.uasset" 1423
"D:/mydata/Repositories/MechaManZero/mmz/Content/Characters/Skeleton/BP_ThirdPersonSkeleton.uexp" 1424
"D:/mydata/Repositories/MechaManZero/mmz/Content/shit/shit2/openPBR_shader1.uasset" 1425
"D:/mydata/Repositories/MechaManZero/mmz/Content/shit/shit2/openPBR_shader1.uexp" 1426
"D:/mydata/Repositories/MechaManZero/mmz/Content/shit/shit2/polySurface99.ubulk" 1427
"D:/mydata/Repositories/MechaManZero/mmz/Content/shit/shit2/polySurface99.uasset" 1428
"D:/mydata/Repositories/MechaManZero/mmz/Content/shit/shit2/polySurface99.uexp" 1429
"D:/mydata/Repositories/MechaManZero/mmz/Content/shit/shit2/polySurface98.ubulk" 1430
"D:/mydata/Repositories/MechaManZero/mmz/Content/shit/shit2/polySurface98.uasset" 1431
"D:/mydata/Repositories/MechaManZero/mmz/Content/shit/shit2/polySurface98.uexp" 1432
"D:/mydata/Repositories/MechaManZero/mmz/Content/shit/shit2/polySurface97.ubulk" 1433
"D:/mydata/Repositories/MechaManZero/mmz/Content/shit/shit2/polySurface97.uasset" 1434
"D:/mydata/Repositories/MechaManZero/mmz/Content/shit/shit2/polySurface97.uexp" 1435
"D:/mydata/Repositories/MechaManZero/mmz/Content/shit/shit2/polySurface96.ubulk" 1436
"D:/mydata/Repositories/MechaManZero/mmz/Content/shit/shit2/polySurface96.uasset" 1437
"D:/mydata/Repositories/MechaManZero/mmz/Content/shit/shit2/polySurface96.uexp" 1438
"D:/mydata/Repositories/MechaManZero/mmz/Content/shit/shit2/polySurface95.ubulk" 1439
"D:/mydata/Repositories/MechaManZero/mmz/Content/shit/shit2/polySurface95.uasset" 1440
"D:/mydata/Repositories/MechaManZero/mmz/Content/shit/shit2/polySurface95.uexp" 1441
"D:/mydata/Repositories/MechaManZero/mmz/Content/shit/shit2/polySurface94.ubulk" 1442
"D:/mydata/Repositories/MechaManZero/mmz/Content/shit/shit2/polySurface94.uasset" 1443
"D:/mydata/Repositories/MechaManZero/mmz/Content/shit/shit2/polySurface94.uexp" 1444
"D:/mydata/Repositories/MechaManZero/mmz/Content/shit/shit2/polySurface93.ubulk" 1445
"D:/mydata/Repositories/MechaManZero/mmz/Content/shit/shit2/polySurface93.uasset" 1446
"D:/mydata/Repositories/MechaManZero/mmz/Content/shit/shit2/polySurface93.uexp" 1447
"D:/mydata/Repositories/MechaManZero/mmz/Content/shit/shit2/polySurface92.ubulk" 1448
"D:/mydata/Repositories/MechaManZero/mmz/Content/shit/shit2/polySurface92.uasset" 1449
"D:/mydata/Repositories/MechaManZero/mmz/Content/shit/shit2/polySurface92.uexp" 1450
"D:/mydata/Repositories/MechaManZero/mmz/Content/shit/shit2/polySurface91.ubulk" 1451
"D:/mydata/Repositories/MechaManZero/mmz/Content/shit/shit2/polySurface91.uasset" 1452
"D:/mydata/Repositories/MechaManZero/mmz/Content/shit/shit2/polySurface91.uexp" 1453
"D:/mydata/Repositories/MechaManZero/mmz/Content/shit/shit2/polySurface90.ubulk" 1454
"D:/mydata/Repositories/MechaManZero/mmz/Content/shit/shit2/polySurface90.uasset" 1455
"D:/mydata/Repositories/MechaManZero/mmz/Content/shit/shit2/polySurface90.uexp" 1456
"D:/mydata/Repositories/MechaManZero/mmz/Content/shit/shit2/polySurface9.ubulk" 1457
"D:/mydata/Repositories/MechaManZero/mmz/Content/shit/shit2/polySurface9.uasset" 1458
"D:/mydata/Repositories/MechaManZero/mmz/Content/shit/shit2/polySurface9.uexp" 1459
"D:/mydata/Repositories/MechaManZero/mmz/Content/shit/shit2/polySurface89.ubulk" 1460
"D:/mydata/Repositories/MechaManZero/mmz/Content/shit/shit2/polySurface89.uasset" 1461
"D:/mydata/Repositories/MechaManZero/mmz/Content/shit/shit2/polySurface89.uexp" 1462
"D:/mydata/Repositories/MechaManZero/mmz/Content/shit/shit2/polySurface88.ubulk" 1463
"D:/mydata/Repositories/MechaManZero/mmz/Content/shit/shit2/polySurface88.uasset" 1464
"D:/mydata/Repositories/MechaManZero/mmz/Content/shit/shit2/polySurface88.uexp" 1465
"D:/mydata/Repositories/MechaManZero/mmz/Content/shit/shit2/polySurface87.ubulk" 1466
"D:/mydata/Repositories/MechaManZero/mmz/Content/shit/shit2/polySurface87.uasset" 1467
"D:/mydata/Repositories/MechaManZero/mmz/Content/shit/shit2/polySurface87.uexp" 1468
"D:/mydata/Repositories/MechaManZero/mmz/Content/shit/shit2/polySurface86.ubulk" 1469
"D:/mydata/Repositories/MechaManZero/mmz/Content/shit/shit2/polySurface86.uasset" 1470
"D:/mydata/Repositories/MechaManZero/mmz/Content/shit/shit2/polySurface86.uexp" 1471
"D:/mydata/Repositories/MechaManZero/mmz/Content/shit/shit2/polySurface85.ubulk" 1472
"D:/mydata/Repositories/MechaManZero/mmz/Content/shit/shit2/polySurface85.uasset" 1473
"D:/mydata/Repositories/MechaManZero/mmz/Content/shit/shit2/polySurface85.uexp" 1474
"D:/mydata/Repositories/MechaManZero/mmz/Content/shit/shit2/polySurface84.ubulk" 1475
"D:/mydata/Repositories/MechaManZero/mmz/Content/shit/shit2/polySurface84.uasset" 1476
"D:/mydata/Repositories/MechaManZero/mmz/Content/shit/shit2/polySurface84.uexp" 1477
"D:/mydata/Repositories/MechaManZero/mmz/Content/shit/shit2/polySurface83.ubulk" 1478
"D:/mydata/Repositories/MechaManZero/mmz/Content/shit/shit2/polySurface83.uasset" 1479
"D:/mydata/Repositories/MechaManZero/mmz/Content/shit/shit2/polySurface83.uexp" 1480
"D:/mydata/Repositories/MechaManZero/mmz/Content/shit/shit2/polySurface82.ubulk" 1481
"D:/mydata/Repositories/MechaManZero/mmz/Content/shit/shit2/polySurface82.uasset" 1482
"D:/mydata/Repositories/MechaManZero/mmz/Content/shit/shit2/polySurface82.uexp" 1483
"D:/mydata/Repositories/MechaManZero/mmz/Content/shit/shit2/polySurface81.ubulk" 1484
"D:/mydata/Repositories/MechaManZero/mmz/Content/shit/shit2/polySurface81.uasset" 1485
"D:/mydata/Repositories/MechaManZero/mmz/Content/shit/shit2/polySurface81.uexp" 1486
"D:/mydata/Repositories/MechaManZero/mmz/Content/shit/shit2/polySurface80.ubulk" 1487
"D:/mydata/Repositories/MechaManZero/mmz/Content/shit/shit2/polySurface80.uasset" 1488
"D:/mydata/Repositories/MechaManZero/mmz/Content/shit/shit2/polySurface80.uexp" 1489
"D:/mydata/Repositories/MechaManZero/mmz/Content/shit/shit2/polySurface8.ubulk" 1490
"D:/mydata/Repositories/MechaManZero/mmz/Content/shit/shit2/polySurface8.uasset" 1491
"D:/mydata/Repositories/MechaManZero/mmz/Content/shit/shit2/polySurface8.uexp" 1492
"D:/mydata/Repositories/MechaManZero/mmz/Content/shit/shit2/polySurface79.ubulk" 1493
"D:/mydata/Repositories/MechaManZero/mmz/Content/shit/shit2/polySurface79.uasset" 1494
"D:/mydata/Repositories/MechaManZero/mmz/Content/shit/shit2/polySurface79.uexp" 1495
"D:/mydata/Repositories/MechaManZero/mmz/Content/shit/shit2/polySurface78.ubulk" 1496
"D:/mydata/Repositories/MechaManZero/mmz/Content/shit/shit2/polySurface78.uasset" 1497
"D:/mydata/Repositories/MechaManZero/mmz/Content/shit/shit2/polySurface78.uexp" 1498
"D:/mydata/Repositories/MechaManZero/mmz/Content/shit/shit2/polySurface77.ubulk" 1499
"D:/mydata/Repositories/MechaManZero/mmz/Content/shit/shit2/polySurface77.uasset" 1500
"D:/mydata/Repositories/MechaManZero/mmz/Content/shit/shit2/polySurface77.uexp" 1501
"D:/mydata/Repositories/MechaManZero/mmz/Content/shit/shit2/polySurface76.ubulk" 1502
"D:/mydata/Repositories/MechaManZero/mmz/Content/shit/shit2/polySurface76.uasset" 1503
"D:/mydata/Repositories/MechaManZero/mmz/Content/shit/shit2/polySurface76.uexp" 1504
"D:/mydata/Repositories/MechaManZero/mmz/Content/shit/shit2/polySurface75.ubulk" 1505
"D:/mydata/Repositories/MechaManZero/mmz/Content/shit/shit2/polySurface75.uasset" 1506
"D:/mydata/Repositories/MechaManZero/mmz/Content/shit/shit2/polySurface75.uexp" 1507
"D:/mydata/Repositories/MechaManZero/mmz/Content/shit/shit2/polySurface74.ubulk" 1508
"D:/mydata/Repositories/MechaManZero/mmz/Content/shit/shit2/polySurface74.uasset" 1509
"D:/mydata/Repositories/MechaManZero/mmz/Content/shit/shit2/polySurface74.uexp" 1510
"D:/mydata/Repositories/MechaManZero/mmz/Content/shit/shit2/polySurface73.ubulk" 1511
"D:/mydata/Repositories/MechaManZero/mmz/Content/shit/shit2/polySurface73.uasset" 1512
"D:/mydata/Repositories/MechaManZero/mmz/Content/shit/shit2/polySurface73.uexp" 1513
"D:/mydata/Repositories/MechaManZero/mmz/Content/shit/shit2/polySurface72.ubulk" 1514
"D:/mydata/Repositories/MechaManZero/mmz/Content/shit/shit2/polySurface72.uasset" 1515
"D:/mydata/Repositories/MechaManZero/mmz/Content/shit/shit2/polySurface72.uexp" 1516
"D:/mydata/Repositories/MechaManZero/mmz/Content/shit/shit2/polySurface71.ubulk" 1517
"D:/mydata/Repositories/MechaManZero/mmz/Content/shit/shit2/polySurface71.uasset" 1518
"D:/mydata/Repositories/MechaManZero/mmz/Content/shit/shit2/polySurface71.uexp" 1519
"D:/mydata/Repositories/MechaManZero/mmz/Content/shit/shit2/polySurface70.ubulk" 1520
"D:/mydata/Repositories/MechaManZero/mmz/Content/shit/shit2/polySurface70.uasset" 1521
"D:/mydata/Repositories/MechaManZero/mmz/Content/shit/shit2/polySurface70.uexp" 1522
"D:/mydata/Repositories/MechaManZero/mmz/Content/shit/shit2/polySurface7.ubulk" 1523
"D:/mydata/Repositories/MechaManZero/mmz/Content/shit/shit2/polySurface7.uasset" 1524
"D:/mydata/Repositories/MechaManZero/mmz/Content/shit/shit2/polySurface7.uexp" 1525
"D:/mydata/Repositories/MechaManZero/mmz/Content/shit/shit2/polySurface69.ubulk" 1526
"D:/mydata/Repositories/MechaManZero/mmz/Content/shit/shit2/polySurface69.uasset" 1527
"D:/mydata/Repositories/MechaManZero/mmz/Content/shit/shit2/polySurface69.uexp" 1528
"D:/mydata/Repositories/MechaManZero/mmz/Content/shit/shit2/polySurface68.ubulk" 1529
"D:/mydata/Repositories/MechaManZero/mmz/Content/shit/shit2/polySurface68.uasset" 1530
"D:/mydata/Repositories/MechaManZero/mmz/Content/shit/shit2/polySurface68.uexp" 1531
"D:/mydata/Repositories/MechaManZero/mmz/Content/shit/shit2/polySurface67.ubulk" 1532
"D:/mydata/Repositories/MechaManZero/mmz/Content/shit/shit2/polySurface67.uasset" 1533
"D:/mydata/Repositories/MechaManZero/mmz/Content/shit/shit2/polySurface67.uexp" 1534
"D:/mydata/Repositories/MechaManZero/mmz/Content/shit/shit2/polySurface66.ubulk" 1535
"D:/mydata/Repositories/MechaManZero/mmz/Content/shit/shit2/polySurface66.uasset" 1536
"D:/mydata/Repositories/MechaManZero/mmz/Content/shit/shit2/polySurface66.uexp" 1537
"D:/mydata/Repositories/MechaManZero/mmz/Content/shit/shit2/polySurface65.ubulk" 1538
"D:/mydata/Repositories/MechaManZero/mmz/Content/shit/shit2/polySurface65.uasset" 1539
"D:/mydata/Repositories/MechaManZero/mmz/Content/shit/shit2/polySurface65.uexp" 1540
"D:/mydata/Repositories/MechaManZero/mmz/Content/shit/shit2/polySurface64.ubulk" 1541
"D:/mydata/Repositories/MechaManZero/mmz/Content/shit/shit2/polySurface64.uasset" 1542
"D:/mydata/Repositories/MechaManZero/mmz/Content/shit/shit2/polySurface64.uexp" 1543
"D:/mydata/Repositories/MechaManZero/mmz/Content/shit/shit2/polySurface63.ubulk" 1544
"D:/mydata/Repositories/MechaManZero/mmz/Content/shit/shit2/polySurface63.uasset" 1545
"D:/mydata/Repositories/MechaManZero/mmz/Content/shit/shit2/polySurface63.uexp" 1546
"D:/mydata/Repositories/MechaManZero/mmz/Content/shit/shit2/polySurface62.ubulk" 1547
"D:/mydata/Repositories/MechaManZero/mmz/Content/shit/shit2/polySurface62.uasset" 1548
"D:/mydata/Repositories/MechaManZero/mmz/Content/shit/shit2/polySurface62.uexp" 1549
"D:/mydata/Repositories/MechaManZero/mmz/Content/shit/shit2/polySurface61.ubulk" 1550
"D:/mydata/Repositories/MechaManZero/mmz/Content/shit/shit2/polySurface61.uasset" 1551
"D:/mydata/Repositories/MechaManZero/mmz/Content/shit/shit2/polySurface61.uexp" 1552
"D:/mydata/Repositories/MechaManZero/mmz/Content/shit/shit2/polySurface60.ubulk" 1553
"D:/mydata/Repositories/MechaManZero/mmz/Content/shit/shit2/polySurface60.uasset" 1554
"D:/mydata/Repositories/MechaManZero/mmz/Content/shit/shit2/polySurface60.uexp" 1555
"D:/mydata/Repositories/MechaManZero/mmz/Content/shit/shit2/polySurface6.ubulk" 1556
"D:/mydata/Repositories/MechaManZero/mmz/Content/shit/shit2/polySurface6.uasset" 1557
"D:/mydata/Repositories/MechaManZero/mmz/Content/shit/shit2/polySurface6.uexp" 1558
"D:/mydata/Repositories/MechaManZero/mmz/Content/shit/shit2/polySurface59.ubulk" 1559
"D:/mydata/Repositories/MechaManZero/mmz/Content/shit/shit2/polySurface59.uasset" 1560
"D:/mydata/Repositories/MechaManZero/mmz/Content/shit/shit2/polySurface59.uexp" 1561
"D:/mydata/Repositories/MechaManZero/mmz/Content/shit/shit2/polySurface58.ubulk" 1562
"D:/mydata/Repositories/MechaManZero/mmz/Content/shit/shit2/polySurface58.uasset" 1563
"D:/mydata/Repositories/MechaManZero/mmz/Content/shit/shit2/polySurface58.uexp" 1564
"D:/mydata/Repositories/MechaManZero/mmz/Content/shit/shit2/polySurface57.ubulk" 1565
"D:/mydata/Repositories/MechaManZero/mmz/Content/shit/shit2/polySurface57.uasset" 1566
"D:/mydata/Repositories/MechaManZero/mmz/Content/shit/shit2/polySurface57.uexp" 1567
"D:/mydata/Repositories/MechaManZero/mmz/Content/shit/shit2/polySurface56.ubulk" 1568
"D:/mydata/Repositories/MechaManZero/mmz/Content/shit/shit2/polySurface56.uasset" 1569
"D:/mydata/Repositories/MechaManZero/mmz/Content/shit/shit2/polySurface56.uexp" 1570
"D:/mydata/Repositories/MechaManZero/mmz/Content/shit/shit2/polySurface55.ubulk" 1571
"D:/mydata/Repositories/MechaManZero/mmz/Content/shit/shit2/polySurface55.uasset" 1572
"D:/mydata/Repositories/MechaManZero/mmz/Content/shit/shit2/polySurface55.uexp" 1573
"D:/mydata/Repositories/MechaManZero/mmz/Content/shit/shit2/polySurface54.ubulk" 1574
"D:/mydata/Repositories/MechaManZero/mmz/Content/shit/shit2/polySurface54.uasset" 1575
"D:/mydata/Repositories/MechaManZero/mmz/Content/shit/shit2/polySurface54.uexp" 1576
"D:/mydata/Repositories/MechaManZero/mmz/Content/shit/shit2/polySurface53.ubulk" 1577
"D:/mydata/Repositories/MechaManZero/mmz/Content/shit/shit2/polySurface53.uasset" 1578
"D:/mydata/Repositories/MechaManZero/mmz/Content/shit/shit2/polySurface53.uexp" 1579
"D:/mydata/Repositories/MechaManZero/mmz/Content/shit/shit2/polySurface522.ubulk" 1580
"D:/mydata/Repositories/MechaManZero/mmz/Content/shit/shit2/polySurface522.uasset" 1581
"D:/mydata/Repositories/MechaManZero/mmz/Content/shit/shit2/polySurface522.uexp" 1582
"D:/mydata/Repositories/MechaManZero/mmz/Content/shit/shit2/polySurface52.ubulk" 1583
"D:/mydata/Repositories/MechaManZero/mmz/Content/shit/shit2/polySurface52.uasset" 1584
"D:/mydata/Repositories/MechaManZero/mmz/Content/shit/shit2/polySurface52.uexp" 1585
"D:/mydata/Repositories/MechaManZero/mmz/Content/shit/shit2/polySurface51222.ubulk" 1586
"D:/mydata/Repositories/MechaManZero/mmz/Content/shit/shit2/polySurface51222.uasset" 1587
"D:/mydata/Repositories/MechaManZero/mmz/Content/shit/shit2/polySurface51222.uexp" 1588
"D:/mydata/Repositories/MechaManZero/mmz/Content/shit/shit2/polySurface510.ubulk" 1589
"D:/mydata/Repositories/MechaManZero/mmz/Content/shit/shit2/polySurface510.uasset" 1590
"D:/mydata/Repositories/MechaManZero/mmz/Content/shit/shit2/polySurface510.uexp" 1591
"D:/mydata/Repositories/MechaManZero/mmz/Content/shit/shit2/polySurface51.ubulk" 1592
"D:/mydata/Repositories/MechaManZero/mmz/Content/shit/shit2/polySurface51.uasset" 1593
"D:/mydata/Repositories/MechaManZero/mmz/Content/shit/shit2/polySurface51.uexp" 1594
"D:/mydata/Repositories/MechaManZero/mmz/Content/shit/shit2/polySurface509.ubulk" 1595
"D:/mydata/Repositories/MechaManZero/mmz/Content/shit/shit2/polySurface509.uasset" 1596
"D:/mydata/Repositories/MechaManZero/mmz/Content/shit/shit2/polySurface509.uexp" 1597
"D:/mydata/Repositories/MechaManZero/mmz/Content/shit/shit2/polySurface508.ubulk" 1598
"D:/mydata/Repositories/MechaManZero/mmz/Content/shit/shit2/polySurface508.uasset" 1599
"D:/mydata/Repositories/MechaManZero/mmz/Content/shit/shit2/polySurface508.uexp" 1600
"D:/mydata/Repositories/MechaManZero/mmz/Content/shit/shit2/polySurface507.ubulk" 1601
"D:/mydata/Repositories/MechaManZero/mmz/Content/shit/shit2/polySurface507.uasset" 1602
"D:/mydata/Repositories/MechaManZero/mmz/Content/shit/shit2/polySurface507.uexp" 1603
"D:/mydata/Repositories/MechaManZero/mmz/Content/shit/shit2/polySurface506.ubulk" 1604
"D:/mydata/Repositories/MechaManZero/mmz/Content/shit/shit2/polySurface506.uasset" 1605
"D:/mydata/Repositories/MechaManZero/mmz/Content/shit/shit2/polySurface506.uexp" 1606
"D:/mydata/Repositories/MechaManZero/mmz/Content/shit/shit2/polySurface505.ubulk" 1607
"D:/mydata/Repositories/MechaManZero/mmz/Content/shit/shit2/polySurface505.uasset" 1608
"D:/mydata/Repositories/MechaManZero/mmz/Content/shit/shit2/polySurface505.uexp" 1609
"D:/mydata/Repositories/MechaManZero/mmz/Content/shit/shit2/polySurface504.ubulk" 1610
"D:/mydata/Repositories/MechaManZero/mmz/Content/shit/shit2/polySurface504.uasset" 1611
"D:/mydata/Repositories/MechaManZero/mmz/Content/shit/shit2/polySurface504.uexp" 1612
"D:/mydata/Repositories/MechaManZero/mmz/Content/shit/shit2/polySurface504_1.ubulk" 1613
"D:/mydata/Repositories/MechaManZero/mmz/Content/shit/shit2/polySurface504_1.uasset" 1614
"D:/mydata/Repositories/MechaManZero/mmz/Content/shit/shit2/polySurface504_1.uexp" 1615
"D:/mydata/Repositories/MechaManZero/mmz/Content/shit/shit2/polySurface5.ubulk" 1616
"D:/mydata/Repositories/MechaManZero/mmz/Content/shit/shit2/polySurface5.uasset" 1617
"D:/mydata/Repositories/MechaManZero/mmz/Content/shit/shit2/polySurface5.uexp" 1618
"D:/mydata/Repositories/MechaManZero/mmz/Content/shit/shit2/polySurface495.ubulk" 1619
"D:/mydata/Repositories/MechaManZero/mmz/Content/shit/shit2/polySurface495.uasset" 1620
"D:/mydata/Repositories/MechaManZero/mmz/Content/shit/shit2/polySurface495.uexp" 1621
"D:/mydata/Repositories/MechaManZero/mmz/Content/shit/shit2/polySurface49423.ubulk" 1622
"D:/mydata/Repositories/MechaManZero/mmz/Content/shit/shit2/polySurface49423.uasset" 1623
"D:/mydata/Repositories/MechaManZero/mmz/Content/shit/shit2/polySurface49423.uexp" 1624
"D:/mydata/Repositories/MechaManZero/mmz/Content/shit/shit2/polySurface493.ubulk" 1625
"D:/mydata/Repositories/MechaManZero/mmz/Content/shit/shit2/polySurface493.uasset" 1626
"D:/mydata/Repositories/MechaManZero/mmz/Content/shit/shit2/polySurface493.uexp" 1627
"D:/mydata/Repositories/MechaManZero/mmz/Content/shit/shit2/polySurface492.ubulk" 1628
"D:/mydata/Repositories/MechaManZero/mmz/Content/shit/shit2/polySurface492.uasset" 1629
"D:/mydata/Repositories/MechaManZero/mmz/Content/shit/shit2/polySurface492.uexp" 1630
"D:/mydata/Repositories/MechaManZero/mmz/Content/shit/shit2/polySurface48611.ubulk" 1631
"D:/mydata/Repositories/MechaManZero/mmz/Content/shit/shit2/polySurface48611.uasset" 1632
"D:/mydata/Repositories/MechaManZero/mmz/Content/shit/shit2/polySurface48611.uexp" 1633
"D:/mydata/Repositories/MechaManZero/mmz/Content/shit/shit2/polySurface4832.ubulk" 1634
"D:/mydata/Repositories/MechaManZero/mmz/Content/shit/shit2/polySurface4832.uasset" 1635
"D:/mydata/Repositories/MechaManZero/mmz/Content/shit/shit2/polySurface4832.uexp" 1636
"D:/mydata/Repositories/MechaManZero/mmz/Content/shit/shit2/polySurface47625.ubulk" 1637
"D:/mydata/Repositories/MechaManZero/mmz/Content/shit/shit2/polySurface47625.uasset" 1638
"D:/mydata/Repositories/MechaManZero/mmz/Content/shit/shit2/polySurface47625.uexp" 1639
"D:/mydata/Repositories/MechaManZero/mmz/Content/shit/shit2/polySurface47124.ubulk" 1640
"D:/mydata/Repositories/MechaManZero/mmz/Content/shit/shit2/polySurface47124.uasset" 1641
"D:/mydata/Repositories/MechaManZero/mmz/Content/shit/shit2/polySurface47124.uexp" 1642
"D:/mydata/Repositories/MechaManZero/mmz/Content/shit/shit2/polySurface46820.ubulk" 1643
"D:/mydata/Repositories/MechaManZero/mmz/Content/shit/shit2/polySurface46820.uasset" 1644
"D:/mydata/Repositories/MechaManZero/mmz/Content/shit/shit2/polySurface46820.uexp" 1645
"D:/mydata/Repositories/MechaManZero/mmz/Content/shit/shit2/polySurface45.ubulk" 1646
"D:/mydata/Repositories/MechaManZero/mmz/Content/shit/shit2/polySurface45.uasset" 1647
"D:/mydata/Repositories/MechaManZero/mmz/Content/shit/shit2/polySurface45.uexp" 1648
"D:/mydata/Repositories/MechaManZero/mmz/Content/shit/shit2/polySurface4495.ubulk" 1649
"D:/mydata/Repositories/MechaManZero/mmz/Content/shit/shit2/polySurface4495.uasset" 1650
"D:/mydata/Repositories/MechaManZero/mmz/Content/shit/shit2/polySurface4495.uexp" 1651
"D:/mydata/Repositories/MechaManZero/mmz/Content/shit/shit2/polySurface44115.ubulk" 1652
"D:/mydata/Repositories/MechaManZero/mmz/Content/shit/shit2/polySurface44115.uasset" 1653
"D:/mydata/Repositories/MechaManZero/mmz/Content/shit/shit2/polySurface44115.uexp" 1654
"D:/mydata/Repositories/MechaManZero/mmz/Content/shit/shit2/polySurface44.ubulk" 1655
"D:/mydata/Repositories/MechaManZero/mmz/Content/shit/shit2/polySurface44.uasset" 1656
"D:/mydata/Repositories/MechaManZero/mmz/Content/shit/shit2/polySurface44.uexp" 1657
"D:/mydata/Repositories/MechaManZero/mmz/Content/shit/shit2/polySurface43321.ubulk" 1658
"D:/mydata/Repositories/MechaManZero/mmz/Content/shit/shit2/polySurface43321.uasset" 1659
"D:/mydata/Repositories/MechaManZero/mmz/Content/shit/shit2/polySurface43321.uexp" 1660
"D:/mydata/Repositories/MechaManZero/mmz/Content/shit/shit2/polySurface43.ubulk" 1661
"D:/mydata/Repositories/MechaManZero/mmz/Content/shit/shit2/polySurface43.uasset" 1662
"D:/mydata/Repositories/MechaManZero/mmz/Content/shit/shit2/polySurface43.uexp" 1663
"D:/mydata/Repositories/MechaManZero/mmz/Content/shit/shit2/polySurface42913.ubulk" 1664
"D:/mydata/Repositories/MechaManZero/mmz/Content/shit/shit2/polySurface42913.uasset" 1665
"D:/mydata/Repositories/MechaManZero/mmz/Content/shit/shit2/polySurface42913.uexp" 1666
"D:/mydata/Repositories/MechaManZero/mmz/Content/shit/shit2/polySurface42419.ubulk" 1667
"D:/mydata/Repositories/MechaManZero/mmz/Content/shit/shit2/polySurface42419.uasset" 1668
"D:/mydata/Repositories/MechaManZero/mmz/Content/shit/shit2/polySurface42419.uexp" 1669
"D:/mydata/Repositories/MechaManZero/mmz/Content/shit/shit2/polySurface42.ubulk" 1670
"D:/mydata/Repositories/MechaManZero/mmz/Content/shit/shit2/polySurface42.uasset" 1671
"D:/mydata/Repositories/MechaManZero/mmz/Content/shit/shit2/polySurface42.uexp" 1672
"D:/mydata/Repositories/MechaManZero/mmz/Content/shit/shit2/polySurface41.ubulk" 1673
"D:/mydata/Repositories/MechaManZero/mmz/Content/shit/shit2/polySurface41.uasset" 1674
"D:/mydata/Repositories/MechaManZero/mmz/Content/shit/shit2/polySurface41.uexp" 1675
"D:/mydata/Repositories/MechaManZero/mmz/Content/shit/shit2/polySurface4023.ubulk" 1676
"D:/mydata/Repositories/MechaManZero/mmz/Content/shit/shit2/polySurface4023.uasset" 1677
"D:/mydata/Repositories/MechaManZero/mmz/Content/shit/shit2/polySurface4023.uexp" 1678
"D:/mydata/Repositories/MechaManZero/mmz/Content/shit/shit2/polySurface40.ubulk" 1679
"D:/mydata/Repositories/MechaManZero/mmz/Content/shit/shit2/polySurface40.uasset" 1680
"D:/mydata/Repositories/MechaManZero/mmz/Content/shit/shit2/polySurface40.uexp" 1681
"D:/mydata/Repositories/MechaManZero/mmz/Content/shit/shit2/polySurface4.ubulk" 1682
"D:/mydata/Repositories/MechaManZero/mmz/Content/shit/shit2/polySurface4.uasset" 1683
"D:/mydata/Repositories/MechaManZero/mmz/Content/shit/shit2/polySurface4.uexp" 1684
"D:/mydata/Repositories/MechaManZero/mmz/Content/shit/shit2/polySurface39.ubulk" 1685
"D:/mydata/Repositories/MechaManZero/mmz/Content/shit/shit2/polySurface39.uasset" 1686
"D:/mydata/Repositories/MechaManZero/mmz/Content/shit/shit2/polySurface39.uexp" 1687
"D:/mydata/Repositories/MechaManZero/mmz/Content/shit/shit2/polySurface38614.ubulk" 1688
"D:/mydata/Repositories/MechaManZero/mmz/Content/shit/shit2/polySurface38614.uasset" 1689
"D:/mydata/Repositories/MechaManZero/mmz/Content/shit/shit2/polySurface38614.uexp" 1690
"D:/mydata/Repositories/MechaManZero/mmz/Content/shit/shit2/polySurface385.ubulk" 1691
"D:/mydata/Repositories/MechaManZero/mmz/Content/shit/shit2/polySurface385.uasset" 1692
"D:/mydata/Repositories/MechaManZero/mmz/Content/shit/shit2/polySurface385.uexp" 1693
"D:/mydata/Repositories/MechaManZero/mmz/Content/shit/shit2/polySurface384.ubulk" 1694
"D:/mydata/Repositories/MechaManZero/mmz/Content/shit/shit2/polySurface384.uasset" 1695
"D:/mydata/Repositories/MechaManZero/mmz/Content/shit/shit2/polySurface384.uexp" 1696
"D:/mydata/Repositories/MechaManZero/mmz/Content/shit/shit2/polySurface383.ubulk" 1697
"D:/mydata/Repositories/MechaManZero/mmz/Content/shit/shit2/polySurface383.uasset" 1698
"D:/mydata/Repositories/MechaManZero/mmz/Content/shit/shit2/polySurface383.uexp" 1699
"D:/mydata/Repositories/MechaManZero/mmz/Content/shit/shit2/polySurface382.ubulk" 1700
"D:/mydata/Repositories/MechaManZero/mmz/Content/shit/shit2/polySurface382.uasset" 1701
"D:/mydata/Repositories/MechaManZero/mmz/Content/shit/shit2/polySurface382.uexp" 1702
"D:/mydata/Repositories/MechaManZero/mmz/Content/shit/shit2/polySurface381.ubulk" 1703
"D:/mydata/Repositories/MechaManZero/mmz/Content/shit/shit2/polySurface381.uasset" 1704
"D:/mydata/Repositories/MechaManZero/mmz/Content/shit/shit2/polySurface381.uexp" 1705
"D:/mydata/Repositories/MechaManZero/mmz/Content/shit/shit2/polySurface380.ubulk" 1706
"D:/mydata/Repositories/MechaManZero/mmz/Content/shit/shit2/polySurface380.uasset" 1707
"D:/mydata/Repositories/MechaManZero/mmz/Content/shit/shit2/polySurface380.uexp" 1708
"D:/mydata/Repositories/MechaManZero/mmz/Content/shit/shit2/polySurface38.ubulk" 1709
"D:/mydata/Repositories/MechaManZero/mmz/Content/shit/shit2/polySurface38.uasset" 1710
"D:/mydata/Repositories/MechaManZero/mmz/Content/shit/shit2/polySurface38.uexp" 1711
"D:/mydata/Repositories/MechaManZero/mmz/Content/shit/shit2/polySurface379.ubulk" 1712
"D:/mydata/Repositories/MechaManZero/mmz/Content/shit/shit2/polySurface379.uasset" 1713
"D:/mydata/Repositories/MechaManZero/mmz/Content/shit/shit2/polySurface379.uexp" 1714
"D:/mydata/Repositories/MechaManZero/mmz/Content/shit/shit2/polySurface378.ubulk" 1715
"D:/mydata/Repositories/MechaManZero/mmz/Content/shit/shit2/polySurface378.uasset" 1716
"D:/mydata/Repositories/MechaManZero/mmz/Content/shit/shit2/polySurface378.uexp" 1717
"D:/mydata/Repositories/MechaManZero/mmz/Content/shit/shit2/polySurface377.ubulk" 1718
"D:/mydata/Repositories/MechaManZero/mmz/Content/shit/shit2/polySurface377.uasset" 1719
"D:/mydata/Repositories/MechaManZero/mmz/Content/shit/shit2/polySurface377.uexp" 1720
"D:/mydata/Repositories/MechaManZero/mmz/Content/shit/shit2/polySurface376.ubulk" 1721
"D:/mydata/Repositories/MechaManZero/mmz/Content/shit/shit2/polySurface376.uasset" 1722
"D:/mydata/Repositories/MechaManZero/mmz/Content/shit/shit2/polySurface376.uexp" 1723
"D:/mydata/Repositories/MechaManZero/mmz/Content/shit/shit2/polySurface375.ubulk" 1724
"D:/mydata/Repositories/MechaManZero/mmz/Content/shit/shit2/polySurface375.uasset" 1725
"D:/mydata/Repositories/MechaManZero/mmz/Content/shit/shit2/polySurface375.uexp" 1726
"D:/mydata/Repositories/MechaManZero/mmz/Content/shit/shit2/polySurface374.ubulk" 1727
"D:/mydata/Repositories/MechaManZero/mmz/Content/shit/shit2/polySurface374.uasset" 1728
"D:/mydata/Repositories/MechaManZero/mmz/Content/shit/shit2/polySurface374.uexp" 1729
"D:/mydata/Repositories/MechaManZero/mmz/Content/shit/shit2/polySurface373.ubulk" 1730
"D:/mydata/Repositories/MechaManZero/mmz/Content/shit/shit2/polySurface373.uasset" 1731
"D:/mydata/Repositories/MechaManZero/mmz/Content/shit/shit2/polySurface373.uexp" 1732
"D:/mydata/Repositories/MechaManZero/mmz/Content/shit/shit2/polySurface372.ubulk" 1733
"D:/mydata/Repositories/MechaManZero/mmz/Content/shit/shit2/polySurface372.uasset" 1734
"D:/mydata/Repositories/MechaManZero/mmz/Content/shit/shit2/polySurface372.uexp" 1735
"D:/mydata/Repositories/MechaManZero/mmz/Content/shit/shit2/polySurface371.ubulk" 1736
"D:/mydata/Repositories/MechaManZero/mmz/Content/shit/shit2/polySurface371.uasset" 1737
"D:/mydata/Repositories/MechaManZero/mmz/Content/shit/shit2/polySurface371.uexp" 1738
"D:/mydata/Repositories/MechaManZero/mmz/Content/shit/shit2/polySurface370.ubulk" 1739
"D:/mydata/Repositories/MechaManZero/mmz/Content/shit/shit2/polySurface370.uasset" 1740
"D:/mydata/Repositories/MechaManZero/mmz/Content/shit/shit2/polySurface370.uexp" 1741
"D:/mydata/Repositories/MechaManZero/mmz/Content/shit/shit2/polySurface37.ubulk" 1742
"D:/mydata/Repositories/MechaManZero/mmz/Content/shit/shit2/polySurface37.uasset" 1743
"D:/mydata/Repositories/MechaManZero/mmz/Content/shit/shit2/polySurface37.uexp" 1744
"D:/mydata/Repositories/MechaManZero/mmz/Content/shit/shit2/polySurface369.ubulk" 1745
"D:/mydata/Repositories/MechaManZero/mmz/Content/shit/shit2/polySurface369.uasset" 1746
"D:/mydata/Repositories/MechaManZero/mmz/Content/shit/shit2/polySurface369.uexp" 1747
"D:/mydata/Repositories/MechaManZero/mmz/Content/shit/shit2/polySurface368.ubulk" 1748
"D:/mydata/Repositories/MechaManZero/mmz/Content/shit/shit2/polySurface368.uasset" 1749
"D:/mydata/Repositories/MechaManZero/mmz/Content/shit/shit2/polySurface368.uexp" 1750
"D:/mydata/Repositories/MechaManZero/mmz/Content/shit/shit2/polySurface367.ubulk" 1751
"D:/mydata/Repositories/MechaManZero/mmz/Content/shit/shit2/polySurface367.uasset" 1752
"D:/mydata/Repositories/MechaManZero/mmz/Content/shit/shit2/polySurface367.uexp" 1753
"D:/mydata/Repositories/MechaManZero/mmz/Content/shit/shit2/polySurface366.ubulk" 1754
"D:/mydata/Repositories/MechaManZero/mmz/Content/shit/shit2/polySurface366.uasset" 1755
"D:/mydata/Repositories/MechaManZero/mmz/Content/shit/shit2/polySurface366.uexp" 1756
"D:/mydata/Repositories/MechaManZero/mmz/Content/shit/shit2/polySurface36.ubulk" 1757
"D:/mydata/Repositories/MechaManZero/mmz/Content/shit/shit2/polySurface36.uasset" 1758
"D:/mydata/Repositories/MechaManZero/mmz/Content/shit/shit2/polySurface36.uexp" 1759
"D:/mydata/Repositories/MechaManZero/mmz/Content/shit/shit2/polySurface355.ubulk" 1760
"D:/mydata/Repositories/MechaManZero/mmz/Content/shit/shit2/polySurface355.uasset" 1761
"D:/mydata/Repositories/MechaManZero/mmz/Content/shit/shit2/polySurface355.uexp" 1762
"D:/mydata/Repositories/MechaManZero/mmz/Content/shit/shit2/polySurface354.ubulk" 1763
"D:/mydata/Repositories/MechaManZero/mmz/Content/shit/shit2/polySurface354.uasset" 1764
"D:/mydata/Repositories/MechaManZero/mmz/Content/shit/shit2/polySurface354.uexp" 1765
"D:/mydata/Repositories/MechaManZero/mmz/Content/shit/shit2/polySurface353.ubulk" 1766
"D:/mydata/Repositories/MechaManZero/mmz/Content/shit/shit2/polySurface353.uasset" 1767
"D:/mydata/Repositories/MechaManZero/mmz/Content/shit/shit2/polySurface353.uexp" 1768
"D:/mydata/Repositories/MechaManZero/mmz/Content/shit/shit2/polySurface352.ubulk" 1769
"D:/mydata/Repositories/MechaManZero/mmz/Content/shit/shit2/polySurface352.uasset" 1770
"D:/mydata/Repositories/MechaManZero/mmz/Content/shit/shit2/polySurface352.uexp" 1771
"D:/mydata/Repositories/MechaManZero/mmz/Content/shit/shit2/polySurface351.ubulk" 1772
"D:/mydata/Repositories/MechaManZero/mmz/Content/shit/shit2/polySurface351.uasset" 1773
"D:/mydata/Repositories/MechaManZero/mmz/Content/shit/shit2/polySurface351.uexp" 1774
"D:/mydata/Repositories/MechaManZero/mmz/Content/shit/shit2/polySurface35.ubulk" 1775
"D:/mydata/Repositories/MechaManZero/mmz/Content/shit/shit2/polySurface35.uasset" 1776
"D:/mydata/Repositories/MechaManZero/mmz/Content/shit/shit2/polySurface35.uexp" 1777
"D:/mydata/Repositories/MechaManZero/mmz/Content/shit/shit2/polySurface34912.ubulk" 1778
"D:/mydata/Repositories/MechaManZero/mmz/Content/shit/shit2/polySurface34912.uasset" 1779
"D:/mydata/Repositories/MechaManZero/mmz/Content/shit/shit2/polySurface34912.uexp" 1780
"D:/mydata/Repositories/MechaManZero/mmz/Content/shit/shit2/polySurface345.ubulk" 1781
"D:/mydata/Repositories/MechaManZero/mmz/Content/shit/shit2/polySurface345.uasset" 1782
"D:/mydata/Repositories/MechaManZero/mmz/Content/shit/shit2/polySurface345.uexp" 1783
"D:/mydata/Repositories/MechaManZero/mmz/Content/shit/shit2/polySurface344.ubulk" 1784
"D:/mydata/Repositories/MechaManZero/mmz/Content/shit/shit2/polySurface344.uasset" 1785
"D:/mydata/Repositories/MechaManZero/mmz/Content/shit/shit2/polySurface344.uexp" 1786
"D:/mydata/Repositories/MechaManZero/mmz/Content/shit/shit2/polySurface343.ubulk" 1787
"D:/mydata/Repositories/MechaManZero/mmz/Content/shit/shit2/polySurface343.uasset" 1788
"D:/mydata/Repositories/MechaManZero/mmz/Content/shit/shit2/polySurface343.uexp" 1789
"D:/mydata/Repositories/MechaManZero/mmz/Content/shit/shit2/polySurface342.ubulk" 1790
"D:/mydata/Repositories/MechaManZero/mmz/Content/shit/shit2/polySurface342.uasset" 1791
"D:/mydata/Repositories/MechaManZero/mmz/Content/shit/shit2/polySurface342.uexp" 1792
"D:/mydata/Repositories/MechaManZero/mmz/Content/shit/shit2/polySurface341.ubulk" 1793
"D:/mydata/Repositories/MechaManZero/mmz/Content/shit/shit2/polySurface341.uasset" 1794
"D:/mydata/Repositories/MechaManZero/mmz/Content/shit/shit2/polySurface341.uexp" 1795
"D:/mydata/Repositories/MechaManZero/mmz/Content/shit/shit2/polySurface340.ubulk" 1796
"D:/mydata/Repositories/MechaManZero/mmz/Content/shit/shit2/polySurface340.uasset" 1797
"D:/mydata/Repositories/MechaManZero/mmz/Content/shit/shit2/polySurface340.uexp" 1798
"D:/mydata/Repositories/MechaManZero/mmz/Content/shit/shit2/polySurface34.ubulk" 1799
"D:/mydata/Repositories/MechaManZero/mmz/Content/shit/shit2/polySurface34.uasset" 1800
"D:/mydata/Repositories/MechaManZero/mmz/Content/shit/shit2/polySurface34.uexp" 1801
"D:/mydata/Repositories/MechaManZero/mmz/Content/shit/shit2/polySurface339.ubulk" 1802
"D:/mydata/Repositories/MechaManZero/mmz/Content/shit/shit2/polySurface339.uasset" 1803
"D:/mydata/Repositories/MechaManZero/mmz/Content/shit/shit2/polySurface339.uexp" 1804
"D:/mydata/Repositories/MechaManZero/mmz/Content/shit/shit2/polySurface338.ubulk" 1805
"D:/mydata/Repositories/MechaManZero/mmz/Content/shit/shit2/polySurface338.uasset" 1806
"D:/mydata/Repositories/MechaManZero/mmz/Content/shit/shit2/polySurface338.uexp" 1807
"D:/mydata/Repositories/MechaManZero/mmz/Content/shit/shit2/polySurface337.ubulk" 1808
"D:/mydata/Repositories/MechaManZero/mmz/Content/shit/shit2/polySurface337.uasset" 1809
"D:/mydata/Repositories/MechaManZero/mmz/Content/shit/shit2/polySurface337.uexp" 1810
"D:/mydata/Repositories/MechaManZero/mmz/Content/shit/shit2/polySurface336.ubulk" 1811
"D:/mydata/Repositories/MechaManZero/mmz/Content/shit/shit2/polySurface336.uasset" 1812
"D:/mydata/Repositories/MechaManZero/mmz/Content/shit/shit2/polySurface336.uexp" 1813
"D:/mydata/Repositories/MechaManZero/mmz/Content/shit/shit2/polySurface335.ubulk" 1814
"D:/mydata/Repositories/MechaManZero/mmz/Content/shit/shit2/polySurface335.uasset" 1815
"D:/mydata/Repositories/MechaManZero/mmz/Content/shit/shit2/polySurface335.uexp" 1816
"D:/mydata/Repositories/MechaManZero/mmz/Content/shit/shit2/polySurface334.ubulk" 1817
"D:/mydata/Repositories/MechaManZero/mmz/Content/shit/shit2/polySurface334.uasset" 1818
"D:/mydata/Repositories/MechaManZero/mmz/Content/shit/shit2/polySurface334.uexp" 1819
"D:/mydata/Repositories/MechaManZero/mmz/Content/shit/shit2/polySurface333.ubulk" 1820
"D:/mydata/Repositories/MechaManZero/mmz/Content/shit/shit2/polySurface333.uasset" 1821
"D:/mydata/Repositories/MechaManZero/mmz/Content/shit/shit2/polySurface333.uexp" 1822
"D:/mydata/Repositories/MechaManZero/mmz/Content/shit/shit2/polySurface332.ubulk" 1823
"D:/mydata/Repositories/MechaManZero/mmz/Content/shit/shit2/polySurface332.uasset" 1824
"D:/mydata/Repositories/MechaManZero/mmz/Content/shit/shit2/polySurface332.uexp" 1825
"D:/mydata/Repositories/MechaManZero/mmz/Content/shit/shit2/polySurface331.ubulk" 1826
"D:/mydata/Repositories/MechaManZero/mmz/Content/shit/shit2/polySurface331.uasset" 1827
"D:/mydata/Repositories/MechaManZero/mmz/Content/shit/shit2/polySurface331.uexp" 1828
"D:/mydata/Repositories/MechaManZero/mmz/Content/shit/shit2/polySurface330.ubulk" 1829
"D:/mydata/Repositories/MechaManZero/mmz/Content/shit/shit2/polySurface330.uasset" 1830
"D:/mydata/Repositories/MechaManZero/mmz/Content/shit/shit2/polySurface330.uexp" 1831
"D:/mydata/Repositories/MechaManZero/mmz/Content/shit/shit2/polySurface33.ubulk" 1832
"D:/mydata/Repositories/MechaManZero/mmz/Content/shit/shit2/polySurface33.uasset" 1833
"D:/mydata/Repositories/MechaManZero/mmz/Content/shit/shit2/polySurface33.uexp" 1834
"D:/mydata/Repositories/MechaManZero/mmz/Content/shit/shit2/polySurface329.ubulk" 1835
"D:/mydata/Repositories/MechaManZero/mmz/Content/shit/shit2/polySurface329.uasset" 1836
"D:/mydata/Repositories/MechaManZero/mmz/Content/shit/shit2/polySurface329.uexp" 1837
"D:/mydata/Repositories/MechaManZero/mmz/Content/shit/shit2/polySurface328.ubulk" 1838
"D:/mydata/Repositories/MechaManZero/mmz/Content/shit/shit2/polySurface328.uasset" 1839
"D:/mydata/Repositories/MechaManZero/mmz/Content/shit/shit2/polySurface328.uexp" 1840
"D:/mydata/Repositories/MechaManZero/mmz/Content/shit/shit2/polySurface327.ubulk" 1841
"D:/mydata/Repositories/MechaManZero/mmz/Content/shit/shit2/polySurface327.uasset" 1842
"D:/mydata/Repositories/MechaManZero/mmz/Content/shit/shit2/polySurface327.uexp" 1843
"D:/mydata/Repositories/MechaManZero/mmz/Content/shit/shit2/polySurface326.ubulk" 1844
"D:/mydata/Repositories/MechaManZero/mmz/Content/shit/shit2/polySurface326.uasset" 1845
"D:/mydata/Repositories/MechaManZero/mmz/Content/shit/shit2/polySurface326.uexp" 1846
"D:/mydata/Repositories/MechaManZero/mmz/Content/shit/shit2/polySurface325.ubulk" 1847
"D:/mydata/Repositories/MechaManZero/mmz/Content/shit/shit2/polySurface325.uasset" 1848
"D:/mydata/Repositories/MechaManZero/mmz/Content/shit/shit2/polySurface325.uexp" 1849
"D:/mydata/Repositories/MechaManZero/mmz/Content/shit/shit2/polySurface324.ubulk" 1850
"D:/mydata/Repositories/MechaManZero/mmz/Content/shit/shit2/polySurface324.uasset" 1851
"D:/mydata/Repositories/MechaManZero/mmz/Content/shit/shit2/polySurface324.uexp" 1852
"D:/mydata/Repositories/MechaManZero/mmz/Content/shit/shit2/polySurface323.ubulk" 1853
"D:/mydata/Repositories/MechaManZero/mmz/Content/shit/shit2/polySurface323.uasset" 1854
"D:/mydata/Repositories/MechaManZero/mmz/Content/shit/shit2/polySurface323.uexp" 1855
"D:/mydata/Repositories/MechaManZero/mmz/Content/shit/shit2/polySurface322.ubulk" 1856
"D:/mydata/Repositories/MechaManZero/mmz/Content/shit/shit2/polySurface322.uasset" 1857
"D:/mydata/Repositories/MechaManZero/mmz/Content/shit/shit2/polySurface322.uexp" 1858
"D:/mydata/Repositories/MechaManZero/mmz/Content/shit/shit2/polySurface321.ubulk" 1859
"D:/mydata/Repositories/MechaManZero/mmz/Content/shit/shit2/polySurface321.uasset" 1860
"D:/mydata/Repositories/MechaManZero/mmz/Content/shit/shit2/polySurface321.uexp" 1861
"D:/mydata/Repositories/MechaManZero/mmz/Content/shit/shit2/polySurface320.ubulk" 1862
"D:/mydata/Repositories/MechaManZero/mmz/Content/shit/shit2/polySurface320.uasset" 1863
"D:/mydata/Repositories/MechaManZero/mmz/Content/shit/shit2/polySurface320.uexp" 1864
"D:/mydata/Repositories/MechaManZero/mmz/Content/shit/shit2/polySurface32.ubulk" 1865
"D:/mydata/Repositories/MechaManZero/mmz/Content/shit/shit2/polySurface32.uasset" 1866
"D:/mydata/Repositories/MechaManZero/mmz/Content/shit/shit2/polySurface32.uexp" 1867
"D:/mydata/Repositories/MechaManZero/mmz/Content/shit/shit2/polySurface319.ubulk" 1868
"D:/mydata/Repositories/MechaManZero/mmz/Content/shit/shit2/polySurface319.uasset" 1869
"D:/mydata/Repositories/MechaManZero/mmz/Content/shit/shit2/polySurface319.uexp" 1870
"D:/mydata/Repositories/MechaManZero/mmz/Content/shit/shit2/polySurface318.ubulk" 1871
"D:/mydata/Repositories/MechaManZero/mmz/Content/shit/shit2/polySurface318.uasset" 1872
"D:/mydata/Repositories/MechaManZero/mmz/Content/shit/shit2/polySurface318.uexp" 1873
"D:/mydata/Repositories/MechaManZero/mmz/Content/shit/shit2/polySurface317.ubulk" 1874
"D:/mydata/Repositories/MechaManZero/mmz/Content/shit/shit2/polySurface317.uasset" 1875
"D:/mydata/Repositories/MechaManZero/mmz/Content/shit/shit2/polySurface317.uexp" 1876
"D:/mydata/Repositories/MechaManZero/mmz/Content/shit/shit2/polySurface316.ubulk" 1877
"D:/mydata/Repositories/MechaManZero/mmz/Content/shit/shit2/polySurface316.uasset" 1878
"D:/mydata/Repositories/MechaManZero/mmz/Content/shit/shit2/polySurface316.uexp" 1879
"D:/mydata/Repositories/MechaManZero/mmz/Content/shit/shit2/polySurface31318.ubulk" 1880
"D:/mydata/Repositories/MechaManZero/mmz/Content/shit/shit2/polySurface31318.uasset" 1881
"D:/mydata/Repositories/MechaManZero/mmz/Content/shit/shit2/polySurface31318.uexp" 1882
"D:/mydata/Repositories/MechaManZero/mmz/Content/shit/shit2/polySurface31.ubulk" 1883
"D:/mydata/Repositories/MechaManZero/mmz/Content/shit/shit2/polySurface31.uasset" 1884
"D:/mydata/Repositories/MechaManZero/mmz/Content/shit/shit2/polySurface31.uexp" 1885
"D:/mydata/Repositories/MechaManZero/mmz/Content/shit/shit2/polySurface305.ubulk" 1886
"D:/mydata/Repositories/MechaManZero/mmz/Content/shit/shit2/polySurface305.uasset" 1887
"D:/mydata/Repositories/MechaManZero/mmz/Content/shit/shit2/polySurface305.uexp" 1888
"D:/mydata/Repositories/MechaManZero/mmz/Content/shit/shit2/polySurface304.ubulk" 1889
"D:/mydata/Repositories/MechaManZero/mmz/Content/shit/shit2/polySurface304.uasset" 1890
"D:/mydata/Repositories/MechaManZero/mmz/Content/shit/shit2/polySurface304.uexp" 1891
"D:/mydata/Repositories/MechaManZero/mmz/Content/shit/shit2/polySurface303.ubulk" 1892
"D:/mydata/Repositories/MechaManZero/mmz/Content/shit/shit2/polySurface303.uasset" 1893
"D:/mydata/Repositories/MechaManZero/mmz/Content/shit/shit2/polySurface303.uexp" 1894
"D:/mydata/Repositories/MechaManZero/mmz/Content/shit/shit2/polySurface302.ubulk" 1895
"D:/mydata/Repositories/MechaManZero/mmz/Content/shit/shit2/polySurface302.uasset" 1896
"D:/mydata/Repositories/MechaManZero/mmz/Content/shit/shit2/polySurface302.uexp" 1897
"D:/mydata/Repositories/MechaManZero/mmz/Content/shit/shit2/polySurface3010.ubulk" 1898
"D:/mydata/Repositories/MechaManZero/mmz/Content/shit/shit2/polySurface3010.uasset" 1899
"D:/mydata/Repositories/MechaManZero/mmz/Content/shit/shit2/polySurface3010.uexp" 1900
"D:/mydata/Repositories/MechaManZero/mmz/Content/shit/shit2/polySurface301.ubulk" 1901
"D:/mydata/Repositories/MechaManZero/mmz/Content/shit/shit2/polySurface301.uasset" 1902
"D:/mydata/Repositories/MechaManZero/mmz/Content/shit/shit2/polySurface301.uexp" 1903
"D:/mydata/Repositories/MechaManZero/mmz/Content/shit/shit2/polySurface300.ubulk" 1904
"D:/mydata/Repositories/MechaManZero/mmz/Content/shit/shit2/polySurface300.uasset" 1905
"D:/mydata/Repositories/MechaManZero/mmz/Content/shit/shit2/polySurface300.uexp" 1906
"D:/mydata/Repositories/MechaManZero/mmz/Content/shit/shit2/polySurface3.ubulk" 1907
"D:/mydata/Repositories/MechaManZero/mmz/Content/shit/shit2/polySurface3.uasset" 1908
"D:/mydata/Repositories/MechaManZero/mmz/Content/shit/shit2/polySurface3.uexp" 1909
"D:/mydata/Repositories/MechaManZero/mmz/Content/shit/shit2/polySurface299.ubulk" 1910
"D:/mydata/Repositories/MechaManZero/mmz/Content/shit/shit2/polySurface299.uasset" 1911
"D:/mydata/Repositories/MechaManZero/mmz/Content/shit/shit2/polySurface299.uexp" 1912
"D:/mydata/Repositories/MechaManZero/mmz/Content/shit/shit2/polySurface298.ubulk" 1913
"D:/mydata/Repositories/MechaManZero/mmz/Content/shit/shit2/polySurface298.uasset" 1914
"D:/mydata/Repositories/MechaManZero/mmz/Content/shit/shit2/polySurface298.uexp" 1915
"D:/mydata/Repositories/MechaManZero/mmz/Content/shit/shit2/polySurface297.ubulk" 1916
"D:/mydata/Repositories/MechaManZero/mmz/Content/shit/shit2/polySurface297.uasset" 1917
"D:/mydata/Repositories/MechaManZero/mmz/Content/shit/shit2/polySurface297.uexp" 1918
"D:/mydata/Repositories/MechaManZero/mmz/Content/shit/shit2/polySurface296.ubulk" 1919
"D:/mydata/Repositories/MechaManZero/mmz/Content/shit/shit2/polySurface296.uasset" 1920
"D:/mydata/Repositories/MechaManZero/mmz/Content/shit/shit2/polySurface296.uexp" 1921
"D:/mydata/Repositories/MechaManZero/mmz/Content/shit/shit2/polySurface295.ubulk" 1922
"D:/mydata/Repositories/MechaManZero/mmz/Content/shit/shit2/polySurface295.uasset" 1923
"D:/mydata/Repositories/MechaManZero/mmz/Content/shit/shit2/polySurface295.uexp" 1924
"D:/mydata/Repositories/MechaManZero/mmz/Content/shit/shit2/polySurface294.ubulk" 1925
"D:/mydata/Repositories/MechaManZero/mmz/Content/shit/shit2/polySurface294.uasset" 1926
"D:/mydata/Repositories/MechaManZero/mmz/Content/shit/shit2/polySurface294.uexp" 1927
"D:/mydata/Repositories/MechaManZero/mmz/Content/shit/shit2/polySurface293.ubulk" 1928
"D:/mydata/Repositories/MechaManZero/mmz/Content/shit/shit2/polySurface293.uasset" 1929
"D:/mydata/Repositories/MechaManZero/mmz/Content/shit/shit2/polySurface293.uexp" 1930
"D:/mydata/Repositories/MechaManZero/mmz/Content/shit/shit2/polySurface292.ubulk" 1931
"D:/mydata/Repositories/MechaManZero/mmz/Content/shit/shit2/polySurface292.uasset" 1932
"D:/mydata/Repositories/MechaManZero/mmz/Content/shit/shit2/polySurface292.uexp" 1933
"D:/mydata/Repositories/MechaManZero/mmz/Content/shit/shit2/polySurface291.ubulk" 1934
"D:/mydata/Repositories/MechaManZero/mmz/Content/shit/shit2/polySurface291.uasset" 1935
"D:/mydata/Repositories/MechaManZero/mmz/Content/shit/shit2/polySurface291.uexp" 1936
"D:/mydata/Repositories/MechaManZero/mmz/Content/shit/shit2/polySurface290.ubulk" 1937
"D:/mydata/Repositories/MechaManZero/mmz/Content/shit/shit2/polySurface290.uasset" 1938
"D:/mydata/Repositories/MechaManZero/mmz/Content/shit/shit2/polySurface290.uexp" 1939
"D:/mydata/Repositories/MechaManZero/mmz/Content/shit/shit2/polySurface289.ubulk" 1940
"D:/mydata/Repositories/MechaManZero/mmz/Content/shit/shit2/polySurface289.uasset" 1941
"D:/mydata/Repositories/MechaManZero/mmz/Content/shit/shit2/polySurface289.uexp" 1942
"D:/mydata/Repositories/MechaManZero/mmz/Content/shit/shit2/polySurface288.ubulk" 1943
"D:/mydata/Repositories/MechaManZero/mmz/Content/shit/shit2/polySurface288.uasset" 1944
"D:/mydata/Repositories/MechaManZero/mmz/Content/shit/shit2/polySurface288.uexp" 1945
"D:/mydata/Repositories/MechaManZero/mmz/Content/shit/shit2/polySurface287.ubulk" 1946
"D:/mydata/Repositories/MechaManZero/mmz/Content/shit/shit2/polySurface287.uasset" 1947
"D:/mydata/Repositories/MechaManZero/mmz/Content/shit/shit2/polySurface287.uexp" 1948
"D:/mydata/Repositories/MechaManZero/mmz/Content/shit/shit2/polySurface286.ubulk" 1949
"D:/mydata/Repositories/MechaManZero/mmz/Content/shit/shit2/polySurface286.uasset" 1950
"D:/mydata/Repositories/MechaManZero/mmz/Content/shit/shit2/polySurface286.uexp" 1951
"D:/mydata/Repositories/MechaManZero/mmz/Content/shit/shit2/polySurface285.ubulk" 1952
"D:/mydata/Repositories/MechaManZero/mmz/Content/shit/shit2/polySurface285.uasset" 1953
"D:/mydata/Repositories/MechaManZero/mmz/Content/shit/shit2/polySurface285.uexp" 1954
"D:/mydata/Repositories/MechaManZero/mmz/Content/shit/shit2/polySurface284.ubulk" 1955
"D:/mydata/Repositories/MechaManZero/mmz/Content/shit/shit2/polySurface284.uasset" 1956
"D:/mydata/Repositories/MechaManZero/mmz/Content/shit/shit2/polySurface284.uexp" 1957
"D:/mydata/Repositories/MechaManZero/mmz/Content/shit/shit2/polySurface283.ubulk" 1958
"D:/mydata/Repositories/MechaManZero/mmz/Content/shit/shit2/polySurface283.uasset" 1959
"D:/mydata/Repositories/MechaManZero/mmz/Content/shit/shit2/polySurface283.uexp" 1960
"D:/mydata/Repositories/MechaManZero/mmz/Content/shit/shit2/polySurface282.ubulk" 1961
"D:/mydata/Repositories/MechaManZero/mmz/Content/shit/shit2/polySurface282.uasset" 1962
"D:/mydata/Repositories/MechaManZero/mmz/Content/shit/shit2/polySurface282.uexp" 1963
"D:/mydata/Repositories/MechaManZero/mmz/Content/shit/shit2/polySurface281.ubulk" 1964
"D:/mydata/Repositories/MechaManZero/mmz/Content/shit/shit2/polySurface281.uasset" 1965
"D:/mydata/Repositories/MechaManZero/mmz/Content/shit/shit2/polySurface281.uexp" 1966
"D:/mydata/Repositories/MechaManZero/mmz/Content/shit/shit2/polySurface280.ubulk" 1967
"D:/mydata/Repositories/MechaManZero/mmz/Content/shit/shit2/polySurface280.uasset" 1968
"D:/mydata/Repositories/MechaManZero/mmz/Content/shit/shit2/polySurface280.uexp" 1969
"D:/mydata/Repositories/MechaManZero/mmz/Content/shit/shit2/polySurface279.ubulk" 1970
"D:/mydata/Repositories/MechaManZero/mmz/Content/shit/shit2/polySurface279.uasset" 1971
"D:/mydata/Repositories/MechaManZero/mmz/Content/shit/shit2/polySurface279.uexp" 1972
"D:/mydata/Repositories/MechaManZero/mmz/Content/shit/shit2/polySurface278.ubulk" 1973
"D:/mydata/Repositories/MechaManZero/mmz/Content/shit/shit2/polySurface278.uasset" 1974
"D:/mydata/Repositories/MechaManZero/mmz/Content/shit/shit2/polySurface278.uexp" 1975
"D:/mydata/Repositories/MechaManZero/mmz/Content/shit/shit2/polySurface277.ubulk" 1976
"D:/mydata/Repositories/MechaManZero/mmz/Content/shit/shit2/polySurface277.uasset" 1977
"D:/mydata/Repositories/MechaManZero/mmz/Content/shit/shit2/polySurface277.uexp" 1978
"D:/mydata/Repositories/MechaManZero/mmz/Content/shit/shit2/polySurface276.ubulk" 1979
"D:/mydata/Repositories/MechaManZero/mmz/Content/shit/shit2/polySurface276.uasset" 1980
"D:/mydata/Repositories/MechaManZero/mmz/Content/shit/shit2/polySurface276.uexp" 1981
"D:/mydata/Repositories/MechaManZero/mmz/Content/shit/shit2/polySurface275.ubulk" 1982
"D:/mydata/Repositories/MechaManZero/mmz/Content/shit/shit2/polySurface275.uasset" 1983
"D:/mydata/Repositories/MechaManZero/mmz/Content/shit/shit2/polySurface275.uexp" 1984
"D:/mydata/Repositories/MechaManZero/mmz/Content/shit/shit2/polySurface274.ubulk" 1985
"D:/mydata/Repositories/MechaManZero/mmz/Content/shit/shit2/polySurface274.uasset" 1986
"D:/mydata/Repositories/MechaManZero/mmz/Content/shit/shit2/polySurface274.uexp" 1987
"D:/mydata/Repositories/MechaManZero/mmz/Content/shit/shit2/polySurface273.ubulk" 1988
"D:/mydata/Repositories/MechaManZero/mmz/Content/shit/shit2/polySurface273.uasset" 1989
"D:/mydata/Repositories/MechaManZero/mmz/Content/shit/shit2/polySurface273.uexp" 1990
"D:/mydata/Repositories/MechaManZero/mmz/Content/shit/shit2/polySurface272.ubulk" 1991
"D:/mydata/Repositories/MechaManZero/mmz/Content/shit/shit2/polySurface272.uasset" 1992
"D:/mydata/Repositories/MechaManZero/mmz/Content/shit/shit2/polySurface272.uexp" 1993
"D:/mydata/Repositories/MechaManZero/mmz/Content/shit/shit2/polySurface271.ubulk" 1994
"D:/mydata/Repositories/MechaManZero/mmz/Content/shit/shit2/polySurface271.uasset" 1995
"D:/mydata/Repositories/MechaManZero/mmz/Content/shit/shit2/polySurface271.uexp" 1996
"D:/mydata/Repositories/MechaManZero/mmz/Content/shit/shit2/polySurface270.ubulk" 1997
"D:/mydata/Repositories/MechaManZero/mmz/Content/shit/shit2/polySurface270.uasset" 1998
"D:/mydata/Repositories/MechaManZero/mmz/Content/shit/shit2/polySurface270.uexp" 1999
"D:/mydata/Repositories/MechaManZero/mmz/Content/shit/shit2/polySurface269.ubulk" 2000
"D:/mydata/Repositories/MechaManZero/mmz/Content/shit/shit2/polySurface269.uasset" 2001
"D:/mydata/Repositories/MechaManZero/mmz/Content/shit/shit2/polySurface269.uexp" 2002
"D:/mydata/Repositories/MechaManZero/mmz/Content/shit/shit2/polySurface268.ubulk" 2003
"D:/mydata/Repositories/MechaManZero/mmz/Content/shit/shit2/polySurface268.uasset" 2004
"D:/mydata/Repositories/MechaManZero/mmz/Content/shit/shit2/polySurface268.uexp" 2005
"D:/mydata/Repositories/MechaManZero/mmz/Content/shit/shit2/polySurface267.ubulk" 2006
"D:/mydata/Repositories/MechaManZero/mmz/Content/shit/shit2/polySurface267.uasset" 2007
"D:/mydata/Repositories/MechaManZero/mmz/Content/shit/shit2/polySurface267.uexp" 2008
"D:/mydata/Repositories/MechaManZero/mmz/Content/shit/shit2/polySurface266.ubulk" 2009
"D:/mydata/Repositories/MechaManZero/mmz/Content/shit/shit2/polySurface266.uasset" 2010
"D:/mydata/Repositories/MechaManZero/mmz/Content/shit/shit2/polySurface266.uexp" 2011
"D:/mydata/Repositories/MechaManZero/mmz/Content/shit/shit2/polySurface265.ubulk" 2012
"D:/mydata/Repositories/MechaManZero/mmz/Content/shit/shit2/polySurface265.uasset" 2013
"D:/mydata/Repositories/MechaManZero/mmz/Content/shit/shit2/polySurface265.uexp" 2014
"D:/mydata/Repositories/MechaManZero/mmz/Content/shit/shit2/polySurface264.ubulk" 2015
"D:/mydata/Repositories/MechaManZero/mmz/Content/shit/shit2/polySurface264.uasset" 2016
"D:/mydata/Repositories/MechaManZero/mmz/Content/shit/shit2/polySurface264.uexp" 2017
"D:/mydata/Repositories/MechaManZero/mmz/Content/shit/shit2/polySurface263.ubulk" 2018
"D:/mydata/Repositories/MechaManZero/mmz/Content/shit/shit2/polySurface263.uasset" 2019
"D:/mydata/Repositories/MechaManZero/mmz/Content/shit/shit2/polySurface263.uexp" 2020
"D:/mydata/Repositories/MechaManZero/mmz/Content/shit/shit2/polySurface262.ubulk" 2021
"D:/mydata/Repositories/MechaManZero/mmz/Content/shit/shit2/polySurface262.uasset" 2022
"D:/mydata/Repositories/MechaManZero/mmz/Content/shit/shit2/polySurface262.uexp" 2023
"D:/mydata/Repositories/MechaManZero/mmz/Content/shit/shit2/polySurface261.ubulk" 2024
"D:/mydata/Repositories/MechaManZero/mmz/Content/shit/shit2/polySurface261.uasset" 2025
"D:/mydata/Repositories/MechaManZero/mmz/Content/shit/shit2/polySurface261.uexp" 2026
"D:/mydata/Repositories/MechaManZero/mmz/Content/shit/shit2/polySurface260.ubulk" 2027
"D:/mydata/Repositories/MechaManZero/mmz/Content/shit/shit2/polySurface260.uasset" 2028
"D:/mydata/Repositories/MechaManZero/mmz/Content/shit/shit2/polySurface260.uexp" 2029
"D:/mydata/Repositories/MechaManZero/mmz/Content/shit/shit2/polySurface259.ubulk" 2030
"D:/mydata/Repositories/MechaManZero/mmz/Content/shit/shit2/polySurface259.uasset" 2031
"D:/mydata/Repositories/MechaManZero/mmz/Content/shit/shit2/polySurface259.uexp" 2032
"D:/mydata/Repositories/MechaManZero/mmz/Content/shit/shit2/polySurface258.ubulk" 2033
"D:/mydata/Repositories/MechaManZero/mmz/Content/shit/shit2/polySurface258.uasset" 2034
"D:/mydata/Repositories/MechaManZero/mmz/Content/shit/shit2/polySurface258.uexp" 2035
"D:/mydata/Repositories/MechaManZero/mmz/Content/shit/shit2/polySurface257.ubulk" 2036
"D:/mydata/Repositories/MechaManZero/mmz/Content/shit/shit2/polySurface257.uasset" 2037
"D:/mydata/Repositories/MechaManZero/mmz/Content/shit/shit2/polySurface257.uexp" 2038
"D:/mydata/Repositories/MechaManZero/mmz/Content/shit/shit2/polySurface256.ubulk" 2039
"D:/mydata/Repositories/MechaManZero/mmz/Content/shit/shit2/polySurface256.uasset" 2040
"D:/mydata/Repositories/MechaManZero/mmz/Content/shit/shit2/polySurface256.uexp" 2041
"D:/mydata/Repositories/MechaManZero/mmz/Content/shit/shit2/polySurface255.ubulk" 2042
"D:/mydata/Repositories/MechaManZero/mmz/Content/shit/shit2/polySurface255.uasset" 2043
"D:/mydata/Repositories/MechaManZero/mmz/Content/shit/shit2/polySurface255.uexp" 2044
"D:/mydata/Repositories/MechaManZero/mmz/Content/shit/shit2/polySurface254.ubulk" 2045
"D:/mydata/Repositories/MechaManZero/mmz/Content/shit/shit2/polySurface254.uasset" 2046
"D:/mydata/Repositories/MechaManZero/mmz/Content/shit/shit2/polySurface254.uexp" 2047
"D:/mydata/Repositories/MechaManZero/mmz/Content/shit/shit2/polySurface253.ubulk" 2048
"D:/mydata/Repositories/MechaManZero/mmz/Content/shit/shit2/polySurface253.uasset" 2049
"D:/mydata/Repositories/MechaManZero/mmz/Content/shit/shit2/polySurface253.uexp" 2050
"D:/mydata/Repositories/MechaManZero/mmz/Content/shit/shit2/polySurface252.ubulk" 2051
"D:/mydata/Repositories/MechaManZero/mmz/Content/shit/shit2/polySurface252.uasset" 2052
"D:/mydata/Repositories/MechaManZero/mmz/Content/shit/shit2/polySurface252.uexp" 2053
"D:/mydata/Repositories/MechaManZero/mmz/Content/shit/shit2/polySurface251.ubulk" 2054
"D:/mydata/Repositories/MechaManZero/mmz/Content/shit/shit2/polySurface251.uasset" 2055
"D:/mydata/Repositories/MechaManZero/mmz/Content/shit/shit2/polySurface251.uexp" 2056
"D:/mydata/Repositories/MechaManZero/mmz/Content/shit/shit2/polySurface250.ubulk" 2057
"D:/mydata/Repositories/MechaManZero/mmz/Content/shit/shit2/polySurface250.uasset" 2058
"D:/mydata/Repositories/MechaManZero/mmz/Content/shit/shit2/polySurface250.uexp" 2059
"D:/mydata/Repositories/MechaManZero/mmz/Content/shit/shit2/polySurface25.ubulk" 2060
"D:/mydata/Repositories/MechaManZero/mmz/Content/shit/shit2/polySurface25.uasset" 2061
"D:/mydata/Repositories/MechaManZero/mmz/Content/shit/shit2/polySurface25.uexp" 2062
"D:/mydata/Repositories/MechaManZero/mmz/Content/shit/shit2/polySurface249.ubulk" 2063
"D:/mydata/Repositories/MechaManZero/mmz/Content/shit/shit2/polySurface249.uasset" 2064
"D:/mydata/Repositories/MechaManZero/mmz/Content/shit/shit2/polySurface249.uexp" 2065
"D:/mydata/Repositories/MechaManZero/mmz/Content/shit/shit2/polySurface248.ubulk" 2066
"D:/mydata/Repositories/MechaManZero/mmz/Content/shit/shit2/polySurface248.uasset" 2067
"D:/mydata/Repositories/MechaManZero/mmz/Content/shit/shit2/polySurface248.uexp" 2068
"D:/mydata/Repositories/MechaManZero/mmz/Content/shit/shit2/polySurface247.ubulk" 2069
"D:/mydata/Repositories/MechaManZero/mmz/Content/shit/shit2/polySurface247.uasset" 2070
"D:/mydata/Repositories/MechaManZero/mmz/Content/shit/shit2/polySurface247.uexp" 2071
"D:/mydata/Repositories/MechaManZero/mmz/Content/shit/shit2/polySurface246.ubulk" 2072
"D:/mydata/Repositories/MechaManZero/mmz/Content/shit/shit2/polySurface246.uasset" 2073
"D:/mydata/Repositories/MechaManZero/mmz/Content/shit/shit2/polySurface246.uexp" 2074
"D:/mydata/Repositories/MechaManZero/mmz/Content/shit/shit2/polySurface245.ubulk" 2075
"D:/mydata/Repositories/MechaManZero/mmz/Content/shit/shit2/polySurface245.uasset" 2076
"D:/mydata/Repositories/MechaManZero/mmz/Content/shit/shit2/polySurface245.uexp" 2077
"D:/mydata/Repositories/MechaManZero/mmz/Content/shit/shit2/polySurface244.ubulk" 2078
"D:/mydata/Repositories/MechaManZero/mmz/Content/shit/shit2/polySurface244.uasset" 2079
"D:/mydata/Repositories/MechaManZero/mmz/Content/shit/shit2/polySurface244.uexp" 2080
"D:/mydata/Repositories/MechaManZero/mmz/Content/shit/shit2/polySurface243.ubulk" 2081
"D:/mydata/Repositories/MechaManZero/mmz/Content/shit/shit2/polySurface243.uasset" 2082
"D:/mydata/Repositories/MechaManZero/mmz/Content/shit/shit2/polySurface243.uexp" 2083
"D:/mydata/Repositories/MechaManZero/mmz/Content/shit/shit2/polySurface242.ubulk" 2084
"D:/mydata/Repositories/MechaManZero/mmz/Content/shit/shit2/polySurface242.uasset" 2085
"D:/mydata/Repositories/MechaManZero/mmz/Content/shit/shit2/polySurface242.uexp" 2086
"D:/mydata/Repositories/MechaManZero/mmz/Content/shit/shit2/polySurface241.ubulk" 2087
"D:/mydata/Repositories/MechaManZero/mmz/Content/shit/shit2/polySurface241.uasset" 2088
"D:/mydata/Repositories/MechaManZero/mmz/Content/shit/shit2/polySurface241.uexp" 2089
"D:/mydata/Repositories/MechaManZero/mmz/Content/shit/shit2/polySurface240.ubulk" 2090
"D:/mydata/Repositories/MechaManZero/mmz/Content/shit/shit2/polySurface240.uasset" 2091
"D:/mydata/Repositories/MechaManZero/mmz/Content/shit/shit2/polySurface240.uexp" 2092
"D:/mydata/Repositories/MechaManZero/mmz/Content/shit/shit2/polySurface24.ubulk" 2093
"D:/mydata/Repositories/MechaManZero/mmz/Content/shit/shit2/polySurface24.uasset" 2094
"D:/mydata/Repositories/MechaManZero/mmz/Content/shit/shit2/polySurface24.uexp" 2095
"D:/mydata/Repositories/MechaManZero/mmz/Content/shit/shit2/polySurface239.ubulk" 2096
"D:/mydata/Repositories/MechaManZero/mmz/Content/shit/shit2/polySurface239.uasset" 2097
"D:/mydata/Repositories/MechaManZero/mmz/Content/shit/shit2/polySurface239.uexp" 2098
"D:/mydata/Repositories/MechaManZero/mmz/Content/shit/shit2/polySurface238.ubulk" 2099
"D:/mydata/Repositories/MechaManZero/mmz/Content/shit/shit2/polySurface238.uasset" 2100
"D:/mydata/Repositories/MechaManZero/mmz/Content/shit/shit2/polySurface238.uexp" 2101
"D:/mydata/Repositories/MechaManZero/mmz/Content/shit/shit2/polySurface237.ubulk" 2102
"D:/mydata/Repositories/MechaManZero/mmz/Content/shit/shit2/polySurface237.uasset" 2103
"D:/mydata/Repositories/MechaManZero/mmz/Content/shit/shit2/polySurface237.uexp" 2104
"D:/mydata/Repositories/MechaManZero/mmz/Content/shit/shit2/polySurface236.ubulk" 2105
"D:/mydata/Repositories/MechaManZero/mmz/Content/shit/shit2/polySurface236.uasset" 2106
"D:/mydata/Repositories/MechaManZero/mmz/Content/shit/shit2/polySurface236.uexp" 2107
"D:/mydata/Repositories/MechaManZero/mmz/Content/shit/shit2/polySurface235.ubulk" 2108
"D:/mydata/Repositories/MechaManZero/mmz/Content/shit/shit2/polySurface235.uasset" 2109
"D:/mydata/Repositories/MechaManZero/mmz/Content/shit/shit2/polySurface235.uexp" 2110
"D:/mydata/Repositories/MechaManZero/mmz/Content/shit/shit2/polySurface234.ubulk" 2111
"D:/mydata/Repositories/MechaManZero/mmz/Content/shit/shit2/polySurface234.uasset" 2112
"D:/mydata/Repositories/MechaManZero/mmz/Content/shit/shit2/polySurface234.uexp" 2113
"D:/mydata/Repositories/MechaManZero/mmz/Content/shit/shit2/polySurface233.ubulk" 2114
"D:/mydata/Repositories/MechaManZero/mmz/Content/shit/shit2/polySurface233.uasset" 2115
"D:/mydata/Repositories/MechaManZero/mmz/Content/shit/shit2/polySurface233.uexp" 2116
"D:/mydata/Repositories/MechaManZero/mmz/Content/shit/shit2/polySurface232.ubulk" 2117
"D:/mydata/Repositories/MechaManZero/mmz/Content/shit/shit2/polySurface232.uasset" 2118
"D:/mydata/Repositories/MechaManZero/mmz/Content/shit/shit2/polySurface232.uexp" 2119
"D:/mydata/Repositories/MechaManZero/mmz/Content/shit/shit2/polySurface231.ubulk" 2120
"D:/mydata/Repositories/MechaManZero/mmz/Content/shit/shit2/polySurface231.uasset" 2121
"D:/mydata/Repositories/MechaManZero/mmz/Content/shit/shit2/polySurface231.uexp" 2122
"D:/mydata/Repositories/MechaManZero/mmz/Content/shit/shit2/polySurface230.ubulk" 2123
"D:/mydata/Repositories/MechaManZero/mmz/Content/shit/shit2/polySurface230.uasset" 2124
"D:/mydata/Repositories/MechaManZero/mmz/Content/shit/shit2/polySurface230.uexp" 2125
"D:/mydata/Repositories/MechaManZero/mmz/Content/shit/shit2/polySurface23.ubulk" 2126
"D:/mydata/Repositories/MechaManZero/mmz/Content/shit/shit2/polySurface23.uasset" 2127
"D:/mydata/Repositories/MechaManZero/mmz/Content/shit/shit2/polySurface23.uexp" 2128
"D:/mydata/Repositories/MechaManZero/mmz/Content/shit/shit2/polySurface229.ubulk" 2129
"D:/mydata/Repositories/MechaManZero/mmz/Content/shit/shit2/polySurface229.uasset" 2130
"D:/mydata/Repositories/MechaManZero/mmz/Content/shit/shit2/polySurface229.uexp" 2131
"D:/mydata/Repositories/MechaManZero/mmz/Content/shit/shit2/polySurface228.ubulk" 2132
"D:/mydata/Repositories/MechaManZero/mmz/Content/shit/shit2/polySurface228.uasset" 2133
"D:/mydata/Repositories/MechaManZero/mmz/Content/shit/shit2/polySurface228.uexp" 2134
"D:/mydata/Repositories/MechaManZero/mmz/Content/shit/shit2/polySurface227.ubulk" 2135
"D:/mydata/Repositories/MechaManZero/mmz/Content/shit/shit2/polySurface227.uasset" 2136
"D:/mydata/Repositories/MechaManZero/mmz/Content/shit/shit2/polySurface227.uexp" 2137
"D:/mydata/Repositories/MechaManZero/mmz/Content/shit/shit2/polySurface226.ubulk" 2138
"D:/mydata/Repositories/MechaManZero/mmz/Content/shit/shit2/polySurface226.uasset" 2139
"D:/mydata/Repositories/MechaManZero/mmz/Content/shit/shit2/polySurface226.uexp" 2140
"D:/mydata/Repositories/MechaManZero/mmz/Content/shit/shit2/polySurface225.ubulk" 2141
"D:/mydata/Repositories/MechaManZero/mmz/Content/shit/shit2/polySurface225.uasset" 2142
"D:/mydata/Repositories/MechaManZero/mmz/Content/shit/shit2/polySurface225.uexp" 2143
"D:/mydata/Repositories/MechaManZero/mmz/Content/shit/shit2/polySurface224.ubulk" 2144
"D:/mydata/Repositories/MechaManZero/mmz/Content/shit/shit2/polySurface224.uasset" 2145
"D:/mydata/Repositories/MechaManZero/mmz/Content/shit/shit2/polySurface224.uexp" 2146
"D:/mydata/Repositories/MechaManZero/mmz/Content/shit/shit2/polySurface223.ubulk" 2147
"D:/mydata/Repositories/MechaManZero/mmz/Content/shit/shit2/polySurface223.uasset" 2148
"D:/mydata/Repositories/MechaManZero/mmz/Content/shit/shit2/polySurface223.uexp" 2149
"D:/mydata/Repositories/MechaManZero/mmz/Content/shit/shit2/polySurface222.ubulk" 2150
"D:/mydata/Repositories/MechaManZero/mmz/Content/shit/shit2/polySurface222.uasset" 2151
"D:/mydata/Repositories/MechaManZero/mmz/Content/shit/shit2/polySurface222.uexp" 2152
"D:/mydata/Repositories/MechaManZero/mmz/Content/shit/shit2/polySurface221.ubulk" 2153
"D:/mydata/Repositories/MechaManZero/mmz/Content/shit/shit2/polySurface221.uasset" 2154
"D:/mydata/Repositories/MechaManZero/mmz/Content/shit/shit2/polySurface221.uexp" 2155
"D:/mydata/Repositories/MechaManZero/mmz/Content/shit/shit2/polySurface220.ubulk" 2156
"D:/mydata/Repositories/MechaManZero/mmz/Content/shit/shit2/polySurface220.uasset" 2157
"D:/mydata/Repositories/MechaManZero/mmz/Content/shit/shit2/polySurface220.uexp" 2158
"D:/mydata/Repositories/MechaManZero/mmz/Content/shit/shit2/polySurface22.ubulk" 2159
"D:/mydata/Repositories/MechaManZero/mmz/Content/shit/shit2/polySurface22.uasset" 2160
"D:/mydata/Repositories/MechaManZero/mmz/Content/shit/shit2/polySurface22.uexp" 2161
"D:/mydata/Repositories/MechaManZero/mmz/Content/shit/shit2/polySurface219.ubulk" 2162
"D:/mydata/Repositories/MechaManZero/mmz/Content/shit/shit2/polySurface219.uasset" 2163
"D:/mydata/Repositories/MechaManZero/mmz/Content/shit/shit2/polySurface219.uexp" 2164
"D:/mydata/Repositories/MechaManZero/mmz/Content/shit/shit2/polySurface218.ubulk" 2165
"D:/mydata/Repositories/MechaManZero/mmz/Content/shit/shit2/polySurface218.uasset" 2166
"D:/mydata/Repositories/MechaManZero/mmz/Content/shit/shit2/polySurface218.uexp" 2167
"D:/mydata/Repositories/MechaManZero/mmz/Content/shit/shit2/polySurface217.ubulk" 2168
"D:/mydata/Repositories/MechaManZero/mmz/Content/shit/shit2/polySurface217.uasset" 2169
"D:/mydata/Repositories/MechaManZero/mmz/Content/shit/shit2/polySurface217.uexp" 2170
"D:/mydata/Repositories/MechaManZero/mmz/Content/shit/shit2/polySurface216.ubulk" 2171
"D:/mydata/Repositories/MechaManZero/mmz/Content/shit/shit2/polySurface216.uasset" 2172
"D:/mydata/Repositories/MechaManZero/mmz/Content/shit/shit2/polySurface216.uexp" 2173
"D:/mydata/Repositories/MechaManZero/mmz/Content/shit/shit2/polySurface215.ubulk" 2174
"D:/mydata/Repositories/MechaManZero/mmz/Content/shit/shit2/polySurface215.uasset" 2175
"D:/mydata/Repositories/MechaManZero/mmz/Content/shit/shit2/polySurface215.uexp" 2176
"D:/mydata/Repositories/MechaManZero/mmz/Content/shit/shit2/polySurface214.ubulk" 2177
"D:/mydata/Repositories/MechaManZero/mmz/Content/shit/shit2/polySurface214.uasset" 2178
"D:/mydata/Repositories/MechaManZero/mmz/Content/shit/shit2/polySurface214.uexp" 2179
"D:/mydata/Repositories/MechaManZero/mmz/Content/shit/shit2/polySurface213.ubulk" 2180
"D:/mydata/Repositories/MechaManZero/mmz/Content/shit/shit2/polySurface213.uasset" 2181
"D:/mydata/Repositories/MechaManZero/mmz/Content/shit/shit2/polySurface213.uexp" 2182
"D:/mydata/Repositories/MechaManZero/mmz/Content/shit/shit2/polySurface212.ubulk" 2183
"D:/mydata/Repositories/MechaManZero/mmz/Content/shit/shit2/polySurface212.uasset" 2184
"D:/mydata/Repositories/MechaManZero/mmz/Content/shit/shit2/polySurface212.uexp" 2185
"D:/mydata/Repositories/MechaManZero/mmz/Content/shit/shit2/polySurface211.ubulk" 2186
"D:/mydata/Repositories/MechaManZero/mmz/Content/shit/shit2/polySurface211.uasset" 2187
"D:/mydata/Repositories/MechaManZero/mmz/Content/shit/shit2/polySurface211.uexp" 2188
"D:/mydata/Repositories/MechaManZero/mmz/Content/shit/shit2/polySurface210.ubulk" 2189
"D:/mydata/Repositories/MechaManZero/mmz/Content/shit/shit2/polySurface210.uasset" 2190
"D:/mydata/Repositories/MechaManZero/mmz/Content/shit/shit2/polySurface210.uexp" 2191
"D:/mydata/Repositories/MechaManZero/mmz/Content/shit/shit2/polySurface21.ubulk" 2192
"D:/mydata/Repositories/MechaManZero/mmz/Content/shit/shit2/polySurface21.uasset" 2193
"D:/mydata/Repositories/MechaManZero/mmz/Content/shit/shit2/polySurface21.uexp" 2194
"D:/mydata/Repositories/MechaManZero/mmz/Content/shit/shit2/polySurface209.ubulk" 2195
"D:/mydata/Repositories/MechaManZero/mmz/Content/shit/shit2/polySurface209.uasset" 2196
"D:/mydata/Repositories/MechaManZero/mmz/Content/shit/shit2/polySurface209.uexp" 2197
"D:/mydata/Repositories/MechaManZero/mmz/Content/shit/shit2/polySurface208.ubulk" 2198
"D:/mydata/Repositories/MechaManZero/mmz/Content/shit/shit2/polySurface208.uasset" 2199
"D:/mydata/Repositories/MechaManZero/mmz/Content/shit/shit2/polySurface208.uexp" 2200
"D:/mydata/Repositories/MechaManZero/mmz/Content/shit/shit2/polySurface207.ubulk" 2201
"D:/mydata/Repositories/MechaManZero/mmz/Content/shit/shit2/polySurface207.uasset" 2202
"D:/mydata/Repositories/MechaManZero/mmz/Content/shit/shit2/polySurface207.uexp" 2203
"D:/mydata/Repositories/MechaManZero/mmz/Content/shit/shit2/polySurface206.ubulk" 2204
"D:/mydata/Repositories/MechaManZero/mmz/Content/shit/shit2/polySurface206.uasset" 2205
"D:/mydata/Repositories/MechaManZero/mmz/Content/shit/shit2/polySurface206.uexp" 2206
"D:/mydata/Repositories/MechaManZero/mmz/Content/shit/shit2/polySurface205.ubulk" 2207
"D:/mydata/Repositories/MechaManZero/mmz/Content/shit/shit2/polySurface205.uasset" 2208
"D:/mydata/Repositories/MechaManZero/mmz/Content/shit/shit2/polySurface205.uexp" 2209
"D:/mydata/Repositories/MechaManZero/mmz/Content/shit/shit2/polySurface204.ubulk" 2210
"D:/mydata/Repositories/MechaManZero/mmz/Content/shit/shit2/polySurface204.uasset" 2211
"D:/mydata/Repositories/MechaManZero/mmz/Content/shit/shit2/polySurface204.uexp" 2212
"D:/mydata/Repositories/MechaManZero/mmz/Content/shit/shit2/polySurface203.ubulk" 2213
"D:/mydata/Repositories/MechaManZero/mmz/Content/shit/shit2/polySurface203.uasset" 2214
"D:/mydata/Repositories/MechaManZero/mmz/Content/shit/shit2/polySurface203.uexp" 2215
"D:/mydata/Repositories/MechaManZero/mmz/Content/shit/shit2/polySurface202.ubulk" 2216
"D:/mydata/Repositories/MechaManZero/mmz/Content/shit/shit2/polySurface202.uasset" 2217
"D:/mydata/Repositories/MechaManZero/mmz/Content/shit/shit2/polySurface202.uexp" 2218
"D:/mydata/Repositories/MechaManZero/mmz/Content/shit/shit2/polySurface201.ubulk" 2219
"D:/mydata/Repositories/MechaManZero/mmz/Content/shit/shit2/polySurface201.uasset" 2220
"D:/mydata/Repositories/MechaManZero/mmz/Content/shit/shit2/polySurface201.uexp" 2221
"D:/mydata/Repositories/MechaManZero/mmz/Content/shit/shit2/polySurface200.ubulk" 2222
"D:/mydata/Repositories/MechaManZero/mmz/Content/shit/shit2/polySurface200.uasset" 2223
"D:/mydata/Repositories/MechaManZero/mmz/Content/shit/shit2/polySurface200.uexp" 2224
"D:/mydata/Repositories/MechaManZero/mmz/Content/shit/shit2/polySurface20.ubulk" 2225
"D:/mydata/Repositories/MechaManZero/mmz/Content/shit/shit2/polySurface20.uasset" 2226
"D:/mydata/Repositories/MechaManZero/mmz/Content/shit/shit2/polySurface20.uexp" 2227
"D:/mydata/Repositories/MechaManZero/mmz/Content/shit/shit2/polySurface2.ubulk" 2228
"D:/mydata/Repositories/MechaManZero/mmz/Content/shit/shit2/polySurface2.uasset" 2229
"D:/mydata/Repositories/MechaManZero/mmz/Content/shit/shit2/polySurface2.uexp" 2230
"D:/mydata/Repositories/MechaManZero/mmz/Content/shit/shit2/polySurface199.ubulk" 2231
"D:/mydata/Repositories/MechaManZero/mmz/Content/shit/shit2/polySurface199.uasset" 2232
"D:/mydata/Repositories/MechaManZero/mmz/Content/shit/shit2/polySurface199.uexp" 2233
"D:/mydata/Repositories/MechaManZero/mmz/Content/shit/shit2/polySurface198.ubulk" 2234
"D:/mydata/Repositories/MechaManZero/mmz/Content/shit/shit2/polySurface198.uasset" 2235
"D:/mydata/Repositories/MechaManZero/mmz/Content/shit/shit2/polySurface198.uexp" 2236
"D:/mydata/Repositories/MechaManZero/mmz/Content/shit/shit2/polySurface197.ubulk" 2237
"D:/mydata/Repositories/MechaManZero/mmz/Content/shit/shit2/polySurface197.uasset" 2238
"D:/mydata/Repositories/MechaManZero/mmz/Content/shit/shit2/polySurface197.uexp" 2239
"D:/mydata/Repositories/MechaManZero/mmz/Content/shit/shit2/polySurface196.ubulk" 2240
"D:/mydata/Repositories/MechaManZero/mmz/Content/shit/shit2/polySurface196.uasset" 2241
"D:/mydata/Repositories/MechaManZero/mmz/Content/shit/shit2/polySurface196.uexp" 2242
"D:/mydata/Repositories/MechaManZero/mmz/Content/shit/shit2/polySurface195.ubulk" 2243
"D:/mydata/Repositories/MechaManZero/mmz/Content/shit/shit2/polySurface195.uasset" 2244
"D:/mydata/Repositories/MechaManZero/mmz/Content/shit/shit2/polySurface195.uexp" 2245
"D:/mydata/Repositories/MechaManZero/mmz/Content/shit/shit2/polySurface194.ubulk" 2246
"D:/mydata/Repositories/MechaManZero/mmz/Content/shit/shit2/polySurface194.uasset" 2247
"D:/mydata/Repositories/MechaManZero/mmz/Content/shit/shit2/polySurface194.uexp" 2248
"D:/mydata/Repositories/MechaManZero/mmz/Content/shit/shit2/polySurface193.ubulk" 2249
"D:/mydata/Repositories/MechaManZero/mmz/Content/shit/shit2/polySurface193.uasset" 2250
"D:/mydata/Repositories/MechaManZero/mmz/Content/shit/shit2/polySurface193.uexp" 2251
"D:/mydata/Repositories/MechaManZero/mmz/Content/shit/shit2/polySurface192.ubulk" 2252
"D:/mydata/Repositories/MechaManZero/mmz/Content/shit/shit2/polySurface192.uasset" 2253
"D:/mydata/Repositories/MechaManZero/mmz/Content/shit/shit2/polySurface192.uexp" 2254
"D:/mydata/Repositories/MechaManZero/mmz/Content/shit/shit2/polySurface191.ubulk" 2255
"D:/mydata/Repositories/MechaManZero/mmz/Content/shit/shit2/polySurface191.uasset" 2256
"D:/mydata/Repositories/MechaManZero/mmz/Content/shit/shit2/polySurface191.uexp" 2257
"D:/mydata/Repositories/MechaManZero/mmz/Content/shit/shit2/polySurface190.ubulk" 2258
"D:/mydata/Repositories/MechaManZero/mmz/Content/shit/shit2/polySurface190.uasset" 2259
"D:/mydata/Repositories/MechaManZero/mmz/Content/shit/shit2/polySurface190.uexp" 2260
"D:/mydata/Repositories/MechaManZero/mmz/Content/shit/shit2/polySurface19.ubulk" 2261
"D:/mydata/Repositories/MechaManZero/mmz/Content/shit/shit2/polySurface19.uasset" 2262
"D:/mydata/Repositories/MechaManZero/mmz/Content/shit/shit2/polySurface19.uexp" 2263
"D:/mydata/Repositories/MechaManZero/mmz/Content/shit/shit2/polySurface189.ubulk" 2264
"D:/mydata/Repositories/MechaManZero/mmz/Content/shit/shit2/polySurface189.uasset" 2265
"D:/mydata/Repositories/MechaManZero/mmz/Content/shit/shit2/polySurface189.uexp" 2266
"D:/mydata/Repositories/MechaManZero/mmz/Content/shit/shit2/polySurface188.ubulk" 2267
"D:/mydata/Repositories/MechaManZero/mmz/Content/shit/shit2/polySurface188.uasset" 2268
"D:/mydata/Repositories/MechaManZero/mmz/Content/shit/shit2/polySurface188.uexp" 2269
"D:/mydata/Repositories/MechaManZero/mmz/Content/shit/shit2/polySurface187.ubulk" 2270
"D:/mydata/Repositories/MechaManZero/mmz/Content/shit/shit2/polySurface187.uasset" 2271
"D:/mydata/Repositories/MechaManZero/mmz/Content/shit/shit2/polySurface187.uexp" 2272
"D:/mydata/Repositories/MechaManZero/mmz/Content/shit/shit2/polySurface186.ubulk" 2273
"D:/mydata/Repositories/MechaManZero/mmz/Content/shit/shit2/polySurface186.uasset" 2274
"D:/mydata/Repositories/MechaManZero/mmz/Content/shit/shit2/polySurface186.uexp" 2275
"D:/mydata/Repositories/MechaManZero/mmz/Content/shit/shit2/polySurface185.ubulk" 2276
"D:/mydata/Repositories/MechaManZero/mmz/Content/shit/shit2/polySurface185.uasset" 2277
"D:/mydata/Repositories/MechaManZero/mmz/Content/shit/shit2/polySurface185.uexp" 2278
"D:/mydata/Repositories/MechaManZero/mmz/Content/shit/shit2/polySurface184.ubulk" 2279
"D:/mydata/Repositories/MechaManZero/mmz/Content/shit/shit2/polySurface184.uasset" 2280
"D:/mydata/Repositories/MechaManZero/mmz/Content/shit/shit2/polySurface184.uexp" 2281
"D:/mydata/Repositories/MechaManZero/mmz/Content/shit/shit2/polySurface183.ubulk" 2282
"D:/mydata/Repositories/MechaManZero/mmz/Content/shit/shit2/polySurface183.uasset" 2283
"D:/mydata/Repositories/MechaManZero/mmz/Content/shit/shit2/polySurface183.uexp" 2284
"D:/mydata/Repositories/MechaManZero/mmz/Content/shit/shit2/polySurface182.ubulk" 2285
"D:/mydata/Repositories/MechaManZero/mmz/Content/shit/shit2/polySurface182.uasset" 2286
"D:/mydata/Repositories/MechaManZero/mmz/Content/shit/shit2/polySurface182.uexp" 2287
"D:/mydata/Repositories/MechaManZero/mmz/Content/shit/shit2/polySurface181.ubulk" 2288
"D:/mydata/Repositories/MechaManZero/mmz/Content/shit/shit2/polySurface181.uasset" 2289
"D:/mydata/Repositories/MechaManZero/mmz/Content/shit/shit2/polySurface181.uexp" 2290
"D:/mydata/Repositories/MechaManZero/mmz/Content/shit/shit2/polySurface180.ubulk" 2291
"D:/mydata/Repositories/MechaManZero/mmz/Content/shit/shit2/polySurface180.uasset" 2292
"D:/mydata/Repositories/MechaManZero/mmz/Content/shit/shit2/polySurface180.uexp" 2293
"D:/mydata/Repositories/MechaManZero/mmz/Content/shit/shit2/polySurface18.ubulk" 2294
"D:/mydata/Repositories/MechaManZero/mmz/Content/shit/shit2/polySurface18.uasset" 2295
"D:/mydata/Repositories/MechaManZero/mmz/Content/shit/shit2/polySurface18.uexp" 2296
"D:/mydata/Repositories/MechaManZero/mmz/Content/shit/shit2/polySurface179.ubulk" 2297
"D:/mydata/Repositories/MechaManZero/mmz/Content/shit/shit2/polySurface179.uasset" 2298
"D:/mydata/Repositories/MechaManZero/mmz/Content/shit/shit2/polySurface179.uexp" 2299
"D:/mydata/Repositories/MechaManZero/mmz/Content/shit/shit2/polySurface178.ubulk" 2300
"D:/mydata/Repositories/MechaManZero/mmz/Content/shit/shit2/polySurface178.uasset" 2301
"D:/mydata/Repositories/MechaManZero/mmz/Content/shit/shit2/polySurface178.uexp" 2302
"D:/mydata/Repositories/MechaManZero/mmz/Content/shit/shit2/polySurface177.ubulk" 2303
"D:/mydata/Repositories/MechaManZero/mmz/Content/shit/shit2/polySurface177.uasset" 2304
"D:/mydata/Repositories/MechaManZero/mmz/Content/shit/shit2/polySurface177.uexp" 2305
"D:/mydata/Repositories/MechaManZero/mmz/Content/shit/shit2/polySurface176.ubulk" 2306
"D:/mydata/Repositories/MechaManZero/mmz/Content/shit/shit2/polySurface176.uasset" 2307
"D:/mydata/Repositories/MechaManZero/mmz/Content/shit/shit2/polySurface176.uexp" 2308
"D:/mydata/Repositories/MechaManZero/mmz/Content/shit/shit2/polySurface175.ubulk" 2309
"D:/mydata/Repositories/MechaManZero/mmz/Content/shit/shit2/polySurface175.uasset" 2310
"D:/mydata/Repositories/MechaManZero/mmz/Content/shit/shit2/polySurface175.uexp" 2311
"D:/mydata/Repositories/MechaManZero/mmz/Content/shit/shit2/polySurface174.ubulk" 2312
"D:/mydata/Repositories/MechaManZero/mmz/Content/shit/shit2/polySurface174.uasset" 2313
"D:/mydata/Repositories/MechaManZero/mmz/Content/shit/shit2/polySurface174.uexp" 2314
"D:/mydata/Repositories/MechaManZero/mmz/Content/shit/shit2/polySurface173.ubulk" 2315
"D:/mydata/Repositories/MechaManZero/mmz/Content/shit/shit2/polySurface173.uasset" 2316
"D:/mydata/Repositories/MechaManZero/mmz/Content/shit/shit2/polySurface173.uexp" 2317
"D:/mydata/Repositories/MechaManZero/mmz/Content/shit/shit2/polySurface172.ubulk" 2318
"D:/mydata/Repositories/MechaManZero/mmz/Content/shit/shit2/polySurface172.uasset" 2319
"D:/mydata/Repositories/MechaManZero/mmz/Content/shit/shit2/polySurface172.uexp" 2320
"D:/mydata/Repositories/MechaManZero/mmz/Content/shit/shit2/polySurface171.ubulk" 2321
"D:/mydata/Repositories/MechaManZero/mmz/Content/shit/shit2/polySurface171.uasset" 2322
"D:/mydata/Repositories/MechaManZero/mmz/Content/shit/shit2/polySurface171.uexp" 2323
"D:/mydata/Repositories/MechaManZero/mmz/Content/shit/shit2/polySurface170.ubulk" 2324
"D:/mydata/Repositories/MechaManZero/mmz/Content/shit/shit2/polySurface170.uasset" 2325
"D:/mydata/Repositories/MechaManZero/mmz/Content/shit/shit2/polySurface170.uexp" 2326
"D:/mydata/Repositories/MechaManZero/mmz/Content/shit/shit2/polySurface17.ubulk" 2327
"D:/mydata/Repositories/MechaManZero/mmz/Content/shit/shit2/polySurface17.uasset" 2328
"D:/mydata/Repositories/MechaManZero/mmz/Content/shit/shit2/polySurface17.uexp" 2329
"D:/mydata/Repositories/MechaManZero/mmz/Content/shit/shit2/polySurface169.ubulk" 2330
"D:/mydata/Repositories/MechaManZero/mmz/Content/shit/shit2/polySurface169.uasset" 2331
"D:/mydata/Repositories/MechaManZero/mmz/Content/shit/shit2/polySurface169.uexp" 2332
"D:/mydata/Repositories/MechaManZero/mmz/Content/shit/shit2/polySurface168.ubulk" 2333
"D:/mydata/Repositories/MechaManZero/mmz/Content/shit/shit2/polySurface168.uasset" 2334
"D:/mydata/Repositories/MechaManZero/mmz/Content/shit/shit2/polySurface168.uexp" 2335
"D:/mydata/Repositories/MechaManZero/mmz/Content/shit/shit2/polySurface167.ubulk" 2336
"D:/mydata/Repositories/MechaManZero/mmz/Content/shit/shit2/polySurface167.uasset" 2337
"D:/mydata/Repositories/MechaManZero/mmz/Content/shit/shit2/polySurface167.uexp" 2338
"D:/mydata/Repositories/MechaManZero/mmz/Content/shit/shit2/polySurface166.ubulk" 2339
"D:/mydata/Repositories/MechaManZero/mmz/Content/shit/shit2/polySurface166.uasset" 2340
"D:/mydata/Repositories/MechaManZero/mmz/Content/shit/shit2/polySurface166.uexp" 2341
"D:/mydata/Repositories/MechaManZero/mmz/Content/shit/shit2/polySurface165.ubulk" 2342
"D:/mydata/Repositories/MechaManZero/mmz/Content/shit/shit2/polySurface165.uasset" 2343
"D:/mydata/Repositories/MechaManZero/mmz/Content/shit/shit2/polySurface165.uexp" 2344
"D:/mydata/Repositories/MechaManZero/mmz/Content/shit/shit2/polySurface164.ubulk" 2345
"D:/mydata/Repositories/MechaManZero/mmz/Content/shit/shit2/polySurface164.uasset" 2346
"D:/mydata/Repositories/MechaManZero/mmz/Content/shit/shit2/polySurface164.uexp" 2347
"D:/mydata/Repositories/MechaManZero/mmz/Content/shit/shit2/polySurface163.ubulk" 2348
"D:/mydata/Repositories/MechaManZero/mmz/Content/shit/shit2/polySurface163.uasset" 2349
"D:/mydata/Repositories/MechaManZero/mmz/Content/shit/shit2/polySurface163.uexp" 2350
"D:/mydata/Repositories/MechaManZero/mmz/Content/shit/shit2/polySurface162.ubulk" 2351
"D:/mydata/Repositories/MechaManZero/mmz/Content/shit/shit2/polySurface162.uasset" 2352
"D:/mydata/Repositories/MechaManZero/mmz/Content/shit/shit2/polySurface162.uexp" 2353
"D:/mydata/Repositories/MechaManZero/mmz/Content/shit/shit2/polySurface161.ubulk" 2354
"D:/mydata/Repositories/MechaManZero/mmz/Content/shit/shit2/polySurface161.uasset" 2355
"D:/mydata/Repositories/MechaManZero/mmz/Content/shit/shit2/polySurface161.uexp" 2356
"D:/mydata/Repositories/MechaManZero/mmz/Content/shit/shit2/polySurface160.ubulk" 2357
"D:/mydata/Repositories/MechaManZero/mmz/Content/shit/shit2/polySurface160.uasset" 2358
"D:/mydata/Repositories/MechaManZero/mmz/Content/shit/shit2/polySurface160.uexp" 2359
"D:/mydata/Repositories/MechaManZero/mmz/Content/shit/shit2/polySurface16.ubulk" 2360
"D:/mydata/Repositories/MechaManZero/mmz/Content/shit/shit2/polySurface16.uasset" 2361
"D:/mydata/Repositories/MechaManZero/mmz/Content/shit/shit2/polySurface16.uexp" 2362
"D:/mydata/Repositories/MechaManZero/mmz/Content/shit/shit2/polySurface159.ubulk" 2363
"D:/mydata/Repositories/MechaManZero/mmz/Content/shit/shit2/polySurface159.uasset" 2364
"D:/mydata/Repositories/MechaManZero/mmz/Content/shit/shit2/polySurface159.uexp" 2365
"D:/mydata/Repositories/MechaManZero/mmz/Content/shit/shit2/polySurface158.ubulk" 2366
"D:/mydata/Repositories/MechaManZero/mmz/Content/shit/shit2/polySurface158.uasset" 2367
"D:/mydata/Repositories/MechaManZero/mmz/Content/shit/shit2/polySurface158.uexp" 2368
"D:/mydata/Repositories/MechaManZero/mmz/Content/shit/shit2/polySurface157.ubulk" 2369
"D:/mydata/Repositories/MechaManZero/mmz/Content/shit/shit2/polySurface157.uasset" 2370
"D:/mydata/Repositories/MechaManZero/mmz/Content/shit/shit2/polySurface157.uexp" 2371
"D:/mydata/Repositories/MechaManZero/mmz/Content/shit/shit2/polySurface156.ubulk" 2372
"D:/mydata/Repositories/MechaManZero/mmz/Content/shit/shit2/polySurface156.uasset" 2373
"D:/mydata/Repositories/MechaManZero/mmz/Content/shit/shit2/polySurface156.uexp" 2374
"D:/mydata/Repositories/MechaManZero/mmz/Content/shit/shit2/polySurface155.ubulk" 2375
"D:/mydata/Repositories/MechaManZero/mmz/Content/shit/shit2/polySurface155.uasset" 2376
"D:/mydata/Repositories/MechaManZero/mmz/Content/shit/shit2/polySurface155.uexp" 2377
"D:/mydata/Repositories/MechaManZero/mmz/Content/shit/shit2/polySurface154.ubulk" 2378
"D:/mydata/Repositories/MechaManZero/mmz/Content/shit/shit2/polySurface154.uasset" 2379
"D:/mydata/Repositories/MechaManZero/mmz/Content/shit/shit2/polySurface154.uexp" 2380
"D:/mydata/Repositories/MechaManZero/mmz/Content/shit/shit2/polySurface153.ubulk" 2381
"D:/mydata/Repositories/MechaManZero/mmz/Content/shit/shit2/polySurface153.uasset" 2382
"D:/mydata/Repositories/MechaManZero/mmz/Content/shit/shit2/polySurface153.uexp" 2383
"D:/mydata/Repositories/MechaManZero/mmz/Content/shit/shit2/polySurface152.ubulk" 2384
"D:/mydata/Repositories/MechaManZero/mmz/Content/shit/shit2/polySurface152.uasset" 2385
"D:/mydata/Repositories/MechaManZero/mmz/Content/shit/shit2/polySurface152.uexp" 2386
"D:/mydata/Repositories/MechaManZero/mmz/Content/shit/shit2/polySurface151.ubulk" 2387
"D:/mydata/Repositories/MechaManZero/mmz/Content/shit/shit2/polySurface151.uasset" 2388
"D:/mydata/Repositories/MechaManZero/mmz/Content/shit/shit2/polySurface151.uexp" 2389
"D:/mydata/Repositories/MechaManZero/mmz/Content/shit/shit2/polySurface150.ubulk" 2390
"D:/mydata/Repositories/MechaManZero/mmz/Content/shit/shit2/polySurface150.uasset" 2391
"D:/mydata/Repositories/MechaManZero/mmz/Content/shit/shit2/polySurface150.uexp" 2392
"D:/mydata/Repositories/MechaManZero/mmz/Content/shit/shit2/polySurface15.ubulk" 2393
"D:/mydata/Repositories/MechaManZero/mmz/Content/shit/shit2/polySurface15.uasset" 2394
"D:/mydata/Repositories/MechaManZero/mmz/Content/shit/shit2/polySurface15.uexp" 2395
"D:/mydata/Repositories/MechaManZero/mmz/Content/shit/shit2/polySurface149.ubulk" 2396
"D:/mydata/Repositories/MechaManZero/mmz/Content/shit/shit2/polySurface149.uasset" 2397
"D:/mydata/Repositories/MechaManZero/mmz/Content/shit/shit2/polySurface149.uexp" 2398
"D:/mydata/Repositories/MechaManZero/mmz/Content/shit/shit2/polySurface148.ubulk" 2399
"D:/mydata/Repositories/MechaManZero/mmz/Content/shit/shit2/polySurface148.uasset" 2400
"D:/mydata/Repositories/MechaManZero/mmz/Content/shit/shit2/polySurface148.uexp" 2401
"D:/mydata/Repositories/MechaManZero/mmz/Content/shit/shit2/polySurface147.ubulk" 2402
"D:/mydata/Repositories/MechaManZero/mmz/Content/shit/shit2/polySurface147.uasset" 2403
"D:/mydata/Repositories/MechaManZero/mmz/Content/shit/shit2/polySurface147.uexp" 2404
"D:/mydata/Repositories/MechaManZero/mmz/Content/shit/shit2/polySurface146.ubulk" 2405
"D:/mydata/Repositories/MechaManZero/mmz/Content/shit/shit2/polySurface146.uasset" 2406
"D:/mydata/Repositories/MechaManZero/mmz/Content/shit/shit2/polySurface146.uexp" 2407
"D:/mydata/Repositories/MechaManZero/mmz/Content/shit/shit2/polySurface145.ubulk" 2408
"D:/mydata/Repositories/MechaManZero/mmz/Content/shit/shit2/polySurface145.uasset" 2409
"D:/mydata/Repositories/MechaManZero/mmz/Content/shit/shit2/polySurface145.uexp" 2410
"D:/mydata/Repositories/MechaManZero/mmz/Content/shit/shit2/polySurface144.ubulk" 2411
"D:/mydata/Repositories/MechaManZero/mmz/Content/shit/shit2/polySurface144.uasset" 2412
"D:/mydata/Repositories/MechaManZero/mmz/Content/shit/shit2/polySurface144.uexp" 2413
"D:/mydata/Repositories/MechaManZero/mmz/Content/shit/shit2/polySurface143.ubulk" 2414
"D:/mydata/Repositories/MechaManZero/mmz/Content/shit/shit2/polySurface143.uasset" 2415
"D:/mydata/Repositories/MechaManZero/mmz/Content/shit/shit2/polySurface143.uexp" 2416
"D:/mydata/Repositories/MechaManZero/mmz/Content/shit/shit2/polySurface142.ubulk" 2417
"D:/mydata/Repositories/MechaManZero/mmz/Content/shit/shit2/polySurface142.uasset" 2418
"D:/mydata/Repositories/MechaManZero/mmz/Content/shit/shit2/polySurface142.uexp" 2419
"D:/mydata/Repositories/MechaManZero/mmz/Content/shit/shit2/polySurface141.ubulk" 2420
"D:/mydata/Repositories/MechaManZero/mmz/Content/shit/shit2/polySurface141.uasset" 2421
"D:/mydata/Repositories/MechaManZero/mmz/Content/shit/shit2/polySurface141.uexp" 2422
"D:/mydata/Repositories/MechaManZero/mmz/Content/shit/shit2/polySurface140.ubulk" 2423
"D:/mydata/Repositories/MechaManZero/mmz/Content/shit/shit2/polySurface140.uasset" 2424
"D:/mydata/Repositories/MechaManZero/mmz/Content/shit/shit2/polySurface140.uexp" 2425
"D:/mydata/Repositories/MechaManZero/mmz/Content/shit/shit2/polySurface14.ubulk" 2426
"D:/mydata/Repositories/MechaManZero/mmz/Content/shit/shit2/polySurface14.uasset" 2427
"D:/mydata/Repositories/MechaManZero/mmz/Content/shit/shit2/polySurface14.uexp" 2428
"D:/mydata/Repositories/MechaManZero/mmz/Content/shit/shit2/polySurface139.ubulk" 2429
"D:/mydata/Repositories/MechaManZero/mmz/Content/shit/shit2/polySurface139.uasset" 2430
"D:/mydata/Repositories/MechaManZero/mmz/Content/shit/shit2/polySurface139.uexp" 2431
"D:/mydata/Repositories/MechaManZero/mmz/Content/shit/shit2/polySurface138.ubulk" 2432
"D:/mydata/Repositories/MechaManZero/mmz/Content/shit/shit2/polySurface138.uasset" 2433
"D:/mydata/Repositories/MechaManZero/mmz/Content/shit/shit2/polySurface138.uexp" 2434
"D:/mydata/Repositories/MechaManZero/mmz/Content/shit/shit2/polySurface137.ubulk" 2435
"D:/mydata/Repositories/MechaManZero/mmz/Content/shit/shit2/polySurface137.uasset" 2436
"D:/mydata/Repositories/MechaManZero/mmz/Content/shit/shit2/polySurface137.uexp" 2437
"D:/mydata/Repositories/MechaManZero/mmz/Content/shit/shit2/polySurface136.ubulk" 2438
"D:/mydata/Repositories/MechaManZero/mmz/Content/shit/shit2/polySurface136.uasset" 2439
"D:/mydata/Repositories/MechaManZero/mmz/Content/shit/shit2/polySurface136.uexp" 2440
"D:/mydata/Repositories/MechaManZero/mmz/Content/shit/shit2/polySurface1356.ubulk" 2441
"D:/mydata/Repositories/MechaManZero/mmz/Content/shit/shit2/polySurface1356.uasset" 2442
"D:/mydata/Repositories/MechaManZero/mmz/Content/shit/shit2/polySurface1356.uexp" 2443
"D:/mydata/Repositories/MechaManZero/mmz/Content/shit/shit2/polySurface130.ubulk" 2444
"D:/mydata/Repositories/MechaManZero/mmz/Content/shit/shit2/polySurface130.uasset" 2445
"D:/mydata/Repositories/MechaManZero/mmz/Content/shit/shit2/polySurface130.uexp" 2446
"D:/mydata/Repositories/MechaManZero/mmz/Content/shit/shit2/polySurface13.ubulk" 2447
"D:/mydata/Repositories/MechaManZero/mmz/Content/shit/shit2/polySurface13.uasset" 2448
"D:/mydata/Repositories/MechaManZero/mmz/Content/shit/shit2/polySurface13.uexp" 2449
"D:/mydata/Repositories/MechaManZero/mmz/Content/shit/shit2/polySurface129.ubulk" 2450
"D:/mydata/Repositories/MechaManZero/mmz/Content/shit/shit2/polySurface129.uasset" 2451
"D:/mydata/Repositories/MechaManZero/mmz/Content/shit/shit2/polySurface129.uexp" 2452
"D:/mydata/Repositories/MechaManZero/mmz/Content/shit/shit2/polySurface128.ubulk" 2453
"D:/mydata/Repositories/MechaManZero/mmz/Content/shit/shit2/polySurface128.uasset" 2454
"D:/mydata/Repositories/MechaManZero/mmz/Content/shit/shit2/polySurface128.uexp" 2455
"D:/mydata/Repositories/MechaManZero/mmz/Content/shit/shit2/polySurface127.ubulk" 2456
"D:/mydata/Repositories/MechaManZero/mmz/Content/shit/shit2/polySurface127.uasset" 2457
"D:/mydata/Repositories/MechaManZero/mmz/Content/shit/shit2/polySurface127.uexp" 2458
"D:/mydata/Repositories/MechaManZero/mmz/Content/shit/shit2/polySurface126.ubulk" 2459
"D:/mydata/Repositories/MechaManZero/mmz/Content/shit/shit2/polySurface126.uasset" 2460
"D:/mydata/Repositories/MechaManZero/mmz/Content/shit/shit2/polySurface126.uexp" 2461
"D:/mydata/Repositories/MechaManZero/mmz/Content/shit/shit2/polySurface125.ubulk" 2462
"D:/mydata/Repositories/MechaManZero/mmz/Content/shit/shit2/polySurface125.uasset" 2463
"D:/mydata/Repositories/MechaManZero/mmz/Content/shit/shit2/polySurface125.uexp" 2464
"D:/mydata/Repositories/MechaManZero/mmz/Content/shit/shit2/polySurface124.ubulk" 2465
"D:/mydata/Repositories/MechaManZero/mmz/Content/shit/shit2/polySurface124.uasset" 2466
"D:/mydata/Repositories/MechaManZero/mmz/Content/shit/shit2/polySurface124.uexp" 2467
"D:/mydata/Repositories/MechaManZero/mmz/Content/shit/shit2/polySurface123.ubulk" 2468
"D:/mydata/Repositories/MechaManZero/mmz/Content/shit/shit2/polySurface123.uasset" 2469
"D:/mydata/Repositories/MechaManZero/mmz/Content/shit/shit2/polySurface123.uexp" 2470
"D:/mydata/Repositories/MechaManZero/mmz/Content/shit/shit2/polySurface122.ubulk" 2471
"D:/mydata/Repositories/MechaManZero/mmz/Content/shit/shit2/polySurface122.uasset" 2472
"D:/mydata/Repositories/MechaManZero/mmz/Content/shit/shit2/polySurface122.uexp" 2473
"D:/mydata/Repositories/MechaManZero/mmz/Content/shit/shit2/polySurface121.ubulk" 2474
"D:/mydata/Repositories/MechaManZero/mmz/Content/shit/shit2/polySurface121.uasset" 2475
"D:/mydata/Repositories/MechaManZero/mmz/Content/shit/shit2/polySurface121.uexp" 2476
"D:/mydata/Repositories/MechaManZero/mmz/Content/shit/shit2/polySurface120.ubulk" 2477
"D:/mydata/Repositories/MechaManZero/mmz/Content/shit/shit2/polySurface120.uasset" 2478
"D:/mydata/Repositories/MechaManZero/mmz/Content/shit/shit2/polySurface120.uexp" 2479
"D:/mydata/Repositories/MechaManZero/mmz/Content/shit/shit2/polySurface12.ubulk" 2480
"D:/mydata/Repositories/MechaManZero/mmz/Content/shit/shit2/polySurface12.uasset" 2481
"D:/mydata/Repositories/MechaManZero/mmz/Content/shit/shit2/polySurface12.uexp" 2482
"D:/mydata/Repositories/MechaManZero/mmz/Content/shit/shit2/polySurface119.ubulk" 2483
"D:/mydata/Repositories/MechaManZero/mmz/Content/shit/shit2/polySurface119.uasset" 2484
"D:/mydata/Repositories/MechaManZero/mmz/Content/shit/shit2/polySurface119.uexp" 2485
"D:/mydata/Repositories/MechaManZero/mmz/Content/shit/shit2/polySurface118.ubulk" 2486
"D:/mydata/Repositories/MechaManZero/mmz/Content/shit/shit2/polySurface118.uasset" 2487
"D:/mydata/Repositories/MechaManZero/mmz/Content/shit/shit2/polySurface118.uexp" 2488
"D:/mydata/Repositories/MechaManZero/mmz/Content/shit/shit2/polySurface117.ubulk" 2489
"D:/mydata/Repositories/MechaManZero/mmz/Content/shit/shit2/polySurface117.uasset" 2490
"D:/mydata/Repositories/MechaManZero/mmz/Content/shit/shit2/polySurface117.uexp" 2491
"D:/mydata/Repositories/MechaManZero/mmz/Content/shit/shit2/polySurface116.ubulk" 2492
"D:/mydata/Repositories/MechaManZero/mmz/Content/shit/shit2/polySurface116.uasset" 2493
"D:/mydata/Repositories/MechaManZero/mmz/Content/shit/shit2/polySurface116.uexp" 2494
"D:/mydata/Repositories/MechaManZero/mmz/Content/shit/shit2/polySurface11516.ubulk" 2495
"D:/mydata/Repositories/MechaManZero/mmz/Content/shit/shit2/polySurface11516.uasset" 2496
"D:/mydata/Repositories/MechaManZero/mmz/Content/shit/shit2/polySurface11516.uexp" 2497
"D:/mydata/Repositories/MechaManZero/mmz/Content/shit/shit2/polySurface110.ubulk" 2498
"D:/mydata/Repositories/MechaManZero/mmz/Content/shit/shit2/polySurface110.uasset" 2499
"D:/mydata/Repositories/MechaManZero/mmz/Content/shit/shit2/polySurface110.uexp" 2500
"D:/mydata/Repositories/MechaManZero/mmz/Content/shit/shit2/polySurface11.ubulk" 2501
"D:/mydata/Repositories/MechaManZero/mmz/Content/shit/shit2/polySurface11.uasset" 2502
"D:/mydata/Repositories/MechaManZero/mmz/Content/shit/shit2/polySurface11.uexp" 2503
"D:/mydata/Repositories/MechaManZero/mmz/Content/shit/shit2/polySurface109.ubulk" 2504
"D:/mydata/Repositories/MechaManZero/mmz/Content/shit/shit2/polySurface109.uasset" 2505
"D:/mydata/Repositories/MechaManZero/mmz/Content/shit/shit2/polySurface109.uexp" 2506
"D:/mydata/Repositories/MechaManZero/mmz/Content/shit/shit2/polySurface108.ubulk" 2507
"D:/mydata/Repositories/MechaManZero/mmz/Content/shit/shit2/polySurface108.uasset" 2508
"D:/mydata/Repositories/MechaManZero/mmz/Content/shit/shit2/polySurface108.uexp" 2509
"D:/mydata/Repositories/MechaManZero/mmz/Content/shit/shit2/polySurface107.ubulk" 2510
"D:/mydata/Repositories/MechaManZero/mmz/Content/shit/shit2/polySurface107.uasset" 2511
"D:/mydata/Repositories/MechaManZero/mmz/Content/shit/shit2/polySurface107.uexp" 2512
"D:/mydata/Repositories/MechaManZero/mmz/Content/shit/shit2/polySurface106.ubulk" 2513
"D:/mydata/Repositories/MechaManZero/mmz/Content/shit/shit2/polySurface106.uasset" 2514
"D:/mydata/Repositories/MechaManZero/mmz/Content/shit/shit2/polySurface106.uexp" 2515
"D:/mydata/Repositories/MechaManZero/mmz/Content/shit/shit2/polySurface10217.ubulk" 2516
"D:/mydata/Repositories/MechaManZero/mmz/Content/shit/shit2/polySurface10217.uasset" 2517
"D:/mydata/Repositories/MechaManZero/mmz/Content/shit/shit2/polySurface10217.uexp" 2518
"D:/mydata/Repositories/MechaManZero/mmz/Content/shit/shit2/polySurface100.ubulk" 2519
"D:/mydata/Repositories/MechaManZero/mmz/Content/shit/shit2/polySurface100.uasset" 2520
"D:/mydata/Repositories/MechaManZero/mmz/Content/shit/shit2/polySurface100.uexp" 2521
"D:/mydata/Repositories/MechaManZero/mmz/Content/shit/shit2/polySurface10.ubulk" 2522
"D:/mydata/Repositories/MechaManZero/mmz/Content/shit/shit2/polySurface10.uasset" 2523
"D:/mydata/Repositories/MechaManZero/mmz/Content/shit/shit2/polySurface10.uexp" 2524
"D:/mydata/Repositories/MechaManZero/mmz/Content/shit/shit2/polySurface1.ubulk" 2525
"D:/mydata/Repositories/MechaManZero/mmz/Content/shit/shit2/polySurface1.uasset" 2526
"D:/mydata/Repositories/MechaManZero/mmz/Content/shit/shit2/polySurface1.uexp" 2527
"D:/mydata/Repositories/MechaManZero/mmz/Content/shit/shit2/pCylinder80.ubulk" 2528
"D:/mydata/Repositories/MechaManZero/mmz/Content/shit/shit2/pCylinder80.uasset" 2529
"D:/mydata/Repositories/MechaManZero/mmz/Content/shit/shit2/pCylinder80.uexp" 2530
"D:/mydata/Repositories/MechaManZero/mmz/Content/shit/shit2/pCylinder79.ubulk" 2531
"D:/mydata/Repositories/MechaManZero/mmz/Content/shit/shit2/pCylinder79.uasset" 2532
"D:/mydata/Repositories/MechaManZero/mmz/Content/shit/shit2/pCylinder79.uexp" 2533
"D:/mydata/Repositories/MechaManZero/mmz/Content/shit/shit2/pCylinder52.ubulk" 2534
"D:/mydata/Repositories/MechaManZero/mmz/Content/shit/shit2/pCylinder52.uasset" 2535
"D:/mydata/Repositories/MechaManZero/mmz/Content/shit/shit2/pCylinder52.uexp" 2536
"D:/mydata/Repositories/MechaManZero/mmz/Content/shit/shit2/pCylinder51.ubulk" 2537
"D:/mydata/Repositories/MechaManZero/mmz/Content/shit/shit2/pCylinder51.uasset" 2538
"D:/mydata/Repositories/MechaManZero/mmz/Content/shit/shit2/pCylinder51.uexp" 2539
"D:/mydata/Repositories/MechaManZero/mmz/Content/shit/shit2/pCube72.ubulk" 2540
"D:/mydata/Repositories/MechaManZero/mmz/Content/shit/shit2/pCube72.uasset" 2541
"D:/mydata/Repositories/MechaManZero/mmz/Content/shit/shit2/pCube72.uexp" 2542
"D:/mydata/Repositories/MechaManZero/mmz/Content/shit/shit2/pCube71.ubulk" 2543
"D:/mydata/Repositories/MechaManZero/mmz/Content/shit/shit2/pCube71.uasset" 2544
"D:/mydata/Repositories/MechaManZero/mmz/Content/shit/shit2/pCube71.uexp" 2545
"D:/mydata/Repositories/MechaManZero/mmz/Content/shit/shit2/pCube70.ubulk" 2546
"D:/mydata/Repositories/MechaManZero/mmz/Content/shit/shit2/pCube70.uasset" 2547
"D:/mydata/Repositories/MechaManZero/mmz/Content/shit/shit2/pCube70.uexp" 2548
"D:/mydata/Repositories/MechaManZero/mmz/Content/shit/shit2/pCube69.ubulk" 2549
"D:/mydata/Repositories/MechaManZero/mmz/Content/shit/shit2/pCube69.uasset" 2550
"D:/mydata/Repositories/MechaManZero/mmz/Content/shit/shit2/pCube69.uexp" 2551
"D:/mydata/Repositories/MechaManZero/mmz/Content/shit/shit2/pCube68.ubulk" 2552
"D:/mydata/Repositories/MechaManZero/mmz/Content/shit/shit2/pCube68.uasset" 2553
"D:/mydata/Repositories/MechaManZero/mmz/Content/shit/shit2/pCube68.uexp" 2554
"D:/mydata/Repositories/MechaManZero/mmz/Content/shit/shit2/pCube67.ubulk" 2555
"D:/mydata/Repositories/MechaManZero/mmz/Content/shit/shit2/pCube67.uasset" 2556
"D:/mydata/Repositories/MechaManZero/mmz/Content/shit/shit2/pCube67.uexp" 2557
"D:/mydata/Repositories/MechaManZero/mmz/Content/shit/shit2/pCube66.ubulk" 2558
"D:/mydata/Repositories/MechaManZero/mmz/Content/shit/shit2/pCube66.uasset" 2559
"D:/mydata/Repositories/MechaManZero/mmz/Content/shit/shit2/pCube66.uexp" 2560
"D:/mydata/Repositories/MechaManZero/mmz/Content/shit/shit2/pCube65.ubulk" 2561
"D:/mydata/Repositories/MechaManZero/mmz/Content/shit/shit2/pCube65.uasset" 2562
"D:/mydata/Repositories/MechaManZero/mmz/Content/shit/shit2/pCube65.uexp" 2563
"D:/mydata/Repositories/MechaManZero/mmz/Content/shit/shit2/pCube64.ubulk" 2564
"D:/mydata/Repositories/MechaManZero/mmz/Content/shit/shit2/pCube64.uasset" 2565
"D:/mydata/Repositories/MechaManZero/mmz/Content/shit/shit2/pCube64.uexp" 2566
"D:/mydata/Repositories/MechaManZero/mmz/Content/shit/shit2/pCube63.ubulk" 2567
"D:/mydata/Repositories/MechaManZero/mmz/Content/shit/shit2/pCube63.uasset" 2568
"D:/mydata/Repositories/MechaManZero/mmz/Content/shit/shit2/pCube63.uexp" 2569
"D:/mydata/Repositories/MechaManZero/mmz/Content/shit/shit2/pCube62.ubulk" 2570
"D:/mydata/Repositories/MechaManZero/mmz/Content/shit/shit2/pCube62.uasset" 2571
"D:/mydata/Repositories/MechaManZero/mmz/Content/shit/shit2/pCube62.uexp" 2572
"D:/mydata/Repositories/MechaManZero/mmz/Content/shit/shit2/pCube61.ubulk" 2573
"D:/mydata/Repositories/MechaManZero/mmz/Content/shit/shit2/pCube61.uasset" 2574
"D:/mydata/Repositories/MechaManZero/mmz/Content/shit/shit2/pCube61.uexp" 2575
"D:/mydata/Repositories/MechaManZero/mmz/Content/shit/shit2/pCube60.ubulk" 2576
"D:/mydata/Repositories/MechaManZero/mmz/Content/shit/shit2/pCube60.uasset" 2577
"D:/mydata/Repositories/MechaManZero/mmz/Content/shit/shit2/pCube60.uexp" 2578
"D:/mydata/Repositories/MechaManZero/mmz/Content/shit/shit2/pCube59.ubulk" 2579
"D:/mydata/Repositories/MechaManZero/mmz/Content/shit/shit2/pCube59.uasset" 2580
"D:/mydata/Repositories/MechaManZero/mmz/Content/shit/shit2/pCube59.uexp" 2581
"D:/mydata/Repositories/MechaManZero/mmz/Content/shit/shit2/pCube58.ubulk" 2582
"D:/mydata/Repositories/MechaManZero/mmz/Content/shit/shit2/pCube58.uasset" 2583
"D:/mydata/Repositories/MechaManZero/mmz/Content/shit/shit2/pCube58.uexp" 2584
"D:/mydata/Repositories/MechaManZero/mmz/Content/shit/shit2/pCube57.ubulk" 2585
"D:/mydata/Repositories/MechaManZero/mmz/Content/shit/shit2/pCube57.uasset" 2586
"D:/mydata/Repositories/MechaManZero/mmz/Content/shit/shit2/pCube57.uexp" 2587
"D:/mydata/Repositories/MechaManZero/mmz/Content/shit/shit2/pCube56.ubulk" 2588
"D:/mydata/Repositories/MechaManZero/mmz/Content/shit/shit2/pCube56.uasset" 2589
"D:/mydata/Repositories/MechaManZero/mmz/Content/shit/shit2/pCube56.uexp" 2590
"D:/mydata/Repositories/MechaManZero/mmz/Content/shit/shit2/pCube55.ubulk" 2591
"D:/mydata/Repositories/MechaManZero/mmz/Content/shit/shit2/pCube55.uasset" 2592
"D:/mydata/Repositories/MechaManZero/mmz/Content/shit/shit2/pCube55.uexp" 2593
"D:/mydata/Repositories/MechaManZero/mmz/Content/shit/shit2/pCube54.ubulk" 2594
"D:/mydata/Repositories/MechaManZero/mmz/Content/shit/shit2/pCube54.uasset" 2595
"D:/mydata/Repositories/MechaManZero/mmz/Content/shit/shit2/pCube54.uexp" 2596
"D:/mydata/Repositories/MechaManZero/mmz/Content/shit/shit2/pCube53.ubulk" 2597
"D:/mydata/Repositories/MechaManZero/mmz/Content/shit/shit2/pCube53.uasset" 2598
"D:/mydata/Repositories/MechaManZero/mmz/Content/shit/shit2/pCube53.uexp" 2599
"D:/mydata/Repositories/MechaManZero/mmz/Content/shit/shit2/pCube52.ubulk" 2600
"D:/mydata/Repositories/MechaManZero/mmz/Content/shit/shit2/pCube52.uasset" 2601
"D:/mydata/Repositories/MechaManZero/mmz/Content/shit/shit2/pCube52.uexp" 2602
"D:/mydata/Repositories/MechaManZero/mmz/Content/shit/shit2/pCube51.ubulk" 2603
"D:/mydata/Repositories/MechaManZero/mmz/Content/shit/shit2/pCube51.uasset" 2604
"D:/mydata/Repositories/MechaManZero/mmz/Content/shit/shit2/pCube51.uexp" 2605
"D:/mydata/Repositories/MechaManZero/mmz/Content/shit/shit2/pCube50.ubulk" 2606
"D:/mydata/Repositories/MechaManZero/mmz/Content/shit/shit2/pCube50.uasset" 2607
"D:/mydata/Repositories/MechaManZero/mmz/Content/shit/shit2/pCube50.uexp" 2608
"D:/mydata/Repositories/MechaManZero/mmz/Content/shit/shit2/pCube48.ubulk" 2609
"D:/mydata/Repositories/MechaManZero/mmz/Content/shit/shit2/pCube48.uasset" 2610
"D:/mydata/Repositories/MechaManZero/mmz/Content/shit/shit2/pCube48.uexp" 2611
"D:/mydata/Repositories/MechaManZero/mmz/Content/shit/shit2/pCube47.ubulk" 2612
"D:/mydata/Repositories/MechaManZero/mmz/Content/shit/shit2/pCube47.uasset" 2613
"D:/mydata/Repositories/MechaManZero/mmz/Content/shit/shit2/pCube47.uexp" 2614
"D:/mydata/Repositories/MechaManZero/mmz/Content/shit/shit2/pCube45.ubulk" 2615
"D:/mydata/Repositories/MechaManZero/mmz/Content/shit/shit2/pCube45.uasset" 2616
"D:/mydata/Repositories/MechaManZero/mmz/Content/shit/shit2/pCube45.uexp" 2617
"D:/mydata/Repositories/MechaManZero/mmz/Content/shit/shit2/pCube44.ubulk" 2618
"D:/mydata/Repositories/MechaManZero/mmz/Content/shit/shit2/pCube44.uasset" 2619
"D:/mydata/Repositories/MechaManZero/mmz/Content/shit/shit2/pCube44.uexp" 2620
"D:/mydata/Repositories/MechaManZero/mmz/Content/shit/shit2/pCube43.ubulk" 2621
"D:/mydata/Repositories/MechaManZero/mmz/Content/shit/shit2/pCube43.uasset" 2622
"D:/mydata/Repositories/MechaManZero/mmz/Content/shit/shit2/pCube43.uexp" 2623
"D:/mydata/Repositories/MechaManZero/mmz/Content/shit/shit2/pCube42.ubulk" 2624
"D:/mydata/Repositories/MechaManZero/mmz/Content/shit/shit2/pCube42.uasset" 2625
"D:/mydata/Repositories/MechaManZero/mmz/Content/shit/shit2/pCube42.uexp" 2626
"D:/mydata/Repositories/MechaManZero/mmz/Content/shit/shit2/pCube41.ubulk" 2627
"D:/mydata/Repositories/MechaManZero/mmz/Content/shit/shit2/pCube41.uasset" 2628
"D:/mydata/Repositories/MechaManZero/mmz/Content/shit/shit2/pCube41.uexp" 2629
"D:/mydata/Repositories/MechaManZero/mmz/Content/shit/shit2/pCube40.ubulk" 2630
"D:/mydata/Repositories/MechaManZero/mmz/Content/shit/shit2/pCube40.uasset" 2631
"D:/mydata/Repositories/MechaManZero/mmz/Content/shit/shit2/pCube40.uexp" 2632
"D:/mydata/Repositories/MechaManZero/mmz/Content/shit/shit2/pCube24.ubulk" 2633
"D:/mydata/Repositories/MechaManZero/mmz/Content/shit/shit2/pCube24.uasset" 2634
"D:/mydata/Repositories/MechaManZero/mmz/Content/shit/shit2/pCube24.uexp" 2635
"D:/mydata/Repositories/MechaManZero/mmz/Content/shit/shit2/pCube23.ubulk" 2636
"D:/mydata/Repositories/MechaManZero/mmz/Content/shit/shit2/pCube23.uasset" 2637
"D:/mydata/Repositories/MechaManZero/mmz/Content/shit/shit2/pCube23.uexp" 2638
"D:/mydata/Repositories/MechaManZero/mmz/Content/shit/shit2/pCube21.ubulk" 2639
"D:/mydata/Repositories/MechaManZero/mmz/Content/shit/shit2/pCube21.uasset" 2640
"D:/mydata/Repositories/MechaManZero/mmz/Content/shit/shit2/pCube21.uexp" 2641
"D:/mydata/Repositories/MechaManZero/mmz/Content/shit/shit2/pCube20.ubulk" 2642
"D:/mydata/Repositories/MechaManZero/mmz/Content/shit/shit2/pCube20.uasset" 2643
"D:/mydata/Repositories/MechaManZero/mmz/Content/shit/shit2/pCube20.uexp" 2644
"D:/mydata/Repositories/MechaManZero/mmz/Content/shit/shit2/pCube19.ubulk" 2645
"D:/mydata/Repositories/MechaManZero/mmz/Content/shit/shit2/pCube19.uasset" 2646
"D:/mydata/Repositories/MechaManZero/mmz/Content/shit/shit2/pCube19.uexp" 2647
"D:/mydata/Repositories/MechaManZero/mmz/Content/shit/shit2/pCube18.ubulk" 2648
"D:/mydata/Repositories/MechaManZero/mmz/Content/shit/shit2/pCube18.uasset" 2649
"D:/mydata/Repositories/MechaManZero/mmz/Content/shit/shit2/pCube18.uexp" 2650
"D:/mydata/Repositories/MechaManZero/mmz/Content/shit/shit2/pCube17.ubulk" 2651
"D:/mydata/Repositories/MechaManZero/mmz/Content/shit/shit2/pCube17.uasset" 2652
"D:/mydata/Repositories/MechaManZero/mmz/Content/shit/shit2/pCube17.uexp" 2653
"D:/mydata/Repositories/MechaManZero/mmz/Content/shit/shit2/DissectionLab_01_pCube9.ubulk" 2654
"D:/mydata/Repositories/MechaManZero/mmz/Content/shit/shit2/DissectionLab_01_pCube9.uasset" 2655
"D:/mydata/Repositories/MechaManZero/mmz/Content/shit/shit2/DissectionLab_01_pCube9.uexp" 2656
"D:/mydata/Repositories/MechaManZero/mmz/Content/shit/shit2/DissectionLab_01_pCube7.ubulk" 2657
"D:/mydata/Repositories/MechaManZero/mmz/Content/shit/shit2/DissectionLab_01_pCube7.uasset" 2658
"D:/mydata/Repositories/MechaManZero/mmz/Content/shit/shit2/DissectionLab_01_pCube7.uexp" 2659
"D:/mydata/Repositories/MechaManZero/mmz/Content/shit/shit2/DissectionLab_01_pCube6.ubulk" 2660
"D:/mydata/Repositories/MechaManZero/mmz/Content/shit/shit2/DissectionLab_01_pCube6.uasset" 2661
"D:/mydata/Repositories/MechaManZero/mmz/Content/shit/shit2/DissectionLab_01_pCube6.uexp" 2662
"D:/mydata/Repositories/MechaManZero/mmz/Content/shit/shit2/DissectionLab_01_pCube5.ubulk" 2663
"D:/mydata/Repositories/MechaManZero/mmz/Content/shit/shit2/DissectionLab_01_pCube5.uasset" 2664
"D:/mydata/Repositories/MechaManZero/mmz/Content/shit/shit2/DissectionLab_01_pCube5.uexp" 2665
"D:/mydata/Repositories/MechaManZero/mmz/Content/shit/shit2/DissectionLab_01_pCube48.ubulk" 2666
"D:/mydata/Repositories/MechaManZero/mmz/Content/shit/shit2/DissectionLab_01_pCube48.uasset" 2667
"D:/mydata/Repositories/MechaManZero/mmz/Content/shit/shit2/DissectionLab_01_pCube48.uexp" 2668
"D:/mydata/Repositories/MechaManZero/mmz/Content/shit/shit2/DissectionLab_01_pCube47.ubulk" 2669
"D:/mydata/Repositories/MechaManZero/mmz/Content/shit/shit2/DissectionLab_01_pCube47.uasset" 2670
"D:/mydata/Repositories/MechaManZero/mmz/Content/shit/shit2/DissectionLab_01_pCube47.uexp" 2671
"D:/mydata/Repositories/MechaManZero/mmz/Content/shit/shit2/DissectionLab_01_pCube46.ubulk" 2672
"D:/mydata/Repositories/MechaManZero/mmz/Content/shit/shit2/DissectionLab_01_pCube46.uasset" 2673
"D:/mydata/Repositories/MechaManZero/mmz/Content/shit/shit2/DissectionLab_01_pCube46.uexp" 2674
"D:/mydata/Repositories/MechaManZero/mmz/Content/shit/shit2/DissectionLab_01_pCube45.ubulk" 2675
"D:/mydata/Repositories/MechaManZero/mmz/Content/shit/shit2/DissectionLab_01_pCube45.uasset" 2676
"D:/mydata/Repositories/MechaManZero/mmz/Content/shit/shit2/DissectionLab_01_pCube45.uexp" 2677
"D:/mydata/Repositories/MechaManZero/mmz/Content/shit/shit2/DissectionLab_01_pCube44.ubulk" 2678
"D:/mydata/Repositories/MechaManZero/mmz/Content/shit/shit2/DissectionLab_01_pCube44.uasset" 2679
"D:/mydata/Repositories/MechaManZero/mmz/Content/shit/shit2/DissectionLab_01_pCube44.uexp" 2680
"D:/mydata/Repositories/MechaManZero/mmz/Content/shit/shit2/DissectionLab_01_pCube43.ubulk" 2681
"D:/mydata/Repositories/MechaManZero/mmz/Content/shit/shit2/DissectionLab_01_pCube43.uasset" 2682
"D:/mydata/Repositories/MechaManZero/mmz/Content/shit/shit2/DissectionLab_01_pCube43.uexp" 2683
"D:/mydata/Repositories/MechaManZero/mmz/Content/shit/shit2/DissectionLab_01_pCube42.ubulk" 2684
"D:/mydata/Repositories/MechaManZero/mmz/Content/shit/shit2/DissectionLab_01_pCube42.uasset" 2685
"D:/mydata/Repositories/MechaManZero/mmz/Content/shit/shit2/DissectionLab_01_pCube42.uexp" 2686
"D:/mydata/Repositories/MechaManZero/mmz/Content/shit/shit2/DissectionLab_01_pCube41.ubulk" 2687
"D:/mydata/Repositories/MechaManZero/mmz/Content/shit/shit2/DissectionLab_01_pCube41.uasset" 2688
"D:/mydata/Repositories/MechaManZero/mmz/Content/shit/shit2/DissectionLab_01_pCube41.uexp" 2689
"D:/mydata/Repositories/MechaManZero/mmz/Content/shit/shit2/DissectionLab_01_pCube40.ubulk" 2690
"D:/mydata/Repositories/MechaManZero/mmz/Content/shit/shit2/DissectionLab_01_pCube40.uasset" 2691
"D:/mydata/Repositories/MechaManZero/mmz/Content/shit/shit2/DissectionLab_01_pCube40.uexp" 2692
"D:/mydata/Repositories/MechaManZero/mmz/Content/shit/shit2/DissectionLab_01_pCube4.ubulk" 2693
"D:/mydata/Repositories/MechaManZero/mmz/Content/shit/shit2/DissectionLab_01_pCube4.uasset" 2694
"D:/mydata/Repositories/MechaManZero/mmz/Content/shit/shit2/DissectionLab_01_pCube4.uexp" 2695
"D:/mydata/Repositories/MechaManZero/mmz/Content/shit/shit2/DissectionLab_01_pCube39.ubulk" 2696
"D:/mydata/Repositories/MechaManZero/mmz/Content/shit/shit2/DissectionLab_01_pCube39.uasset" 2697
"D:/mydata/Repositories/MechaManZero/mmz/Content/shit/shit2/DissectionLab_01_pCube39.uexp" 2698
"D:/mydata/Repositories/MechaManZero/mmz/Content/shit/shit2/DissectionLab_01_pCube38.ubulk" 2699
"D:/mydata/Repositories/MechaManZero/mmz/Content/shit/shit2/DissectionLab_01_pCube38.uasset" 2700
"D:/mydata/Repositories/MechaManZero/mmz/Content/shit/shit2/DissectionLab_01_pCube38.uexp" 2701
"D:/mydata/Repositories/MechaManZero/mmz/Content/shit/shit2/DissectionLab_01_pCube37.ubulk" 2702
"D:/mydata/Repositories/MechaManZero/mmz/Content/shit/shit2/DissectionLab_01_pCube37.uasset" 2703
"D:/mydata/Repositories/MechaManZero/mmz/Content/shit/shit2/DissectionLab_01_pCube37.uexp" 2704
"D:/mydata/Repositories/MechaManZero/mmz/Content/shit/shit2/DissectionLab_01_pCube36.ubulk" 2705
"D:/mydata/Repositories/MechaManZero/mmz/Content/shit/shit2/DissectionLab_01_pCube36.uasset" 2706
"D:/mydata/Repositories/MechaManZero/mmz/Content/shit/shit2/DissectionLab_01_pCube36.uexp" 2707
"D:/mydata/Repositories/MechaManZero/mmz/Content/shit/shit2/DissectionLab_01_pCube35.ubulk" 2708
"D:/mydata/Repositories/MechaManZero/mmz/Content/shit/shit2/DissectionLab_01_pCube35.uasset" 2709
"D:/mydata/Repositories/MechaManZero/mmz/Content/shit/shit2/DissectionLab_01_pCube35.uexp" 2710
"D:/mydata/Repositories/MechaManZero/mmz/Content/shit/shit2/DissectionLab_01_pCube34.ubulk" 2711
"D:/mydata/Repositories/MechaManZero/mmz/Content/shit/shit2/DissectionLab_01_pCube34.uasset" 2712
"D:/mydata/Repositories/MechaManZero/mmz/Content/shit/shit2/DissectionLab_01_pCube34.uexp" 2713
"D:/mydata/Repositories/MechaManZero/mmz/Content/shit/shit2/DissectionLab_01_pCube33.ubulk" 2714
"D:/mydata/Repositories/MechaManZero/mmz/Content/shit/shit2/DissectionLab_01_pCube33.uasset" 2715
"D:/mydata/Repositories/MechaManZero/mmz/Content/shit/shit2/DissectionLab_01_pCube33.uexp" 2716
"D:/mydata/Repositories/MechaManZero/mmz/Content/shit/shit2/DissectionLab_01_pCube3.ubulk" 2717
"D:/mydata/Repositories/MechaManZero/mmz/Content/shit/shit2/DissectionLab_01_pCube3.uasset" 2718
"D:/mydata/Repositories/MechaManZero/mmz/Content/shit/shit2/DissectionLab_01_pCube3.uexp" 2719
"D:/mydata/Repositories/MechaManZero/mmz/Content/shit/shit2/DissectionLab_01_pCube27.ubulk" 2720
"D:/mydata/Repositories/MechaManZero/mmz/Content/shit/shit2/DissectionLab_01_pCube27.uasset" 2721
"D:/mydata/Repositories/MechaManZero/mmz/Content/shit/shit2/DissectionLab_01_pCube27.uexp" 2722
"D:/mydata/Repositories/MechaManZero/mmz/Content/shit/shit2/DissectionLab_01_pCube26.ubulk" 2723
"D:/mydata/Repositories/MechaManZero/mmz/Content/shit/shit2/DissectionLab_01_pCube26.uasset" 2724
"D:/mydata/Repositories/MechaManZero/mmz/Content/shit/shit2/DissectionLab_01_pCube26.uexp" 2725
"D:/mydata/Repositories/MechaManZero/mmz/Content/shit/shit2/DissectionLab_01_pCube25.ubulk" 2726
"D:/mydata/Repositories/MechaManZero/mmz/Content/shit/shit2/DissectionLab_01_pCube25.uasset" 2727
"D:/mydata/Repositories/MechaManZero/mmz/Content/shit/shit2/DissectionLab_01_pCube25.uexp" 2728
"D:/mydata/Repositories/MechaManZero/mmz/Content/shit/shit2/DissectionLab_01_pCube21.ubulk" 2729
"D:/mydata/Repositories/MechaManZero/mmz/Content/shit/shit2/DissectionLab_01_pCube21.uasset" 2730
"D:/mydata/Repositories/MechaManZero/mmz/Content/shit/shit2/DissectionLab_01_pCube21.uexp" 2731
"D:/mydata/Repositories/MechaManZero/mmz/Content/shit/shit2/DissectionLab_01_pCube20.ubulk" 2732
"D:/mydata/Repositories/MechaManZero/mmz/Content/shit/shit2/DissectionLab_01_pCube20.uasset" 2733
"D:/mydata/Repositories/MechaManZero/mmz/Content/shit/shit2/DissectionLab_01_pCube20.uexp" 2734
"D:/mydata/Repositories/MechaManZero/mmz/Content/shit/shit2/DissectionLab_01_pCube2.ubulk" 2735
"D:/mydata/Repositories/MechaManZero/mmz/Content/shit/shit2/DissectionLab_01_pCube2.uasset" 2736
"D:/mydata/Repositories/MechaManZero/mmz/Content/shit/shit2/DissectionLab_01_pCube2.uexp" 2737
"D:/mydata/Repositories/MechaManZero/mmz/Content/shit/shit2/DissectionLab_01_pCube17.ubulk" 2738
"D:/mydata/Repositories/MechaManZero/mmz/Content/shit/shit2/DissectionLab_01_pCube17.uasset" 2739
"D:/mydata/Repositories/MechaManZero/mmz/Content/shit/shit2/DissectionLab_01_pCube17.uexp" 2740
"D:/mydata/Repositories/MechaManZero/mmz/Content/shit/shit2/DissectionLab_01_pCube16.ubulk" 2741
"D:/mydata/Repositories/MechaManZero/mmz/Content/shit/shit2/DissectionLab_01_pCube16.uasset" 2742
"D:/mydata/Repositories/MechaManZero/mmz/Content/shit/shit2/DissectionLab_01_pCube16.uexp" 2743
"D:/mydata/Repositories/MechaManZero/mmz/Content/shit/shit2/DissectionLab_01_pCube1.ubulk" 2744
"D:/mydata/Repositories/MechaManZero/mmz/Content/shit/shit2/DissectionLab_01_pCube1.uasset" 2745
"D:/mydata/Repositories/MechaManZero/mmz/Content/shit/shit2/DissectionLab_01_pCube1.uexp" 2746
"D:/mydata/Repositories/MechaManZero/mmz/Content/shit/shit2/DissectionLab_01_pCube10.ubulk" 2747
"D:/mydata/Repositories/MechaManZero/mmz/Content/shit/shit2/DissectionLab_01_pCube10.uasset" 2748
"D:/mydata/Repositories/MechaManZero/mmz/Content/shit/shit2/DissectionLab_01_pCube10.uexp" 2749
"D:/mydata/Repositories/MechaManZero/mmz/Content/shit/shit2/DissectionLab_01_pCube12.ubulk" 2750
"D:/mydata/Repositories/MechaManZero/mmz/Content/shit/shit2/DissectionLab_01_pCube12.uasset" 2751
"D:/mydata/Repositories/MechaManZero/mmz/Content/shit/shit2/DissectionLab_01_pCube12.uexp" 2752
"D:/mydata/Repositories/MechaManZero/mmz/Content/shit/shit2/DissectionLab_01_pCube13.ubulk" 2753
"D:/mydata/Repositories/MechaManZero/mmz/Content/shit/shit2/DissectionLab_01_pCube13.uasset" 2754
"D:/mydata/Repositories/MechaManZero/mmz/Content/shit/shit2/DissectionLab_01_pCube13.uexp" 2755
"D:/mydata/Repositories/MechaManZero/mmz/Content/shit/shit2/FbxScene_DL2.uasset" 2756
"D:/mydata/Repositories/MechaManZero/mmz/Content/shit/shit2/FbxScene_DL2.uexp" 2757
"../../../Engine/Content/Functions/Engine_MaterialFunctions03/Procedurals/GeneratedBand.uasset" 2758
"../../../Engine/Content/Functions/Engine_MaterialFunctions03/Procedurals/GeneratedBand.uexp" 2759
"../../../Engine/Plugins/Enterprise/DatasmithContent/Content/Materials/Water/Textures/T_Perlin_Mask.ubulk" 2760
"../../../Engine/Plugins/Enterprise/DatasmithContent/Content/Materials/Water/Textures/T_Perlin_Mask.uasset" 2761
"../../../Engine/Plugins/Enterprise/DatasmithContent/Content/Materials/Water/Textures/T_Perlin_Mask.uexp" 2762
"D:/mydata/Repositories/MechaManZero/mmz/Content/Holographic/M_Holographic1.uasset" 2763
"D:/mydata/Repositories/MechaManZero/mmz/Content/Holographic/M_Holographic1.uexp" 2764
"D:/mydata/Repositories/MechaManZero/mmz/Content/Characters/Mecha/Lowpoly/Mecha_Lowpoly_Skeleton.uasset" 2765
"D:/mydata/Repositories/MechaManZero/mmz/Content/Characters/Mecha/Lowpoly/Mecha_Lowpoly_Skeleton.uexp" 2766
"D:/mydata/Repositories/MechaManZero/mmz/Content/Characters/Mecha/Lowpoly/Mecha_Lowpoly_PhysicsAsset.uasset" 2767
"D:/mydata/Repositories/MechaManZero/mmz/Content/Characters/Mecha/Lowpoly/Mecha_Lowpoly_PhysicsAsset.uexp" 2768
"D:/mydata/Repositories/MechaManZero/mmz/Content/Characters/Mecha/Lowpoly/Mesh_Roughness.ubulk" 2769
"D:/mydata/Repositories/MechaManZero/mmz/Content/Characters/Mecha/Lowpoly/Mesh_Roughness.uasset" 2770
"D:/mydata/Repositories/MechaManZero/mmz/Content/Characters/Mecha/Lowpoly/Mesh_Roughness.uexp" 2771
"D:/mydata/Repositories/MechaManZero/mmz/Content/Characters/Mecha/Lowpoly/Mesh_Normal.ubulk" 2772
"D:/mydata/Repositories/MechaManZero/mmz/Content/Characters/Mecha/Lowpoly/Mesh_Normal.uasset" 2773
"D:/mydata/Repositories/MechaManZero/mmz/Content/Characters/Mecha/Lowpoly/Mesh_Normal.uexp" 2774
"D:/mydata/Repositories/MechaManZero/mmz/Content/Characters/Mecha/Lowpoly/Mesh_Metallic.ubulk" 2775
"D:/mydata/Repositories/MechaManZero/mmz/Content/Characters/Mecha/Lowpoly/Mesh_Metallic.uasset" 2776
"D:/mydata/Repositories/MechaManZero/mmz/Content/Characters/Mecha/Lowpoly/Mesh_Metallic.uexp" 2777
"D:/mydata/Repositories/MechaManZero/mmz/Content/Characters/Mecha/Lowpoly/Mesh_Emissive.ubulk" 2778
"D:/mydata/Repositories/MechaManZero/mmz/Content/Characters/Mecha/Lowpoly/Mesh_Emissive.uasset" 2779
"D:/mydata/Repositories/MechaManZero/mmz/Content/Characters/Mecha/Lowpoly/Mesh_Emissive.uexp" 2780
"D:/mydata/Repositories/MechaManZero/mmz/Content/Characters/Mecha/Lowpoly/Mesh_Base_Color.ubulk" 2781
"D:/mydata/Repositories/MechaManZero/mmz/Content/Characters/Mecha/Lowpoly/Mesh_Base_Color.uasset" 2782
"D:/mydata/Repositories/MechaManZero/mmz/Content/Characters/Mecha/Lowpoly/Mesh_Base_Color.uexp" 2783
"D:/mydata/Repositories/MechaManZero/mmz/Content/Characters/Mecha/Lowpoly/Baked.uasset" 2784
"D:/mydata/Repositories/MechaManZero/mmz/Content/Characters/Mecha/Lowpoly/Baked.uexp" 2785
"D:/mydata/Repositories/MechaManZero/mmz/Content/Characters/Mecha/Lowpoly/Mecha_Lowpoly.uasset" 2786
"D:/mydata/Repositories/MechaManZero/mmz/Content/Characters/Mecha/Lowpoly/Mecha_Lowpoly.uexp" 2787
"D:/mydata/Repositories/MechaManZero/mmz/Content/Characters/Mecha/Lowpoly/BP_Mecha_lowpoly.uasset" 2788
"D:/mydata/Repositories/MechaManZero/mmz/Content/Characters/Mecha/Lowpoly/BP_Mecha_lowpoly.uexp" 2789
"D:/mydata/Repositories/MechaManZero/mmz/Content/Laboratory/Textures/T_WARKA_1001_OcclusionRoughnessMetallic.ubulk" 2790
"D:/mydata/Repositories/MechaManZero/mmz/Content/Laboratory/Textures/T_WARKA_1001_OcclusionRoughnessMetallic.uasset" 2791
"D:/mydata/Repositories/MechaManZero/mmz/Content/Laboratory/Textures/T_WARKA_1001_OcclusionRoughnessMetallic.uexp" 2792
"D:/mydata/Repositories/MechaManZero/mmz/Content/Laboratory/Textures/T_WARKA_1001_Normal.ubulk" 2793
"D:/mydata/Repositories/MechaManZero/mmz/Content/Laboratory/Textures/T_WARKA_1001_Normal.uasset" 2794
"D:/mydata/Repositories/MechaManZero/mmz/Content/Laboratory/Textures/T_WARKA_1001_Normal.uexp" 2795
"D:/mydata/Repositories/MechaManZero/mmz/Content/Laboratory/Textures/T_WARKA_1001_BaseColor.ubulk" 2796
"D:/mydata/Repositories/MechaManZero/mmz/Content/Laboratory/Textures/T_WARKA_1001_BaseColor.uasset" 2797
"D:/mydata/Repositories/MechaManZero/mmz/Content/Laboratory/Textures/T_WARKA_1001_BaseColor.uexp" 2798
"D:/mydata/Repositories/MechaManZero/mmz/Content/Laboratory/Materials/M_Warka.uasset" 2799
"D:/mydata/Repositories/MechaManZero/mmz/Content/Laboratory/Materials/M_Warka.uexp" 2800
"D:/mydata/Repositories/MechaManZero/mmz/Content/Laboratory/Textures/T_Roughness_4K_vdxibet.ubulk" 2801
"D:/mydata/Repositories/MechaManZero/mmz/Content/Laboratory/Textures/T_Roughness_4K_vdxibet.uasset" 2802
"D:/mydata/Repositories/MechaManZero/mmz/Content/Laboratory/Textures/T_Roughness_4K_vdxibet.uexp" 2803
"D:/mydata/Repositories/MechaManZero/mmz/Content/Laboratory/Textures/T_Normal_4K_vdxibet.ubulk" 2804
"D:/mydata/Repositories/MechaManZero/mmz/Content/Laboratory/Textures/T_Normal_4K_vdxibet.uasset" 2805
"D:/mydata/Repositories/MechaManZero/mmz/Content/Laboratory/Textures/T_Normal_4K_vdxibet.uexp" 2806
"D:/mydata/Repositories/MechaManZero/mmz/Content/Laboratory/Textures/T_Albedo_4K_vdxibet.ubulk" 2807
"D:/mydata/Repositories/MechaManZero/mmz/Content/Laboratory/Textures/T_Albedo_4K_vdxibet.uasset" 2808
"D:/mydata/Repositories/MechaManZero/mmz/Content/Laboratory/Textures/T_Albedo_4K_vdxibet.uexp" 2809
"D:/mydata/Repositories/MechaManZero/mmz/Content/Laboratory/Materials/M_Wall.uasset" 2810
"D:/mydata/Repositories/MechaManZero/mmz/Content/Laboratory/Materials/M_Wall.uexp" 2811
"../../../Engine/Content/Functions/Engine_MaterialFunctions02/Math/CreateThirdOrthogonalVector.uasset" 2812
"../../../Engine/Content/Functions/Engine_MaterialFunctions02/Math/CreateThirdOrthogonalVector.uexp" 2813
"../../../Engine/Content/Functions/Engine_MaterialFunctions02/Math/InverseTransformMatrix.uasset" 2814
"../../../Engine/Content/Functions/Engine_MaterialFunctions02/Math/InverseTransformMatrix.uexp" 2815
"../../../Engine/Content/Functions/Engine_MaterialFunctions02/Math/TransformToZVector.uasset" 2816
"../../../Engine/Content/Functions/Engine_MaterialFunctions02/Math/TransformToZVector.uexp" 2817
"../../../Engine/Content/EngineVolumetrics/Fogsheet/Materials/T_EV_BlankWhite_01.uasset" 2818
"../../../Engine/Content/EngineVolumetrics/Fogsheet/Materials/T_EV_BlankWhite_01.uexp" 2819
"../../../Engine/Content/Functions/Engine_MaterialFunctions01/Texturing/ParallaxOcclusionMapping.uasset" 2820
"../../../Engine/Content/Functions/Engine_MaterialFunctions01/Texturing/ParallaxOcclusionMapping.uexp" 2821
"D:/mydata/Repositories/MechaManZero/mmz/Content/Laboratory/Textures/T_Roughness.ubulk" 2822
"D:/mydata/Repositories/MechaManZero/mmz/Content/Laboratory/Textures/T_Roughness.uasset" 2823
"D:/mydata/Repositories/MechaManZero/mmz/Content/Laboratory/Textures/T_Roughness.uexp" 2824
"D:/mydata/Repositories/MechaManZero/mmz/Content/Laboratory/Textures/T_Ogurchik_Normal.ubulk" 2825
"D:/mydata/Repositories/MechaManZero/mmz/Content/Laboratory/Textures/T_Ogurchik_Normal.uasset" 2826
"D:/mydata/Repositories/MechaManZero/mmz/Content/Laboratory/Textures/T_Ogurchik_Normal.uexp" 2827
"D:/mydata/Repositories/MechaManZero/mmz/Content/Laboratory/Textures/T_Height.ubulk" 2828
"D:/mydata/Repositories/MechaManZero/mmz/Content/Laboratory/Textures/T_Height.uasset" 2829
"D:/mydata/Repositories/MechaManZero/mmz/Content/Laboratory/Textures/T_Height.uexp" 2830
"D:/mydata/Repositories/MechaManZero/mmz/Content/Laboratory/Textures/T_Base_Color.ubulk" 2831
"D:/mydata/Repositories/MechaManZero/mmz/Content/Laboratory/Textures/T_Base_Color.uasset" 2832
"D:/mydata/Repositories/MechaManZero/mmz/Content/Laboratory/Textures/T_Base_Color.uexp" 2833
"D:/mydata/Repositories/MechaManZero/mmz/Content/Laboratory/Textures/T_Ambient_Occlusion.ubulk" 2834
"D:/mydata/Repositories/MechaManZero/mmz/Content/Laboratory/Textures/T_Ambient_Occlusion.uasset" 2835
"D:/mydata/Repositories/MechaManZero/mmz/Content/Laboratory/Textures/T_Ambient_Occlusion.uexp" 2836
"D:/mydata/Repositories/MechaManZero/mmz/Content/Laboratory/Materials/M_Base_Color_Mat.uasset" 2837
"D:/mydata/Repositories/MechaManZero/mmz/Content/Laboratory/Materials/M_Base_Color_Mat.uexp" 2838
"D:/mydata/Repositories/MechaManZero/mmz/Content/Laboratory/Textures/T_Vorot_Low_1001_OcclusionRoughnessMetallic.ubulk" 2839
"D:/mydata/Repositories/MechaManZero/mmz/Content/Laboratory/Textures/T_Vorot_Low_1001_OcclusionRoughnessMetallic.uasset" 2840
"D:/mydata/Repositories/MechaManZero/mmz/Content/Laboratory/Textures/T_Vorot_Low_1001_OcclusionRoughnessMetallic.uexp" 2841
"D:/mydata/Repositories/MechaManZero/mmz/Content/Laboratory/Textures/T_Vorot_Low_1001_Normal.ubulk" 2842
"D:/mydata/Repositories/MechaManZero/mmz/Content/Laboratory/Textures/T_Vorot_Low_1001_Normal.uasset" 2843
"D:/mydata/Repositories/MechaManZero/mmz/Content/Laboratory/Textures/T_Vorot_Low_1001_Normal.uexp" 2844
"D:/mydata/Repositories/MechaManZero/mmz/Content/Laboratory/Textures/T_Vorot_Low_1001_BaseColor.ubulk" 2845
"D:/mydata/Repositories/MechaManZero/mmz/Content/Laboratory/Textures/T_Vorot_Low_1001_BaseColor.uasset" 2846
"D:/mydata/Repositories/MechaManZero/mmz/Content/Laboratory/Textures/T_Vorot_Low_1001_BaseColor.uexp" 2847
"D:/mydata/Repositories/MechaManZero/mmz/Content/Laboratory/Materials/M_SHIT_2.uasset" 2848
"D:/mydata/Repositories/MechaManZero/mmz/Content/Laboratory/Materials/M_SHIT_2.uexp" 2849
"D:/mydata/Repositories/MechaManZero/mmz/Content/Laboratory/Textures/T_Acid_1001_OcclusionRoughnessMetallic.ubulk" 2850
"D:/mydata/Repositories/MechaManZero/mmz/Content/Laboratory/Textures/T_Acid_1001_OcclusionRoughnessMetallic.uasset" 2851
"D:/mydata/Repositories/MechaManZero/mmz/Content/Laboratory/Textures/T_Acid_1001_OcclusionRoughnessMetallic.uexp" 2852
"D:/mydata/Repositories/MechaManZero/mmz/Content/Laboratory/Textures/T_Acid_1001_Normal.ubulk" 2853
"D:/mydata/Repositories/MechaManZero/mmz/Content/Laboratory/Textures/T_Acid_1001_Normal.uasset" 2854
"D:/mydata/Repositories/MechaManZero/mmz/Content/Laboratory/Textures/T_Acid_1001_Normal.uexp" 2855
"D:/mydata/Repositories/MechaManZero/mmz/Content/Laboratory/Textures/T_Acid_1001_BaseColor.ubulk" 2856
"D:/mydata/Repositories/MechaManZero/mmz/Content/Laboratory/Textures/T_Acid_1001_BaseColor.uasset" 2857
"D:/mydata/Repositories/MechaManZero/mmz/Content/Laboratory/Textures/T_Acid_1001_BaseColor.uexp" 2858
"D:/mydata/Repositories/MechaManZero/mmz/Content/Laboratory/Materials/M_Acid_1001_BaseColor_Mat.uasset" 2859
"D:/mydata/Repositories/MechaManZero/mmz/Content/Laboratory/Materials/M_Acid_1001_BaseColor_Mat.uexp" 2860
"D:/mydata/Repositories/MechaManZero/mmz/Content/Laboratory/StaticMeshes/SM_Acid.ubulk" 2861
"D:/mydata/Repositories/MechaManZero/mmz/Content/Laboratory/StaticMeshes/SM_Acid.uasset" 2862
"D:/mydata/Repositories/MechaManZero/mmz/Content/Laboratory/StaticMeshes/SM_Acid.uexp" 2863
"D:/mydata/Repositories/MechaManZero/mmz/Content/Laboratory/Textures/T_BED_1001_OcclusionRoughnessMetallic.ubulk" 2864
"D:/mydata/Repositories/MechaManZero/mmz/Content/Laboratory/Textures/T_BED_1001_OcclusionRoughnessMetallic.uasset" 2865
"D:/mydata/Repositories/MechaManZero/mmz/Content/Laboratory/Textures/T_BED_1001_OcclusionRoughnessMetallic.uexp" 2866
"D:/mydata/Repositories/MechaManZero/mmz/Content/Laboratory/Textures/T_BED_1001_Normal.ubulk" 2867
"D:/mydata/Repositories/MechaManZero/mmz/Content/Laboratory/Textures/T_BED_1001_Normal.uasset" 2868
"D:/mydata/Repositories/MechaManZero/mmz/Content/Laboratory/Textures/T_BED_1001_Normal.uexp" 2869
"D:/mydata/Repositories/MechaManZero/mmz/Content/Laboratory/Textures/T_BED_1001_BaseColor.ubulk" 2870
"D:/mydata/Repositories/MechaManZero/mmz/Content/Laboratory/Textures/T_BED_1001_BaseColor.uasset" 2871
"D:/mydata/Repositories/MechaManZero/mmz/Content/Laboratory/Textures/T_BED_1001_BaseColor.uexp" 2872
"D:/mydata/Repositories/MechaManZero/mmz/Content/Laboratory/Materials/M_BED_1001_BaseColor_Mat.uasset" 2873
"D:/mydata/Repositories/MechaManZero/mmz/Content/Laboratory/Materials/M_BED_1001_BaseColor_Mat.uexp" 2874
"D:/mydata/Repositories/MechaManZero/mmz/Content/Laboratory/StaticMeshes/SM_BED.ubulk" 2875
"D:/mydata/Repositories/MechaManZero/mmz/Content/Laboratory/StaticMeshes/SM_BED.uasset" 2876
"D:/mydata/Repositories/MechaManZero/mmz/Content/Laboratory/StaticMeshes/SM_BED.uexp" 2877
"D:/mydata/Repositories/MechaManZero/mmz/Content/Laboratory/Textures/T_1_1001_OcclusionRoughnessMetallic.ubulk" 2878
"D:/mydata/Repositories/MechaManZero/mmz/Content/Laboratory/Textures/T_1_1001_OcclusionRoughnessMetallic.uasset" 2879
"D:/mydata/Repositories/MechaManZero/mmz/Content/Laboratory/Textures/T_1_1001_OcclusionRoughnessMetallic.uexp" 2880
"D:/mydata/Repositories/MechaManZero/mmz/Content/Laboratory/Textures/T_1_1001_Normal.ubulk" 2881
"D:/mydata/Repositories/MechaManZero/mmz/Content/Laboratory/Textures/T_1_1001_Normal.uasset" 2882
"D:/mydata/Repositories/MechaManZero/mmz/Content/Laboratory/Textures/T_1_1001_Normal.uexp" 2883
"D:/mydata/Repositories/MechaManZero/mmz/Content/Laboratory/Textures/T_1_1001_BaseColor.ubulk" 2884
"D:/mydata/Repositories/MechaManZero/mmz/Content/Laboratory/Textures/T_1_1001_BaseColor.uasset" 2885
"D:/mydata/Repositories/MechaManZero/mmz/Content/Laboratory/Textures/T_1_1001_BaseColor.uexp" 2886
"D:/mydata/Repositories/MechaManZero/mmz/Content/Laboratory/Materials/M_1_1001_BaseColor_Mat.uasset" 2887
"D:/mydata/Repositories/MechaManZero/mmz/Content/Laboratory/Materials/M_1_1001_BaseColor_Mat.uexp" 2888
"D:/mydata/Repositories/MechaManZero/mmz/Content/Laboratory/StaticMeshes/SM_bottle.ubulk" 2889
"D:/mydata/Repositories/MechaManZero/mmz/Content/Laboratory/StaticMeshes/SM_bottle.uasset" 2890
"D:/mydata/Repositories/MechaManZero/mmz/Content/Laboratory/StaticMeshes/SM_bottle.uexp" 2891
"D:/mydata/Repositories/MechaManZero/mmz/Content/Laboratory/Textures/T_Box_101_OcclusionRoughnessMetallic.ubulk" 2892
"D:/mydata/Repositories/MechaManZero/mmz/Content/Laboratory/Textures/T_Box_101_OcclusionRoughnessMetallic.uasset" 2893
"D:/mydata/Repositories/MechaManZero/mmz/Content/Laboratory/Textures/T_Box_101_OcclusionRoughnessMetallic.uexp" 2894
"D:/mydata/Repositories/MechaManZero/mmz/Content/Laboratory/Textures/T_Box_101_Normal.ubulk" 2895
"D:/mydata/Repositories/MechaManZero/mmz/Content/Laboratory/Textures/T_Box_101_Normal.uasset" 2896
"D:/mydata/Repositories/MechaManZero/mmz/Content/Laboratory/Textures/T_Box_101_Normal.uexp" 2897
"D:/mydata/Repositories/MechaManZero/mmz/Content/Laboratory/Textures/T_Box_101_BaseColor.ubulk" 2898
"D:/mydata/Repositories/MechaManZero/mmz/Content/Laboratory/Textures/T_Box_101_BaseColor.uasset" 2899
"D:/mydata/Repositories/MechaManZero/mmz/Content/Laboratory/Textures/T_Box_101_BaseColor.uexp" 2900
"D:/mydata/Repositories/MechaManZero/mmz/Content/Laboratory/Materials/M_Box_101_BaseColor_Mat.uasset" 2901
"D:/mydata/Repositories/MechaManZero/mmz/Content/Laboratory/Materials/M_Box_101_BaseColor_Mat.uexp" 2902
"D:/mydata/Repositories/MechaManZero/mmz/Content/Laboratory/StaticMeshes/SM_Box.ubulk" 2903
"D:/mydata/Repositories/MechaManZero/mmz/Content/Laboratory/StaticMeshes/SM_Box.uasset" 2904
"D:/mydata/Repositories/MechaManZero/mmz/Content/Laboratory/StaticMeshes/SM_Box.uexp" 2905
"D:/mydata/Repositories/MechaManZero/mmz/Content/Laboratory/Textures/T_Box2_1001_OcclusionRoughnessMetallic.ubulk" 2906
"D:/mydata/Repositories/MechaManZero/mmz/Content/Laboratory/Textures/T_Box2_1001_OcclusionRoughnessMetallic.uasset" 2907
"D:/mydata/Repositories/MechaManZero/mmz/Content/Laboratory/Textures/T_Box2_1001_OcclusionRoughnessMetallic.uexp" 2908
"D:/mydata/Repositories/MechaManZero/mmz/Content/Laboratory/Textures/T_Box2_1001_Normal.ubulk" 2909
"D:/mydata/Repositories/MechaManZero/mmz/Content/Laboratory/Textures/T_Box2_1001_Normal.uasset" 2910
"D:/mydata/Repositories/MechaManZero/mmz/Content/Laboratory/Textures/T_Box2_1001_Normal.uexp" 2911
"D:/mydata/Repositories/MechaManZero/mmz/Content/Laboratory/Textures/T_Box2_1001_BaseColor.ubulk" 2912
"D:/mydata/Repositories/MechaManZero/mmz/Content/Laboratory/Textures/T_Box2_1001_BaseColor.uasset" 2913
"D:/mydata/Repositories/MechaManZero/mmz/Content/Laboratory/Textures/T_Box2_1001_BaseColor.uexp" 2914
"D:/mydata/Repositories/MechaManZero/mmz/Content/Laboratory/Materials/M_Box2_1001_BaseColor_Mat.uasset" 2915
"D:/mydata/Repositories/MechaManZero/mmz/Content/Laboratory/Materials/M_Box2_1001_BaseColor_Mat.uexp" 2916
"D:/mydata/Repositories/MechaManZero/mmz/Content/Laboratory/StaticMeshes/SM_Box2.ubulk" 2917
"D:/mydata/Repositories/MechaManZero/mmz/Content/Laboratory/StaticMeshes/SM_Box2.uasset" 2918
"D:/mydata/Repositories/MechaManZero/mmz/Content/Laboratory/StaticMeshes/SM_Box2.uexp" 2919
"D:/mydata/Repositories/MechaManZero/mmz/Content/Laboratory/Textures/T_Camera_1001_OcclusionRoughnessMetallic.ubulk" 2920
"D:/mydata/Repositories/MechaManZero/mmz/Content/Laboratory/Textures/T_Camera_1001_OcclusionRoughnessMetallic.uasset" 2921
"D:/mydata/Repositories/MechaManZero/mmz/Content/Laboratory/Textures/T_Camera_1001_OcclusionRoughnessMetallic.uexp" 2922
"D:/mydata/Repositories/MechaManZero/mmz/Content/Laboratory/Textures/T_Camera_1001_Normal.ubulk" 2923
"D:/mydata/Repositories/MechaManZero/mmz/Content/Laboratory/Textures/T_Camera_1001_Normal.uasset" 2924
"D:/mydata/Repositories/MechaManZero/mmz/Content/Laboratory/Textures/T_Camera_1001_Normal.uexp" 2925
"D:/mydata/Repositories/MechaManZero/mmz/Content/Laboratory/Textures/T_Camera_1001_BaseColor.ubulk" 2926
"D:/mydata/Repositories/MechaManZero/mmz/Content/Laboratory/Textures/T_Camera_1001_BaseColor.uasset" 2927
"D:/mydata/Repositories/MechaManZero/mmz/Content/Laboratory/Textures/T_Camera_1001_BaseColor.uexp" 2928
"D:/mydata/Repositories/MechaManZero/mmz/Content/Laboratory/Materials/M_Camera_1001_BaseColor_Mat.uasset" 2929
"D:/mydata/Repositories/MechaManZero/mmz/Content/Laboratory/Materials/M_Camera_1001_BaseColor_Mat.uexp" 2930
"D:/mydata/Repositories/MechaManZero/mmz/Content/Laboratory/StaticMeshes/SM_Camera.ubulk" 2931
"D:/mydata/Repositories/MechaManZero/mmz/Content/Laboratory/StaticMeshes/SM_Camera.uasset" 2932
"D:/mydata/Repositories/MechaManZero/mmz/Content/Laboratory/StaticMeshes/SM_Camera.uexp" 2933
"D:/mydata/Repositories/MechaManZero/mmz/Content/Laboratory/Textures/T_Teleshka_1001_OcclusionRoughnessMetallic.ubulk" 2934
"D:/mydata/Repositories/MechaManZero/mmz/Content/Laboratory/Textures/T_Teleshka_1001_OcclusionRoughnessMetallic.uasset" 2935
"D:/mydata/Repositories/MechaManZero/mmz/Content/Laboratory/Textures/T_Teleshka_1001_OcclusionRoughnessMetallic.uexp" 2936
"D:/mydata/Repositories/MechaManZero/mmz/Content/Laboratory/Textures/T_Teleshka_1001_Normal.ubulk" 2937
"D:/mydata/Repositories/MechaManZero/mmz/Content/Laboratory/Textures/T_Teleshka_1001_Normal.uasset" 2938
"D:/mydata/Repositories/MechaManZero/mmz/Content/Laboratory/Textures/T_Teleshka_1001_Normal.uexp" 2939
"D:/mydata/Repositories/MechaManZero/mmz/Content/Laboratory/Textures/T_Teleshka_1001_BaseColor.ubulk" 2940
"D:/mydata/Repositories/MechaManZero/mmz/Content/Laboratory/Textures/T_Teleshka_1001_BaseColor.uasset" 2941
"D:/mydata/Repositories/MechaManZero/mmz/Content/Laboratory/Textures/T_Teleshka_1001_BaseColor.uexp" 2942
"D:/mydata/Repositories/MechaManZero/mmz/Content/Laboratory/Materials/M_Teleshka_1001_BaseColor_Mat.uasset" 2943
"D:/mydata/Repositories/MechaManZero/mmz/Content/Laboratory/Materials/M_Teleshka_1001_BaseColor_Mat.uexp" 2944
"D:/mydata/Repositories/MechaManZero/mmz/Content/Laboratory/StaticMeshes/SM_cart.ubulk" 2945
"D:/mydata/Repositories/MechaManZero/mmz/Content/Laboratory/StaticMeshes/SM_cart.uasset" 2946
"D:/mydata/Repositories/MechaManZero/mmz/Content/Laboratory/StaticMeshes/SM_cart.uexp" 2947
"D:/mydata/Repositories/MechaManZero/mmz/Content/Laboratory/Textures/T_Chip_1001_OcclusionRoughnessMetallic.ubulk" 2948
"D:/mydata/Repositories/MechaManZero/mmz/Content/Laboratory/Textures/T_Chip_1001_OcclusionRoughnessMetallic.uasset" 2949
"D:/mydata/Repositories/MechaManZero/mmz/Content/Laboratory/Textures/T_Chip_1001_OcclusionRoughnessMetallic.uexp" 2950
"D:/mydata/Repositories/MechaManZero/mmz/Content/Laboratory/Textures/T_Chip_1001_Normal.ubulk" 2951
"D:/mydata/Repositories/MechaManZero/mmz/Content/Laboratory/Textures/T_Chip_1001_Normal.uasset" 2952
"D:/mydata/Repositories/MechaManZero/mmz/Content/Laboratory/Textures/T_Chip_1001_Normal.uexp" 2953
"D:/mydata/Repositories/MechaManZero/mmz/Content/Laboratory/Textures/T_Chip_1001_BaseColor.ubulk" 2954
"D:/mydata/Repositories/MechaManZero/mmz/Content/Laboratory/Textures/T_Chip_1001_BaseColor.uasset" 2955
"D:/mydata/Repositories/MechaManZero/mmz/Content/Laboratory/Textures/T_Chip_1001_BaseColor.uexp" 2956
"D:/mydata/Repositories/MechaManZero/mmz/Content/Laboratory/Materials/M_Chip_1001_BaseColor_Mat.uasset" 2957
"D:/mydata/Repositories/MechaManZero/mmz/Content/Laboratory/Materials/M_Chip_1001_BaseColor_Mat.uexp" 2958
"D:/mydata/Repositories/MechaManZero/mmz/Content/Laboratory/StaticMeshes/SM_Chip.ubulk" 2959
"D:/mydata/Repositories/MechaManZero/mmz/Content/Laboratory/StaticMeshes/SM_Chip.uasset" 2960
"D:/mydata/Repositories/MechaManZero/mmz/Content/Laboratory/StaticMeshes/SM_Chip.uexp" 2961
"D:/mydata/Repositories/MechaManZero/mmz/Content/Laboratory/Textures/T_Clotch_1001_OcclusionRoughnessMetallic.ubulk" 2962
"D:/mydata/Repositories/MechaManZero/mmz/Content/Laboratory/Textures/T_Clotch_1001_OcclusionRoughnessMetallic.uasset" 2963
"D:/mydata/Repositories/MechaManZero/mmz/Content/Laboratory/Textures/T_Clotch_1001_OcclusionRoughnessMetallic.uexp" 2964
"D:/mydata/Repositories/MechaManZero/mmz/Content/Laboratory/Textures/T_Clotch_1001_Normal.ubulk" 2965
"D:/mydata/Repositories/MechaManZero/mmz/Content/Laboratory/Textures/T_Clotch_1001_Normal.uasset" 2966
"D:/mydata/Repositories/MechaManZero/mmz/Content/Laboratory/Textures/T_Clotch_1001_Normal.uexp" 2967
"D:/mydata/Repositories/MechaManZero/mmz/Content/Laboratory/Textures/T_Clotch_1001_BaseColor.ubulk" 2968
"D:/mydata/Repositories/MechaManZero/mmz/Content/Laboratory/Textures/T_Clotch_1001_BaseColor.uasset" 2969
"D:/mydata/Repositories/MechaManZero/mmz/Content/Laboratory/Textures/T_Clotch_1001_BaseColor.uexp" 2970
"D:/mydata/Repositories/MechaManZero/mmz/Content/Laboratory/Materials/M_Clotch_1001_BaseColor_Mat.uasset" 2971
"D:/mydata/Repositories/MechaManZero/mmz/Content/Laboratory/Materials/M_Clotch_1001_BaseColor_Mat.uexp" 2972
"D:/mydata/Repositories/MechaManZero/mmz/Content/Laboratory/StaticMeshes/SM_Clotch.ubulk" 2973
"D:/mydata/Repositories/MechaManZero/mmz/Content/Laboratory/StaticMeshes/SM_Clotch.uasset" 2974
"D:/mydata/Repositories/MechaManZero/mmz/Content/Laboratory/StaticMeshes/SM_Clotch.uexp" 2975
"D:/mydata/Repositories/MechaManZero/mmz/Content/Laboratory/Textures/T_CONDICIONER_1001_OcclusionRoughnessMetallic.ubulk" 2976
"D:/mydata/Repositories/MechaManZero/mmz/Content/Laboratory/Textures/T_CONDICIONER_1001_OcclusionRoughnessMetallic.uasset" 2977
"D:/mydata/Repositories/MechaManZero/mmz/Content/Laboratory/Textures/T_CONDICIONER_1001_OcclusionRoughnessMetallic.uexp" 2978
"D:/mydata/Repositories/MechaManZero/mmz/Content/Laboratory/Textures/T_CONDICIONER_1001_Normal.ubulk" 2979
"D:/mydata/Repositories/MechaManZero/mmz/Content/Laboratory/Textures/T_CONDICIONER_1001_Normal.uasset" 2980
"D:/mydata/Repositories/MechaManZero/mmz/Content/Laboratory/Textures/T_CONDICIONER_1001_Normal.uexp" 2981
"D:/mydata/Repositories/MechaManZero/mmz/Content/Laboratory/Textures/T_CONDICIONER_1001_BaseColor.ubulk" 2982
"D:/mydata/Repositories/MechaManZero/mmz/Content/Laboratory/Textures/T_CONDICIONER_1001_BaseColor.uasset" 2983
"D:/mydata/Repositories/MechaManZero/mmz/Content/Laboratory/Textures/T_CONDICIONER_1001_BaseColor.uexp" 2984
"D:/mydata/Repositories/MechaManZero/mmz/Content/Laboratory/Materials/M_CONDICIONER_1001_BaseColor_Mat.uasset" 2985
"D:/mydata/Repositories/MechaManZero/mmz/Content/Laboratory/Materials/M_CONDICIONER_1001_BaseColor_Mat.uexp" 2986
"D:/mydata/Repositories/MechaManZero/mmz/Content/Laboratory/StaticMeshes/SM_conditioner.ubulk" 2987
"D:/mydata/Repositories/MechaManZero/mmz/Content/Laboratory/StaticMeshes/SM_conditioner.uasset" 2988
"D:/mydata/Repositories/MechaManZero/mmz/Content/Laboratory/StaticMeshes/SM_conditioner.uexp" 2989
"D:/mydata/Repositories/MechaManZero/mmz/Content/Laboratory/Textures/T_Cup_1001_OcclusionRoughnessMetallic.ubulk" 2990
"D:/mydata/Repositories/MechaManZero/mmz/Content/Laboratory/Textures/T_Cup_1001_OcclusionRoughnessMetallic.uasset" 2991
"D:/mydata/Repositories/MechaManZero/mmz/Content/Laboratory/Textures/T_Cup_1001_OcclusionRoughnessMetallic.uexp" 2992
"D:/mydata/Repositories/MechaManZero/mmz/Content/Laboratory/Textures/T_Cup_1001_BaseColor.ubulk" 2993
"D:/mydata/Repositories/MechaManZero/mmz/Content/Laboratory/Textures/T_Cup_1001_BaseColor.uasset" 2994
"D:/mydata/Repositories/MechaManZero/mmz/Content/Laboratory/Textures/T_Cup_1001_BaseColor.uexp" 2995
"D:/mydata/Repositories/MechaManZero/mmz/Content/Laboratory/Materials/M_Cup_1001_BaseColor_Mat.uasset" 2996
"D:/mydata/Repositories/MechaManZero/mmz/Content/Laboratory/Materials/M_Cup_1001_BaseColor_Mat.uexp" 2997
"D:/mydata/Repositories/MechaManZero/mmz/Content/Laboratory/StaticMeshes/SM_Cup.ubulk" 2998
"D:/mydata/Repositories/MechaManZero/mmz/Content/Laboratory/StaticMeshes/SM_Cup.uasset" 2999
"D:/mydata/Repositories/MechaManZero/mmz/Content/Laboratory/StaticMeshes/SM_Cup.uexp" 3000
"D:/mydata/Repositories/MechaManZero/mmz/Content/Laboratory/Textures/T_Door_Low_1001_OcclusionRoughnessMetallic.ubulk" 3001
"D:/mydata/Repositories/MechaManZero/mmz/Content/Laboratory/Textures/T_Door_Low_1001_OcclusionRoughnessMetallic.uasset" 3002
"D:/mydata/Repositories/MechaManZero/mmz/Content/Laboratory/Textures/T_Door_Low_1001_OcclusionRoughnessMetallic.uexp" 3003
"D:/mydata/Repositories/MechaManZero/mmz/Content/Laboratory/Textures/T_Door_Low_1001_Normal.ubulk" 3004
"D:/mydata/Repositories/MechaManZero/mmz/Content/Laboratory/Textures/T_Door_Low_1001_Normal.uasset" 3005
"D:/mydata/Repositories/MechaManZero/mmz/Content/Laboratory/Textures/T_Door_Low_1001_Normal.uexp" 3006
"D:/mydata/Repositories/MechaManZero/mmz/Content/Laboratory/Textures/T_Door_Low_1001_BaseColor.ubulk" 3007
"D:/mydata/Repositories/MechaManZero/mmz/Content/Laboratory/Textures/T_Door_Low_1001_BaseColor.uasset" 3008
"D:/mydata/Repositories/MechaManZero/mmz/Content/Laboratory/Textures/T_Door_Low_1001_BaseColor.uexp" 3009
"D:/mydata/Repositories/MechaManZero/mmz/Content/Laboratory/Materials/M_Door_Low_1001_BaseColor_Mat.uasset" 3010
"D:/mydata/Repositories/MechaManZero/mmz/Content/Laboratory/Materials/M_Door_Low_1001_BaseColor_Mat.uexp" 3011
"D:/mydata/Repositories/MechaManZero/mmz/Content/Laboratory/StaticMeshes/SM_Door_Low.ubulk" 3012
"D:/mydata/Repositories/MechaManZero/mmz/Content/Laboratory/StaticMeshes/SM_Door_Low.uasset" 3013
"D:/mydata/Repositories/MechaManZero/mmz/Content/Laboratory/StaticMeshes/SM_Door_Low.uexp" 3014
"D:/mydata/Repositories/MechaManZero/mmz/Content/Laboratory/Textures/T_ZAbor_1001_OcclusionRoughnessMetallic.ubulk" 3015
"D:/mydata/Repositories/MechaManZero/mmz/Content/Laboratory/Textures/T_ZAbor_1001_OcclusionRoughnessMetallic.uasset" 3016
"D:/mydata/Repositories/MechaManZero/mmz/Content/Laboratory/Textures/T_ZAbor_1001_OcclusionRoughnessMetallic.uexp" 3017
"D:/mydata/Repositories/MechaManZero/mmz/Content/Laboratory/Textures/T_ZAbor_1001_BaseColor.ubulk" 3018
"D:/mydata/Repositories/MechaManZero/mmz/Content/Laboratory/Textures/T_ZAbor_1001_BaseColor.uasset" 3019
"D:/mydata/Repositories/MechaManZero/mmz/Content/Laboratory/Textures/T_ZAbor_1001_BaseColor.uexp" 3020
"D:/mydata/Repositories/MechaManZero/mmz/Content/Laboratory/Materials/M_ZAbor_1001_BaseColor_Mat.uasset" 3021
"D:/mydata/Repositories/MechaManZero/mmz/Content/Laboratory/Materials/M_ZAbor_1001_BaseColor_Mat.uexp" 3022
"D:/mydata/Repositories/MechaManZero/mmz/Content/Laboratory/StaticMeshes/SM_fence.ubulk" 3023
"D:/mydata/Repositories/MechaManZero/mmz/Content/Laboratory/StaticMeshes/SM_fence.uasset" 3024
"D:/mydata/Repositories/MechaManZero/mmz/Content/Laboratory/StaticMeshes/SM_fence.uexp" 3025
"D:/mydata/Repositories/MechaManZero/mmz/Content/Laboratory/Materials/Instances/MI_Inst.uasset" 3026
"D:/mydata/Repositories/MechaManZero/mmz/Content/Laboratory/Materials/Instances/MI_Inst.uexp" 3027
"D:/mydata/Repositories/MechaManZero/mmz/Content/Laboratory/StaticMeshes/SM_flask1.ubulk" 3028
"D:/mydata/Repositories/MechaManZero/mmz/Content/Laboratory/StaticMeshes/SM_flask1.uasset" 3029
"D:/mydata/Repositories/MechaManZero/mmz/Content/Laboratory/StaticMeshes/SM_flask1.uexp" 3030
"D:/mydata/Repositories/MechaManZero/mmz/Content/Laboratory/Textures/T_2_1001_OcclusionRoughnessMetallic.ubulk" 3031
"D:/mydata/Repositories/MechaManZero/mmz/Content/Laboratory/Textures/T_2_1001_OcclusionRoughnessMetallic.uasset" 3032
"D:/mydata/Repositories/MechaManZero/mmz/Content/Laboratory/Textures/T_2_1001_OcclusionRoughnessMetallic.uexp" 3033
"D:/mydata/Repositories/MechaManZero/mmz/Content/Laboratory/Textures/T_2_1001_Normal.ubulk" 3034
"D:/mydata/Repositories/MechaManZero/mmz/Content/Laboratory/Textures/T_2_1001_Normal.uasset" 3035
"D:/mydata/Repositories/MechaManZero/mmz/Content/Laboratory/Textures/T_2_1001_Normal.uexp" 3036
"D:/mydata/Repositories/MechaManZero/mmz/Content/Laboratory/Textures/T_2_1001_BaseColor.ubulk" 3037
"D:/mydata/Repositories/MechaManZero/mmz/Content/Laboratory/Textures/T_2_1001_BaseColor.uasset" 3038
"D:/mydata/Repositories/MechaManZero/mmz/Content/Laboratory/Textures/T_2_1001_BaseColor.uexp" 3039
"D:/mydata/Repositories/MechaManZero/mmz/Content/Laboratory/Materials/M_2_1001_BaseColor_Mat.uasset" 3040
"D:/mydata/Repositories/MechaManZero/mmz/Content/Laboratory/Materials/M_2_1001_BaseColor_Mat.uexp" 3041
"D:/mydata/Repositories/MechaManZero/mmz/Content/Laboratory/StaticMeshes/SM_flask2.ubulk" 3042
"D:/mydata/Repositories/MechaManZero/mmz/Content/Laboratory/StaticMeshes/SM_flask2.uasset" 3043
"D:/mydata/Repositories/MechaManZero/mmz/Content/Laboratory/StaticMeshes/SM_flask2.uexp" 3044
"D:/mydata/Repositories/MechaManZero/mmz/Content/Laboratory/Textures/T_lestnica_1001_OcclusionRoughnessMetallic.ubulk" 3045
"D:/mydata/Repositories/MechaManZero/mmz/Content/Laboratory/Textures/T_lestnica_1001_OcclusionRoughnessMetallic.uasset" 3046
"D:/mydata/Repositories/MechaManZero/mmz/Content/Laboratory/Textures/T_lestnica_1001_OcclusionRoughnessMetallic.uexp" 3047
"D:/mydata/Repositories/MechaManZero/mmz/Content/Laboratory/Textures/T_lestnica_1001_Normal.ubulk" 3048
"D:/mydata/Repositories/MechaManZero/mmz/Content/Laboratory/Textures/T_lestnica_1001_Normal.uasset" 3049
"D:/mydata/Repositories/MechaManZero/mmz/Content/Laboratory/Textures/T_lestnica_1001_Normal.uexp" 3050
"D:/mydata/Repositories/MechaManZero/mmz/Content/Laboratory/Textures/T_lestnica_1001_BaseColor.ubulk" 3051
"D:/mydata/Repositories/MechaManZero/mmz/Content/Laboratory/Textures/T_lestnica_1001_BaseColor.uasset" 3052
"D:/mydata/Repositories/MechaManZero/mmz/Content/Laboratory/Textures/T_lestnica_1001_BaseColor.uexp" 3053
"D:/mydata/Repositories/MechaManZero/mmz/Content/Laboratory/Materials/M_lestnica_1001_BaseColor_Mat.uasset" 3054
"D:/mydata/Repositories/MechaManZero/mmz/Content/Laboratory/Materials/M_lestnica_1001_BaseColor_Mat.uexp" 3055
"D:/mydata/Repositories/MechaManZero/mmz/Content/Laboratory/StaticMeshes/SM_ladder.ubulk" 3056
"D:/mydata/Repositories/MechaManZero/mmz/Content/Laboratory/StaticMeshes/SM_ladder.uasset" 3057
"D:/mydata/Repositories/MechaManZero/mmz/Content/Laboratory/StaticMeshes/SM_ladder.uexp" 3058
"D:/mydata/Repositories/MechaManZero/mmz/Content/Laboratory/Textures/T_Svet_1001_OcclusionRoughnessMetallic.ubulk" 3059
"D:/mydata/Repositories/MechaManZero/mmz/Content/Laboratory/Textures/T_Svet_1001_OcclusionRoughnessMetallic.uasset" 3060
"D:/mydata/Repositories/MechaManZero/mmz/Content/Laboratory/Textures/T_Svet_1001_OcclusionRoughnessMetallic.uexp" 3061
"D:/mydata/Repositories/MechaManZero/mmz/Content/Laboratory/Textures/T_Svet_1001_Normal.ubulk" 3062
"D:/mydata/Repositories/MechaManZero/mmz/Content/Laboratory/Textures/T_Svet_1001_Normal.uasset" 3063
"D:/mydata/Repositories/MechaManZero/mmz/Content/Laboratory/Textures/T_Svet_1001_Normal.uexp" 3064
"D:/mydata/Repositories/MechaManZero/mmz/Content/Laboratory/Textures/T_Svet_1001_Emissive.ubulk" 3065
"D:/mydata/Repositories/MechaManZero/mmz/Content/Laboratory/Textures/T_Svet_1001_Emissive.uasset" 3066
"D:/mydata/Repositories/MechaManZero/mmz/Content/Laboratory/Textures/T_Svet_1001_Emissive.uexp" 3067
"D:/mydata/Repositories/MechaManZero/mmz/Content/Laboratory/Textures/T_Svet_1001_BaseColor.ubulk" 3068
"D:/mydata/Repositories/MechaManZero/mmz/Content/Laboratory/Textures/T_Svet_1001_BaseColor.uasset" 3069
"D:/mydata/Repositories/MechaManZero/mmz/Content/Laboratory/Textures/T_Svet_1001_BaseColor.uexp" 3070
"D:/mydata/Repositories/MechaManZero/mmz/Content/Laboratory/Materials/M_Svet_1001_BaseColor_Mat.uasset" 3071
"D:/mydata/Repositories/MechaManZero/mmz/Content/Laboratory/Materials/M_Svet_1001_BaseColor_Mat.uexp" 3072
"D:/mydata/Repositories/MechaManZero/mmz/Content/Laboratory/StaticMeshes/SM_lamp.ubulk" 3073
"D:/mydata/Repositories/MechaManZero/mmz/Content/Laboratory/StaticMeshes/SM_lamp.uasset" 3074
"D:/mydata/Repositories/MechaManZero/mmz/Content/Laboratory/StaticMeshes/SM_lamp.uexp" 3075
"D:/mydata/Repositories/MechaManZero/mmz/Content/Laboratory/Textures/T_Svet_2_1001_OcclusionRoughnessMetallic.ubulk" 3076
"D:/mydata/Repositories/MechaManZero/mmz/Content/Laboratory/Textures/T_Svet_2_1001_OcclusionRoughnessMetallic.uasset" 3077
"D:/mydata/Repositories/MechaManZero/mmz/Content/Laboratory/Textures/T_Svet_2_1001_OcclusionRoughnessMetallic.uexp" 3078
"D:/mydata/Repositories/MechaManZero/mmz/Content/Laboratory/Textures/T_Svet_2_1001_Normal.ubulk" 3079
"D:/mydata/Repositories/MechaManZero/mmz/Content/Laboratory/Textures/T_Svet_2_1001_Normal.uasset" 3080
"D:/mydata/Repositories/MechaManZero/mmz/Content/Laboratory/Textures/T_Svet_2_1001_Normal.uexp" 3081
"D:/mydata/Repositories/MechaManZero/mmz/Content/Laboratory/Textures/T_Svet_2_1001_BaseColor.ubulk" 3082
"D:/mydata/Repositories/MechaManZero/mmz/Content/Laboratory/Textures/T_Svet_2_1001_BaseColor.uasset" 3083
"D:/mydata/Repositories/MechaManZero/mmz/Content/Laboratory/Textures/T_Svet_2_1001_BaseColor.uexp" 3084
"D:/mydata/Repositories/MechaManZero/mmz/Content/Laboratory/Materials/M_Svet_2_1001_BaseColor_Mat.uasset" 3085
"D:/mydata/Repositories/MechaManZero/mmz/Content/Laboratory/Materials/M_Svet_2_1001_BaseColor_Mat.uexp" 3086
"D:/mydata/Repositories/MechaManZero/mmz/Content/Laboratory/Materials/M_for_svet_2.uasset" 3087
"D:/mydata/Repositories/MechaManZero/mmz/Content/Laboratory/Materials/M_for_svet_2.uexp" 3088
"D:/mydata/Repositories/MechaManZero/mmz/Content/Laboratory/StaticMeshes/SM_lamp2.ubulk" 3089
"D:/mydata/Repositories/MechaManZero/mmz/Content/Laboratory/StaticMeshes/SM_lamp2.uasset" 3090
"D:/mydata/Repositories/MechaManZero/mmz/Content/Laboratory/StaticMeshes/SM_lamp2.uexp" 3091
"D:/mydata/Repositories/MechaManZero/mmz/Content/Laboratory/Textures/T_NETBOOOK_1001_OcclusionRoughnessMetallic.ubulk" 3092
"D:/mydata/Repositories/MechaManZero/mmz/Content/Laboratory/Textures/T_NETBOOOK_1001_OcclusionRoughnessMetallic.uasset" 3093
"D:/mydata/Repositories/MechaManZero/mmz/Content/Laboratory/Textures/T_NETBOOOK_1001_OcclusionRoughnessMetallic.uexp" 3094
"D:/mydata/Repositories/MechaManZero/mmz/Content/Laboratory/Textures/T_NETBOOOK_1001_Normal.ubulk" 3095
"D:/mydata/Repositories/MechaManZero/mmz/Content/Laboratory/Textures/T_NETBOOOK_1001_Normal.uasset" 3096
"D:/mydata/Repositories/MechaManZero/mmz/Content/Laboratory/Textures/T_NETBOOOK_1001_Normal.uexp" 3097
"D:/mydata/Repositories/MechaManZero/mmz/Content/Laboratory/Textures/T_NETBOOOK_1001_BaseColor.ubulk" 3098
"D:/mydata/Repositories/MechaManZero/mmz/Content/Laboratory/Textures/T_NETBOOOK_1001_BaseColor.uasset" 3099
"D:/mydata/Repositories/MechaManZero/mmz/Content/Laboratory/Textures/T_NETBOOOK_1001_BaseColor.uexp" 3100
"D:/mydata/Repositories/MechaManZero/mmz/Content/Laboratory/Materials/M_NETBOOOK_1001_BaseColor_Mat.uasset" 3101
"D:/mydata/Repositories/MechaManZero/mmz/Content/Laboratory/Materials/M_NETBOOOK_1001_BaseColor_Mat.uexp" 3102
"D:/mydata/Repositories/MechaManZero/mmz/Content/Laboratory/StaticMeshes/SM_laptop.ubulk" 3103
"D:/mydata/Repositories/MechaManZero/mmz/Content/Laboratory/StaticMeshes/SM_laptop.uasset" 3104
"D:/mydata/Repositories/MechaManZero/mmz/Content/Laboratory/StaticMeshes/SM_laptop.uexp" 3105
"D:/mydata/Repositories/MechaManZero/mmz/Content/Laboratory/Textures/T_Krutilka_1001_OcclusionRoughnessMetallic.ubulk" 3106
"D:/mydata/Repositories/MechaManZero/mmz/Content/Laboratory/Textures/T_Krutilka_1001_OcclusionRoughnessMetallic.uasset" 3107
"D:/mydata/Repositories/MechaManZero/mmz/Content/Laboratory/Textures/T_Krutilka_1001_OcclusionRoughnessMetallic.uexp" 3108
"D:/mydata/Repositories/MechaManZero/mmz/Content/Laboratory/Textures/T_Krutilka_1001_Normal.ubulk" 3109
"D:/mydata/Repositories/MechaManZero/mmz/Content/Laboratory/Textures/T_Krutilka_1001_Normal.uasset" 3110
"D:/mydata/Repositories/MechaManZero/mmz/Content/Laboratory/Textures/T_Krutilka_1001_Normal.uexp" 3111
"D:/mydata/Repositories/MechaManZero/mmz/Content/Laboratory/Textures/T_Krutilka_1001_BaseColor.ubulk" 3112
"D:/mydata/Repositories/MechaManZero/mmz/Content/Laboratory/Textures/T_Krutilka_1001_BaseColor.uasset" 3113
"D:/mydata/Repositories/MechaManZero/mmz/Content/Laboratory/Textures/T_Krutilka_1001_BaseColor.uexp" 3114
"D:/mydata/Repositories/MechaManZero/mmz/Content/Laboratory/Materials/M_Krutilka_1001_BaseColor_Mat.uasset" 3115
"D:/mydata/Repositories/MechaManZero/mmz/Content/Laboratory/Materials/M_Krutilka_1001_BaseColor_Mat.uexp" 3116
"D:/mydata/Repositories/MechaManZero/mmz/Content/Laboratory/StaticMeshes/SM_lever.ubulk" 3117
"D:/mydata/Repositories/MechaManZero/mmz/Content/Laboratory/StaticMeshes/SM_lever.uasset" 3118
"D:/mydata/Repositories/MechaManZero/mmz/Content/Laboratory/StaticMeshes/SM_lever.uexp" 3119
"D:/mydata/Repositories/MechaManZero/mmz/Content/Laboratory/Textures/T_Box_1001_OcclusionRoughnessMetallic.ubulk" 3120
"D:/mydata/Repositories/MechaManZero/mmz/Content/Laboratory/Textures/T_Box_1001_OcclusionRoughnessMetallic.uasset" 3121
"D:/mydata/Repositories/MechaManZero/mmz/Content/Laboratory/Textures/T_Box_1001_OcclusionRoughnessMetallic.uexp" 3122
"D:/mydata/Repositories/MechaManZero/mmz/Content/Laboratory/Textures/T_Box_1001_Normal.ubulk" 3123
"D:/mydata/Repositories/MechaManZero/mmz/Content/Laboratory/Textures/T_Box_1001_Normal.uasset" 3124
"D:/mydata/Repositories/MechaManZero/mmz/Content/Laboratory/Textures/T_Box_1001_Normal.uexp" 3125
"D:/mydata/Repositories/MechaManZero/mmz/Content/Laboratory/Textures/T_Box_1001_BaseColor.ubulk" 3126
"D:/mydata/Repositories/MechaManZero/mmz/Content/Laboratory/Textures/T_Box_1001_BaseColor.uasset" 3127
"D:/mydata/Repositories/MechaManZero/mmz/Content/Laboratory/Textures/T_Box_1001_BaseColor.uexp" 3128
"D:/mydata/Repositories/MechaManZero/mmz/Content/Laboratory/Materials/M_Box_1001_BaseColor_Mat.uasset" 3129
"D:/mydata/Repositories/MechaManZero/mmz/Content/Laboratory/Materials/M_Box_1001_BaseColor_Mat.uexp" 3130
"D:/mydata/Repositories/MechaManZero/mmz/Content/Laboratory/StaticMeshes/SM_meal_Box.ubulk" 3131
"D:/mydata/Repositories/MechaManZero/mmz/Content/Laboratory/StaticMeshes/SM_meal_Box.uasset" 3132
"D:/mydata/Repositories/MechaManZero/mmz/Content/Laboratory/StaticMeshes/SM_meal_Box.uexp" 3133
"D:/mydata/Repositories/MechaManZero/mmz/Content/Laboratory/Textures/T_Kru_1001_OcclusionRoughnessMetallic.ubulk" 3134
"D:/mydata/Repositories/MechaManZero/mmz/Content/Laboratory/Textures/T_Kru_1001_OcclusionRoughnessMetallic.uasset" 3135
"D:/mydata/Repositories/MechaManZero/mmz/Content/Laboratory/Textures/T_Kru_1001_OcclusionRoughnessMetallic.uexp" 3136
"D:/mydata/Repositories/MechaManZero/mmz/Content/Laboratory/Textures/T_Kru_1001_Normal.ubulk" 3137
"D:/mydata/Repositories/MechaManZero/mmz/Content/Laboratory/Textures/T_Kru_1001_Normal.uasset" 3138
"D:/mydata/Repositories/MechaManZero/mmz/Content/Laboratory/Textures/T_Kru_1001_Normal.uexp" 3139
"D:/mydata/Repositories/MechaManZero/mmz/Content/Laboratory/Textures/T_Kru_1001_BaseColor.ubulk" 3140
"D:/mydata/Repositories/MechaManZero/mmz/Content/Laboratory/Textures/T_Kru_1001_BaseColor.uasset" 3141
"D:/mydata/Repositories/MechaManZero/mmz/Content/Laboratory/Textures/T_Kru_1001_BaseColor.uexp" 3142
"D:/mydata/Repositories/MechaManZero/mmz/Content/Laboratory/Materials/M_Kru_1001_BaseColor_Mat.uasset" 3143
"D:/mydata/Repositories/MechaManZero/mmz/Content/Laboratory/Materials/M_Kru_1001_BaseColor_Mat.uexp" 3144
"D:/mydata/Repositories/MechaManZero/mmz/Content/Laboratory/StaticMeshes/SM_mechanism.ubulk" 3145
"D:/mydata/Repositories/MechaManZero/mmz/Content/Laboratory/StaticMeshes/SM_mechanism.uasset" 3146
"D:/mydata/Repositories/MechaManZero/mmz/Content/Laboratory/StaticMeshes/SM_mechanism.uexp" 3147
"D:/mydata/Repositories/MechaManZero/mmz/Content/Laboratory/Textures/T_MICROSCOPE_1001_OcclusionRoughnessMetallic.ubulk" 3148
"D:/mydata/Repositories/MechaManZero/mmz/Content/Laboratory/Textures/T_MICROSCOPE_1001_OcclusionRoughnessMetallic.uasset" 3149
"D:/mydata/Repositories/MechaManZero/mmz/Content/Laboratory/Textures/T_MICROSCOPE_1001_OcclusionRoughnessMetallic.uexp" 3150
"D:/mydata/Repositories/MechaManZero/mmz/Content/Laboratory/Textures/T_MICROSCOPE_1001_Normal.ubulk" 3151
"D:/mydata/Repositories/MechaManZero/mmz/Content/Laboratory/Textures/T_MICROSCOPE_1001_Normal.uasset" 3152
"D:/mydata/Repositories/MechaManZero/mmz/Content/Laboratory/Textures/T_MICROSCOPE_1001_Normal.uexp" 3153
"D:/mydata/Repositories/MechaManZero/mmz/Content/Laboratory/Textures/T_MICROSCOPE_1001_BaseColor.ubulk" 3154
"D:/mydata/Repositories/MechaManZero/mmz/Content/Laboratory/Textures/T_MICROSCOPE_1001_BaseColor.uasset" 3155
"D:/mydata/Repositories/MechaManZero/mmz/Content/Laboratory/Textures/T_MICROSCOPE_1001_BaseColor.uexp" 3156
"D:/mydata/Repositories/MechaManZero/mmz/Content/Laboratory/Materials/M_MICROSCOPE_1001_BaseColor_Mat.uasset" 3157
"D:/mydata/Repositories/MechaManZero/mmz/Content/Laboratory/Materials/M_MICROSCOPE_1001_BaseColor_Mat.uexp" 3158
"D:/mydata/Repositories/MechaManZero/mmz/Content/Laboratory/StaticMeshes/SM_microscope.ubulk" 3159
"D:/mydata/Repositories/MechaManZero/mmz/Content/Laboratory/StaticMeshes/SM_microscope.uasset" 3160
"D:/mydata/Repositories/MechaManZero/mmz/Content/Laboratory/StaticMeshes/SM_microscope.uexp" 3161
"D:/mydata/Repositories/MechaManZero/mmz/Content/Laboratory/Textures/T_MIni_Stolik_1001_OcclusionRoughnessMetallic.ubulk" 3162
"D:/mydata/Repositories/MechaManZero/mmz/Content/Laboratory/Textures/T_MIni_Stolik_1001_OcclusionRoughnessMetallic.uasset" 3163
"D:/mydata/Repositories/MechaManZero/mmz/Content/Laboratory/Textures/T_MIni_Stolik_1001_OcclusionRoughnessMetallic.uexp" 3164
"D:/mydata/Repositories/MechaManZero/mmz/Content/Laboratory/Textures/T_MIni_Stolik_1001_Normal.ubulk" 3165
"D:/mydata/Repositories/MechaManZero/mmz/Content/Laboratory/Textures/T_MIni_Stolik_1001_Normal.uasset" 3166
"D:/mydata/Repositories/MechaManZero/mmz/Content/Laboratory/Textures/T_MIni_Stolik_1001_Normal.uexp" 3167
"D:/mydata/Repositories/MechaManZero/mmz/Content/Laboratory/Textures/T_MIni_Stolik_1001_BaseColor.ubulk" 3168
"D:/mydata/Repositories/MechaManZero/mmz/Content/Laboratory/Textures/T_MIni_Stolik_1001_BaseColor.uasset" 3169
"D:/mydata/Repositories/MechaManZero/mmz/Content/Laboratory/Textures/T_MIni_Stolik_1001_BaseColor.uexp" 3170
"D:/mydata/Repositories/MechaManZero/mmz/Content/Laboratory/Materials/M_MIni_Stolik_1001_BaseColor_Mat.uasset" 3171
"D:/mydata/Repositories/MechaManZero/mmz/Content/Laboratory/Materials/M_MIni_Stolik_1001_BaseColor_Mat.uexp" 3172
"D:/mydata/Repositories/MechaManZero/mmz/Content/Laboratory/StaticMeshes/SM_mini_table.ubulk" 3173
"D:/mydata/Repositories/MechaManZero/mmz/Content/Laboratory/StaticMeshes/SM_mini_table.uasset" 3174
"D:/mydata/Repositories/MechaManZero/mmz/Content/Laboratory/StaticMeshes/SM_mini_table.uexp" 3175
"D:/mydata/Repositories/MechaManZero/mmz/Content/Laboratory/Textures/T_MOTOR_1001_OcclusionRoughnessMetallic.ubulk" 3176
"D:/mydata/Repositories/MechaManZero/mmz/Content/Laboratory/Textures/T_MOTOR_1001_OcclusionRoughnessMetallic.uasset" 3177
"D:/mydata/Repositories/MechaManZero/mmz/Content/Laboratory/Textures/T_MOTOR_1001_OcclusionRoughnessMetallic.uexp" 3178
"D:/mydata/Repositories/MechaManZero/mmz/Content/Laboratory/Textures/T_MOTOR_1001_Normal.ubulk" 3179
"D:/mydata/Repositories/MechaManZero/mmz/Content/Laboratory/Textures/T_MOTOR_1001_Normal.uasset" 3180
"D:/mydata/Repositories/MechaManZero/mmz/Content/Laboratory/Textures/T_MOTOR_1001_Normal.uexp" 3181
"D:/mydata/Repositories/MechaManZero/mmz/Content/Laboratory/Textures/T_MOTOR_1001_BaseColor.ubulk" 3182
"D:/mydata/Repositories/MechaManZero/mmz/Content/Laboratory/Textures/T_MOTOR_1001_BaseColor.uasset" 3183
"D:/mydata/Repositories/MechaManZero/mmz/Content/Laboratory/Textures/T_MOTOR_1001_BaseColor.uexp" 3184
"D:/mydata/Repositories/MechaManZero/mmz/Content/Laboratory/Materials/M_MOTOR_1001_BaseColor_Mat.uasset" 3185
"D:/mydata/Repositories/MechaManZero/mmz/Content/Laboratory/Materials/M_MOTOR_1001_BaseColor_Mat.uexp" 3186
"D:/mydata/Repositories/MechaManZero/mmz/Content/Laboratory/StaticMeshes/SM_motor.ubulk" 3187
"D:/mydata/Repositories/MechaManZero/mmz/Content/Laboratory/StaticMeshes/SM_motor.uasset" 3188
"D:/mydata/Repositories/MechaManZero/mmz/Content/Laboratory/StaticMeshes/SM_motor.uexp" 3189
"D:/mydata/Repositories/MechaManZero/mmz/Content/Laboratory/Textures/T_Open_tool_1001_OcclusionRoughnessMetallic.ubulk" 3190
"D:/mydata/Repositories/MechaManZero/mmz/Content/Laboratory/Textures/T_Open_tool_1001_OcclusionRoughnessMetallic.uasset" 3191
"D:/mydata/Repositories/MechaManZero/mmz/Content/Laboratory/Textures/T_Open_tool_1001_OcclusionRoughnessMetallic.uexp" 3192
"D:/mydata/Repositories/MechaManZero/mmz/Content/Laboratory/Textures/T_Open_tool_1001_Normal.ubulk" 3193
"D:/mydata/Repositories/MechaManZero/mmz/Content/Laboratory/Textures/T_Open_tool_1001_Normal.uasset" 3194
"D:/mydata/Repositories/MechaManZero/mmz/Content/Laboratory/Textures/T_Open_tool_1001_Normal.uexp" 3195
"D:/mydata/Repositories/MechaManZero/mmz/Content/Laboratory/Textures/T_Open_tool_1001_BaseColor.ubulk" 3196
"D:/mydata/Repositories/MechaManZero/mmz/Content/Laboratory/Textures/T_Open_tool_1001_BaseColor.uasset" 3197
"D:/mydata/Repositories/MechaManZero/mmz/Content/Laboratory/Textures/T_Open_tool_1001_BaseColor.uexp" 3198
"D:/mydata/Repositories/MechaManZero/mmz/Content/Laboratory/Materials/M_Open_tool_1001_BaseColor_Mat.uasset" 3199
"D:/mydata/Repositories/MechaManZero/mmz/Content/Laboratory/Materials/M_Open_tool_1001_BaseColor_Mat.uexp" 3200
"D:/mydata/Repositories/MechaManZero/mmz/Content/Laboratory/StaticMeshes/SM_Open_tool.ubulk" 3201
"D:/mydata/Repositories/MechaManZero/mmz/Content/Laboratory/StaticMeshes/SM_Open_tool.uasset" 3202
"D:/mydata/Repositories/MechaManZero/mmz/Content/Laboratory/StaticMeshes/SM_Open_tool.uexp" 3203
"D:/mydata/Repositories/MechaManZero/mmz/Content/Laboratory/Textures/T_Shwabra_1001_OcclusionRoughnessMetallic.ubulk" 3204
"D:/mydata/Repositories/MechaManZero/mmz/Content/Laboratory/Textures/T_Shwabra_1001_OcclusionRoughnessMetallic.uasset" 3205
"D:/mydata/Repositories/MechaManZero/mmz/Content/Laboratory/Textures/T_Shwabra_1001_OcclusionRoughnessMetallic.uexp" 3206
"D:/mydata/Repositories/MechaManZero/mmz/Content/Laboratory/Textures/T_Shwabra_1001_Normal.ubulk" 3207
"D:/mydata/Repositories/MechaManZero/mmz/Content/Laboratory/Textures/T_Shwabra_1001_Normal.uasset" 3208
"D:/mydata/Repositories/MechaManZero/mmz/Content/Laboratory/Textures/T_Shwabra_1001_Normal.uexp" 3209
"D:/mydata/Repositories/MechaManZero/mmz/Content/Laboratory/Textures/T_Shwabra_1001_BaseColor.ubulk" 3210
"D:/mydata/Repositories/MechaManZero/mmz/Content/Laboratory/Textures/T_Shwabra_1001_BaseColor.uasset" 3211
"D:/mydata/Repositories/MechaManZero/mmz/Content/Laboratory/Textures/T_Shwabra_1001_BaseColor.uexp" 3212
"D:/mydata/Repositories/MechaManZero/mmz/Content/Laboratory/Materials/M_Shwabra_1001_BaseColor_Mat.uasset" 3213
"D:/mydata/Repositories/MechaManZero/mmz/Content/Laboratory/Materials/M_Shwabra_1001_BaseColor_Mat.uexp" 3214
"D:/mydata/Repositories/MechaManZero/mmz/Content/Laboratory/StaticMeshes/SM_Shwabra.ubulk" 3215
"D:/mydata/Repositories/MechaManZero/mmz/Content/Laboratory/StaticMeshes/SM_Shwabra.uasset" 3216
"D:/mydata/Repositories/MechaManZero/mmz/Content/Laboratory/StaticMeshes/SM_Shwabra.uexp" 3217
"D:/mydata/Repositories/MechaManZero/mmz/Content/Laboratory/Textures/T_K_1001_OcclusionRoughnessMetallic.ubulk" 3218
"D:/mydata/Repositories/MechaManZero/mmz/Content/Laboratory/Textures/T_K_1001_OcclusionRoughnessMetallic.uasset" 3219
"D:/mydata/Repositories/MechaManZero/mmz/Content/Laboratory/Textures/T_K_1001_OcclusionRoughnessMetallic.uexp" 3220
"D:/mydata/Repositories/MechaManZero/mmz/Content/Laboratory/Textures/T_K_1001_Normal.ubulk" 3221
"D:/mydata/Repositories/MechaManZero/mmz/Content/Laboratory/Textures/T_K_1001_Normal.uasset" 3222
"D:/mydata/Repositories/MechaManZero/mmz/Content/Laboratory/Textures/T_K_1001_Normal.uexp" 3223
"D:/mydata/Repositories/MechaManZero/mmz/Content/Laboratory/Textures/T_K_1001_BaseColor.ubulk" 3224
"D:/mydata/Repositories/MechaManZero/mmz/Content/Laboratory/Textures/T_K_1001_BaseColor.uasset" 3225
"D:/mydata/Repositories/MechaManZero/mmz/Content/Laboratory/Textures/T_K_1001_BaseColor.uexp" 3226
"D:/mydata/Repositories/MechaManZero/mmz/Content/Laboratory/Materials/M_K_1001_BaseColor_Mat.uasset" 3227
"D:/mydata/Repositories/MechaManZero/mmz/Content/Laboratory/Materials/M_K_1001_BaseColor_Mat.uexp" 3228
"D:/mydata/Repositories/MechaManZero/mmz/Content/Laboratory/StaticMeshes/SM_table.ubulk" 3229
"D:/mydata/Repositories/MechaManZero/mmz/Content/Laboratory/StaticMeshes/SM_table.uasset" 3230
"D:/mydata/Repositories/MechaManZero/mmz/Content/Laboratory/StaticMeshes/SM_table.uexp" 3231
"D:/mydata/Repositories/MechaManZero/mmz/Content/Laboratory/Textures/T_TOXIN_1001_OcclusionRoughnessMetallic.ubulk" 3232
"D:/mydata/Repositories/MechaManZero/mmz/Content/Laboratory/Textures/T_TOXIN_1001_OcclusionRoughnessMetallic.uasset" 3233
"D:/mydata/Repositories/MechaManZero/mmz/Content/Laboratory/Textures/T_TOXIN_1001_OcclusionRoughnessMetallic.uexp" 3234
"D:/mydata/Repositories/MechaManZero/mmz/Content/Laboratory/Textures/T_TOXIN_1001_Normal.ubulk" 3235
"D:/mydata/Repositories/MechaManZero/mmz/Content/Laboratory/Textures/T_TOXIN_1001_Normal.uasset" 3236
"D:/mydata/Repositories/MechaManZero/mmz/Content/Laboratory/Textures/T_TOXIN_1001_Normal.uexp" 3237
"D:/mydata/Repositories/MechaManZero/mmz/Content/Laboratory/Textures/T_TOXIN_1001_BaseColor.ubulk" 3238
"D:/mydata/Repositories/MechaManZero/mmz/Content/Laboratory/Textures/T_TOXIN_1001_BaseColor.uasset" 3239
"D:/mydata/Repositories/MechaManZero/mmz/Content/Laboratory/Textures/T_TOXIN_1001_BaseColor.uexp" 3240
"D:/mydata/Repositories/MechaManZero/mmz/Content/Laboratory/Materials/M_TOXIN_1001_BaseColor_Mat.uasset" 3241
"D:/mydata/Repositories/MechaManZero/mmz/Content/Laboratory/Materials/M_TOXIN_1001_BaseColor_Mat.uexp" 3242
"D:/mydata/Repositories/MechaManZero/mmz/Content/Laboratory/StaticMeshes/SM_toxic_waste.ubulk" 3243
"D:/mydata/Repositories/MechaManZero/mmz/Content/Laboratory/StaticMeshes/SM_toxic_waste.uasset" 3244
"D:/mydata/Repositories/MechaManZero/mmz/Content/Laboratory/StaticMeshes/SM_toxic_waste.uexp" 3245
"D:/mydata/Repositories/MechaManZero/mmz/Content/Laboratory/Textures/T_Pincet_1001_OcclusionRoughnessMetallic.ubulk" 3246
"D:/mydata/Repositories/MechaManZero/mmz/Content/Laboratory/Textures/T_Pincet_1001_OcclusionRoughnessMetallic.uasset" 3247
"D:/mydata/Repositories/MechaManZero/mmz/Content/Laboratory/Textures/T_Pincet_1001_OcclusionRoughnessMetallic.uexp" 3248
"D:/mydata/Repositories/MechaManZero/mmz/Content/Laboratory/Textures/T_Pincet_1001_Normal.ubulk" 3249
"D:/mydata/Repositories/MechaManZero/mmz/Content/Laboratory/Textures/T_Pincet_1001_Normal.uasset" 3250
"D:/mydata/Repositories/MechaManZero/mmz/Content/Laboratory/Textures/T_Pincet_1001_Normal.uexp" 3251
"D:/mydata/Repositories/MechaManZero/mmz/Content/Laboratory/Textures/T_Pincet_1001_BaseColor.ubulk" 3252
"D:/mydata/Repositories/MechaManZero/mmz/Content/Laboratory/Textures/T_Pincet_1001_BaseColor.uasset" 3253
"D:/mydata/Repositories/MechaManZero/mmz/Content/Laboratory/Textures/T_Pincet_1001_BaseColor.uexp" 3254
"D:/mydata/Repositories/MechaManZero/mmz/Content/Laboratory/Materials/M_Pincet_1001_BaseColor_Mat.uasset" 3255
"D:/mydata/Repositories/MechaManZero/mmz/Content/Laboratory/Materials/M_Pincet_1001_BaseColor_Mat.uexp" 3256
"D:/mydata/Repositories/MechaManZero/mmz/Content/Laboratory/StaticMeshes/SM_tweezers.ubulk" 3257
"D:/mydata/Repositories/MechaManZero/mmz/Content/Laboratory/StaticMeshes/SM_tweezers.uasset" 3258
"D:/mydata/Repositories/MechaManZero/mmz/Content/Laboratory/StaticMeshes/SM_tweezers.uexp" 3259
"D:/mydata/Repositories/MechaManZero/mmz/Content/Laboratory/Textures/T_vikl_1001_OcclusionRoughnessMetallic.ubulk" 3260
"D:/mydata/Repositories/MechaManZero/mmz/Content/Laboratory/Textures/T_vikl_1001_OcclusionRoughnessMetallic.uasset" 3261
"D:/mydata/Repositories/MechaManZero/mmz/Content/Laboratory/Textures/T_vikl_1001_OcclusionRoughnessMetallic.uexp" 3262
"D:/mydata/Repositories/MechaManZero/mmz/Content/Laboratory/Textures/T_vikl_1001_Normal.ubulk" 3263
"D:/mydata/Repositories/MechaManZero/mmz/Content/Laboratory/Textures/T_vikl_1001_Normal.uasset" 3264
"D:/mydata/Repositories/MechaManZero/mmz/Content/Laboratory/Textures/T_vikl_1001_Normal.uexp" 3265
"D:/mydata/Repositories/MechaManZero/mmz/Content/Laboratory/Textures/T_vikl_1001_BaseColor.ubulk" 3266
"D:/mydata/Repositories/MechaManZero/mmz/Content/Laboratory/Textures/T_vikl_1001_BaseColor.uasset" 3267
"D:/mydata/Repositories/MechaManZero/mmz/Content/Laboratory/Textures/T_vikl_1001_BaseColor.uexp" 3268
"D:/mydata/Repositories/MechaManZero/mmz/Content/Laboratory/Materials/M_vikl_1001_BaseColor_Mat.uasset" 3269
"D:/mydata/Repositories/MechaManZero/mmz/Content/Laboratory/Materials/M_vikl_1001_BaseColor_Mat.uexp" 3270
"D:/mydata/Repositories/MechaManZero/mmz/Content/Laboratory/StaticMeshes/SM_vikl.ubulk" 3271
"D:/mydata/Repositories/MechaManZero/mmz/Content/Laboratory/StaticMeshes/SM_vikl.uasset" 3272
"D:/mydata/Repositories/MechaManZero/mmz/Content/Laboratory/StaticMeshes/SM_vikl.uexp" 3273
"D:/mydata/Repositories/MechaManZero/mmz/Content/Laboratory/Textures/T_VOda_1001_OcclusionRoughnessMetallic.ubulk" 3274
"D:/mydata/Repositories/MechaManZero/mmz/Content/Laboratory/Textures/T_VOda_1001_OcclusionRoughnessMetallic.uasset" 3275
"D:/mydata/Repositories/MechaManZero/mmz/Content/Laboratory/Textures/T_VOda_1001_OcclusionRoughnessMetallic.uexp" 3276
"D:/mydata/Repositories/MechaManZero/mmz/Content/Laboratory/Textures/T_VOda_1001_Normal.ubulk" 3277
"D:/mydata/Repositories/MechaManZero/mmz/Content/Laboratory/Textures/T_VOda_1001_Normal.uasset" 3278
"D:/mydata/Repositories/MechaManZero/mmz/Content/Laboratory/Textures/T_VOda_1001_Normal.uexp" 3279
"D:/mydata/Repositories/MechaManZero/mmz/Content/Laboratory/Textures/T_VOda_1001_BaseColor.ubulk" 3280
"D:/mydata/Repositories/MechaManZero/mmz/Content/Laboratory/Textures/T_VOda_1001_BaseColor.uasset" 3281
"D:/mydata/Repositories/MechaManZero/mmz/Content/Laboratory/Textures/T_VOda_1001_BaseColor.uexp" 3282
"D:/mydata/Repositories/MechaManZero/mmz/Content/Laboratory/Materials/M_VOda_1001_BaseColor_Mat.uasset" 3283
"D:/mydata/Repositories/MechaManZero/mmz/Content/Laboratory/Materials/M_VOda_1001_BaseColor_Mat.uexp" 3284
"D:/mydata/Repositories/MechaManZero/mmz/Content/Laboratory/StaticMeshes/SM_VOda.ubulk" 3285
"D:/mydata/Repositories/MechaManZero/mmz/Content/Laboratory/StaticMeshes/SM_VOda.uasset" 3286
"D:/mydata/Repositories/MechaManZero/mmz/Content/Laboratory/StaticMeshes/SM_VOda.uexp" 3287
"D:/mydata/Repositories/MechaManZero/mmz/Content/Laboratory/Textures/T_BIG_1001_OcclusionRoughnessMetallic.ubulk" 3288
"D:/mydata/Repositories/MechaManZero/mmz/Content/Laboratory/Textures/T_BIG_1001_OcclusionRoughnessMetallic.uasset" 3289
"D:/mydata/Repositories/MechaManZero/mmz/Content/Laboratory/Textures/T_BIG_1001_OcclusionRoughnessMetallic.uexp" 3290
"D:/mydata/Repositories/MechaManZero/mmz/Content/Laboratory/Textures/T_BIG_1001_Normal.ubulk" 3291
"D:/mydata/Repositories/MechaManZero/mmz/Content/Laboratory/Textures/T_BIG_1001_Normal.uasset" 3292
"D:/mydata/Repositories/MechaManZero/mmz/Content/Laboratory/Textures/T_BIG_1001_Normal.uexp" 3293
"D:/mydata/Repositories/MechaManZero/mmz/Content/Laboratory/Textures/T_BIG_1001_BaseColor.ubulk" 3294
"D:/mydata/Repositories/MechaManZero/mmz/Content/Laboratory/Textures/T_BIG_1001_BaseColor.uasset" 3295
"D:/mydata/Repositories/MechaManZero/mmz/Content/Laboratory/Textures/T_BIG_1001_BaseColor.uexp" 3296
"D:/mydata/Repositories/MechaManZero/mmz/Content/Laboratory/Materials/M_BIG_1001_BaseColor_Mat.uasset" 3297
"D:/mydata/Repositories/MechaManZero/mmz/Content/Laboratory/Materials/M_BIG_1001_BaseColor_Mat.uexp" 3298
"D:/mydata/Repositories/MechaManZero/mmz/Content/Laboratory/StaticMeshes/SM_wardrobe.ubulk" 3299
"D:/mydata/Repositories/MechaManZero/mmz/Content/Laboratory/StaticMeshes/SM_wardrobe.uasset" 3300
"D:/mydata/Repositories/MechaManZero/mmz/Content/Laboratory/StaticMeshes/SM_wardrobe.uexp" 3301
"D:/mydata/Repositories/MechaManZero/mmz/Content/Laboratory/Textures/T_Shkaf_Low_101_OcclusionRoughnessMetallic.ubulk" 3302
"D:/mydata/Repositories/MechaManZero/mmz/Content/Laboratory/Textures/T_Shkaf_Low_101_OcclusionRoughnessMetallic.uasset" 3303
"D:/mydata/Repositories/MechaManZero/mmz/Content/Laboratory/Textures/T_Shkaf_Low_101_OcclusionRoughnessMetallic.uexp" 3304
"D:/mydata/Repositories/MechaManZero/mmz/Content/Laboratory/Textures/T_Shkaf_Low_101_Normal.ubulk" 3305
"D:/mydata/Repositories/MechaManZero/mmz/Content/Laboratory/Textures/T_Shkaf_Low_101_Normal.uasset" 3306
"D:/mydata/Repositories/MechaManZero/mmz/Content/Laboratory/Textures/T_Shkaf_Low_101_Normal.uexp" 3307
"D:/mydata/Repositories/MechaManZero/mmz/Content/Laboratory/Textures/T_Shkaf_Low_101_BaseColor.ubulk" 3308
"D:/mydata/Repositories/MechaManZero/mmz/Content/Laboratory/Textures/T_Shkaf_Low_101_BaseColor.uasset" 3309
"D:/mydata/Repositories/MechaManZero/mmz/Content/Laboratory/Textures/T_Shkaf_Low_101_BaseColor.uexp" 3310
"D:/mydata/Repositories/MechaManZero/mmz/Content/Laboratory/Materials/M_Shkaf_Low_101_BaseColor_Mat.uasset" 3311
"D:/mydata/Repositories/MechaManZero/mmz/Content/Laboratory/Materials/M_Shkaf_Low_101_BaseColor_Mat.uexp" 3312
"D:/mydata/Repositories/MechaManZero/mmz/Content/Laboratory/Textures/T_Shkaf_Low_1001_OcclusionRoughnessMetallic.ubulk" 3313
"D:/mydata/Repositories/MechaManZero/mmz/Content/Laboratory/Textures/T_Shkaf_Low_1001_OcclusionRoughnessMetallic.uasset" 3314
"D:/mydata/Repositories/MechaManZero/mmz/Content/Laboratory/Textures/T_Shkaf_Low_1001_OcclusionRoughnessMetallic.uexp" 3315
"D:/mydata/Repositories/MechaManZero/mmz/Content/Laboratory/Textures/T_Shkaf_Low_1001_Normal.ubulk" 3316
"D:/mydata/Repositories/MechaManZero/mmz/Content/Laboratory/Textures/T_Shkaf_Low_1001_Normal.uasset" 3317
"D:/mydata/Repositories/MechaManZero/mmz/Content/Laboratory/Textures/T_Shkaf_Low_1001_Normal.uexp" 3318
"D:/mydata/Repositories/MechaManZero/mmz/Content/Laboratory/Textures/T_Shkaf_Low_1001_BaseColor.ubulk" 3319
"D:/mydata/Repositories/MechaManZero/mmz/Content/Laboratory/Textures/T_Shkaf_Low_1001_BaseColor.uasset" 3320
"D:/mydata/Repositories/MechaManZero/mmz/Content/Laboratory/Textures/T_Shkaf_Low_1001_BaseColor.uexp" 3321
"D:/mydata/Repositories/MechaManZero/mmz/Content/Laboratory/Materials/M_Shkaf_Low_1001_BaseColor_Mat.uasset" 3322
"D:/mydata/Repositories/MechaManZero/mmz/Content/Laboratory/Materials/M_Shkaf_Low_1001_BaseColor_Mat.uexp" 3323
"D:/mydata/Repositories/MechaManZero/mmz/Content/Laboratory/StaticMeshes/SM_wardrobe2.ubulk" 3324
"D:/mydata/Repositories/MechaManZero/mmz/Content/Laboratory/StaticMeshes/SM_wardrobe2.uasset" 3325
"D:/mydata/Repositories/MechaManZero/mmz/Content/Laboratory/StaticMeshes/SM_wardrobe2.uexp" 3326
"D:/mydata/Repositories/MechaManZero/mmz/Content/Laboratory/StaticMeshes/SM_washstand.ubulk" 3327
"D:/mydata/Repositories/MechaManZero/mmz/Content/Laboratory/StaticMeshes/SM_washstand.uasset" 3328
"D:/mydata/Repositories/MechaManZero/mmz/Content/Laboratory/StaticMeshes/SM_washstand.uexp" 3329
"D:/mydata/Repositories/MechaManZero/mmz/Content/MAP/Blockout.uexp" 3330
"D:/mydata/Repositories/MechaManZero/mmz/Content/MAP/Blockout.umap" 3331
"../../../Engine/Content/Maps/Entry_BuiltData.uasset" 3332
"../../../Engine/Content/Maps/Entry_BuiltData.uexp" 3333
"../../../Engine/Content/Maps/Entry.uexp" 3334
"../../../Engine/Content/Maps/Entry.umap" 3335
