"D:/mydata/Repositories/MechaManZero/mmz/mmz.uproject" 1
"../../../Engine/Plugins/AudioGameplay/AudioGameplay.uplugin" 2
"../../../Engine/Plugins/BlueprintFileUtils/BlueprintFileUtils.uplugin" 3
"../../../Engine/Plugins/AudioGameplayVolume/AudioGameplayVolume.uplugin" 4
"../../../Engine/Plugins/AudioInsights/AudioInsights.uplugin" 5
"../../../Engine/Plugins/ChaosCloth/ChaosCloth.uplugin" 6
"../../../Engine/Plugins/ChaosClothAsset/ChaosClothAsset.uplugin" 7
"../../../Engine/Plugins/ChaosClothAssetEditor/ChaosClothAssetEditor.uplugin" 8
"../../../Engine/Plugins/ChaosInsights/ChaosInsights.uplugin" 9
"../../../Engine/Plugins/ChaosVD/ChaosVD.uplugin" 10
"../../../Engine/Plugins/Chooser/Chooser.uplugin" 11
"../../../Engine/Plugins/CmdLinkServer/CmdLinkServer.uplugin" 12
"../../../Engine/Plugins/DiscoveryBeaconReceiver/DiscoveryBeaconReceiver.uplugin" 13
"../../../Engine/Plugins/EnhancedInput/EnhancedInput.uplugin" 14
"../../../Engine/Plugins/Fab/Fab.uplugin" 15
"../../../Engine/Plugins/IoStoreInsights/IoStoreInsights.uplugin" 16
"../../../Engine/Plugins/JsonBlueprintUtilities/JsonBlueprintUtilities.uplugin" 17
"../../../Engine/Plugins/FastBuildController/FastBuildController.uplugin" 18
"../../../Engine/Plugins/LightWeightInstancesEditor/LightWeightInstancesEditor.uplugin" 19
"../../../Engine/Plugins/MassInsights/MassInsights.uplugin" 20
"../../../Engine/Plugins/MemoryUsageQueries/MemoryUsageQueries.uplugin" 21
"../../../Engine/Plugins/MeshPainting/MeshPainting.uplugin" 22
"../../../Engine/Plugins/PCG/PCG.uplugin" 23
"../../../Engine/Plugins/Mutable/Mutable.uplugin" 24
"../../../Engine/Plugins/RenderGraphInsights/RenderGraphInsights.uplugin" 25
"../../../Engine/Plugins/ScriptPlugin/ScriptPlugin.uplugin" 26
"../../../Engine/Plugins/TextureGraph/TextureGraph.uplugin" 27
"../../../Engine/Plugins/UbaController/UbaController.uplugin" 28
"../../../Engine/Plugins/TraceUtilities/TraceUtilities.uplugin" 29
"../../../Engine/Plugins/WorldMetrics/WorldMetrics.uplugin" 30
"../../../Engine/Plugins/Compositing/Composure/Composure.uplugin" 31
"../../../Engine/Plugins/XGEController/XGEController.uplugin" 32
"../../../Engine/Plugins/Compositing/LensDistortion/LensDistortion.uplugin" 33
"../../../Engine/Plugins/Compositing/OpenColorIO/OpenColorIO.uplugin" 34
"../../../Engine/Plugins/Compositing/OpenCVLensDistortion/OpenCVLensDistortion.uplugin" 35
"../../../Engine/Plugins/Developer/AnimationSharing/AnimationSharing.uplugin" 36
"../../../Engine/Plugins/Developer/BlankPlugin/BlankPlugin.uplugin" 37
"../../../Engine/Plugins/Developer/CLionSourceCodeAccess/CLionSourceCodeAccess.uplugin" 38
"../../../Engine/Plugins/Developer/CodeLiteSourceCodeAccess/CodeLiteSourceCodeAccess.uplugin" 39
"../../../Engine/Plugins/Developer/DirectoryPlaceholder/DirectoryPlaceholder.uplugin" 40
"../../../Engine/Plugins/Developer/DumpGPUServices/DumpGPUServices.uplugin" 41
"../../../Engine/Plugins/Developer/GitSourceControl/GitSourceControl.uplugin" 42
"../../../Engine/Plugins/Developer/FieldNotificationTrace/FieldNotificationTrace.uplugin" 43
"../../../Engine/Plugins/Developer/KDevelopSourceCodeAccess/KDevelopSourceCodeAccess.uplugin" 44
"../../../Engine/Plugins/Developer/N10XSourceCodeAccess/N10XSourceCodeAccess.uplugin" 45
"../../../Engine/Plugins/Developer/NamingTokens/NamingTokens.uplugin" 46
"../../../Engine/Plugins/Developer/NullSourceCodeAccess/NullSourceCodeAccess.uplugin" 47
"../../../Engine/Plugins/Developer/OneSkyLocalizationService/OneSkyLocalizationService.uplugin" 48
"../../../Engine/Plugins/Developer/PerforceSourceControl/PerforceSourceControl.uplugin" 49
"../../../Engine/Plugins/Developer/PixWinPlugin/PixWinPlugin.uplugin" 50
"../../../Engine/Plugins/Developer/SubversionSourceControl/SubversionSourceControl.uplugin" 51
"../../../Engine/Plugins/Developer/TraceDataFiltering/TraceDataFilters.uplugin" 52
"../../../Engine/Plugins/Developer/TextureFormatOodle/TextureFormatOodle.uplugin" 53
"../../../Engine/Plugins/Developer/TraceSourceFiltering/TraceSourceFilters.uplugin" 54
"../../../Engine/Plugins/Developer/VisualStudioCodeSourceCodeAccess/VisualStudioCodeSourceCodeAccess.uplugin" 55
"../../../Engine/Plugins/Developer/XcodeGPUDebuggerPlugin/XcodeGPUDebuggerPlugin.uplugin" 56
"../../../Engine/Plugins/Developer/UObjectPlugin/UObjectPlugin.uplugin" 57
"../../../Engine/Plugins/Developer/XCodeSourceCodeAccess/XCodeSourceCodeAccess.uplugin" 58
"../../../Engine/Plugins/Developer/PlasticSourceControl/PlasticSourceControl.uplugin" 59
"../../../Engine/Plugins/Developer/ProjectLauncher/ProjectLauncher.uplugin" 60
"../../../Engine/Plugins/Enterprise/DataprepEditor/DataprepEditor.uplugin" 61
"../../../Engine/Plugins/Enterprise/AxFImporter/AxFImporter.uplugin" 62
"../../../Engine/Plugins/Developer/PluginUtils/PluginUtils.uplugin" 63
"../../../Engine/Plugins/Enterprise/DatasmithCADImporter/DatasmithCADImporter.uplugin" 64
"../../../Engine/Plugins/Enterprise/DatasmithC4DImporter/DatasmithC4DImporter.uplugin" 65
"../../../Engine/Plugins/Enterprise/DatasmithContent/DatasmithContent.uplugin" 66
"../../../Engine/Plugins/Enterprise/DatasmithFBXImporter/DatasmithFBXImporter.uplugin" 67
"../../../Engine/Plugins/Enterprise/DatasmithImporter/DatasmithImporter.uplugin" 68
"../../../Engine/Plugins/Enterprise/GLTFExporter/GLTFExporter.uplugin" 69
"../../../Engine/Plugins/Enterprise/LidarPointCloud/LidarPointCloud.uplugin" 70
"../../../Engine/Plugins/Enterprise/MDLImporter/MDLImporter.uplugin" 71
"../../../Engine/Plugins/FX/Cascade/Cascade.uplugin" 72
"../../../Engine/Plugins/Enterprise/VariantManager/VariantManager.uplugin" 73
"../../../Engine/Plugins/Enterprise/VariantManagerContent/VariantManagerContent.uplugin" 74
"../../../Engine/Plugins/FX/CascadeToNiagaraConverter/CascadeToNiagaraConverter.uplugin" 75
"../../../Engine/Plugins/FX/Niagara/Niagara.uplugin" 76
"../../../Engine/Plugins/FX/ExampleCustomDataInterface/ExampleCustomDataInterface.uplugin" 77
"../../../Engine/Plugins/FX/NiagaraMRQ/NiagaraMRQ.uplugin" 78
"../../../Engine/Plugins/FX/NiagaraFluids/NiagaraFluids.uplugin" 79
"../../../Engine/Plugins/FX/NiagaraSimCaching/NiagaraSimCaching.uplugin" 80
"../../../Engine/Plugins/Importers/AlembicHairImporter/AlembicHairImporter.uplugin" 81
"../../../Engine/Plugins/Importers/USDImporter/USDImporter.uplugin" 82
"../../../Engine/Plugins/Importers/AlembicImporter/AlembicImporter.uplugin" 83
"../../../Engine/Plugins/Interchange/Assets/InterchangeAssets.uplugin" 84
"../../../Engine/Plugins/Importers/USDImporterMDL/USDImporterMDL.uplugin" 85
"../../../Engine/Plugins/Importers/USDMultiUser/USDMultiUser.uplugin" 86
"../../../Engine/Plugins/Interchange/Runtime/Interchange.uplugin" 87
"../../../Engine/Plugins/Interchange/Editor/InterchangeEditor.uplugin" 88
"../../../Engine/Plugins/Developer/PropertyAccessNode/PropertyAccessNode.uplugin" 89
"../../../Engine/Plugins/Media/AjaMedia/AjaMedia.uplugin" 90
"../../../Engine/Plugins/Marketplace/HttpServe6b5c45fb0cfV7/DTHttpServer.uplugin" 91
"../../../Engine/Plugins/Developer/RiderSourceCodeAccess/RiderSourceCodeAccess.uplugin" 92
"../../../Engine/Plugins/Media/AndroidCamera/AndroidCamera.uplugin" 93
"../../../Engine/Plugins/Media/AndroidMedia/AndroidMedia.uplugin" 94
"../../../Engine/Plugins/Media/AvfMedia/AvfMedia.uplugin" 95
"../../../Engine/Plugins/Media/AudioCaptureTimecodeProvider/AudioCaptureTimecodeProvider.uplugin" 96
"../../../Engine/Plugins/Media/BinkMedia/BinkMedia.uplugin" 97
"../../../Engine/Plugins/Media/AppleProResMedia/AppleProResMedia.uplugin" 98
"../../../Engine/Plugins/Media/AvidDNxMedia/AvidDNxMedia.uplugin" 99
"../../../Engine/Plugins/Media/AvidDNxHDDecoderElectra/AvidDNxHDDecoderElectra.uplugin" 100
"../../../Engine/Plugins/Media/BlackmagicMedia/BlackmagicMedia.uplugin" 101
"../../../Engine/Plugins/Media/ElectraCDM/ElectraCDM.uplugin" 102
"../../../Engine/Plugins/Media/D3D12VideoDecodersElectra/D3D12VideoDecodersElectra.uplugin" 103
"../../../Engine/Plugins/Media/ElectraCodecs/ElectraCodecs.uplugin" 104
"../../../Engine/Plugins/Developer/RenderDocPlugin/RenderDocPlugin.uplugin" 105
"../../../Engine/Plugins/Media/ElectraSubtitles/ElectraSubtitles.uplugin" 106
"../../../Engine/Plugins/Media/ElectraUtil/ElectraUtil.uplugin" 107
"../../../Engine/Plugins/Media/HAPMedia/HAPMedia.uplugin" 108
"../../../Engine/Plugins/Media/HAPDecoderElectra/HAPDecoderElectra.uplugin" 109
"../../../Engine/Plugins/Media/HardwareEncoders/HardwareEncoders.uplugin" 110
"../../../Engine/Plugins/Media/AppleProResDecoderElectra/AppleProResDecoderElectra.uplugin" 111
"../../../Engine/Plugins/Media/MediaIOFramework/MediaIOFramework.uplugin" 112
"../../../Engine/Plugins/Media/ElectraPlayer/ElectraPlayer.uplugin" 113
"../../../Engine/Plugins/Media/MediaMovieStreamer/MediaMovieStreamer.uplugin" 114
"../../../Engine/Plugins/Media/MediaPlayerEditor/MediaPlayerEditor.uplugin" 115
"../../../Engine/Plugins/Media/MediaFrameworkUtilities/MediaFrameworkUtilities.uplugin" 116
"../../../Engine/Plugins/Media/MediaPlate/MediaPlate.uplugin" 117
"../../../Engine/Plugins/Media/MediaCompositing/MediaCompositing.uplugin" 118
"../../../Engine/Plugins/Media/MfMedia/MfMedia.uplugin" 119
"../../../Engine/Plugins/Media/ImgMedia/ImgMedia.uplugin" 120
"../../../Engine/Plugins/Media/PixelStreaming/PixelStreaming.uplugin" 121
"../../../Engine/Plugins/Media/PixelStreaming2/PixelStreaming2.uplugin" 122
"../../../Engine/Plugins/Media/FlacDecoderElectra/FlacDecoderElectra.uplugin" 123
"../../../Engine/Plugins/Media/LinearTimecode/LinearTimecode.uplugin" 124
"../../../Engine/Plugins/Developer/VisualStudioSourceCodeAccess/VisualStudioSourceCodeAccess.uplugin" 125
"../../../Engine/Plugins/Media/PixelCapture/PixelCapture.uplugin" 126
"../../../Engine/Plugins/Media/TimecodeSynchronizer/TimecodeSynchronizer.uplugin" 127
"../../../Engine/Plugins/Media/NDIMedia/NDIMedia.uplugin" 128
"../../../Engine/Plugins/Media/VPxDecoderElectra/VPxDecoderElectra.uplugin" 129
"../../../Engine/Plugins/Media/WebMMedia/WebMMedia.uplugin" 130
"../../../Engine/Plugins/MetaHuman/MetaHumanAnimator/MetaHuman.uplugin" 131
"../../../Engine/Plugins/Media/OpusDecoderElectra/OpusDecoderElectra.uplugin" 132
"../../../Engine/Plugins/MetaHuman/MetaHumanSDK/MetaHumanSDK.uplugin" 133
"../../../Engine/Plugins/NNE/NNERuntimeORT/NNERuntimeORT.uplugin" 134
"../../../Engine/Plugins/MetaHuman/MetaHumanCalibrationProcessing/MetaHumanCalibrationProcessing.uplugin" 135
"../../../Engine/Plugins/MetaHuman/MetaHumanLiveLink/MetaHumanLiveLink.uplugin" 136
"../../../Engine/Plugins/MetaHuman/MetaHumanCharacter/MetaHumanCharacter.uplugin" 137
"../../../Engine/Plugins/NNE/NNEDenoiser/NNEDenoiser.uplugin" 138
"../../../Engine/Plugins/Media/WmfMedia/WmfMedia.uplugin" 139
"../../../Engine/Plugins/Protocols/MQTT/MQTT.uplugin" 140
"../../../Engine/Plugins/Performance/AutomatedPerfTesting/AutomatedPerfTesting.uplugin" 141
"../../../Engine/Plugins/MetaHuman/MetaHumanCoreTechLib/MetaHumanCoreTech.uplugin" 142
"../../../Engine/Plugins/Runtime/ActorLayerUtilities/ActorLayerUtilities.uplugin" 143
"../../../Engine/Plugins/Performance/PerformanceMonitor/PerformanceMonitor.uplugin" 144
"../../../Engine/Plugins/Runtime/ADM/ADM.uplugin" 145
"../../../Engine/Plugins/Runtime/AndroidBackgroundService/AndroidBackgroundService.uplugin" 146
"../../../Engine/Plugins/Runtime/AndroidDeviceProfileSelector/AndroidDeviceProfileSelector.uplugin" 147
"../../../Engine/Plugins/Runtime/AndroidMoviePlayer/AndroidMoviePlayer.uplugin" 148
"../../../Engine/Plugins/Runtime/AnimationBudgetAllocator/AnimationBudgetAllocator.uplugin" 149
"../../../Engine/Plugins/Runtime/AppleMoviePlayer/AppleMoviePlayer.uplugin" 150
"../../../Engine/Plugins/Runtime/AndroidFileServer/AndroidFileServer.uplugin" 151
"../../../Engine/Plugins/Runtime/AndroidPermission/AndroidPermission.uplugin" 152
"../../../Engine/Plugins/Runtime/ApexDestruction/ApexDestruction.uplugin" 153
"../../../Engine/Plugins/Runtime/ArchVisCharacter/ArchVisCharacter.uplugin" 154
"../../../Engine/Plugins/Runtime/AppleImageUtils/AppleImageUtils.uplugin" 155
"../../../Engine/Plugins/Runtime/AudioCapture/AudioCapture.uplugin" 156
"../../../Engine/Plugins/Runtime/AudioModulation/AudioModulation.uplugin" 157
"../../../Engine/Plugins/Runtime/AssetTags/AssetTags.uplugin" 158
"../../../Engine/Plugins/Runtime/AudioWidgets/AudioWidgets.uplugin" 159
"../../../Engine/Plugins/Runtime/AudioMotorSim/AudioMotorSim.uplugin" 160
"../../../Engine/Plugins/Runtime/CableComponent/CableComponent.uplugin" 161
"../../../Engine/Plugins/Runtime/DataRegistry/DataRegistry.uplugin" 162
"../../../Engine/Plugins/Runtime/ChunkDownloader/ChunkDownloader.uplugin" 163
"../../../Engine/Plugins/Runtime/ComputeFramework/ComputeFramework.uplugin" 164
"../../../Engine/Plugins/Runtime/CommonUI/CommonUI.uplugin" 165
"../../../Engine/Plugins/Runtime/CustomMeshComponent/CustomMeshComponent.uplugin" 166
"../../../Engine/Plugins/Runtime/ExampleDeviceProfileSelector/ExampleDeviceProfileSelector.uplugin" 167
"../../../Engine/Plugins/Runtime/AudioSynesthesia/AudioSynesthesia.uplugin" 168
"../../../Engine/Plugins/Runtime/GameInput/GameInput.uplugin" 169
"../../../Engine/Plugins/Runtime/Firebase/Firebase.uplugin" 170
"../../../Engine/Plugins/Runtime/GameplayAbilities/GameplayAbilities.uplugin" 171
"../../../Engine/Plugins/Runtime/GameFeatures/GameFeatures.uplugin" 172
"../../../Engine/Plugins/Runtime/GeometryProcessing/GeometryProcessing.uplugin" 173
"../../../Engine/Plugins/Runtime/GameplayBehaviorSmartObjects/GameplayBehaviorSmartObjects.uplugin" 174
"../../../Engine/Plugins/Runtime/GameplayInteractions/GameplayInteractions.uplugin" 175
"../../../Engine/Plugins/Runtime/GeometryCache/GeometryCache.uplugin" 176
"../../../Engine/Plugins/Runtime/GoogleCloudMessaging/GoogleCloudMessaging.uplugin" 177
"../../../Engine/Plugins/Runtime/GeoReferencing/GeoReferencing.uplugin" 178
"../../../Engine/Plugins/Runtime/GeometryScripting/GeometryScripting.uplugin" 179
"../../../Engine/Plugins/Runtime/GameplayStateTree/GameplayStateTree.uplugin" 180
"../../../Engine/Plugins/Runtime/Harmonix/Harmonix.uplugin" 181
"../../../Engine/Plugins/Runtime/GooglePAD/GooglePAD.uplugin" 182
"../../../Engine/Plugins/Runtime/HPMotionController/HPMotionController.uplugin" 183
"../../../Engine/Plugins/Runtime/HDRIBackdrop/HDRIBackdrop.uplugin" 184
"../../../Engine/Plugins/Runtime/HairStrands/HairStrands.uplugin" 185
"../../../Engine/Plugins/Runtime/HTTPChunkInstaller/HTTPChunkInstaller.uplugin" 186
"../../../Engine/Plugins/Runtime/InputDebugging/InputDebugging.uplugin" 187
"../../../Engine/Plugins/Runtime/InstancedActors/InstancedActors.uplugin" 188
"../../../Engine/Plugins/Runtime/LevelStreamingPersistence/LevelStreamingPersistence.uplugin" 189
"../../../Engine/Plugins/Runtime/IOSDeviceProfileSelector/IOSDeviceProfileSelector.uplugin" 190
"../../../Engine/Plugins/Runtime/IOSReplayKit/IOSReplayKit.uplugin" 191
"../../../Engine/Plugins/Runtime/LocationServicesAndroidImpl/LocationServicesAndroidImpl.uplugin" 192
"../../../Engine/Plugins/Runtime/MassGameplay/MassGameplay.uplugin" 193
"../../../Engine/Plugins/Runtime/LiveLinkOvernDisplay/LiveLinkOverNDisplay.uplugin" 194
"../../../Engine/Plugins/Runtime/LinuxDeviceProfileSelector/LinuxDeviceProfileSelector.uplugin" 195
"../../../Engine/Plugins/Runtime/LocationServicesIOSImpl/LocationServicesIOSImpl.uplugin" 196
"../../../Engine/Plugins/Runtime/MassEntity/MassEntity.uplugin" 197
"../../../Engine/Plugins/Runtime/Metasound/Metasound.uplugin" 198
"../../../Engine/Plugins/Runtime/MeshModelingToolset/MeshModelingToolset.uplugin" 199
"../../../Engine/Plugins/Runtime/LocationServicesBPLibrary/LocationServicesBPLibrary.uplugin" 200
"../../../Engine/Plugins/Runtime/MIDIDevice/MIDIDevice.uplugin" 201
"../../../Engine/Plugins/Runtime/MobilePatchingUtils/MobilePatchingUtils.uplugin" 202
"../../../Engine/Plugins/Runtime/MicrosoftSpatialAudio/MicroSoftSpatialSound.uplugin" 203
"../../../Engine/Plugins/Runtime/MsQuic/MsQuic.uplugin" 204
"../../../Engine/Plugins/Runtime/MixedRealityCaptureFramework/MixedRealityCaptureFramework.uplugin" 205
"../../../Engine/Plugins/Runtime/nDisplay/nDisplay.uplugin" 206
"../../../Engine/Plugins/Runtime/MusicEnvironment/MusicEnvironment.uplugin" 207
"../../../Engine/Plugins/Runtime/MultiServerReplication/MultiServerReplication.uplugin" 208
"../../../Engine/Plugins/Runtime/NetworkPredictionExtras/NetworkPredictionExtras.uplugin" 209
"../../../Engine/Plugins/Runtime/NavCorridor/NavCorridor.uplugin" 210
"../../../Engine/Plugins/Runtime/MobileFSR/MobileFSR.uplugin" 211
"../../../Engine/Plugins/Runtime/nDisplayModularFeatures/nDisplayModularFeatures.uplugin" 212
"../../../Engine/Plugins/Runtime/NetworkPrediction/NetworkPrediction.uplugin" 213
"../../../Engine/Plugins/Runtime/NetworkPredictionInsights/NetworkPredictionInsights.uplugin" 214
"../../../Engine/Plugins/Runtime/OpenXREyeTracker/OpenXREyeTracker.uplugin" 215
"../../../Engine/Plugins/Runtime/OpenCV/OpenCV.uplugin" 216
"../../../Engine/Plugins/Runtime/OpenXRHandTracking/OpenXRHandTracking.uplugin" 217
"../../../Engine/Plugins/Runtime/ModularGameplay/ModularGameplay.uplugin" 218
"../../../Engine/Plugins/Runtime/OpenXRMsftHandInteraction/OpenXRMsftHandInteraction.uplugin" 219
"../../../Engine/Plugins/Runtime/OpenXR/OpenXR.uplugin" 220
"../../../Engine/Plugins/Runtime/ModelViewViewModel/ModelViewViewModel.uplugin" 221
"../../../Engine/Plugins/Runtime/OptionalMobileFeaturesBPLibrary/OptionalMobileFeaturesBPLibrary.uplugin" 222
"../../../Engine/Plugins/Runtime/OSC/OSC.uplugin" 223
"../../../Engine/Plugins/Runtime/PreLoadScreenMoviePlayer/PreLoadScreenMoviePlayer.uplugin" 224
"../../../Engine/Plugins/Runtime/OpenXRViveTracker/OpenXRViveTracker.uplugin" 225
"../../../Engine/Plugins/Runtime/ProceduralMeshComponent/ProceduralMeshComponent.uplugin" 226
"../../../Engine/Plugins/Runtime/RenderTrace/RenderTrace.uplugin" 227
"../../../Engine/Plugins/Runtime/PropertyBindingUtils/PropertyBindingUtils.uplugin" 228
"../../../Engine/Plugins/Runtime/ReplicationGraph/ReplicationGraph.uplugin" 229
"../../../Engine/Plugins/Runtime/PropertyAccess/PropertyAccessEditor.uplugin" 230
"../../../Engine/Plugins/Runtime/RigVM/RigVM.uplugin" 231
"../../../Engine/Plugins/Runtime/ReplicationSystemTestPlugin/ReplicationSystemTestPlugin.uplugin" 232
"../../../Engine/Plugins/Runtime/ScriptableToolsFramework/ScriptableToolsFramework.uplugin" 233
"../../../Engine/Plugins/Runtime/SignificanceManager/SignificanceManager.uplugin" 234
"../../../Engine/Plugins/Runtime/ResonanceAudio/ResonanceAudio.uplugin" 235
"../../../Engine/Plugins/Runtime/SmartObjects/SmartObjects.uplugin" 236
"../../../Engine/Plugins/Runtime/SoundMod/SoundMod.uplugin" 237
"../../../Engine/Plugins/Runtime/SoundFields/SoundFields.uplugin" 238
"../../../Engine/Plugins/Runtime/SoundCueTemplates/SoundCueTemplates.uplugin" 239
"../../../Engine/Plugins/Runtime/SkeletalMerging/SkeletalMerging.uplugin" 240
"../../../Engine/Plugins/Runtime/Soundscape/Soundscape.uplugin" 241
"../../../Engine/Plugins/Runtime/StateTree/StateTree.uplugin" 242
"../../../Engine/Plugins/Runtime/WebBrowserWidget/WebBrowserWidget.uplugin" 243
"../../../Engine/Plugins/Runtime/Synthesis/Synthesis.uplugin" 244
"../../../Engine/Plugins/Runtime/WebBrowserNativeProxy/WebBrowserNativeProxy.uplugin" 245
"../../../Engine/Plugins/Runtime/WindowsDeviceProfileSelector/WindowsDeviceProfileSelector.uplugin" 246
"../../../Engine/Plugins/Runtime/WebMMoviePlayer/WebMMoviePlayer.uplugin" 247
"../../../Engine/Plugins/Runtime/SunPosition/SunPosition.uplugin" 248
"../../../Engine/Plugins/Runtime/WindowsMoviePlayer/WindowsMoviePlayer.uplugin" 249
"../../../Engine/Plugins/Runtime/WorldConditions/WorldConditions.uplugin" 250
"../../../Engine/Plugins/Runtime/WaveTable/WaveTable.uplugin" 251
"../../../Engine/Plugins/Runtime/XRBase/XRBase.uplugin" 252
"../../../Engine/Plugins/Runtime/ZoneGraph/ZoneGraph.uplugin" 253
"../../../Engine/Plugins/Runtime/WarpUtils/WarpUtils.uplugin" 254
"../../../Engine/Plugins/VirtualProduction/ActorModifier/ActorModifier.uplugin" 255
"../../../Engine/Plugins/Runtime/Spatialization/Spatialization.uplugin" 256
"../../../Engine/Plugins/VirtualProduction/CameraCalibration/CameraCalibration.uplugin" 257
"../../../Engine/Plugins/Runtime/USDCore/USDCore.uplugin" 258
"../../../Engine/Plugins/VirtualProduction/CameraCalibrationCore/CameraCalibrationCore.uplugin" 259
"../../../Engine/Plugins/VirtualProduction/CaptureData/CaptureData.uplugin" 260
"../../../Engine/Plugins/VirtualProduction/CameraCalibrationML/CameraCalibrationML.uplugin" 261
"../../../Engine/Plugins/VirtualProduction/CompositePlane/CompositePlane.uplugin" 262
"../../../Engine/Plugins/VirtualProduction/ClonerEffector/ClonerEffector.uplugin" 263
"../../../Engine/Plugins/Runtime/SoundUtilities/SoundUtilities.uplugin" 264
"../../../Engine/Plugins/VirtualProduction/ActorModifierCore/ActorModifierCore.uplugin" 265
"../../../Engine/Plugins/VirtualProduction/DataCharts/DataCharts.uplugin" 266
"../../../Engine/Plugins/VirtualProduction/Avalanche/Avalanche.uplugin" 267
"../../../Engine/Plugins/VirtualProduction/CustomDetailsView/CustomDetailsView.uplugin" 268
"../../../Engine/Plugins/VirtualProduction/GeometryMask/GeometryMask.uplugin" 269
"../../../Engine/Plugins/VirtualProduction/DynamicMaterial/DynamicMaterial.uplugin" 270
"../../../Engine/Plugins/VirtualProduction/ICVFX/ICVFX.uplugin" 271
"../../../Engine/Plugins/VirtualProduction/LensComponent/LensComponent.uplugin" 272
"../../../Engine/Plugins/VirtualProduction/ICVFXTesting/ICVFXTesting.uplugin" 273
"../../../Engine/Plugins/VirtualProduction/LiveLinkCamera/LiveLinkCamera.uplugin" 274
"../../../Engine/Plugins/VirtualProduction/CinematicAssemblyTools/CinematicAssemblyTools.uplugin" 275
"../../../Engine/Plugins/VirtualProduction/LiveLinkLens/LiveLinkLens.uplugin" 276
"../../../Engine/Plugins/VirtualProduction/LiveLinkOpenTrackIO/LiveLinkOpenTrackIO.uplugin" 277
"../../../Engine/Plugins/VirtualProduction/EpicStageApp/EpicStageApp.uplugin" 278
"../../../Engine/Plugins/VirtualProduction/LiveLinkFreeD/LiveLinkFreeD.uplugin" 279
"../../../Engine/Plugins/VirtualProduction/LiveLinkInputDevice/LiveLinkInputDevice.uplugin" 280
"../../../Engine/Plugins/VirtualProduction/LevelSnapshots/LevelSnapshots.uplugin" 281
"../../../Engine/Plugins/VirtualProduction/PerformanceCaptureWorkflow/PerformanceCaptureWorkflow.uplugin" 282
"../../../Engine/Plugins/VirtualProduction/OperatorStack/OperatorStack.uplugin" 283
"../../../Engine/Plugins/VirtualProduction/LiveLinkVRPN/LiveLinkVRPN.uplugin" 284
"../../../Engine/Plugins/VirtualProduction/MultiUserTakes/MultiUserTakes.uplugin" 285
"../../../Engine/Plugins/VirtualProduction/LiveLinkMasterLockit/LiveLinkMasterLockit.uplugin" 286
"../../../Engine/Plugins/VirtualProduction/PropertyAnimator/PropertyAnimator.uplugin" 287
"../../../Engine/Plugins/VirtualProduction/PropertyAnimatorCore/PropertyAnimatorCore.uplugin" 288
"../../../Engine/Plugins/VirtualProduction/RemoteControl/RemoteControl.uplugin" 289
"../../../Engine/Plugins/VirtualProduction/RemoteControlProtocolDMX/RemoteControlProtocolDMX.uplugin" 290
"../../../Engine/Plugins/VirtualProduction/LiveLinkPrestonMDR/LiveLinkPrestonMDR.uplugin" 291
"../../../Engine/Plugins/VirtualProduction/RemoteControlInterception/RemoteControlInterception.uplugin" 292
"../../../Engine/Plugins/VirtualProduction/RemoteControlProtocolOSC/RemoteControlProtocolOSC.uplugin" 293
"../../../Engine/Plugins/VirtualProduction/RemoteControlProtocolMIDI/RemoteControlProtocolMIDI.uplugin" 294
"../../../Engine/Plugins/VirtualProduction/LiveLinkXR/LiveLinkXR.uplugin" 295
"../../../Engine/Plugins/VirtualProduction/RemoteControlWebInterface/RemoteControlWebInterface.uplugin" 296
"../../../Engine/Plugins/VirtualProduction/SequencerPlaylists/SequencerPlaylists.uplugin" 297
"../../../Engine/Plugins/VirtualProduction/StageMonitoring/StageMonitoring.uplugin" 298
"../../../Engine/Plugins/VirtualProduction/TextureShare/TextureShare.uplugin" 299
"../../../Engine/Plugins/VirtualProduction/StormSyncAvalancheBridge/StormSyncAvalancheBridge.uplugin" 300
"../../../Engine/Plugins/Runtime/ZoneGraphAnnotations/ZoneGraphAnnotations.uplugin" 301
"../../../Engine/Plugins/VirtualProduction/StormSync/StormSync.uplugin" 302
"../../../Engine/Plugins/VirtualProduction/Switchboard/Switchboard.uplugin" 303
"../../../Engine/Plugins/VirtualProduction/Takes/Takes.uplugin" 304
"../../../Engine/Plugins/VirtualProduction/VirtualCamera/VirtualCamera.uplugin" 305
"../../../Engine/Plugins/VirtualProduction/TimedDataMonitor/TimedDataMonitor.uplugin" 306
"../../../Engine/Plugins/2D/Paper2D/Paper2D.uplugin" 307
"../../../Engine/Plugins/VirtualProduction/VirtualCameraCore/VirtualCameraCore.uplugin" 308
"../../../Engine/Plugins/AI/EnvironmentQueryEditor/EnvironmentQueryEditor.uplugin" 309
"../../../Engine/Plugins/AI/HTNPlanner/HTNPlanner.uplugin" 310
"../../../Engine/Plugins/AI/AISupport/AISupport.uplugin" 311
"../../../Engine/Plugins/AI/MassCrowd/MassCrowd.uplugin" 312
"../../../Engine/Plugins/AI/MassAI/MassAI.uplugin" 313
"../../../Engine/Plugins/Animation/AnimationData/AnimationData.uplugin" 314
"../../../Engine/Plugins/Animation/ACLPlugin/ACLPlugin.uplugin" 315
"../../../Engine/Plugins/AI/MLAdapter/MLAdapter.uplugin" 316
"../../../Engine/Plugins/Animation/AnimationLocomotionLibrary/AnimationLocomotionLibrary.uplugin" 317
"../../../Engine/Plugins/VirtualProduction/VirtualScouting/VirtualScouting.uplugin" 318
"../../../Engine/Plugins/Animation/BlendSpaceMotionAnalysis/BlendSpaceMotionAnalysis.uplugin" 319
"../../../Engine/Plugins/Animation/AnimationWarping/AnimationWarping.uplugin" 320
"../../../Engine/Plugins/Animation/AnimationModifierLibrary/AnimationModifierLibrary.uplugin" 321
"../../../Engine/Plugins/Animation/ControlRig/ControlRig.uplugin" 322
"../../../Engine/Plugins/Animation/AnimatorKit/AnimatorKit.uplugin" 323
"../../../Engine/Plugins/Animation/GameplayInsights/GameplayInsights.uplugin" 324
"../../../Engine/Plugins/Animation/ControlRigModules/ControlRigModules.uplugin" 325
"../../../Engine/Plugins/Animation/BlendStack/BlendStack.uplugin" 326
"../../../Engine/Plugins/Animation/GeneSplicer/GeneSplicer.uplugin" 327
"../../../Engine/Plugins/Animation/ControlRigSpline/ControlRigSpline.uplugin" 328
"../../../Engine/Plugins/Animation/IKRig/IKRig.uplugin" 329
"../../../Engine/Plugins/Animation/DeformerGraph/DeformerGraph.uplugin" 330
"../../../Engine/Plugins/Animation/DNACalib/DNACalib.uplugin" 331
"../../../Engine/Plugins/Animation/LiveLinkDevice/LiveLinkDevice.uplugin" 332
"../../../Engine/Plugins/Animation/LiveLinkCurveDebugUI/LiveLinkCurveDebugUI.uplugin" 333
"../../../Engine/Plugins/Animation/LiveLinkHub/LiveLinkHub.uplugin" 334
"../../../Engine/Plugins/Animation/LiveLink/LiveLink.uplugin" 335
"../../../Engine/Plugins/Animation/PoseSearch/PoseSearch.uplugin" 336
"../../../Engine/Plugins/Animation/MotionWarping/MotionWarping.uplugin" 337
"../../../Engine/Plugins/Animation/PerformanceCaptureCore/PerformanceCaptureCore.uplugin" 338
"../../../Engine/Plugins/Animation/LiveLinkExampleDevice/LiveLinkExampleDevice.uplugin" 339
"../../../Engine/Plugins/Animation/TweeningUtils/TweeningUtils.uplugin" 340
"../../../Engine/Plugins/Animation/SkeletalMeshModelingTools/SkeletalMeshModelingTools.uplugin" 341
"../../../Engine/Plugins/Compression/OodleNetwork/OodleNetwork.uplugin" 342
"../../../Engine/Plugins/Cameras/GameplayCameras/GameplayCameras.uplugin" 343
"../../../Engine/Plugins/Cameras/EngineCameras/EngineCameras.uplugin" 344
"../../../Engine/Plugins/Animation/RigLogic/RigLogic.uplugin" 345
"../../../Engine/Plugins/Cameras/CameraShakePreviewer/CameraShakePreviewer.uplugin" 346
"../../../Engine/Plugins/Editor/BlueprintHeaderView/BlueprintHeaderView.uplugin" 347
"../../../Engine/Plugins/Editor/AssetManagerEditor/AssetManagerEditor.uplugin" 348
"../../../Engine/Plugins/Editor/AssetReferenceRestrictions/AssetReferenceRestrictions.uplugin" 349
"../../../Engine/Plugins/Editor/ConsoleVariablesEditor/ConsoleVariables.uplugin" 350
"../../../Engine/Plugins/Editor/AssetSearch/AssetSearch.uplugin" 351
"../../../Engine/Plugins/Editor/ColorGrading/ColorGrading.uplugin" 352
"../../../Engine/Plugins/Editor/ChangelistReview/ChangelistReview.uplugin" 353
"../../../Engine/Plugins/Editor/CryptoKeys/CryptoKeys.uplugin" 354
"../../../Engine/Plugins/Editor/CurveEditorTools/CurveEditorTools.uplugin" 355
"../../../Engine/Plugins/Editor/DisplayClusterLaunch/DisplayClusterLaunch.uplugin" 356
"../../../Engine/Plugins/Editor/BlueprintMaterialTextureNodes/BlueprintMaterialTextureNodes.uplugin" 357
"../../../Engine/Plugins/Editor/AssetRegistryExport/AssetRegistryExport.uplugin" 358
"../../../Engine/Plugins/Editor/EditorSysConfigAssistant/EditorSysConfigAssistant.uplugin" 359
"../../../Engine/Plugins/Editor/DataValidation/DataValidation.uplugin" 360
"../../../Engine/Plugins/Editor/EditorScriptingUtilities/EditorScriptingUtilities.uplugin" 361
"../../../Engine/Plugins/Editor/EngineAssetDefinitions/EngineAssetDefinitions.uplugin" 362
"../../../Engine/Plugins/Editor/FacialAnimation/FacialAnimation.uplugin" 363
"../../../Engine/Plugins/Editor/GeometryMode/GeometryMode.uplugin" 364
"../../../Engine/Plugins/Editor/GuidedTutorials/GuidedTutorials.uplugin" 365
"../../../Engine/Plugins/Editor/EditorDebugTools/EditorDebugTools.uplugin" 366
"../../../Engine/Plugins/Editor/MakeCookedEditorAsDLC/MakeCookedEditorAsDLC.uplugin" 367
"../../../Engine/Plugins/Editor/MeshLODToolset/MeshLODToolset.uplugin" 368
"../../../Engine/Plugins/Editor/LiveUpdateForSlate/LiveUpdateForSlate.uplugin" 369
"../../../Engine/Plugins/Editor/MaterialAnalyzer/MaterialAnalyzer.uplugin" 370
"../../../Engine/Plugins/Editor/GameplayTagsEditor/GameplayTagsEditor.uplugin" 371
"../../../Engine/Plugins/Editor/MacGraphicsSwitching/MacGraphicsSwitching.uplugin" 372
"../../../Engine/Plugins/Editor/ModelingToolsEditorMode/ModelingToolsEditorMode.uplugin" 373
"../../../Engine/Plugins/Editor/MobileLauncherProfileWizard/MobileLauncherProfileWizard.uplugin" 374
"../../../Engine/Plugins/Editor/ScriptableToolsEditorMode/ScriptableToolsEditorMode.uplugin" 375
"../../../Engine/Plugins/Editor/SpeedTreeImporter/SpeedTreeImporter.uplugin" 376
"../../../Engine/Plugins/Editor/PluginBrowser/PluginBrowser.uplugin" 377
"../../../Engine/Plugins/Editor/ProxyLODPlugin/ProxyLODPlugin.uplugin" 378
"../../../Engine/Plugins/Editor/StaticMeshEditorModeling/StaticMeshEditorModeling.uplugin" 379
"../../../Engine/Plugins/Editor/SampleToolsEditorMode/SampleToolsEditorMode.uplugin" 380
"../../../Engine/Plugins/Editor/ModelViewViewModelPreview/ModelViewViewModelPreview.uplugin" 381
"../../../Engine/Plugins/Editor/SequencerAnimTools/SequencerAnimTools.uplugin" 382
"../../../Engine/Plugins/Editor/UMGWidgetPreview/UMGWidgetPreview.uplugin" 383
"../../../Engine/Plugins/Editor/StylusInput/StylusInput.uplugin" 384
"../../../Engine/Plugins/Editor/UVEditor/UVEditor.uplugin" 385
"../../../Engine/Plugins/Editor/WaveformEditor/WaveformEditor.uplugin" 386
"../../../Engine/Plugins/Experimental/AdvancedRenamer/AdvancedRenamer.uplugin" 387
"../../../Engine/Plugins/Editor/WorldPartitionHLODUtilities/WorldPartitionHLODUtilities.uplugin" 388
"../../../Engine/Plugins/Experimental/AnimNext/AnimNext.uplugin" 389
"../../../Engine/Plugins/Experimental/ActorPalette/ActorPalette.uplugin" 390
"../../../Engine/Plugins/Experimental/AnimNextPoseSearch/AnimNextPoseSearch.uplugin" 391
"../../../Engine/Plugins/Experimental/AnimNextAnimGraph/AnimNextAnimGraph.uplugin" 392
"../../../Engine/Plugins/Experimental/AnimNextStateTree/AnimNextStateTree.uplugin" 393
"../../../Engine/Plugins/Experimental/AnimNextChooser/AnimNextChooser.uplugin" 394
"../../../Engine/Plugins/Experimental/AnimToTexture/AnimToTexture.uplugin" 395
"../../../Engine/Plugins/Experimental/AsyncMessageSystem/AsyncMessageSystem.uplugin" 396
"../../../Engine/Plugins/Experimental/AnimNextControlRig/AnimNextControlRig.uplugin" 397
"../../../Engine/Plugins/Experimental/AnimNextWarping/AnimNextWarping.uplugin" 398
"../../../Engine/Plugins/Experimental/AsyncMessageSystemTests/AsyncMessageSystemTests.uplugin" 399
"../../../Engine/Plugins/Experimental/AbilitySystemGameFeatureActions/AbilitySystemGameFeatureActions.uplugin" 400
"../../../Engine/Plugins/Experimental/AutomationUtils/AutomationUtils.uplugin" 401
"../../../Engine/Plugins/Experimental/BlueprintSnapNodes/BlueprintSnapNodes.uplugin" 402
"../../../Engine/Plugins/Experimental/AvalancheDisplayCluster/AvalancheDisplayCluster.uplugin" 403
"../../../Engine/Plugins/Experimental/AvalancheSceneState/AvalancheSceneState.uplugin" 404
"../../../Engine/Plugins/Experimental/CelestialVault/CelestialVault.uplugin" 405
"../../../Engine/Plugins/Experimental/BackChannel/BackChannel.uplugin" 406
"../../../Engine/Plugins/Experimental/ChaosCachingUSD/ChaosCachingUSD.uplugin" 407
"../../../Engine/Plugins/Experimental/Buoyancy/Buoyancy.uplugin" 408
"../../../Engine/Plugins/Experimental/BlueprintStats/BlueprintStats.uplugin" 409
"../../../Engine/Plugins/Experimental/ChaosModularVehicleExamples/ChaosModularVehicleExamples.uplugin" 410
"../../../Engine/Plugins/Experimental/ChaosMover/ChaosMover.uplugin" 411
"../../../Engine/Plugins/Experimental/ChaosModularVehicle/ChaosModularVehicle.uplugin" 412
"../../../Engine/Plugins/Experimental/ChaosSolverPlugin/ChaosSolverPlugin.uplugin" 413
"../../../Engine/Plugins/Experimental/ChaosEditor/ChaosEditor.uplugin" 414
"../../../Engine/Plugins/Experimental/ChaosUserDataPT/ChaosUserDataPT.uplugin" 415
"../../../Engine/Plugins/Experimental/ChaosFlesh/ChaosFlesh.uplugin" 416
"../../../Engine/Plugins/Experimental/ChaosNiagara/ChaosNiagara.uplugin" 417
"../../../Engine/Plugins/Experimental/CineCameraRigs/CineCameraRigs.uplugin" 418
"../../../Engine/Plugins/Experimental/ChaosOutfitAsset/ChaosOutfitAsset.uplugin" 419
"../../../Engine/Plugins/Experimental/CineCameraSceneCapture/CineCameraSceneCapture.uplugin" 420
"../../../Engine/Plugins/Experimental/AvalancheSequenceNavigator/AvalancheSequenceNavigator.uplugin" 421
"../../../Engine/Plugins/Experimental/CodeEditor/CodeEditor.uplugin" 422
"../../../Engine/Plugins/Experimental/ChaosCaching/ChaosCaching.uplugin" 423
"../../../Engine/Plugins/Experimental/AvalancheDataLink/AvalancheDataLink.uplugin" 424
"../../../Engine/Plugins/Experimental/CharacterAI/CharacterAI.uplugin" 425
"../../../Engine/Plugins/Experimental/ColorCorrectRegions/ColorCorrectRegions.uplugin" 426
"../../../Engine/Plugins/Experimental/ChaosClothEditor/ChaosClothEditor.uplugin" 427
"../../../Engine/Plugins/Experimental/CodeView/CodeView.uplugin" 428
"../../../Engine/Plugins/Experimental/Dataflow/Dataflow.uplugin" 429
"../../../Engine/Plugins/Experimental/DataLink/DataLink.uplugin" 430
"../../../Engine/Plugins/Experimental/DataLinkOAuth/DataLinkOAuth.uplugin" 431
"../../../Engine/Plugins/Experimental/CommonConversation/CommonConversation.uplugin" 432
"../../../Engine/Plugins/Experimental/ChaosVehiclesPlugin/ChaosVehiclesPlugin.uplugin" 433
"../../../Engine/Plugins/Experimental/CinematicPrestreaming/CinematicPrestreaming.uplugin" 434
"../../../Engine/Plugins/Experimental/EditorDataStorage/EditorDataStorage.uplugin" 435
"../../../Engine/Plugins/Experimental/DaySequence/DaySequence.uplugin" 436
"../../../Engine/Plugins/Experimental/EditorPerformance/EditorPerformance.uplugin" 437
"../../../Engine/Plugins/Experimental/EditorDataStorageFeatures/EditorDataStorageFeatures.uplugin" 438
"../../../Engine/Plugins/Experimental/DefaultInstallBundleManager/DefaultInstallBundleManager.uplugin" 439
"../../../Engine/Plugins/Experimental/ControlFlows/ControlFlows.uplugin" 440
"../../../Engine/Plugins/Experimental/DynamicMaterialMediaStreamBridge/DynamicMaterialMediaStreamBridge.uplugin" 441
"../../../Engine/Plugins/Experimental/GameInputWindows/GameInputWindows.uplugin" 442
"../../../Engine/Plugins/Experimental/EditorTelemetry/EditorTelemetry.uplugin" 443
"../../../Engine/Plugins/Experimental/Fracture/Fracture.uplugin" 444
"../../../Engine/Plugins/Experimental/FullBodyIK/FullBodyIK.uplugin" 445
"../../../Engine/Plugins/Experimental/FieldSystemPlugin/FieldSystemPlugin.uplugin" 446
"../../../Engine/Plugins/Experimental/GameplayGraph/GameplayGraph.uplugin" 447
"../../../Engine/Plugins/Experimental/Gauntlet/Gauntlet.uplugin" 448
"../../../Engine/Plugins/Experimental/GameplayTargetingSystem/TargetingSystem.uplugin" 449
"../../../Engine/Plugins/Experimental/EvaluationNotifies/EvaluationNotifies.uplugin" 450
"../../../Engine/Plugins/Experimental/GeometryCollectionPlugin/GeometryCollectionPlugin.uplugin" 451
"../../../Engine/Plugins/Experimental/GameplayBehaviors/GameplayBehaviors.uplugin" 452
"../../../Engine/Plugins/Experimental/GeometryFlow/GeometryFlow.uplugin" 453
"../../../Engine/Plugins/Experimental/GeometryDataflow/GeometryDataflow.uplugin" 454
"../../../Engine/Plugins/Experimental/FastGeoStreaming/FastGeoStreaming.uplugin" 455
"../../../Engine/Plugins/Experimental/HairCardGenerator/HairCardGenerator.uplugin" 456
"../../../Engine/Plugins/Experimental/GPULightmass/GPULightmass.uplugin" 457
"../../../Engine/Plugins/Experimental/HairModelingToolset/HairModelingToolset.uplugin" 458
"../../../Engine/Plugins/Experimental/GizmoFramework/GizmoFramework.uplugin" 459
"../../../Engine/Plugins/Experimental/ImageWidgets/ImageWidgets.uplugin" 460
"../../../Engine/Plugins/Experimental/GeometryCacheAbcFile/GeometryCacheAbcFile.uplugin" 461
"../../../Engine/Plugins/Experimental/Iris/Iris.uplugin" 462
"../../../Engine/Plugins/Experimental/GizmoEdMode/GizmoEdMode.uplugin" 463
"../../../Engine/Plugins/Experimental/InlineMaterialInstance/InlineMaterialInstance.uplugin" 464
"../../../Engine/Plugins/Experimental/JWT/JWT.uplugin" 465
"../../../Engine/Plugins/Experimental/HairStrandsMutable/HairStrandsMutable.uplugin" 466
"../../../Engine/Plugins/Experimental/Landmass/Landmass.uplugin" 467
"../../../Engine/Plugins/Experimental/LearningAgents/LearningAgents.uplugin" 468
"../../../Engine/Plugins/Experimental/ImpostorBaker/ImpostorBaker.uplugin" 469
"../../../Engine/Plugins/Experimental/InteractionInterface/InteractionInterface.uplugin" 470
"../../../Engine/Plugins/Experimental/GeometryCacheLevelSequenceBaker/GeometryCacheLevelSequenceBaker.uplugin" 471
"../../../Engine/Plugins/Experimental/LiveLinkOpenVR/LiveLinkOpenVR.uplugin" 472
"../../../Engine/Plugins/Experimental/ImagePlate/ImagePlate.uplugin" 473
"../../../Engine/Plugins/Experimental/LandscapePatch/LandscapePatch.uplugin" 474
"../../../Engine/Plugins/Experimental/InstanceDataObjectFixupTool/InstanceDataObjectFixupTool.uplugin" 475
"../../../Engine/Plugins/Experimental/LowLevelNetTrace/LowLevelNetTrace.uplugin" 476
"../../../Engine/Plugins/Experimental/LevelSequenceNavigatorBridge/LevelSequenceNavigatorBridge.uplugin" 477
"../../../Engine/Plugins/Experimental/LiveLinkControlRig/LiveLinkControlRig.uplugin" 478
"../../../Engine/Plugins/Experimental/MediaStream/MediaStream.uplugin" 479
"../../../Engine/Plugins/Experimental/MediaViewer/MediaViewer.uplugin" 480
"../../../Engine/Plugins/Experimental/LiveLinkFaceImporter/LiveLinkFaceImporter.uplugin" 481
"../../../Engine/Plugins/Experimental/FloatingProperties/FloatingProperties.uplugin" 482
"../../../Engine/Plugins/Experimental/MLflow/MLflow.uplugin" 483
"../../../Engine/Plugins/Experimental/MeshResizing/MeshResizing.uplugin" 484
"../../../Engine/Plugins/Experimental/MetasoundExperimental/MetasoundExperimental.uplugin" 485
"../../../Engine/Plugins/Experimental/MotoSynth/MotoSynth.uplugin" 486
"../../../Engine/Plugins/Experimental/MoverAnimNext/MoverAnimNext.uplugin" 487
"../../../Engine/Plugins/Experimental/Mover/Mover.uplugin" 488
"../../../Engine/Plugins/Experimental/MotorSimOutputMotoSynth/MotorSimOutputMotoSynth.uplugin" 489
"../../../Engine/Plugins/Experimental/MoverExamples/MoverExamples.uplugin" 490
"../../../Engine/Plugins/Experimental/MeshModelingToolsetExp/MeshModelingToolsetExp.uplugin" 491
"../../../Engine/Plugins/Experimental/MoverIntegrations/MoverIntegrations.uplugin" 492
"../../../Engine/Plugins/Experimental/MovieSceneAnimMixer/MovieSceneAnimMixer.uplugin" 493
"../../../Engine/Plugins/Experimental/LocalizableMessage/LocalizableMessage.uplugin" 494
"../../../Engine/Plugins/Experimental/MutablePopulation/MutablePopulation.uplugin" 495
"../../../Engine/Plugins/Experimental/MoverTests/MoverTests.uplugin" 496
"../../../Engine/Plugins/Experimental/MovieScenePoseSearchTracks/MovieScenePoseSearchTracks.uplugin" 497
"../../../Engine/Plugins/Experimental/NaniteDisplacedMesh/NaniteDisplacedMesh.uplugin" 498
"../../../Engine/Plugins/Experimental/PlainProps/PlainProps.uplugin" 499
"../../../Engine/Plugins/Experimental/NNERuntimeCoreML/NNERuntimeCoreML.uplugin" 500
"../../../Engine/Plugins/Experimental/PlatformCrypto/PlatformCrypto.uplugin" 501
"../../../Engine/Plugins/Experimental/NeuralRendering/NeuralRendering.uplugin" 502
"../../../Engine/Plugins/Experimental/MutableClothing/MutableClothing.uplugin" 503
"../../../Engine/Plugins/Experimental/PixelStreamingPlayer/PixelStreamingPlayer.uplugin" 504
"../../../Engine/Plugins/Experimental/PCGBiomeSample/PCGBiomeSample.uplugin" 505
"../../../Engine/Plugins/Experimental/PluginAudit/PluginAudit.uplugin" 506
"../../../Engine/Plugins/Experimental/NFORDenoise/NFORDenoise.uplugin" 507
"../../../Engine/Plugins/Experimental/PluginTemplateTool/PluginTemplateTool.uplugin" 508
"../../../Engine/Plugins/Experimental/NNERuntimeRDG/NNERuntimeRDG.uplugin" 509
"../../../Engine/Plugins/Experimental/PostProcessMaterialChainGraph/PostProcessMaterialChainGraph.uplugin" 510
"../../../Engine/Plugins/Experimental/PSDImporter/PSDImporter.uplugin" 511
"../../../Engine/Plugins/Experimental/QuicMessaging/QuicMessaging.uplugin" 512
"../../../Engine/Plugins/Experimental/PluginReferenceViewer/PluginReferenceViewer.uplugin" 513
"../../../Engine/Plugins/Experimental/RawInput/RawInput.uplugin" 514
"../../../Engine/Plugins/Experimental/NNERuntimeBasicCpu/NNERuntimeBasicCpu.uplugin" 515
"../../../Engine/Plugins/Experimental/PythonFoundationPackages/PythonFoundationPackages.uplugin" 516
"../../../Engine/Plugins/Experimental/RemoteControlComponents/RemoteControlComponents.uplugin" 517
"../../../Engine/Plugins/Experimental/RenderGrid/RenderGrid.uplugin" 518
"../../../Engine/Plugins/Experimental/RigLogicAnimNext/RigLogicAnimNext.uplugin" 519
"../../../Engine/Plugins/Experimental/PSDImporterMaterialDesignerBridge/PSDImporterMaterialDesignerBridge.uplugin" 520
"../../../Engine/Plugins/Experimental/PythonScriptPlugin/PythonScriptPlugin.uplugin" 521
"../../../Engine/Plugins/Experimental/RuntimeTelemetry/RuntimeTelemetry.uplugin" 522
"../../../Engine/Plugins/Experimental/SceneState/SceneState.uplugin" 523
"../../../Engine/Plugins/Experimental/RigLogicMutable/RigLogicMutable.uplugin" 524
"../../../Engine/Plugins/Experimental/RemoteSession/RemoteSession.uplugin" 525
"../../../Engine/Plugins/Experimental/SecuritySandbox/SecuritySandbox.uplugin" 526
"../../../Engine/Plugins/Experimental/SerializationUtils/SerializationUtils.uplugin" 527
"../../../Engine/Plugins/Experimental/SequenceNavigator/SequenceNavigator.uplugin" 528
"../../../Engine/Plugins/Experimental/RazerChromaDevices/RazerChromaDevices.uplugin" 529
"../../../Engine/Plugins/Experimental/Shotgrid/Shotgrid.uplugin" 530
"../../../Engine/Plugins/Experimental/ScreenReader/ScreenReader.uplugin" 531
"../../../Engine/Plugins/Experimental/SlateModelViewViewModel/SlateModelViewViewModel.uplugin" 532
"../../../Engine/Plugins/Experimental/SkeletalReduction/SkeletalReduction.uplugin" 533
"../../../Engine/Plugins/Experimental/SlateIM/SlateIM.uplugin" 534
"../../../Engine/Plugins/Experimental/SimpleHMD/SimpleHMD.uplugin" 535
"../../../Engine/Plugins/Experimental/SpatialReadiness/SpatialReadiness.uplugin" 536
"../../../Engine/Plugins/Experimental/PanoramicCapture/PanoramicCapture.uplugin" 537
"../../../Engine/Plugins/Experimental/SubmitToolEditor/SubmitToolEditor.uplugin" 538
"../../../Engine/Plugins/Experimental/StructUtils/StructUtils.uplugin" 539
"../../../Engine/Plugins/Experimental/StateGraph/StateGraph.uplugin" 540
"../../../Engine/Plugins/Experimental/SurfaceEffects/SurfaceEffects.uplugin" 541
"../../../Engine/Plugins/Experimental/SVGImporter/SVGImporter.uplugin" 542
"../../../Engine/Plugins/Experimental/TargetDeviceServicesScripting/TargetDeviceServicesScripting.uplugin" 543
"../../../Engine/Plugins/Experimental/TechAudioTools/TechAudioTools.uplugin" 544
"../../../Engine/Plugins/Experimental/PlanarCutPlugin/PlanarCut.uplugin" 545
"../../../Engine/Plugins/Experimental/Text3D/Text3D.uplugin" 546
"../../../Engine/Plugins/Experimental/SlateScreenReader/SlateScreenReader.uplugin" 547
"../../../Engine/Plugins/Experimental/TetMeshing/TetMeshing.uplugin" 548
"../../../Engine/Plugins/Experimental/TextToSpeech/TextToSpeech.uplugin" 549
"../../../Engine/Plugins/Experimental/UIFramework/UIFramework.uplugin" 550
"../../../Engine/Plugins/Experimental/SubtitlesAndClosedCaptions/SubtitlesAndClosedCaptions.uplugin" 551
"../../../Engine/Plugins/Experimental/TextureMediaPlayer/TextureMediaPlayer.uplugin" 552
"../../../Engine/Plugins/Experimental/Tensorboard/Tensorboard.uplugin" 553
"../../../Engine/Plugins/Experimental/UserToolBoxBasicCommand/UserToolBoxBasicCommand.uplugin" 554
"../../../Engine/Plugins/Experimental/UserToolBoxCore/UserToolBoxCore.uplugin" 555
"../../../Engine/Plugins/Experimental/Water/Water.uplugin" 556
"../../../Engine/Plugins/Experimental/ToolPresets/ToolPresets.uplugin" 557
"../../../Engine/Plugins/Experimental/WaterAdvanced/WaterAdvanced.uplugin" 558
"../../../Engine/Plugins/Experimental/PhysicsControl/PhysicsControl.uplugin" 559
"../../../Engine/Plugins/Experimental/WidgetEditorToolPalette/WidgetEditorToolPalette.uplugin" 560
"../../../Engine/Plugins/Experimental/XRCreativeFramework/XRCreativeFramework.uplugin" 561
"../../../Engine/Plugins/Experimental/NNERuntimeIREE/NNERuntimeIREE.uplugin" 562
"../../../Engine/Plugins/Experimental/WebSocketMessaging/WebSocketMessaging.uplugin" 563
"../../../Engine/Plugins/Experimental/PCGBiomeCore/PCGBiomeCore.uplugin" 564
"../../../Engine/Plugins/Messaging/MessagingDebugger/MessagingDebugger.uplugin" 565
"../../../Engine/Plugins/Experimental/PlainPropsUObject/PlainPropsUObject.uplugin" 566
"../../../Engine/Plugins/Messaging/TcpMessaging/TcpMessaging.uplugin" 567
"../../../Engine/Plugins/Experimental/Workspace/Workspace.uplugin" 568
"../../../Engine/Plugins/Messaging/UdpMessaging/UdpMessaging.uplugin" 569
"../../../Engine/Plugins/Experimental/VirtualHeightfieldMesh/VirtualHeightfieldMesh.uplugin" 570
"../../../Engine/Plugins/MovieScene/MoviePipelineMaskRenderPass/MoviePipelineMaskRenderPass.uplugin" 571
"../../../Engine/Plugins/MovieScene/CustomizableSequencerTracks/CustomizableSequencerTracks.uplugin" 572
"../../../Engine/Plugins/MovieScene/MovieRenderPipeline/MovieRenderPipeline.uplugin" 573
"../../../Engine/Plugins/Experimental/VirtualProductionUtilities/VirtualProductionUtilities.uplugin" 574
"../../../Engine/Plugins/MovieScene/ReplayTracks/ReplayTracks.uplugin" 575
"../../../Engine/Plugins/MovieScene/ActorSequence/ActorSequence.uplugin" 576
"../../../Engine/Plugins/MovieScene/SequencerScripting/SequencerScripting.uplugin" 577
"../../../Engine/Plugins/Online/EOSOverlayInputProvider/EOSOverlayInputProvider.uplugin" 578
"../../../Engine/Plugins/Experimental/OpenImageDenoise/OpenImageDenoise.uplugin" 579
"../../../Engine/Plugins/MovieScene/TemplateSequence/TemplateSequence.uplugin" 580
"../../../Engine/Plugins/Experimental/Volumetrics/Volumetrics.uplugin" 581
"../../../Engine/Plugins/Experimental/WaterExtras/WaterExtras.uplugin" 582
"../../../Engine/Plugins/Online/OnlineServices/OnlineServices.uplugin" 583
"../../../Engine/Plugins/Online/OnlineServicesEOS/OnlineServicesEOS.uplugin" 584
"../../../Engine/Plugins/MovieScene/MovieSceneTextTrack/MovieSceneTextTrack.uplugin" 585
"../../../Engine/Plugins/Experimental/WebSocketNetworking/WebSocketNetworking.uplugin" 586
"../../../Engine/Plugins/Online/EOSShared/EOSShared.uplugin" 587
"../../../Engine/Plugins/Online/OnlineServicesNull/OnlineServicesNull.uplugin" 588
"../../../Engine/Plugins/Online/OnlineServicesOSSAdapter/OnlineServicesOSSAdapter.uplugin" 589
"../../../Engine/Plugins/Experimental/WaveFunctionCollapse/WaveFunctionCollapse.uplugin" 590
"../../../Engine/Plugins/Online/OnlineSubsystem/OnlineSubsystem.uplugin" 591
"../../../Engine/Plugins/Online/OnlineSubsystemAmazon/OnlineSubsystemAmazon.uplugin" 592
"../../../Engine/Plugins/Experimental/OptiXDenoise/OptiXDenoise.uplugin" 593
"../../../Engine/Plugins/Online/OnlineServicesEOSGS/OnlineServicesEOSGS.uplugin" 594
"../../../Engine/Plugins/Online/OnlineServicesEpicCommon/OnlineServicesEpicCommon.uplugin" 595
"../../../Engine/Plugins/Online/OnlineSubsystemEOS/OnlineSubsystemEOS.uplugin" 596
"../../../Engine/Plugins/Online/OnlineSubsystemFacebook/OnlineSubsystemFacebook.uplugin" 597
"../../../Engine/Plugins/NetcodeUnitTest/NUTUnrealEngine/NUTUnrealEngine.uplugin" 598
"../../../Engine/Plugins/Online/OnlineSubsystemUtils/OnlineSubsystemUtils.uplugin" 599
"../../../Engine/Plugins/Online/SocketSubsystemEOS/SocketSubsystemEOS.uplugin" 600
"../../../Engine/Plugins/Online/SocketSubsystemSteamIP/SocketSubsystemSteamIP.uplugin" 601
"../../../Engine/Plugins/Online/OnlineSubsystemGoogle/OnlineSubsystemGoogle.uplugin" 602
"../../../Engine/Plugins/NetcodeUnitTest/NetcodeUnitTest/NetcodeUnitTest.uplugin" 603
"../../../Engine/Plugins/Slate/SlateInsights/SlateInsights.uplugin" 604
"../../../Engine/Plugins/Online/OnlineFramework/OnlineFramework.uplugin" 605
"../../../Engine/Plugins/Slate/SlateScripting/SlateScripting.uplugin" 606
"../../../Engine/Plugins/Portal/LauncherChunkInstaller/LauncherChunkInstaller.uplugin" 607
"../../../Engine/Plugins/Tests/EditorTests/EditorTests.uplugin" 608
"../../../Engine/Plugins/Tests/FbxAutomationTestBuilder/FbxAutomationTestBuilder.uplugin" 609
"../../../Engine/Plugins/PCGInterops/PCGGeometryScriptInterop/PCGGeometryScriptInterop.uplugin" 610
"../../../Engine/Plugins/Tests/CQTestEnhancedInput/CQTestEnhancedInput.uplugin" 611
"../../../Engine/Plugins/Online/OnlineSubsystemNull/OnlineSubsystemNull.uplugin" 612
"../../../Engine/Plugins/Tests/CQTest/CQTest.uplugin" 613
"../../../Engine/Plugins/Tests/InterchangeTests/InterchangeTests.uplugin" 614
"../../../Engine/Plugins/Online/OnlineSubsystemTencent/OnlineSubsystemTencent.uplugin" 615
"../../../Engine/Plugins/Tests/FunctionalTestingEditor/FunctionalTestingEditor.uplugin" 616
"../../../Engine/Plugins/Tests/AutomationDriverTests/AutomationDriverTests.uplugin" 617
"../../../Engine/Plugins/Tests/TestFramework/TestFramework.uplugin" 618
"../../../Engine/Plugins/Tests/RHITests/RHITests.uplugin" 619
"../../../Engine/Plugins/Web/HttpBlueprint/HttpBlueprint.uplugin" 620
"../../../Engine/Plugins/Tests/TestSamples/TestSamples.uplugin" 621
"../../../Engine/Plugins/Tests/WidgetAutomationTests/WidgetAutomationTests.uplugin" 622
"../../../Engine/Plugins/Online/OnlineSubsystemApple/OnlineSubsystemApple.uplugin" 623
"../../../Engine/Plugins/Tests/PythonAutomationTest/PythonAutomationTest.uplugin" 624
"../../../Engine/Plugins/MovieScene/LevelSequenceEditor/LevelSequenceEditor.uplugin" 625
"../../../Engine/Plugins/Interchange/Extensions/OpenUSD/InterchangeOpenUSD.uplugin" 626
"../../../Engine/Plugins/Runtime/Database/ADOSupport/ADOSupport.uplugin" 627
"../../../Engine/Plugins/Interchange/Extensions/OpenVDB/InterchangeOpenVDB.uplugin" 628
"../../../Engine/Plugins/Runtime/Advertising/IOSTapJoy/IOSTapJoy.uplugin" 629
"../../../Engine/Plugins/Runtime/Database/SQLiteCore/SQLiteCore.uplugin" 630
"../../../Engine/Plugins/Online/OnlineBase/OnlineBase.uplugin" 631
"../../../Engine/Plugins/Runtime/Database/SQLiteSupport/SQLiteSupport.uplugin" 632
"../../../Engine/Plugins/Runtime/Nvidia/GeForceNOWWrapper/GeForceNOWWrapper.uplugin" 633
"../../../Engine/Plugins/VirtualProduction/Rivermax/RivermaxMedia/RivermaxMedia.uplugin" 634
"../../../Engine/Plugins/VirtualProduction/Rivermax/RivermaxSync/RivermaxSync.uplugin" 635
"../../../Engine/Plugins/VirtualProduction/Rivermax/RivermaxCore/RivermaxCore.uplugin" 636
"../../../Engine/Plugins/Runtime/Database/DatabaseSupport/DatabaseSupport.uplugin" 637
"../../../Engine/Plugins/Editor/ObjectMixer/LightMixer/LightMixer.uplugin" 638
"../../../Engine/Plugins/Editor/ObjectMixer/ObjectMixer/ObjectMixer.uplugin" 639
"../../../Engine/Plugins/Experimental/AVCodecs/AMFCodecs/AMFCodecs.uplugin" 640
"../../../Engine/Plugins/Experimental/AVCodecs/VTCodecs/VTCodecs.uplugin" 641
"../../../Engine/Plugins/Runtime/Database/RemoteDatabaseSupport/RemoteDatabaseSupport.uplugin" 642
"../../../Engine/Plugins/Online/WebAuth/WebAuth.uplugin" 643
"../../../Engine/Plugins/Runtime/Nvidia/Reflex/Reflex.uplugin" 644
"../../../Engine/Plugins/Experimental/AVCodecs/NVCodecs/NVCodecs.uplugin" 645
"../../../Engine/Plugins/Experimental/AVCodecs/AVCodecsCore/AVCodecsCore.uplugin" 646
"../../../Engine/Plugins/Online/OnlineSubsystemSteam/OnlineSubsystemSteam.uplugin" 647
"../../../Engine/Plugins/Runtime/Analytics/Adjust/Adjust.uplugin" 648
"../../../Engine/Plugins/Experimental/AVCodecs/WMFCodecs/WMFCodecs.uplugin" 649
"../../../Engine/Plugins/Runtime/Analytics/AnalyticsBlueprintLibrary/AnalyticsBlueprintLibrary.uplugin" 650
"../../../Engine/Plugins/PCGInterops/PCGExternalDataInterop/PCGExternalDataInterop.uplugin" 651
"../../../Engine/Plugins/Runtime/Analytics/AnalyticsMulticast/AnalyticsMulticast.uplugin" 652
"../../../Engine/Plugins/Runtime/Steam/SteamSockets/SteamSockets.uplugin" 653
"../../../Engine/Plugins/Runtime/Steam/SteamAudio/SteamAudio.uplugin" 654
"../../../Engine/Plugins/Runtime/AR/ARUtilities/ARUtilities.uplugin" 655
"../../../Engine/Plugins/Runtime/Steam/SteamController/SteamController.uplugin" 656
"../../../Engine/Plugins/Editor/Localization/PortableObjectFileDataSource/PortableObjectFileDataSource.uplugin" 657
"../../../Engine/Plugins/Experimental/CharacterFXEditor/ExampleCharacterFXEditor/ExampleCharacterFXEditor.uplugin" 658
"../../../Engine/Plugins/Experimental/CharacterFXEditor/BaseCharacterFXEditor/BaseCharacterFXEditor.uplugin" 659
"../../../Engine/Plugins/Experimental/AVCodecs/LibVpxCodecs/LibVpxCodecs.uplugin" 660
"../../../Engine/Plugins/Experimental/MetaHuman/MetaHumanRuntime/MetaHumanRuntime.uplugin" 661
"../../../Engine/Plugins/Experimental/PCGInterops/PCGNiagaraInterop/PCGNiagaraInterop.uplugin" 662
"../../../Engine/Plugins/Online/IOS/OnlineSubsystemIOS/OnlineSubsystemIOS.uplugin" 663
"../../../Engine/Plugins/Experimental/PCGInterops/PCGWaterInterop/PCGWaterInterop.uplugin" 664
"../../../Engine/Plugins/VirtualProduction/DMX/DMXDisplayCluster/DMXDisplayCluster.uplugin" 665
"../../../Engine/Plugins/VirtualProduction/DMX/DatasmithMVR/DatasmithMVR.uplugin" 666
"../../../Engine/Plugins/Runtime/Steam/SteamShared/SteamShared.uplugin" 667
"../../../Engine/Plugins/VirtualProduction/DMX/DMXModularFeatures/DMXModularFeatures.uplugin" 668
"../../../Engine/Plugins/VirtualProduction/DMX/DMXGDTF/DMXGDTF.uplugin" 669
"../../../Engine/Plugins/Experimental/Web/WebAPI/WebAPI.uplugin" 670
"../../../Engine/Plugins/VirtualProduction/DMX/DMXPixelMapping/DMXPixelMapping.uplugin" 671
"../../../Engine/Plugins/Experimental/PCGInterops/PCGInstancedActorsInterop/PCGInstancedActorsInterop.uplugin" 672
"../../../Engine/Plugins/Animation/MLDeformer/ChaosClothGenerator/ChaosClothGenerator.uplugin" 673
"../../../Engine/Plugins/VirtualProduction/DMX/DMXControlConsole/DMXControlConsole.uplugin" 674
"../../../Engine/Plugins/VirtualProduction/DMX/DMXFixtures/DMXFixtures.uplugin" 675
"../../../Engine/Plugins/VirtualProduction/DMX/DMXProtocol/DMXProtocol.uplugin" 676
"../../../Engine/Plugins/Animation/MLDeformer/MLDeformerFramework/MLDeformerFramework.uplugin" 677
"../../../Engine/Plugins/Animation/MLDeformer/NearestNeighborModel/NearestNeighborModel.uplugin" 678
"../../../Engine/Plugins/Animation/MLDeformer/NeuralMorphModel/NeuralMorphModel.uplugin" 679
"../../../Engine/Plugins/Animation/MLDeformer/VertexDeltaModel/VertexDeltaModel.uplugin" 680
"../../../Engine/Plugins/Editor/ContentBrowser/ContentBrowserClassDataSource/ContentBrowserClassDataSource.uplugin" 681
"../../../Engine/Plugins/Animation/MLDeformer/ChaosFleshGenerator/ChaosFleshGenerator.uplugin" 682
"../../../Engine/Plugins/Editor/ContentBrowser/ContentBrowserFileDataSource/ContentBrowserFileDataSource.uplugin" 683
"../../../Engine/Plugins/Experimental/Enterprise/DataprepGeometryOperations/DataprepGeometryOperations.uplugin" 684
"../../../Engine/Plugins/Editor/ContentBrowser/ContentBrowserAssetDataSource/ContentBrowserAssetDataSource.uplugin" 685
"../../../Engine/Plugins/VirtualProduction/DMX/DMXEngine/DMXEngine.uplugin" 686
"../../../Engine/Plugins/Experimental/Enterprise/DatasmithInterchange/DatasmithInterchange.uplugin" 687
"../../../Engine/Plugins/Experimental/Enterprise/DatasmithRuntime/DatasmithRuntime.uplugin" 688
"../../../Engine/Plugins/Experimental/VirtualProduction/VPRoles/VPRoles.uplugin" 689
"../../../Engine/Plugins/Editor/ContentBrowser/ContentBrowserAliasDataSource/ContentBrowserAliasDataSource.uplugin" 690
"../../../Engine/Plugins/Runtime/MeshReconstruction/DummyMeshReconstructor/DummyMeshReconstructor.uplugin" 691
"../../../Engine/Plugins/Developer/Concert/ConcertMain/ConcertMain.uplugin" 692
"../../../Engine/Plugins/Runtime/PacketHandlers/AESHandlerComponent/AESHandlerComponent.uplugin" 693
"../../../Engine/Plugins/Online/Android/AndroidFetchBackgroundDownload/AndroidFetchBackgroundDownload.uplugin" 694
"../../../Engine/Plugins/Runtime/PacketHandlers/AESGCMHandlerComponent/AESGCMHandlerComponent.uplugin" 695
"../../../Engine/Plugins/Runtime/XR/XRScribe/XRScribe.uplugin" 696
"../../../Engine/Plugins/Runtime/Windows/XInputDevice/XInputDevice.uplugin" 697
"../../../Engine/Plugins/VirtualProduction/CaptureManager/CaptureManagerApp/CaptureManagerApp.uplugin" 698
"../../../Engine/Plugins/Online/Android/OnlineSubsystemGooglePlay/OnlineSubsystemGooglePlay.uplugin" 699
"../../../Engine/Plugins/Runtime/Windows/WinDualShock/WinDualShock.uplugin" 700
"../../../Engine/Plugins/Experimental/VirtualProduction/LedWallCalibration/LedWallCalibration.uplugin" 701
"../../../Engine/Plugins/Tests/RuntimeTests/RuntimeTests.uplugin" 702
"../../../Engine/Plugins/Experimental/Animation/Locomotor/Locomotor.uplugin" 703
"../../../Engine/Plugins/Runtime/Analytics/FileLogging/FileLogging.uplugin" 704
"../../../Engine/Plugins/Experimental/Animation/ContextualAnimation/ContextualAnimation.uplugin" 705
"../../../Engine/Plugins/Experimental/Animation/HierarchyTableAnimation/HierarchyTableAnimation.uplugin" 706
"../../../Engine/Plugins/VirtualProduction/CaptureManager/CaptureManagerDevices/CaptureManagerDevices.uplugin" 707
"../../../Engine/Plugins/Experimental/Animation/HierarchyTable/HierarchyTable.uplugin" 708
"../../../Engine/Plugins/Experimental/VirtualProduction/VPSettings/VPSettings.uplugin" 709
"../../../Engine/Plugins/Experimental/Animation/CurveExpression/CurveExpression.uplugin" 710
"../../../Engine/Plugins/Experimental/Animation/Optimus/Optimus.uplugin" 711
"../../../Engine/Plugins/Experimental/Animation/PackedAttributes/PackedAttributes.uplugin" 712
"../../../Engine/Plugins/Runtime/XR/XRVisualization/XRVisualization.uplugin" 713
"../../../Engine/Plugins/VirtualProduction/CaptureManager/CaptureManagerCore/CaptureManagerCore.uplugin" 714
"../../../Engine/Plugins/Experimental/Animation/MotionTrajectory/MotionTrajectory.uplugin" 715
"../../../Engine/Plugins/Experimental/Animation/TrajectoryTools/TrajectoryTools.uplugin" 716
"../../../Engine/Plugins/VirtualProduction/CaptureManager/CaptureManagerEditor/CaptureManagerEditor.uplugin" 717
"../../../Engine/Plugins/Experimental/Compositing/CompositeCore/CompositeCore.uplugin" 718
"../../../Engine/Plugins/Experimental/Animation/RigMapper/RigMapper.uplugin" 719
"../../../Engine/Plugins/Online/VoiceChat/VoiceChat/VoiceChat.uplugin" 720
"../../../Engine/Plugins/Experimental/Animation/SkeletalMeshMorphTargetEditingTools/SkeletalMeshMorphTargetEditingTools.uplugin" 721
"../../../Engine/Plugins/Online/VoiceChat/EOSVoiceChat/EOSVoiceChat.uplugin" 722
"../../../Engine/Plugins/Developer/Concert/ConcertApp/MultiUserServer/MultiUserServer.uplugin" 723
"../../../Engine/Plugins/Developer/Concert/ConcertUI/ConcertClientSharedSlate/ConcertClientSharedSlate.uplugin" 724
"../../../Engine/Plugins/Experimental/Compositing/HoldoutComposite/HoldoutComposite.uplugin" 725
"../../../Engine/Plugins/Runtime/AR/Google/GoogleARCoreServices/GoogleARCoreServices.uplugin" 726
"../../../Engine/Plugins/Experimental/Animation/SkeletonTemplateFramework/SkeletonTemplateFramework.uplugin" 727
"../../../Engine/Plugins/Developer/Concert/ConcertUI/ConcertSharedSlate/ConcertSharedSlate.uplugin" 728
"../../../Engine/Plugins/Runtime/AR/Google/GoogleARCore/GoogleARCore.uplugin" 729
"../../../Engine/Plugins/Developer/Concert/ConcertInsights/ConcertInsightsCore/ConcertInsightsCore.uplugin" 730
"../../../Engine/Plugins/Developer/Concert/ConcertInsights/ConcertInsightsClient/ConcertInsightsClient.uplugin" 731
"../../../Engine/Plugins/Developer/Concert/ConcertInsights/ConcertInsightsServer/ConcertInsightsServer.uplugin" 732
"../../../Engine/Plugins/Runtime/AR/AppleAR/AppleARKit/AppleARKit.uplugin" 733
"../../../Engine/Plugins/Runtime/AR/AppleAR/AppleARKitFaceSupport/AppleARKitFaceSupport.uplugin" 734
"../../../Engine/Plugins/Developer/Concert/ConcertScripting/ConcertReplicationScripting/ConcertReplicationScripting.uplugin" 735
"../../../Engine/Plugins/Developer/Concert/ConcertApp/DisasterRecoveryClient/DisasterRecoveryClient.uplugin" 736
"../../../Engine/Plugins/Experimental/Animation/MLDeformer/DetailPoseModel/DetailPoseModel.uplugin" 737
"../../../Engine/Plugins/Developer/Concert/ConcertSync/ConcertSyncCore/ConcertSyncCore.uplugin" 738
"../../../Engine/Plugins/Developer/Concert/ConcertSync/ConcertSyncServer/ConcertSyncServer.uplugin" 739
"../../../Engine/Plugins/Runtime/PacketHandlers/DTLSHandlerComponent/DTLSHandlerComponent.uplugin" 740
"../../../Engine/Plugins/Developer/Concert/ConcertInsights/ConcertInsightsVisualizer/ConcertInsightsVisualizer.uplugin" 741
"../../../Engine/Plugins/Developer/Concert/ConcertSync/ConcertSyncClient/ConcertSyncClient.uplugin" 742
"../../../Engine/Plugins/Developer/Concert/ConcertApp/MultiUserClient/MultiUserClient.uplugin" 743
"../../../Engine/Plugins/Developer/Concert/ConcertSync/ConcertSyncTest/ConcertSyncTest.uplugin" 744
"../../../Engine/Platforms/Android/Plugins/RigLogic/RigLogic_Android.uplugin" 745
"../../../Engine/Platforms/Android/Plugins/Animation/ACLPlugin/ACLPlugin_Android.uplugin" 746
"../../../Engine/Platforms/IOS/Plugins/RigLogic/RigLogic_IOS.uplugin" 747
"../../../Engine/Content/Internationalization/icudt64l/cnvalias.icu" 748
"../../../Engine/Content/Internationalization/icudt64l/res_index.res" 749
"../../../Engine/Content/Internationalization/icudt64l/plurals.res" 750
"../../../Engine/Content/Internationalization/icudt64l/lang/en.res" 751
"../../../Engine/Content/Internationalization/icudt64l/lang/pool.res" 752
"../../../Engine/Content/Internationalization/icudt64l/lang/root.res" 753
"../../../Engine/Content/Internationalization/icudt64l/region/en.res" 754
"../../../Engine/Content/Internationalization/icudt64l/region/pool.res" 755
"../../../Engine/Content/Internationalization/icudt64l/region/root.res" 756
"../../../Engine/Content/Internationalization/icudt64l/windowsZones.res" 757
"../../../Engine/Content/Internationalization/icudt64l/zoneinfo64.res" 758
"../../../Engine/Content/Internationalization/icudt64l/keyTypeData.res" 759
"../../../Engine/Content/Internationalization/icudt64l/timezoneTypes.res" 760
"../../../Engine/Content/Internationalization/icudt64l/likelySubtags.res" 761
"../../../Engine/Content/Internationalization/icudt64l/en_US.res" 762
"../../../Engine/Content/Internationalization/icudt64l/pool.res" 763
"../../../Engine/Content/Internationalization/icudt64l/en.res" 764
"../../../Engine/Content/Internationalization/icudt64l/root.res" 765
"../../../Engine/Content/Internationalization/icudt64l/supplementalData.res" 766
"../../../Engine/Config/ConfigRedirects.ini" 767
"C:/Users/ashbill/AppData/Local/UnrealEngine/5.6/Saved/Config/WindowsEditor/Manifest.ini" 768
"../../../Engine/Config/BaseEngine.ini" 769
"../../../Engine/Config/Windows/BaseWindowsEngine.ini" 770
"../../../../../../mydata/Repositories/MechaManZero/mmz/Config/DefaultEngine.ini" 771
"../../../Engine/Config/BaseGame.ini" 772
"../../../../../../mydata/Repositories/MechaManZero/mmz/Config/DefaultGame.ini" 773
"../../../Engine/Config/Windows/WindowsGame.ini" 774
"D:/mydata/Repositories/MechaManZero/mmz/Saved/Config/WindowsEditor/Game.ini" 775
"../../../Engine/Config/BaseInput.ini" 776
"../../../Engine/Config/Windows/BaseWindowsInput.ini" 777
"../../../../../../mydata/Repositories/MechaManZero/mmz/Config/DefaultInput.ini" 778
"../../../Engine/Config/Windows/WindowsInput.ini" 779
"../../../Engine/Config/BaseDeviceProfiles.ini" 780
"../../../Engine/Config/BaseGameUserSettings.ini" 781
"D:/mydata/Repositories/MechaManZero/mmz/Saved/Config/WindowsEditor/GameUserSettings.ini" 782
"../../../Engine/Config/BaseScalability.ini" 783
"../../../Engine/Config/BaseRuntimeOptions.ini" 784
"../../../Engine/Config/BaseInstallBundle.ini" 785
"../../../Engine/Config/BaseHardware.ini" 786
"../../../Engine/Config/BaseCompat.ini" 787
"../../../Engine/Config/BaseLightmass.ini" 788
"../../../Engine/Config/BaseEditor.ini" 789
"../../../../../../mydata/Repositories/MechaManZero/mmz/Config/DefaultEditor.ini" 790
"D:/mydata/Repositories/MechaManZero/mmz/Saved/Config/WindowsEditor/Editor.ini" 791
"../../../Engine/Config/BaseMaterialExpressions.ini" 792
"../../../Engine/Config/BaseEditorPerProjectUserSettings.ini" 793
"../../../../../../mydata/Repositories/MechaManZero/mmz/Config/DefaultEditorPerProjectUserSettings.ini" 794
"../../../Engine/Config/Windows/WindowsEditorPerProjectUserSettings.ini" 795
"D:/mydata/Repositories/MechaManZero/mmz/Saved/Config/WindowsEditor/EditorPerProjectUserSettings.ini" 796
"../../../Engine/Config/BaseEditorSettings.ini" 797
"../../../Engine/Config/Windows/WindowsEditorSettings.ini" 798
"C:/Users/ashbill/AppData/Local/UnrealEngine/5.6/Saved/Config/WindowsEditor/EditorSettings.ini" 799
"../../../Engine/Config/BaseEditorKeyBindings.ini" 800
"C:/Users/ashbill/AppData/Local/UnrealEngine/5.6/Saved/Config/WindowsEditor/EditorKeyBindings.ini" 801
"C:/Users/ashbill/AppData/Local/UnrealEngine/5.6/Saved/Config/WindowsEditor/EditorLayout.ini" 802
"../../../../../../mydata/Repositories/MechaManZero/mmz/Binaries/Win64/mmz.target" 803
"../../../Engine/Config/IOS/BaseIOSEngine.ini" 804
"../../../Engine/Config/TVOS/TVOSEngine.ini" 805
"../../../Engine/Binaries/Win64/BootstrapPackagedGame-Win64-Shipping.target" 806
"../../../Engine/Binaries/Win64/BuildPatchTool-Win64-Shipping.target" 807
"../../../Engine/Binaries/Win64/CrashReportClient-Win64-Shipping.target" 808
"../../../Engine/Binaries/Win64/CrashReportClientEditor-Win64-Shipping.target" 809
"../../../Engine/Config/Android/BaseAndroidEngine.ini" 810
"../../../Engine/Binaries/Win64/DatasmithCADWorker.target" 811
"../../../Engine/Config/IOS/BaseIOSGame.ini" 812
"../../../Engine/Config/Android/AndroidEngine.ini" 813
"../../../Engine/Binaries/Win64/EpicWebHelper-Win64-Shipping.target" 814
"../../../Engine/Config/Unix/UnixEngine.ini" 815
"../../../Engine/Config/Mac/BaseMacEngine.ini" 816
"../../../Engine/Binaries/Win64/InterchangeWorker.target" 817
"../../../Engine/Config/Linux/BaseLinuxEngine.ini" 818
"../../../Engine/Binaries/Win64/LiveCodingConsole.target" 819
"../../../Engine/Platforms/VisionOS/Config/BaseVisionOSEngine.ini" 820
"../../../Engine/Config/IOS/IOSGame.ini" 821
"../../../Engine/Binaries/Win64/LiveLinkHub.target" 822
"../../../Engine/Config/Android/BaseAndroidGame.ini" 823
"../../../Engine/Config/Linux/LinuxEngine.ini" 824
"../../../Engine/Platforms/VisionOS/Config/VisionOSEngine.ini" 825
"../../../Engine/Config/IOS/BaseIOSInput.ini" 826
"../../../Engine/Config/Android/BaseAndroidInput.ini" 827
"../../../Engine/Config/Mac/MacGame.ini" 828
"../../../Engine/Config/Linux/LinuxGame.ini" 829
"../../../Engine/Config/Mac/BaseMacInput.ini" 830
"../../../Engine/Config/IOS/IOSScalability.ini" 831
"../../../Engine/Config/Android/AndroidScalability.ini" 832
"../../../Engine/Config/IOS/BaseIOSInstallBundle.ini" 833
"../../../Engine/Config/Android/BaseAndroidInstallBundle.ini" 834
"../../../Engine/Binaries/Win64/ShaderCompileWorker.target" 835
"../../../Engine/Binaries/Win64/SwitchboardListener.target" 836
"../../../Engine/Binaries/Win64/SwitchboardListenerHelper.target" 837
"../../../Engine/Binaries/Win64/UnrealEditor-Win64-DebugGame.target" 838
"../../../Engine/Binaries/Win64/UnrealEditor.target" 839
"../../../Engine/Config/PluginBase.ini" 840
"../../../Engine/Plugins/ChaosVD/Config/DefaultChaosVD.ini" 841
"../../../Engine/Plugins/EnhancedInput/Config/BaseEnhancedInput.ini" 842
"../../../Engine/Plugins/Fab/Config/BaseFab.ini" 843
"../../../Engine/Plugins/TraceUtilities/Config/BaseTraceUtilities.ini" 844
"../../../Engine/Plugins/Enterprise/DatasmithContent/Config/BaseDatasmithContent.ini" 845
"../../../Engine/Plugins/Enterprise/GLTFExporter/Config/BaseGLTFExporter.ini" 846
"../../../Engine/Plugins/Enterprise/GLTFExporter/Config/DefaultGLTFExporter.ini" 847
"../../../Engine/Plugins/Enterprise/VariantManagerContent/Config/BaseVariantManagerContent.ini" 848
"../../../Engine/Plugins/FX/Niagara/Config/BaseNiagara.ini" 849
"D:/mydata/Repositories/MechaManZero/mmz/Saved/Config/WindowsEditor/Niagara.ini" 850
"../../../Engine/Plugins/Interchange/Assets/Config/BaseInterchangeAssets.ini" 851
"../../../Engine/Plugins/Interchange/Runtime/Config/BaseInterchange.ini" 852
"../../../Engine/Plugins/MetaHuman/MetaHumanSDK/Config/BaseMetaHumanSDK.ini" 853
"../../../Engine/Plugins/Runtime/GameplayStateTree/Config/BaseGameplayStateTree.ini" 854
"../../../Engine/Plugins/Runtime/HairStrands/Config/BaseHairStrands.ini" 855
"../../../Engine/Plugins/Runtime/Metasound/Config/BaseMetasound.ini" 856
"../../../Engine/Plugins/Runtime/Metasound/Config/DefaultMetasound.ini" 857
"../../../Engine/Plugins/Runtime/PropertyBindingUtils/Config/BasePropertyBindingUtils.ini" 858
"../../../Engine/Plugins/Runtime/RigVM/Config/BaseRigVM.ini" 859
"../../../Engine/Plugins/Runtime/StateTree/Config/BaseStateTree.ini" 860
"../../../Engine/Plugins/Runtime/Synthesis/Config/BaseSynthesis.ini" 861
"../../../Engine/Plugins/VirtualProduction/CameraCalibrationCore/Config/BaseCameraCalibrationCore.ini" 862
"../../../Engine/Plugins/VirtualProduction/Takes/Config/BaseTakes.ini" 863
"../../../Engine/Plugins/2D/Paper2D/Config/BasePaper2D.ini" 864
"../../../Engine/Plugins/Animation/ControlRig/Config/BaseControlRig.ini" 865
"../../../Engine/Plugins/Animation/IKRig/Config/BaseIKRig.ini" 866
"../../../Engine/Plugins/Animation/DeformerGraph/Config/BaseDeformerGraph.ini" 867
"../../../Engine/Plugins/Cameras/GameplayCameras/Config/BaseGameplayCameras.ini" 868
"../../../Engine/Plugins/Editor/EditorScriptingUtilities/Config/BaseEditorScriptingUtilities.ini" 869
"../../../Engine/Plugins/Experimental/FullBodyIK/Config/BaseFullBodyIK.ini" 870
"../../../Engine/Plugins/Experimental/ToolPresets/Config/BaseToolPresets.ini" 871
"../../../Engine/Plugins/Experimental/Compositing/CompositeCore/Config/BaseCompositeCore.ini" 872
"../../../Engine/Plugins/ChaosVD/Config/Engine.ini" 873
"../../../Engine/Plugins/EnhancedInput/Config/Input.ini" 874
"../../../Engine/Plugins/Runtime/InputDebugging/Config/Input.ini" 875
"../../../Engine/Plugins/Runtime/Windows/XInputDevice/Config/Input.ini" 876
"../../../Engine/Plugins/NNE/NNEDenoiser/Config/Game.ini" 877
"../../../Engine/Plugins/Runtime/RigVM/Config/Editor.ini" 878
"../../../Engine/Plugins/Online/OnlineSubsystemUtils/Config/Editor.ini" 879
"../../../Engine/Plugins/Editor/ModelingToolsEditorMode/Binaries/Win64/UnrealEditor.modules" 880
"../../../Engine/Plugins/Runtime/MeshModelingToolset/Binaries/Win64/UnrealEditor.modules" 881
"../../../Engine/Plugins/Experimental/MeshModelingToolsetExp/Binaries/Win64/UnrealEditor.modules" 882
"../../../Engine/Plugins/Editor/MeshLODToolset/Binaries/Win64/UnrealEditor.modules" 883
"../../../Engine/Plugins/Experimental/ToolPresets/Binaries/Win64/UnrealEditor.modules" 884
"../../../Engine/Plugins/Editor/StylusInput/Binaries/Win64/UnrealEditor.modules" 885
"../../../Engine/Plugins/Runtime/GeometryProcessing/Binaries/Win64/UnrealEditor.modules" 886
"../../../Engine/Plugins/Editor/ProxyLODPlugin/Binaries/Win64/UnrealEditor.modules" 887
"../../../Engine/Plugins/Experimental/PlanarCutPlugin/Binaries/Win64/UnrealEditor.modules" 888
"../../../Engine/Plugins/Runtime/GeometryCache/Binaries/Win64/UnrealEditor.modules" 889
"../../../Engine/Plugins/Experimental/GeometryFlow/Binaries/Win64/UnrealEditor.modules" 890
"../../../Engine/Plugins/Editor/EditorScriptingUtilities/Binaries/Win64/UnrealEditor.modules" 891
"../../../Engine/Plugins/FX/Niagara/Binaries/Win64/UnrealEditor.modules" 892
"../../../Engine/Plugins/Experimental/PythonScriptPlugin/Binaries/Win64/UnrealEditor.modules" 893
"../../../Engine/Plugins/Editor/ContentBrowser/ContentBrowserFileDataSource/Binaries/Win64/UnrealEditor.modules" 894
"../../../Engine/Plugins/Runtime/GameplayStateTree/Binaries/Win64/UnrealEditor.modules" 895
"../../../Engine/Plugins/Runtime/StateTree/Binaries/Win64/UnrealEditor.modules" 896
"../../../Engine/Plugins/Animation/GameplayInsights/Binaries/Win64/UnrealEditor.modules" 897
"../../../Engine/Plugins/Runtime/PropertyAccess/Binaries/Win64/UnrealEditor.modules" 898
"../../../Engine/Plugins/Runtime/PropertyBindingUtils/Binaries/Win64/UnrealEditor.modules" 899
"../../../Engine/Plugins/ChaosCloth/Binaries/Win64/UnrealEditor.modules" 900
"../../../Engine/Plugins/Experimental/ChaosCaching/Binaries/Win64/UnrealEditor.modules" 901
"../../../Engine/Plugins/VirtualProduction/Takes/Binaries/Win64/UnrealEditor.modules" 902
"../../../Engine/Plugins/Runtime/AudioCapture/Binaries/Win64/UnrealEditor.modules" 903
"../../../Engine/Plugins/MovieScene/LevelSequenceEditor/Binaries/Win64/UnrealEditor.modules" 904
"../../../Engine/Plugins/Developer/NamingTokens/Binaries/Win64/UnrealEditor.modules" 905
"../../../Engine/Plugins/MovieScene/SequencerScripting/Binaries/Win64/UnrealEditor.modules" 906
"../../../Engine/Plugins/Editor/EngineAssetDefinitions/Binaries/Win64/UnrealEditor.modules" 907
"../../../Engine/Plugins/ChaosInsights/Binaries/Win64/UnrealEditor.modules" 908
"../../../Engine/Plugins/ChaosVD/Binaries/Win64/UnrealEditor.modules" 909
"../../../Engine/Plugins/Experimental/EditorDataStorage/Binaries/Win64/UnrealEditor.modules" 910
"../../../Engine/Plugins/Experimental/EditorDataStorageFeatures/Binaries/Win64/UnrealEditor.modules" 911
"../../../Engine/Plugins/CmdLinkServer/Binaries/Win64/UnrealEditor.modules" 912
"../../../Engine/Plugins/EnhancedInput/Binaries/Win64/UnrealEditor.modules" 913
"../../../Engine/Plugins/Editor/DataValidation/Binaries/Win64/UnrealEditor.modules" 914
"../../../Engine/Plugins/Fab/Binaries/Win64/UnrealEditor.modules" 915
"../../../Engine/Plugins/Interchange/Runtime/Binaries/Win64/UnrealEditor.modules" 916
"../../../Engine/Plugins/Online/EOSShared/Binaries/Win64/UnrealEditor.modules" 917
"../../../Engine/Plugins/Enterprise/VariantManagerContent/Binaries/Win64/UnrealEditor.modules" 918
"../../../Engine/Plugins/Enterprise/VariantManager/Binaries/Win64/UnrealEditor.modules" 919
"../../../Engine/Plugins/Interchange/Assets/Binaries/Win64/UnrealEditor.modules" 920
"../../../Engine/Plugins/FastBuildController/Binaries/Win64/UnrealEditor.modules" 921
"../../../Engine/Plugins/IoStoreInsights/Binaries/Win64/UnrealEditor.modules" 922
"../../../Engine/Plugins/MassInsights/Binaries/Win64/UnrealEditor.modules" 923
"../../../Engine/Plugins/MeshPainting/Binaries/Win64/UnrealEditor.modules" 924
"../../../Engine/Plugins/Interchange/Editor/Binaries/Win64/UnrealEditor.modules" 925
"../../../Engine/Plugins/RenderGraphInsights/Binaries/Win64/UnrealEditor.modules" 926
"../../../Engine/Plugins/UbaController/Binaries/Win64/UnrealEditor.modules" 927
"../../../Engine/Plugins/TraceUtilities/Binaries/Win64/UnrealEditor.modules" 928
"../../../Engine/Plugins/WorldMetrics/Binaries/Win64/UnrealEditor.modules" 929
"../../../Engine/Plugins/XGEController/Binaries/Win64/UnrealEditor.modules" 930
"../../../Engine/Plugins/Developer/AnimationSharing/Binaries/Win64/UnrealEditor.modules" 931
"../../../Engine/Plugins/Runtime/SignificanceManager/Binaries/Win64/UnrealEditor.modules" 932
"../../../Engine/Plugins/Developer/CLionSourceCodeAccess/Binaries/Win64/UnrealEditor.modules" 933
"../../../Engine/Plugins/Developer/DumpGPUServices/Binaries/Win64/UnrealEditor.modules" 934
"../../../Engine/Plugins/Developer/GitSourceControl/Binaries/Win64/UnrealEditor.modules" 935
"../../../Engine/Plugins/Developer/N10XSourceCodeAccess/Binaries/Win64/UnrealEditor.modules" 936
"../../../Engine/Plugins/Developer/PerforceSourceControl/Binaries/Win64/UnrealEditor.modules" 937
"../../../Engine/Plugins/Developer/PixWinPlugin/Binaries/Win64/UnrealEditor.modules" 938
"../../../Engine/Plugins/Developer/PlasticSourceControl/Binaries/Win64/UnrealEditor.modules" 939
"../../../Engine/Plugins/Developer/PluginUtils/Binaries/Win64/UnrealEditor.modules" 940
"../../../Engine/Plugins/Developer/ProjectLauncher/Binaries/Win64/UnrealEditor.modules" 941
"../../../Engine/Plugins/Developer/PropertyAccessNode/Binaries/Win64/UnrealEditor.modules" 942
"../../../Engine/Plugins/Developer/RiderSourceCodeAccess/Binaries/Win64/UnrealEditor.modules" 943
"../../../Engine/Plugins/Developer/RenderDocPlugin/Binaries/Win64/UnrealEditor.modules" 944
"../../../Engine/Plugins/Developer/SubversionSourceControl/Binaries/Win64/UnrealEditor.modules" 945
"../../../Engine/Plugins/Developer/TextureFormatOodle/Binaries/Win64/UnrealEditor.modules" 946
"../../../Engine/Plugins/Developer/VisualStudioCodeSourceCodeAccess/Binaries/Win64/UnrealEditor.modules" 947
"../../../Engine/Plugins/Developer/VisualStudioSourceCodeAccess/Binaries/Win64/UnrealEditor.modules" 948
"../../../Engine/Plugins/Developer/UObjectPlugin/Binaries/Win64/UnrealEditor.modules" 949
"../../../Engine/Plugins/Enterprise/DatasmithContent/Binaries/Win64/UnrealEditor.modules" 950
"../../../Engine/Plugins/Enterprise/GLTFExporter/Binaries/Win64/UnrealEditor.modules" 951
"../../../Engine/Plugins/FX/Cascade/Binaries/Win64/UnrealEditor.modules" 952
"../../../Engine/Plugins/FX/NiagaraSimCaching/Binaries/Win64/UnrealEditor.modules" 953
"../../../Engine/Plugins/Importers/AlembicImporter/Binaries/Win64/UnrealEditor.modules" 954
"../../../Engine/Plugins/Media/AndroidMedia/Binaries/Win64/UnrealEditor.modules" 955
"../../../Engine/Plugins/Media/AvfMedia/Binaries/Win64/UnrealEditor.modules" 956
"../../../Engine/Plugins/Media/ImgMedia/Binaries/Win64/UnrealEditor.modules" 957
"../../../Engine/Plugins/Media/MediaPlayerEditor/Binaries/Win64/UnrealEditor.modules" 958
"../../../Engine/Plugins/Media/MediaPlate/Binaries/Win64/UnrealEditor.modules" 959
"../../../Engine/Plugins/Media/MediaCompositing/Binaries/Win64/UnrealEditor.modules" 960
"../../../Engine/Plugins/Experimental/Compositing/CompositeCore/Binaries/Win64/UnrealEditor.modules" 961
"../../../Engine/Plugins/Media/WmfMedia/Binaries/Win64/UnrealEditor.modules" 962
"../../../Engine/Plugins/MetaHuman/MetaHumanSDK/Binaries/Win64/UnrealEditor.modules" 963
"../../../Engine/Plugins/Animation/ControlRig/Binaries/Win64/UnrealEditor.modules" 964
"../../../Engine/Plugins/Runtime/HairStrands/Binaries/Win64/UnrealEditor.modules" 965
"../../../Engine/Plugins/Animation/RigLogic/Binaries/Win64/UnrealEditor.modules" 966
"../../../Engine/Plugins/Runtime/RigVM/Binaries/Win64/UnrealEditor.modules" 967
"../../../Engine/Plugins/Animation/TweeningUtils/Binaries/Win64/UnrealEditor.modules" 968
"../../../Engine/Plugins/Animation/DeformerGraph/Binaries/Win64/UnrealEditor.modules" 969
"../../../Engine/Plugins/Experimental/Dataflow/Binaries/Win64/UnrealEditor.modules" 970
"../../../Engine/Plugins/Runtime/ComputeFramework/Binaries/Win64/UnrealEditor.modules" 971
"../../../Engine/Plugins/Experimental/CharacterFXEditor/BaseCharacterFXEditor/Binaries/Win64/UnrealEditor.modules" 972
"../../../Engine/Plugins/Runtime/ProceduralMeshComponent/Binaries/Win64/UnrealEditor.modules" 973
"../../../Engine/Plugins/NNE/NNEDenoiser/Binaries/Win64/UnrealEditor.modules" 974
"../../../Engine/Plugins/NNE/NNERuntimeORT/Binaries/Win64/UnrealEditor.modules" 975
"../../../Engine/Plugins/Runtime/ActorLayerUtilities/Binaries/Win64/UnrealEditor.modules" 976
"../../../Engine/Plugins/Runtime/AndroidDeviceProfileSelector/Binaries/Win64/UnrealEditor.modules" 977
"../../../Engine/Plugins/Runtime/AndroidPermission/Binaries/Win64/UnrealEditor.modules" 978
"../../../Engine/Plugins/Runtime/AndroidFileServer/Binaries/Win64/UnrealEditor.modules" 979
"../../../Engine/Plugins/Runtime/ArchVisCharacter/Binaries/Win64/UnrealEditor.modules" 980
"../../../Engine/Plugins/Runtime/AssetTags/Binaries/Win64/UnrealEditor.modules" 981
"../../../Engine/Plugins/Runtime/AppleImageUtils/Binaries/Win64/UnrealEditor.modules" 982
"../../../Engine/Plugins/Runtime/CableComponent/Binaries/Win64/UnrealEditor.modules" 983
"../../../Engine/Plugins/Runtime/ChunkDownloader/Binaries/Win64/UnrealEditor.modules" 984
"../../../Engine/Plugins/Runtime/CustomMeshComponent/Binaries/Win64/UnrealEditor.modules" 985
"../../../Engine/Plugins/Runtime/ExampleDeviceProfileSelector/Binaries/Win64/UnrealEditor.modules" 986
"../../../Engine/Plugins/Runtime/GooglePAD/Binaries/Win64/UnrealEditor.modules" 987
"../../../Engine/Plugins/Runtime/InputDebugging/Binaries/Win64/UnrealEditor.modules" 988
"../../../Engine/Plugins/Runtime/LocationServicesBPLibrary/Binaries/Win64/UnrealEditor.modules" 989
"../../../Engine/Plugins/Runtime/Metasound/Binaries/Win64/UnrealEditor.modules" 990
"../../../Engine/Plugins/Runtime/AudioWidgets/Binaries/Win64/UnrealEditor.modules" 991
"../../../Engine/Plugins/Runtime/AudioSynesthesia/Binaries/Win64/UnrealEditor.modules" 992
"../../../Engine/Plugins/Editor/ContentBrowser/ContentBrowserAssetDataSource/Binaries/Win64/UnrealEditor.modules" 993
"../../../Engine/Plugins/Runtime/WaveTable/Binaries/Win64/UnrealEditor.modules" 994
"../../../Engine/Plugins/Runtime/MobilePatchingUtils/Binaries/Win64/UnrealEditor.modules" 995
"../../../Engine/Plugins/Runtime/MsQuic/Binaries/Win64/UnrealEditor.modules" 996
"../../../Engine/Plugins/Runtime/ResonanceAudio/Binaries/Win64/UnrealEditor.modules" 997
"../../../Engine/Plugins/Runtime/SoundFields/Binaries/Win64/UnrealEditor.modules" 998
"../../../Engine/Plugins/Runtime/Synthesis/Binaries/Win64/UnrealEditor.modules" 999
"../../../Engine/Plugins/Runtime/WebMMoviePlayer/Binaries/Win64/UnrealEditor.modules" 1000
"../../../Engine/Plugins/Media/WebMMedia/Binaries/Win64/UnrealEditor.modules" 1001
"../../../Engine/Plugins/Runtime/WindowsDeviceProfileSelector/Binaries/Win64/UnrealEditor.modules" 1002
"../../../Engine/Plugins/Runtime/WindowsMoviePlayer/Binaries/Win64/UnrealEditor.modules" 1003
"../../../Engine/Plugins/2D/Paper2D/Binaries/Win64/UnrealEditor.modules" 1004
"../../../Engine/Plugins/AI/EnvironmentQueryEditor/Binaries/Win64/UnrealEditor.modules" 1005
"../../../Engine/Plugins/AI/AISupport/Binaries/Win64/UnrealEditor.modules" 1006
"../../../Engine/Plugins/Animation/ACLPlugin/Binaries/Win64/UnrealEditor.modules" 1007
"../../../Engine/Plugins/Animation/AnimationData/Binaries/Win64/UnrealEditor.modules" 1008
"../../../Engine/Plugins/Animation/AnimationModifierLibrary/Binaries/Win64/UnrealEditor.modules" 1009
"../../../Engine/Plugins/Animation/BlendSpaceMotionAnalysis/Binaries/Win64/UnrealEditor.modules" 1010
"../../../Engine/Plugins/Animation/ControlRigSpline/Binaries/Win64/UnrealEditor.modules" 1011
"../../../Engine/Plugins/Animation/IKRig/Binaries/Win64/UnrealEditor.modules" 1012
"../../../Engine/Plugins/Experimental/FullBodyIK/Binaries/Win64/UnrealEditor.modules" 1013
"../../../Engine/Plugins/Animation/SkeletalMeshModelingTools/Binaries/Win64/UnrealEditor.modules" 1014
"../../../Engine/Plugins/Compression/OodleNetwork/Binaries/Win64/UnrealEditor.modules" 1015
"../../../Engine/Plugins/Cameras/GameplayCameras/Binaries/Win64/UnrealEditor.modules" 1016
"../../../Engine/Plugins/VirtualProduction/CameraCalibrationCore/Binaries/Win64/UnrealEditor.modules" 1017
"../../../Engine/Plugins/MovieScene/TemplateSequence/Binaries/Win64/UnrealEditor.modules" 1018
"../../../Engine/Plugins/Cameras/EngineCameras/Binaries/Win64/UnrealEditor.modules" 1019
"../../../Engine/Plugins/Cameras/CameraShakePreviewer/Binaries/Win64/UnrealEditor.modules" 1020
"../../../Engine/Plugins/Editor/BlueprintHeaderView/Binaries/Win64/UnrealEditor.modules" 1021
"../../../Engine/Plugins/Editor/AssetManagerEditor/Binaries/Win64/UnrealEditor.modules" 1022
"../../../Engine/Plugins/Editor/ChangelistReview/Binaries/Win64/UnrealEditor.modules" 1023
"../../../Engine/Plugins/Editor/ColorGrading/Binaries/Win64/UnrealEditor.modules" 1024
"../../../Engine/Plugins/Editor/ObjectMixer/ObjectMixer/Binaries/Win64/UnrealEditor.modules" 1025
"../../../Engine/Plugins/Editor/CryptoKeys/Binaries/Win64/UnrealEditor.modules" 1026
"../../../Engine/Plugins/Editor/CurveEditorTools/Binaries/Win64/UnrealEditor.modules" 1027
"../../../Engine/Plugins/Editor/FacialAnimation/Binaries/Win64/UnrealEditor.modules" 1028
"../../../Engine/Plugins/Editor/EditorDebugTools/Binaries/Win64/UnrealEditor.modules" 1029
"../../../Engine/Plugins/Editor/GeometryMode/Binaries/Win64/UnrealEditor.modules" 1030
"../../../Engine/Plugins/Editor/GameplayTagsEditor/Binaries/Win64/UnrealEditor.modules" 1031
"../../../Engine/Plugins/Editor/MaterialAnalyzer/Binaries/Win64/UnrealEditor.modules" 1032
"../../../Engine/Plugins/Editor/MobileLauncherProfileWizard/Binaries/Win64/UnrealEditor.modules" 1033
"../../../Engine/Plugins/Editor/PluginBrowser/Binaries/Win64/UnrealEditor.modules" 1034
"../../../Engine/Plugins/Editor/SequencerAnimTools/Binaries/Win64/UnrealEditor.modules" 1035
"../../../Engine/Plugins/Editor/SpeedTreeImporter/Binaries/Win64/UnrealEditor.modules" 1036
"../../../Engine/Plugins/Editor/UMGWidgetPreview/Binaries/Win64/UnrealEditor.modules" 1037
"../../../Engine/Plugins/Editor/UVEditor/Binaries/Win64/UnrealEditor.modules" 1038
"../../../Engine/Plugins/Editor/WorldPartitionHLODUtilities/Binaries/Win64/UnrealEditor.modules" 1039
"../../../Engine/Plugins/Experimental/AdvancedRenamer/Binaries/Win64/UnrealEditor.modules" 1040
"../../../Engine/Plugins/Experimental/AutomationUtils/Binaries/Win64/UnrealEditor.modules" 1041
"../../../Engine/Plugins/Experimental/BackChannel/Binaries/Win64/UnrealEditor.modules" 1042
"../../../Engine/Plugins/Experimental/ChaosEditor/Binaries/Win64/UnrealEditor.modules" 1043
"../../../Engine/Plugins/Experimental/GeometryCollectionPlugin/Binaries/Win64/UnrealEditor.modules" 1044
"../../../Engine/Plugins/Experimental/Fracture/Binaries/Win64/UnrealEditor.modules" 1045
"../../../Engine/Plugins/Experimental/ChaosSolverPlugin/Binaries/Win64/UnrealEditor.modules" 1046
"../../../Engine/Plugins/Experimental/GeometryDataflow/Binaries/Win64/UnrealEditor.modules" 1047
"../../../Engine/Plugins/Experimental/ChaosUserDataPT/Binaries/Win64/UnrealEditor.modules" 1048
"../../../Engine/Plugins/Experimental/ChaosNiagara/Binaries/Win64/UnrealEditor.modules" 1049
"../../../Engine/Plugins/Experimental/CharacterAI/Binaries/Win64/UnrealEditor.modules" 1050
"../../../Engine/Plugins/Experimental/EditorPerformance/Binaries/Win64/UnrealEditor.modules" 1051
"../../../Engine/Plugins/Experimental/EditorTelemetry/Binaries/Win64/UnrealEditor.modules" 1052
"../../../Engine/Plugins/Experimental/LevelSequenceNavigatorBridge/Binaries/Win64/UnrealEditor.modules" 1053
"../../../Engine/Plugins/Experimental/SequenceNavigator/Binaries/Win64/UnrealEditor.modules" 1054
"../../../Engine/Plugins/Experimental/LocalizableMessage/Binaries/Win64/UnrealEditor.modules" 1055
"../../../Engine/Plugins/Experimental/NFORDenoise/Binaries/Win64/UnrealEditor.modules" 1056
"../../../Engine/Plugins/Experimental/PlatformCrypto/Binaries/Win64/UnrealEditor.modules" 1057
"../../../Engine/Plugins/Experimental/RuntimeTelemetry/Binaries/Win64/UnrealEditor.modules" 1058
"../../../Engine/Plugins/Experimental/SkeletalReduction/Binaries/Win64/UnrealEditor.modules" 1059
"../../../Engine/Plugins/Messaging/TcpMessaging/Binaries/Win64/UnrealEditor.modules" 1060
"../../../Engine/Plugins/Messaging/UdpMessaging/Binaries/Win64/UnrealEditor.modules" 1061
"../../../Engine/Plugins/MovieScene/ActorSequence/Binaries/Win64/UnrealEditor.modules" 1062
"../../../Engine/Plugins/Online/OnlineBase/Binaries/Win64/UnrealEditor.modules" 1063
"../../../Engine/Plugins/Online/OnlineSubsystem/Binaries/Win64/UnrealEditor.modules" 1064
"../../../Engine/Plugins/Online/OnlineSubsystemNull/Binaries/Win64/UnrealEditor.modules" 1065
"../../../Engine/Plugins/Online/OnlineSubsystemUtils/Binaries/Win64/UnrealEditor.modules" 1066
"../../../Engine/Plugins/Online/OnlineServices/Binaries/Win64/UnrealEditor.modules" 1067
"../../../Engine/Plugins/Portal/LauncherChunkInstaller/Binaries/Win64/UnrealEditor.modules" 1068
"../../../Engine/Plugins/Tests/InterchangeTests/Binaries/Win64/UnrealEditor.modules" 1069
"../../../Engine/Plugins/Editor/ObjectMixer/LightMixer/Binaries/Win64/UnrealEditor.modules" 1070
"../../../Engine/Plugins/Editor/Localization/PortableObjectFileDataSource/Binaries/Win64/UnrealEditor.modules" 1071
"../../../Engine/Plugins/Editor/ContentBrowser/ContentBrowserClassDataSource/Binaries/Win64/UnrealEditor.modules" 1072
"../../../Engine/Plugins/Runtime/Windows/XInputDevice/Binaries/Win64/UnrealEditor.modules" 1073
"../../../Engine/Config/BaseSourceControlSettings.ini" 1074
"../../../Engine/Content/Internationalization/icudt64l/coll/ucadata.icu" 1075
"../../../Engine/Content/Internationalization/icudt64l/coll/en_US.res" 1076
"../../../Engine/Content/Internationalization/icudt64l/coll/en.res" 1077
"../../../Engine/Content/Internationalization/icudt64l/coll/root.res" 1078
"../../../Engine/Content/Certificates/ThirdParty/cacert.pem" 1079
"../../../Engine/Config/ConsoleVariables.ini" 1080
"../../../Engine/Binaries/Win64/Android/UnrealEditor.modules" 1081
"../../../Engine/Binaries/Win64/IOS/UnrealEditor.modules" 1082
"../../../Engine/Binaries/Win64/Linux/UnrealEditor.modules" 1083
"../../../Engine/Content/Localization/Editor/en/Editor.locres" 1084
"../../../Engine/Content/Localization/EditorTutorials/en/EditorTutorials.locres" 1085
"../../../Engine/Content/Localization/Keywords/en/Keywords.locres" 1086
"../../../Engine/Content/Localization/Category/en/Category.locres" 1087
"../../../Engine/Content/Localization/ToolTips/en/ToolTips.locres" 1088
"../../../Engine/Content/Localization/PropertyNames/en/PropertyNames.locres" 1089
"../../../Engine/Content/Localization/Engine/en/Engine.locres" 1090
"../../../Engine/Plugins/MetaHuman/MetaHumanSDK/Content/Localization/MetaHumanSDK/en/MetaHumanSDK.locres" 1091
"../../../Engine/Plugins/Online/OnlineSubsystem/Content/Localization/OnlineSubsystem/en/OnlineSubsystem.locres" 1092
"../../../Engine/Plugins/Online/OnlineSubsystemUtils/Content/Localization/OnlineSubsystemUtils/en/OnlineSubsystemUtils.locres" 1093
"../../../Engine/Plugins/Online/IOS/OnlineSubsystemIOS/Content/Localization/OnlineSubsystemIOS/en/OnlineSubsystemIOS.locres" 1094
"../../../Engine/Plugins/Online/Android/OnlineSubsystemGooglePlay/Content/Localization/OnlineSubsystemGooglePlay/en/OnlineSubsystemGooglePlay.locres" 1095
"../../../Engine/Content/Internationalization/icudt64l/numberingSystems.res" 1096
"../../../Engine/Content/Internationalization/icudt64l/curr/supplementalData.res" 1097
"../../../Engine/Content/Internationalization/icudt64l/curr/en.res" 1098
"../../../Engine/Content/Internationalization/icudt64l/curr/pool.res" 1099
"../../../Engine/Content/Internationalization/icudt64l/curr/root.res" 1100
"../../../Engine/Content/Internationalization/icudt64l/lang/af.res" 1101
"../../../Engine/Content/Internationalization/icudt64l/region/af.res" 1102
"../../../Engine/Content/Internationalization/icudt64l/lang/agq.res" 1103
"../../../Engine/Content/Internationalization/icudt64l/region/agq.res" 1104
"../../../Engine/Content/Internationalization/icudt64l/lang/ak.res" 1105
"../../../Engine/Content/Internationalization/icudt64l/region/ak.res" 1106
"../../../Engine/Content/Internationalization/icudt64l/lang/am.res" 1107
"../../../Engine/Content/Internationalization/icudt64l/region/am.res" 1108
"../../../Engine/Content/Internationalization/icudt64l/lang/ar.res" 1109
"../../../Engine/Content/Internationalization/icudt64l/region/ar.res" 1110
"../../../Engine/Content/Internationalization/icudt64l/region/ar_AE.res" 1111
"../../../Engine/Content/Internationalization/icudt64l/lang/ar_EG.res" 1112
"../../../Engine/Content/Internationalization/icudt64l/lang/ar_LY.res" 1113
"../../../Engine/Content/Internationalization/icudt64l/region/ar_LY.res" 1114
"../../../Engine/Content/Internationalization/icudt64l/lang/ar_SA.res" 1115
"../../../Engine/Content/Internationalization/icudt64l/region/ar_SA.res" 1116
"../../../Engine/Content/Internationalization/icudt64l/lang/as.res" 1117
"../../../Engine/Content/Internationalization/icudt64l/region/as.res" 1118
"../../../Engine/Content/Internationalization/icudt64l/lang/asa.res" 1119
"../../../Engine/Content/Internationalization/icudt64l/region/asa.res" 1120
"../../../Engine/Content/Internationalization/icudt64l/lang/ast.res" 1121
"../../../Engine/Content/Internationalization/icudt64l/region/ast.res" 1122
"../../../Engine/Content/Internationalization/icudt64l/lang/az.res" 1123
"../../../Engine/Content/Internationalization/icudt64l/lang/az_Cyrl.res" 1124
"../../../Engine/Content/Internationalization/icudt64l/lang/az_AZ.res" 1125
"../../../Engine/Content/Internationalization/icudt64l/lang/az_Latn_AZ.res" 1126
"../../../Engine/Content/Internationalization/icudt64l/lang/az_Latn.res" 1127
"../../../Engine/Content/Internationalization/icudt64l/region/az_AZ.res" 1128
"../../../Engine/Content/Internationalization/icudt64l/region/az_Latn_AZ.res" 1129
"../../../Engine/Content/Internationalization/icudt64l/region/az_Latn.res" 1130
"../../../Engine/Content/Internationalization/icudt64l/region/az.res" 1131
"../../../Engine/Content/Internationalization/icudt64l/region/az_Cyrl.res" 1132
"../../../Engine/Content/Internationalization/icudt64l/lang/bas.res" 1133
"../../../Engine/Content/Internationalization/icudt64l/region/bas.res" 1134
"../../../Engine/Content/Internationalization/icudt64l/lang/be.res" 1135
"../../../Engine/Content/Internationalization/icudt64l/region/be.res" 1136
"../../../Engine/Content/Internationalization/icudt64l/lang/bem.res" 1137
"../../../Engine/Content/Internationalization/icudt64l/region/bem.res" 1138
"../../../Engine/Content/Internationalization/icudt64l/lang/bez.res" 1139
"../../../Engine/Content/Internationalization/icudt64l/region/bez.res" 1140
"../../../Engine/Content/Internationalization/icudt64l/lang/bg.res" 1141
"../../../Engine/Content/Internationalization/icudt64l/region/bg.res" 1142
"../../../Engine/Content/Internationalization/icudt64l/lang/bm.res" 1143
"../../../Engine/Content/Internationalization/icudt64l/region/bm.res" 1144
"../../../Engine/Content/Internationalization/icudt64l/lang/bn.res" 1145
"../../../Engine/Content/Internationalization/icudt64l/region/bn.res" 1146
"../../../Engine/Content/Internationalization/icudt64l/lang/bn_IN.res" 1147
"../../../Engine/Content/Internationalization/icudt64l/region/bn_IN.res" 1148
"../../../Engine/Content/Internationalization/icudt64l/lang/bo.res" 1149
"../../../Engine/Content/Internationalization/icudt64l/region/bo.res" 1150
"../../../Engine/Content/Internationalization/icudt64l/region/bo_IN.res" 1151
"../../../Engine/Content/Internationalization/icudt64l/lang/br.res" 1152
"../../../Engine/Content/Internationalization/icudt64l/region/br.res" 1153
"../../../Engine/Content/Internationalization/icudt64l/lang/brx.res" 1154
"../../../Engine/Content/Internationalization/icudt64l/region/brx.res" 1155
"../../../Engine/Content/Internationalization/icudt64l/lang/bs.res" 1156
"../../../Engine/Content/Internationalization/icudt64l/lang/bs_Cyrl.res" 1157
"../../../Engine/Content/Internationalization/icudt64l/lang/bs_BA.res" 1158
"../../../Engine/Content/Internationalization/icudt64l/lang/bs_Latn_BA.res" 1159
"../../../Engine/Content/Internationalization/icudt64l/lang/bs_Latn.res" 1160
"../../../Engine/Content/Internationalization/icudt64l/region/bs_BA.res" 1161
"../../../Engine/Content/Internationalization/icudt64l/region/bs_Latn_BA.res" 1162
"../../../Engine/Content/Internationalization/icudt64l/region/bs_Latn.res" 1163
"../../../Engine/Content/Internationalization/icudt64l/region/bs.res" 1164
"../../../Engine/Content/Internationalization/icudt64l/region/bs_Cyrl.res" 1165
"../../../Engine/Content/Internationalization/icudt64l/lang/ca.res" 1166
"../../../Engine/Content/Internationalization/icudt64l/region/ca.res" 1167
"../../../Engine/Content/Internationalization/icudt64l/lang/ccp.res" 1168
"../../../Engine/Content/Internationalization/icudt64l/region/ccp.res" 1169
"../../../Engine/Content/Internationalization/icudt64l/lang/ce.res" 1170
"../../../Engine/Content/Internationalization/icudt64l/region/ce.res" 1171
"../../../Engine/Content/Internationalization/icudt64l/lang/ceb.res" 1172
"../../../Engine/Content/Internationalization/icudt64l/region/ceb.res" 1173
"../../../Engine/Content/Internationalization/icudt64l/lang/cgg.res" 1174
"../../../Engine/Content/Internationalization/icudt64l/region/cgg.res" 1175
"../../../Engine/Content/Internationalization/icudt64l/lang/chr.res" 1176
"../../../Engine/Content/Internationalization/icudt64l/region/chr.res" 1177
"../../../Engine/Content/Internationalization/icudt64l/lang/ckb.res" 1178
"../../../Engine/Content/Internationalization/icudt64l/region/ckb.res" 1179
"../../../Engine/Content/Internationalization/icudt64l/lang/cs.res" 1180
"../../../Engine/Content/Internationalization/icudt64l/region/cs.res" 1181
"../../../Engine/Content/Internationalization/icudt64l/lang/cy.res" 1182
"../../../Engine/Content/Internationalization/icudt64l/region/cy.res" 1183
"../../../Engine/Content/Internationalization/icudt64l/lang/da.res" 1184
"../../../Engine/Content/Internationalization/icudt64l/region/da.res" 1185
"../../../Engine/Content/Internationalization/icudt64l/lang/dav.res" 1186
"../../../Engine/Content/Internationalization/icudt64l/region/dav.res" 1187
"../../../Engine/Content/Internationalization/icudt64l/lang/de.res" 1188
"../../../Engine/Content/Internationalization/icudt64l/lang/de_AT.res" 1189
"../../../Engine/Content/Internationalization/icudt64l/region/de_AT.res" 1190
"../../../Engine/Content/Internationalization/icudt64l/region/de.res" 1191
"../../../Engine/Content/Internationalization/icudt64l/lang/de_CH.res" 1192
"../../../Engine/Content/Internationalization/icudt64l/region/de_CH.res" 1193
"../../../Engine/Content/Internationalization/icudt64l/lang/de_LU.res" 1194
"../../../Engine/Content/Internationalization/icudt64l/lang/dje.res" 1195
"../../../Engine/Content/Internationalization/icudt64l/region/dje.res" 1196
"../../../Engine/Content/Internationalization/icudt64l/lang/dsb.res" 1197
"../../../Engine/Content/Internationalization/icudt64l/region/dsb.res" 1198
"../../../Engine/Content/Internationalization/icudt64l/lang/dua.res" 1199
"../../../Engine/Content/Internationalization/icudt64l/region/dua.res" 1200
"../../../Engine/Content/Internationalization/icudt64l/lang/dyo.res" 1201
"../../../Engine/Content/Internationalization/icudt64l/region/dyo.res" 1202
"../../../Engine/Content/Internationalization/icudt64l/lang/dz.res" 1203
"../../../Engine/Content/Internationalization/icudt64l/region/dz.res" 1204
"../../../Engine/Content/Internationalization/icudt64l/lang/ebu.res" 1205
"../../../Engine/Content/Internationalization/icudt64l/region/ebu.res" 1206
"../../../Engine/Content/Internationalization/icudt64l/lang/ee.res" 1207
"../../../Engine/Content/Internationalization/icudt64l/region/ee.res" 1208
"../../../Engine/Content/Internationalization/icudt64l/lang/el.res" 1209
"../../../Engine/Content/Internationalization/icudt64l/region/el.res" 1210
"../../../Engine/Content/Internationalization/icudt64l/lang/en_001.res" 1211
"../../../Engine/Content/Internationalization/icudt64l/lang/en_150.res" 1212
"../../../Engine/Content/Internationalization/icudt64l/region/en_150.res" 1213
"../../../Engine/Content/Internationalization/icudt64l/lang/en_AG.res" 1214
"../../../Engine/Content/Internationalization/icudt64l/region/en_AG.res" 1215
"../../../Engine/Content/Internationalization/icudt64l/lang/en_AI.res" 1216
"../../../Engine/Content/Internationalization/icudt64l/region/en_AI.res" 1217
"../../../Engine/Content/Internationalization/icudt64l/lang/en_AT.res" 1218
"../../../Engine/Content/Internationalization/icudt64l/region/en_AT.res" 1219
"../../../Engine/Content/Internationalization/icudt64l/lang/en_AU.res" 1220
"../../../Engine/Content/Internationalization/icudt64l/region/en_AU.res" 1221
"../../../Engine/Content/Internationalization/icudt64l/lang/en_BB.res" 1222
"../../../Engine/Content/Internationalization/icudt64l/region/en_BB.res" 1223
"../../../Engine/Content/Internationalization/icudt64l/lang/en_BE.res" 1224
"../../../Engine/Content/Internationalization/icudt64l/region/en_BE.res" 1225
"../../../Engine/Content/Internationalization/icudt64l/lang/en_BM.res" 1226
"../../../Engine/Content/Internationalization/icudt64l/region/en_BM.res" 1227
"../../../Engine/Content/Internationalization/icudt64l/lang/en_BS.res" 1228
"../../../Engine/Content/Internationalization/icudt64l/region/en_BS.res" 1229
"../../../Engine/Content/Internationalization/icudt64l/lang/en_BW.res" 1230
"../../../Engine/Content/Internationalization/icudt64l/region/en_BW.res" 1231
"../../../Engine/Content/Internationalization/icudt64l/lang/en_BZ.res" 1232
"../../../Engine/Content/Internationalization/icudt64l/region/en_BZ.res" 1233
"../../../Engine/Content/Internationalization/icudt64l/lang/en_CA.res" 1234
"../../../Engine/Content/Internationalization/icudt64l/region/en_CA.res" 1235
"../../../Engine/Content/Internationalization/icudt64l/lang/en_CC.res" 1236
"../../../Engine/Content/Internationalization/icudt64l/region/en_CC.res" 1237
"../../../Engine/Content/Internationalization/icudt64l/lang/en_CH.res" 1238
"../../../Engine/Content/Internationalization/icudt64l/region/en_CH.res" 1239
"../../../Engine/Content/Internationalization/icudt64l/lang/en_CK.res" 1240
"../../../Engine/Content/Internationalization/icudt64l/region/en_CK.res" 1241
"../../../Engine/Content/Internationalization/icudt64l/lang/en_CM.res" 1242
"../../../Engine/Content/Internationalization/icudt64l/region/en_CM.res" 1243
"../../../Engine/Content/Internationalization/icudt64l/lang/en_CX.res" 1244
"../../../Engine/Content/Internationalization/icudt64l/region/en_CX.res" 1245
"../../../Engine/Content/Internationalization/icudt64l/lang/en_CY.res" 1246
"../../../Engine/Content/Internationalization/icudt64l/region/en_CY.res" 1247
"../../../Engine/Content/Internationalization/icudt64l/lang/en_DE.res" 1248
"../../../Engine/Content/Internationalization/icudt64l/region/en_DE.res" 1249
"../../../Engine/Content/Internationalization/icudt64l/lang/en_DG.res" 1250
"../../../Engine/Content/Internationalization/icudt64l/region/en_DG.res" 1251
"../../../Engine/Content/Internationalization/icudt64l/lang/en_DK.res" 1252
"../../../Engine/Content/Internationalization/icudt64l/region/en_DK.res" 1253
"../../../Engine/Content/Internationalization/icudt64l/lang/en_DM.res" 1254
"../../../Engine/Content/Internationalization/icudt64l/region/en_DM.res" 1255
"../../../Engine/Content/Internationalization/icudt64l/lang/en_ER.res" 1256
"../../../Engine/Content/Internationalization/icudt64l/region/en_ER.res" 1257
"../../../Engine/Content/Internationalization/icudt64l/lang/en_FI.res" 1258
"../../../Engine/Content/Internationalization/icudt64l/region/en_FI.res" 1259
"../../../Engine/Content/Internationalization/icudt64l/lang/en_FJ.res" 1260
"../../../Engine/Content/Internationalization/icudt64l/region/en_FJ.res" 1261
"../../../Engine/Content/Internationalization/icudt64l/lang/en_FK.res" 1262
"../../../Engine/Content/Internationalization/icudt64l/region/en_FK.res" 1263
"../../../Engine/Content/Internationalization/icudt64l/lang/en_FM.res" 1264
"../../../Engine/Content/Internationalization/icudt64l/region/en_FM.res" 1265
"../../../Engine/Content/Internationalization/icudt64l/lang/en_GB.res" 1266
"../../../Engine/Content/Internationalization/icudt64l/region/en_GB.res" 1267
"../../../Engine/Content/Internationalization/icudt64l/lang/en_GD.res" 1268
"../../../Engine/Content/Internationalization/icudt64l/region/en_GD.res" 1269
"../../../Engine/Content/Internationalization/icudt64l/lang/en_GG.res" 1270
"../../../Engine/Content/Internationalization/icudt64l/region/en_GG.res" 1271
"../../../Engine/Content/Internationalization/icudt64l/lang/en_GH.res" 1272
"../../../Engine/Content/Internationalization/icudt64l/region/en_GH.res" 1273
"../../../Engine/Content/Internationalization/icudt64l/lang/en_GI.res" 1274
"../../../Engine/Content/Internationalization/icudt64l/region/en_GI.res" 1275
"../../../Engine/Content/Internationalization/icudt64l/lang/en_GM.res" 1276
"../../../Engine/Content/Internationalization/icudt64l/region/en_GM.res" 1277
"../../../Engine/Content/Internationalization/icudt64l/lang/en_GY.res" 1278
"../../../Engine/Content/Internationalization/icudt64l/region/en_GY.res" 1279
"../../../Engine/Content/Internationalization/icudt64l/lang/en_HK.res" 1280
"../../../Engine/Content/Internationalization/icudt64l/region/en_HK.res" 1281
"../../../Engine/Content/Internationalization/icudt64l/lang/en_IE.res" 1282
"../../../Engine/Content/Internationalization/icudt64l/region/en_IE.res" 1283
"../../../Engine/Content/Internationalization/icudt64l/lang/en_IL.res" 1284
"../../../Engine/Content/Internationalization/icudt64l/region/en_IL.res" 1285
"../../../Engine/Content/Internationalization/icudt64l/lang/en_IM.res" 1286
"../../../Engine/Content/Internationalization/icudt64l/region/en_IM.res" 1287
"../../../Engine/Content/Internationalization/icudt64l/lang/en_IN.res" 1288
"../../../Engine/Content/Internationalization/icudt64l/region/en_IN.res" 1289
"../../../Engine/Content/Internationalization/icudt64l/lang/en_IO.res" 1290
"../../../Engine/Content/Internationalization/icudt64l/region/en_IO.res" 1291
"../../../Engine/Content/Internationalization/icudt64l/lang/en_JE.res" 1292
"../../../Engine/Content/Internationalization/icudt64l/region/en_JE.res" 1293
"../../../Engine/Content/Internationalization/icudt64l/lang/en_JM.res" 1294
"../../../Engine/Content/Internationalization/icudt64l/region/en_JM.res" 1295
"../../../Engine/Content/Internationalization/icudt64l/lang/en_KE.res" 1296
"../../../Engine/Content/Internationalization/icudt64l/region/en_KE.res" 1297
"../../../Engine/Content/Internationalization/icudt64l/lang/en_KI.res" 1298
"../../../Engine/Content/Internationalization/icudt64l/region/en_KI.res" 1299
"../../../Engine/Content/Internationalization/icudt64l/lang/en_KN.res" 1300
"../../../Engine/Content/Internationalization/icudt64l/region/en_KN.res" 1301
"../../../Engine/Content/Internationalization/icudt64l/lang/en_KY.res" 1302
"../../../Engine/Content/Internationalization/icudt64l/region/en_KY.res" 1303
"../../../Engine/Content/Internationalization/icudt64l/lang/en_LC.res" 1304
"../../../Engine/Content/Internationalization/icudt64l/region/en_LC.res" 1305
"../../../Engine/Content/Internationalization/icudt64l/lang/en_LR.res" 1306
"../../../Engine/Content/Internationalization/icudt64l/region/en_LR.res" 1307
"../../../Engine/Content/Internationalization/icudt64l/lang/en_LS.res" 1308
"../../../Engine/Content/Internationalization/icudt64l/region/en_LS.res" 1309
"../../../Engine/Content/Internationalization/icudt64l/lang/en_MG.res" 1310
"../../../Engine/Content/Internationalization/icudt64l/region/en_MG.res" 1311
"../../../Engine/Content/Internationalization/icudt64l/lang/en_MO.res" 1312
"../../../Engine/Content/Internationalization/icudt64l/region/en_MO.res" 1313
"../../../Engine/Content/Internationalization/icudt64l/lang/en_MS.res" 1314
"../../../Engine/Content/Internationalization/icudt64l/region/en_MS.res" 1315
"../../../Engine/Content/Internationalization/icudt64l/lang/en_MT.res" 1316
"../../../Engine/Content/Internationalization/icudt64l/region/en_MT.res" 1317
"../../../Engine/Content/Internationalization/icudt64l/lang/en_MU.res" 1318
"../../../Engine/Content/Internationalization/icudt64l/region/en_MU.res" 1319
"../../../Engine/Content/Internationalization/icudt64l/lang/en_MW.res" 1320
"../../../Engine/Content/Internationalization/icudt64l/region/en_MW.res" 1321
"../../../Engine/Content/Internationalization/icudt64l/lang/en_MY.res" 1322
"../../../Engine/Content/Internationalization/icudt64l/region/en_MY.res" 1323
"../../../Engine/Content/Internationalization/icudt64l/lang/en_NA.res" 1324
"../../../Engine/Content/Internationalization/icudt64l/region/en_NA.res" 1325
"../../../Engine/Content/Internationalization/icudt64l/lang/en_NF.res" 1326
"../../../Engine/Content/Internationalization/icudt64l/region/en_NF.res" 1327
"../../../Engine/Content/Internationalization/icudt64l/lang/en_NG.res" 1328
"../../../Engine/Content/Internationalization/icudt64l/region/en_NG.res" 1329
"../../../Engine/Content/Internationalization/icudt64l/lang/en_NL.res" 1330
"../../../Engine/Content/Internationalization/icudt64l/region/en_NL.res" 1331
"../../../Engine/Content/Internationalization/icudt64l/lang/en_NR.res" 1332
"../../../Engine/Content/Internationalization/icudt64l/region/en_NR.res" 1333
"../../../Engine/Content/Internationalization/icudt64l/lang/en_NU.res" 1334
"../../../Engine/Content/Internationalization/icudt64l/region/en_NU.res" 1335
"../../../Engine/Content/Internationalization/icudt64l/lang/en_NZ.res" 1336
"../../../Engine/Content/Internationalization/icudt64l/region/en_NZ.res" 1337
"../../../Engine/Content/Internationalization/icudt64l/lang/en_PG.res" 1338
"../../../Engine/Content/Internationalization/icudt64l/region/en_PG.res" 1339
"../../../Engine/Content/Internationalization/icudt64l/lang/en_PH.res" 1340
"../../../Engine/Content/Internationalization/icudt64l/region/en_PH.res" 1341
"../../../Engine/Content/Internationalization/icudt64l/lang/en_PK.res" 1342
"../../../Engine/Content/Internationalization/icudt64l/region/en_PK.res" 1343
"../../../Engine/Content/Internationalization/icudt64l/lang/en_PN.res" 1344
"../../../Engine/Content/Internationalization/icudt64l/region/en_PN.res" 1345
"../../../Engine/Content/Internationalization/icudt64l/lang/en_PW.res" 1346
"../../../Engine/Content/Internationalization/icudt64l/region/en_PW.res" 1347
"../../../Engine/Content/Internationalization/icudt64l/lang/en_RW.res" 1348
"../../../Engine/Content/Internationalization/icudt64l/region/en_RW.res" 1349
"../../../Engine/Content/Internationalization/icudt64l/lang/en_SB.res" 1350
"../../../Engine/Content/Internationalization/icudt64l/region/en_SB.res" 1351
"../../../Engine/Content/Internationalization/icudt64l/lang/en_SC.res" 1352
"../../../Engine/Content/Internationalization/icudt64l/region/en_SC.res" 1353
"../../../Engine/Content/Internationalization/icudt64l/lang/en_SD.res" 1354
"../../../Engine/Content/Internationalization/icudt64l/region/en_SD.res" 1355
"../../../Engine/Content/Internationalization/icudt64l/lang/en_SE.res" 1356
"../../../Engine/Content/Internationalization/icudt64l/region/en_SE.res" 1357
"../../../Engine/Content/Internationalization/icudt64l/lang/en_SG.res" 1358
"../../../Engine/Content/Internationalization/icudt64l/region/en_SG.res" 1359
"../../../Engine/Content/Internationalization/icudt64l/lang/en_SH.res" 1360
"../../../Engine/Content/Internationalization/icudt64l/region/en_SH.res" 1361
"../../../Engine/Content/Internationalization/icudt64l/lang/en_SI.res" 1362
"../../../Engine/Content/Internationalization/icudt64l/region/en_SI.res" 1363
"../../../Engine/Content/Internationalization/icudt64l/lang/en_SL.res" 1364
"../../../Engine/Content/Internationalization/icudt64l/region/en_SL.res" 1365
"../../../Engine/Content/Internationalization/icudt64l/lang/en_SS.res" 1366
"../../../Engine/Content/Internationalization/icudt64l/region/en_SS.res" 1367
"../../../Engine/Content/Internationalization/icudt64l/lang/en_SX.res" 1368
"../../../Engine/Content/Internationalization/icudt64l/region/en_SX.res" 1369
"../../../Engine/Content/Internationalization/icudt64l/lang/en_SZ.res" 1370
"../../../Engine/Content/Internationalization/icudt64l/region/en_SZ.res" 1371
"../../../Engine/Content/Internationalization/icudt64l/lang/en_TC.res" 1372
"../../../Engine/Content/Internationalization/icudt64l/region/en_TC.res" 1373
"../../../Engine/Content/Internationalization/icudt64l/lang/en_TK.res" 1374
"../../../Engine/Content/Internationalization/icudt64l/region/en_TK.res" 1375
"../../../Engine/Content/Internationalization/icudt64l/lang/en_TO.res" 1376
"../../../Engine/Content/Internationalization/icudt64l/region/en_TO.res" 1377
"../../../Engine/Content/Internationalization/icudt64l/lang/en_TT.res" 1378
"../../../Engine/Content/Internationalization/icudt64l/region/en_TT.res" 1379
"../../../Engine/Content/Internationalization/icudt64l/lang/en_TV.res" 1380
"../../../Engine/Content/Internationalization/icudt64l/region/en_TV.res" 1381
"../../../Engine/Content/Internationalization/icudt64l/lang/en_TZ.res" 1382
"../../../Engine/Content/Internationalization/icudt64l/region/en_TZ.res" 1383
"../../../Engine/Content/Internationalization/icudt64l/lang/en_UG.res" 1384
"../../../Engine/Content/Internationalization/icudt64l/region/en_UG.res" 1385
"../../../Engine/Content/Internationalization/icudt64l/lang/en_VC.res" 1386
"../../../Engine/Content/Internationalization/icudt64l/region/en_VC.res" 1387
"../../../Engine/Content/Internationalization/icudt64l/lang/en_VG.res" 1388
"../../../Engine/Content/Internationalization/icudt64l/region/en_VG.res" 1389
"../../../Engine/Content/Internationalization/icudt64l/lang/en_VU.res" 1390
"../../../Engine/Content/Internationalization/icudt64l/region/en_VU.res" 1391
"../../../Engine/Content/Internationalization/icudt64l/lang/en_WS.res" 1392
"../../../Engine/Content/Internationalization/icudt64l/region/en_WS.res" 1393
"../../../Engine/Content/Internationalization/icudt64l/lang/en_ZA.res" 1394
"../../../Engine/Content/Internationalization/icudt64l/region/en_ZA.res" 1395
"../../../Engine/Content/Internationalization/icudt64l/lang/en_ZM.res" 1396
"../../../Engine/Content/Internationalization/icudt64l/region/en_ZM.res" 1397
"../../../Engine/Content/Internationalization/icudt64l/lang/en_ZW.res" 1398
"../../../Engine/Content/Internationalization/icudt64l/region/en_ZW.res" 1399
"../../../Engine/Content/Internationalization/icudt64l/lang/eo.res" 1400
"../../../Engine/Content/Internationalization/icudt64l/region/eo.res" 1401
"../../../Engine/Content/Internationalization/icudt64l/lang/es.res" 1402
"../../../Engine/Content/Internationalization/icudt64l/lang/es_419.res" 1403
"../../../Engine/Content/Internationalization/icudt64l/region/es_419.res" 1404
"../../../Engine/Content/Internationalization/icudt64l/region/es.res" 1405
"../../../Engine/Content/Internationalization/icudt64l/lang/es_AR.res" 1406
"../../../Engine/Content/Internationalization/icudt64l/region/es_AR.res" 1407
"../../../Engine/Content/Internationalization/icudt64l/lang/es_BO.res" 1408
"../../../Engine/Content/Internationalization/icudt64l/region/es_BO.res" 1409
"../../../Engine/Content/Internationalization/icudt64l/lang/es_BR.res" 1410
"../../../Engine/Content/Internationalization/icudt64l/region/es_BR.res" 1411
"../../../Engine/Content/Internationalization/icudt64l/lang/es_BZ.res" 1412
"../../../Engine/Content/Internationalization/icudt64l/region/es_BZ.res" 1413
"../../../Engine/Content/Internationalization/icudt64l/lang/es_CL.res" 1414
"../../../Engine/Content/Internationalization/icudt64l/region/es_CL.res" 1415
"../../../Engine/Content/Internationalization/icudt64l/lang/es_CO.res" 1416
"../../../Engine/Content/Internationalization/icudt64l/region/es_CO.res" 1417
"../../../Engine/Content/Internationalization/icudt64l/lang/es_CR.res" 1418
"../../../Engine/Content/Internationalization/icudt64l/region/es_CR.res" 1419
"../../../Engine/Content/Internationalization/icudt64l/lang/es_CU.res" 1420
"../../../Engine/Content/Internationalization/icudt64l/region/es_CU.res" 1421
"../../../Engine/Content/Internationalization/icudt64l/lang/es_DO.res" 1422
"../../../Engine/Content/Internationalization/icudt64l/region/es_DO.res" 1423
"../../../Engine/Content/Internationalization/icudt64l/lang/es_EC.res" 1424
"../../../Engine/Content/Internationalization/icudt64l/region/es_EC.res" 1425
"../../../Engine/Content/Internationalization/icudt64l/lang/es_GT.res" 1426
"../../../Engine/Content/Internationalization/icudt64l/region/es_GT.res" 1427
"../../../Engine/Content/Internationalization/icudt64l/lang/es_HN.res" 1428
"../../../Engine/Content/Internationalization/icudt64l/region/es_HN.res" 1429
"../../../Engine/Content/Internationalization/icudt64l/lang/es_MX.res" 1430
"../../../Engine/Content/Internationalization/icudt64l/region/es_MX.res" 1431
"../../../Engine/Content/Internationalization/icudt64l/lang/es_NI.res" 1432
"../../../Engine/Content/Internationalization/icudt64l/region/es_NI.res" 1433
"../../../Engine/Content/Internationalization/icudt64l/lang/es_PA.res" 1434
"../../../Engine/Content/Internationalization/icudt64l/region/es_PA.res" 1435
"../../../Engine/Content/Internationalization/icudt64l/lang/es_PE.res" 1436
"../../../Engine/Content/Internationalization/icudt64l/region/es_PE.res" 1437
"../../../Engine/Content/Internationalization/icudt64l/lang/es_PR.res" 1438
"../../../Engine/Content/Internationalization/icudt64l/region/es_PR.res" 1439
"../../../Engine/Content/Internationalization/icudt64l/lang/es_PY.res" 1440
"../../../Engine/Content/Internationalization/icudt64l/region/es_PY.res" 1441
"../../../Engine/Content/Internationalization/icudt64l/lang/es_SV.res" 1442
"../../../Engine/Content/Internationalization/icudt64l/region/es_SV.res" 1443
"../../../Engine/Content/Internationalization/icudt64l/lang/es_US.res" 1444
"../../../Engine/Content/Internationalization/icudt64l/region/es_US.res" 1445
"../../../Engine/Content/Internationalization/icudt64l/lang/es_UY.res" 1446
"../../../Engine/Content/Internationalization/icudt64l/region/es_UY.res" 1447
"../../../Engine/Content/Internationalization/icudt64l/lang/es_VE.res" 1448
"../../../Engine/Content/Internationalization/icudt64l/region/es_VE.res" 1449
"../../../Engine/Content/Internationalization/icudt64l/lang/et.res" 1450
"../../../Engine/Content/Internationalization/icudt64l/region/et.res" 1451
"../../../Engine/Content/Internationalization/icudt64l/lang/eu.res" 1452
"../../../Engine/Content/Internationalization/icudt64l/region/eu.res" 1453
"../../../Engine/Content/Internationalization/icudt64l/lang/ewo.res" 1454
"../../../Engine/Content/Internationalization/icudt64l/region/ewo.res" 1455
"../../../Engine/Content/Internationalization/icudt64l/lang/fa.res" 1456
"../../../Engine/Content/Internationalization/icudt64l/lang/fa_AF.res" 1457
"../../../Engine/Content/Internationalization/icudt64l/region/fa_AF.res" 1458
"../../../Engine/Content/Internationalization/icudt64l/region/fa.res" 1459
"../../../Engine/Content/Internationalization/icudt64l/lang/ff.res" 1460
"../../../Engine/Content/Internationalization/icudt64l/lang/ff_Latn.res" 1461
"../../../Engine/Content/Internationalization/icudt64l/region/ff.res" 1462
"../../../Engine/Content/Internationalization/icudt64l/region/ff_Latn.res" 1463
"../../../Engine/Content/Internationalization/icudt64l/lang/ff_CM.res" 1464
"../../../Engine/Content/Internationalization/icudt64l/lang/ff_Latn_CM.res" 1465
"../../../Engine/Content/Internationalization/icudt64l/region/ff_CM.res" 1466
"../../../Engine/Content/Internationalization/icudt64l/region/ff_Latn_CM.res" 1467
"../../../Engine/Content/Internationalization/icudt64l/lang/ff_GN.res" 1468
"../../../Engine/Content/Internationalization/icudt64l/lang/ff_Latn_GN.res" 1469
"../../../Engine/Content/Internationalization/icudt64l/region/ff_GN.res" 1470
"../../../Engine/Content/Internationalization/icudt64l/region/ff_Latn_GN.res" 1471
"../../../Engine/Content/Internationalization/icudt64l/lang/ff_MR.res" 1472
"../../../Engine/Content/Internationalization/icudt64l/lang/ff_Latn_MR.res" 1473
"../../../Engine/Content/Internationalization/icudt64l/region/ff_MR.res" 1474
"../../../Engine/Content/Internationalization/icudt64l/region/ff_Latn_MR.res" 1475
"../../../Engine/Content/Internationalization/icudt64l/lang/ff_SN.res" 1476
"../../../Engine/Content/Internationalization/icudt64l/lang/ff_Latn_SN.res" 1477
"../../../Engine/Content/Internationalization/icudt64l/region/ff_SN.res" 1478
"../../../Engine/Content/Internationalization/icudt64l/region/ff_Latn_SN.res" 1479
"../../../Engine/Content/Internationalization/icudt64l/lang/fi.res" 1480
"../../../Engine/Content/Internationalization/icudt64l/region/fi.res" 1481
"../../../Engine/Content/Internationalization/icudt64l/lang/fil.res" 1482
"../../../Engine/Content/Internationalization/icudt64l/lang/fil_PH.res" 1483
"../../../Engine/Content/Internationalization/icudt64l/region/fil_PH.res" 1484
"../../../Engine/Content/Internationalization/icudt64l/region/fil.res" 1485
"../../../Engine/Content/Internationalization/icudt64l/lang/fo.res" 1486
"../../../Engine/Content/Internationalization/icudt64l/region/fo.res" 1487
"../../../Engine/Content/Internationalization/icudt64l/lang/fr.res" 1488
"../../../Engine/Content/Internationalization/icudt64l/lang/fr_BE.res" 1489
"../../../Engine/Content/Internationalization/icudt64l/region/fr_BE.res" 1490
"../../../Engine/Content/Internationalization/icudt64l/region/fr.res" 1491
"../../../Engine/Content/Internationalization/icudt64l/lang/fr_CA.res" 1492
"../../../Engine/Content/Internationalization/icudt64l/region/fr_CA.res" 1493
"../../../Engine/Content/Internationalization/icudt64l/lang/fr_CH.res" 1494
"../../../Engine/Content/Internationalization/icudt64l/lang/fur.res" 1495
"../../../Engine/Content/Internationalization/icudt64l/region/fur.res" 1496
"../../../Engine/Content/Internationalization/icudt64l/lang/fy.res" 1497
"../../../Engine/Content/Internationalization/icudt64l/region/fy.res" 1498
"../../../Engine/Content/Internationalization/icudt64l/lang/ga.res" 1499
"../../../Engine/Content/Internationalization/icudt64l/region/ga.res" 1500
"../../../Engine/Content/Internationalization/icudt64l/lang/gd.res" 1501
"../../../Engine/Content/Internationalization/icudt64l/region/gd.res" 1502
"../../../Engine/Content/Internationalization/icudt64l/lang/gl.res" 1503
"../../../Engine/Content/Internationalization/icudt64l/region/gl.res" 1504
"../../../Engine/Content/Internationalization/icudt64l/lang/gsw.res" 1505
"../../../Engine/Content/Internationalization/icudt64l/region/gsw.res" 1506
"../../../Engine/Content/Internationalization/icudt64l/lang/gu.res" 1507
"../../../Engine/Content/Internationalization/icudt64l/region/gu.res" 1508
"../../../Engine/Content/Internationalization/icudt64l/lang/guz.res" 1509
"../../../Engine/Content/Internationalization/icudt64l/region/guz.res" 1510
"../../../Engine/Content/Internationalization/icudt64l/lang/gv.res" 1511
"../../../Engine/Content/Internationalization/icudt64l/region/gv.res" 1512
"../../../Engine/Content/Internationalization/icudt64l/lang/ha.res" 1513
"../../../Engine/Content/Internationalization/icudt64l/region/ha.res" 1514
"../../../Engine/Content/Internationalization/icudt64l/lang/ha_NE.res" 1515
"../../../Engine/Content/Internationalization/icudt64l/region/ha_NE.res" 1516
"../../../Engine/Content/Internationalization/icudt64l/lang/haw.res" 1517
"../../../Engine/Content/Internationalization/icudt64l/region/haw.res" 1518
"../../../Engine/Content/Internationalization/icudt64l/lang/he.res" 1519
"../../../Engine/Content/Internationalization/icudt64l/lang/he_IL.res" 1520
"../../../Engine/Content/Internationalization/icudt64l/region/he_IL.res" 1521
"../../../Engine/Content/Internationalization/icudt64l/region/he.res" 1522
"../../../Engine/Content/Internationalization/icudt64l/lang/hi.res" 1523
"../../../Engine/Content/Internationalization/icudt64l/region/hi.res" 1524
"../../../Engine/Content/Internationalization/icudt64l/lang/hr.res" 1525
"../../../Engine/Content/Internationalization/icudt64l/region/hr.res" 1526
"../../../Engine/Content/Internationalization/icudt64l/lang/hsb.res" 1527
"../../../Engine/Content/Internationalization/icudt64l/region/hsb.res" 1528
"../../../Engine/Content/Internationalization/icudt64l/lang/hu.res" 1529
"../../../Engine/Content/Internationalization/icudt64l/region/hu.res" 1530
"../../../Engine/Content/Internationalization/icudt64l/lang/hy.res" 1531
"../../../Engine/Content/Internationalization/icudt64l/region/hy.res" 1532
"../../../Engine/Content/Internationalization/icudt64l/lang/ia.res" 1533
"../../../Engine/Content/Internationalization/icudt64l/region/ia.res" 1534
"../../../Engine/Content/Internationalization/icudt64l/lang/id.res" 1535
"../../../Engine/Content/Internationalization/icudt64l/lang/id_ID.res" 1536
"../../../Engine/Content/Internationalization/icudt64l/region/id_ID.res" 1537
"../../../Engine/Content/Internationalization/icudt64l/region/id.res" 1538
"../../../Engine/Content/Internationalization/icudt64l/lang/ig.res" 1539
"../../../Engine/Content/Internationalization/icudt64l/region/ig.res" 1540
"../../../Engine/Content/Internationalization/icudt64l/lang/ii.res" 1541
"../../../Engine/Content/Internationalization/icudt64l/region/ii.res" 1542
"../../../Engine/Content/Internationalization/icudt64l/lang/is.res" 1543
"../../../Engine/Content/Internationalization/icudt64l/region/is.res" 1544
"../../../Engine/Content/Internationalization/icudt64l/lang/it.res" 1545
"../../../Engine/Content/Internationalization/icudt64l/region/it.res" 1546
"../../../Engine/Content/Internationalization/icudt64l/lang/ja.res" 1547
"../../../Engine/Content/Internationalization/icudt64l/lang/ja_JP.res" 1548
"../../../Engine/Content/Internationalization/icudt64l/region/ja_JP.res" 1549
"../../../Engine/Content/Internationalization/icudt64l/region/ja.res" 1550
"../../../Engine/Content/Internationalization/icudt64l/lang/jgo.res" 1551
"../../../Engine/Content/Internationalization/icudt64l/region/jgo.res" 1552
"../../../Engine/Content/Internationalization/icudt64l/lang/jmc.res" 1553
"../../../Engine/Content/Internationalization/icudt64l/region/jmc.res" 1554
"../../../Engine/Content/Internationalization/icudt64l/lang/jv.res" 1555
"../../../Engine/Content/Internationalization/icudt64l/region/jv.res" 1556
"../../../Engine/Content/Internationalization/icudt64l/lang/ka.res" 1557
"../../../Engine/Content/Internationalization/icudt64l/region/ka.res" 1558
"../../../Engine/Content/Internationalization/icudt64l/lang/kab.res" 1559
"../../../Engine/Content/Internationalization/icudt64l/region/kab.res" 1560
"../../../Engine/Content/Internationalization/icudt64l/lang/kam.res" 1561
"../../../Engine/Content/Internationalization/icudt64l/region/kam.res" 1562
"../../../Engine/Content/Internationalization/icudt64l/lang/kde.res" 1563
"../../../Engine/Content/Internationalization/icudt64l/region/kde.res" 1564
"../../../Engine/Content/Internationalization/icudt64l/lang/kea.res" 1565
"../../../Engine/Content/Internationalization/icudt64l/region/kea.res" 1566
"../../../Engine/Content/Internationalization/icudt64l/lang/khq.res" 1567
"../../../Engine/Content/Internationalization/icudt64l/region/khq.res" 1568
"../../../Engine/Content/Internationalization/icudt64l/lang/ki.res" 1569
"../../../Engine/Content/Internationalization/icudt64l/region/ki.res" 1570
"../../../Engine/Content/Internationalization/icudt64l/lang/kk.res" 1571
"../../../Engine/Content/Internationalization/icudt64l/region/kk.res" 1572
"../../../Engine/Content/Internationalization/icudt64l/lang/kkj.res" 1573
"../../../Engine/Content/Internationalization/icudt64l/region/kkj.res" 1574
"../../../Engine/Content/Internationalization/icudt64l/lang/kl.res" 1575
"../../../Engine/Content/Internationalization/icudt64l/region/kl.res" 1576
"../../../Engine/Content/Internationalization/icudt64l/lang/kln.res" 1577
"../../../Engine/Content/Internationalization/icudt64l/region/kln.res" 1578
"../../../Engine/Content/Internationalization/icudt64l/lang/km.res" 1579
"../../../Engine/Content/Internationalization/icudt64l/region/km.res" 1580
"../../../Engine/Content/Internationalization/icudt64l/lang/kn.res" 1581
"../../../Engine/Content/Internationalization/icudt64l/region/kn.res" 1582
"../../../Engine/Content/Internationalization/icudt64l/lang/ko.res" 1583
"../../../Engine/Content/Internationalization/icudt64l/region/ko_KP.res" 1584
"../../../Engine/Content/Internationalization/icudt64l/region/ko.res" 1585
"../../../Engine/Content/Internationalization/icudt64l/lang/kok.res" 1586
"../../../Engine/Content/Internationalization/icudt64l/region/kok.res" 1587
"../../../Engine/Content/Internationalization/icudt64l/lang/ks.res" 1588
"../../../Engine/Content/Internationalization/icudt64l/region/ks.res" 1589
"../../../Engine/Content/Internationalization/icudt64l/lang/ksb.res" 1590
"../../../Engine/Content/Internationalization/icudt64l/region/ksb.res" 1591
"../../../Engine/Content/Internationalization/icudt64l/lang/ksf.res" 1592
"../../../Engine/Content/Internationalization/icudt64l/region/ksf.res" 1593
"../../../Engine/Content/Internationalization/icudt64l/lang/ksh.res" 1594
"../../../Engine/Content/Internationalization/icudt64l/region/ksh.res" 1595
"../../../Engine/Content/Internationalization/icudt64l/lang/ku.res" 1596
"../../../Engine/Content/Internationalization/icudt64l/region/ku.res" 1597
"../../../Engine/Content/Internationalization/icudt64l/lang/kw.res" 1598
"../../../Engine/Content/Internationalization/icudt64l/region/kw.res" 1599
"../../../Engine/Content/Internationalization/icudt64l/lang/ky.res" 1600
"../../../Engine/Content/Internationalization/icudt64l/region/ky.res" 1601
"../../../Engine/Content/Internationalization/icudt64l/lang/lag.res" 1602
"../../../Engine/Content/Internationalization/icudt64l/region/lag.res" 1603
"../../../Engine/Content/Internationalization/icudt64l/lang/lb.res" 1604
"../../../Engine/Content/Internationalization/icudt64l/region/lb.res" 1605
"../../../Engine/Content/Internationalization/icudt64l/lang/lg.res" 1606
"../../../Engine/Content/Internationalization/icudt64l/region/lg.res" 1607
"../../../Engine/Content/Internationalization/icudt64l/lang/lkt.res" 1608
"../../../Engine/Content/Internationalization/icudt64l/region/lkt.res" 1609
"../../../Engine/Content/Internationalization/icudt64l/lang/ln.res" 1610
"../../../Engine/Content/Internationalization/icudt64l/region/ln.res" 1611
"../../../Engine/Content/Internationalization/icudt64l/lang/lo.res" 1612
"../../../Engine/Content/Internationalization/icudt64l/region/lo.res" 1613
"../../../Engine/Content/Internationalization/icudt64l/lang/lrc.res" 1614
"../../../Engine/Content/Internationalization/icudt64l/region/lrc.res" 1615
"../../../Engine/Content/Internationalization/icudt64l/lang/lt.res" 1616
"../../../Engine/Content/Internationalization/icudt64l/region/lt.res" 1617
"../../../Engine/Content/Internationalization/icudt64l/lang/lu.res" 1618
"../../../Engine/Content/Internationalization/icudt64l/region/lu.res" 1619
"../../../Engine/Content/Internationalization/icudt64l/lang/luo.res" 1620
"../../../Engine/Content/Internationalization/icudt64l/region/luo.res" 1621
"../../../Engine/Content/Internationalization/icudt64l/lang/luy.res" 1622
"../../../Engine/Content/Internationalization/icudt64l/region/luy.res" 1623
"../../../Engine/Content/Internationalization/icudt64l/lang/lv.res" 1624
"../../../Engine/Content/Internationalization/icudt64l/region/lv.res" 1625
"../../../Engine/Content/Internationalization/icudt64l/lang/mas.res" 1626
"../../../Engine/Content/Internationalization/icudt64l/region/mas.res" 1627
"../../../Engine/Content/Internationalization/icudt64l/lang/mer.res" 1628
"../../../Engine/Content/Internationalization/icudt64l/region/mer.res" 1629
"../../../Engine/Content/Internationalization/icudt64l/lang/mfe.res" 1630
"../../../Engine/Content/Internationalization/icudt64l/region/mfe.res" 1631
"../../../Engine/Content/Internationalization/icudt64l/lang/mg.res" 1632
"../../../Engine/Content/Internationalization/icudt64l/region/mg.res" 1633
"../../../Engine/Content/Internationalization/icudt64l/lang/mgh.res" 1634
"../../../Engine/Content/Internationalization/icudt64l/region/mgh.res" 1635
"../../../Engine/Content/Internationalization/icudt64l/lang/mgo.res" 1636
"../../../Engine/Content/Internationalization/icudt64l/region/mgo.res" 1637
"../../../Engine/Content/Internationalization/icudt64l/lang/mi.res" 1638
"../../../Engine/Content/Internationalization/icudt64l/region/mi.res" 1639
"../../../Engine/Content/Internationalization/icudt64l/lang/mk.res" 1640
"../../../Engine/Content/Internationalization/icudt64l/region/mk.res" 1641
"../../../Engine/Content/Internationalization/icudt64l/lang/ml.res" 1642
"../../../Engine/Content/Internationalization/icudt64l/region/ml.res" 1643
"../../../Engine/Content/Internationalization/icudt64l/lang/mn.res" 1644
"../../../Engine/Content/Internationalization/icudt64l/region/mn.res" 1645
"../../../Engine/Content/Internationalization/icudt64l/lang/mr.res" 1646
"../../../Engine/Content/Internationalization/icudt64l/region/mr.res" 1647
"../../../Engine/Content/Internationalization/icudt64l/lang/ms.res" 1648
"../../../Engine/Content/Internationalization/icudt64l/region/ms.res" 1649
"../../../Engine/Content/Internationalization/icudt64l/lang/mt.res" 1650
"../../../Engine/Content/Internationalization/icudt64l/region/mt.res" 1651
"../../../Engine/Content/Internationalization/icudt64l/lang/mua.res" 1652
"../../../Engine/Content/Internationalization/icudt64l/region/mua.res" 1653
"../../../Engine/Content/Internationalization/icudt64l/lang/my.res" 1654
"../../../Engine/Content/Internationalization/icudt64l/region/my.res" 1655
"../../../Engine/Content/Internationalization/icudt64l/lang/mzn.res" 1656
"../../../Engine/Content/Internationalization/icudt64l/region/mzn.res" 1657
"../../../Engine/Content/Internationalization/icudt64l/lang/naq.res" 1658
"../../../Engine/Content/Internationalization/icudt64l/region/naq.res" 1659
"../../../Engine/Content/Internationalization/icudt64l/lang/nb.res" 1660
"../../../Engine/Content/Internationalization/icudt64l/lang/nb_NO.res" 1661
"../../../Engine/Content/Internationalization/icudt64l/region/nb_NO.res" 1662
"../../../Engine/Content/Internationalization/icudt64l/region/nb.res" 1663
"../../../Engine/Content/Internationalization/icudt64l/lang/nd.res" 1664
"../../../Engine/Content/Internationalization/icudt64l/region/nd.res" 1665
"../../../Engine/Content/Internationalization/icudt64l/lang/nds.res" 1666
"../../../Engine/Content/Internationalization/icudt64l/region/nds.res" 1667
"../../../Engine/Content/Internationalization/icudt64l/lang/ne.res" 1668
"../../../Engine/Content/Internationalization/icudt64l/region/ne.res" 1669
"../../../Engine/Content/Internationalization/icudt64l/lang/nl.res" 1670
"../../../Engine/Content/Internationalization/icudt64l/region/nl.res" 1671
"../../../Engine/Content/Internationalization/icudt64l/lang/nmg.res" 1672
"../../../Engine/Content/Internationalization/icudt64l/region/nmg.res" 1673
"../../../Engine/Content/Internationalization/icudt64l/lang/nn.res" 1674
"../../../Engine/Content/Internationalization/icudt64l/lang/nn_NO.res" 1675
"../../../Engine/Content/Internationalization/icudt64l/region/nn_NO.res" 1676
"../../../Engine/Content/Internationalization/icudt64l/region/nn.res" 1677
"../../../Engine/Content/Internationalization/icudt64l/lang/nnh.res" 1678
"../../../Engine/Content/Internationalization/icudt64l/region/nnh.res" 1679
"../../../Engine/Content/Internationalization/icudt64l/lang/nus.res" 1680
"../../../Engine/Content/Internationalization/icudt64l/region/nus.res" 1681
"../../../Engine/Content/Internationalization/icudt64l/lang/nyn.res" 1682
"../../../Engine/Content/Internationalization/icudt64l/region/nyn.res" 1683
"../../../Engine/Content/Internationalization/icudt64l/lang/om.res" 1684
"../../../Engine/Content/Internationalization/icudt64l/region/om.res" 1685
"../../../Engine/Content/Internationalization/icudt64l/lang/or.res" 1686
"../../../Engine/Content/Internationalization/icudt64l/region/or.res" 1687
"../../../Engine/Content/Internationalization/icudt64l/lang/os.res" 1688
"../../../Engine/Content/Internationalization/icudt64l/region/os.res" 1689
"../../../Engine/Content/Internationalization/icudt64l/lang/pa.res" 1690
"../../../Engine/Content/Internationalization/icudt64l/lang/pa_Arab.res" 1691
"../../../Engine/Content/Internationalization/icudt64l/lang/pa_PK.res" 1692
"../../../Engine/Content/Internationalization/icudt64l/lang/pa_Arab_PK.res" 1693
"../../../Engine/Content/Internationalization/icudt64l/region/pa_PK.res" 1694
"../../../Engine/Content/Internationalization/icudt64l/region/pa_Arab_PK.res" 1695
"../../../Engine/Content/Internationalization/icudt64l/region/pa_Arab.res" 1696
"../../../Engine/Content/Internationalization/icudt64l/lang/pa_Guru.res" 1697
"../../../Engine/Content/Internationalization/icudt64l/lang/pa_IN.res" 1698
"../../../Engine/Content/Internationalization/icudt64l/lang/pa_Guru_IN.res" 1699
"../../../Engine/Content/Internationalization/icudt64l/region/pa_IN.res" 1700
"../../../Engine/Content/Internationalization/icudt64l/region/pa_Guru_IN.res" 1701
"../../../Engine/Content/Internationalization/icudt64l/region/pa_Guru.res" 1702
"../../../Engine/Content/Internationalization/icudt64l/region/pa.res" 1703
"../../../Engine/Content/Internationalization/icudt64l/lang/pl.res" 1704
"../../../Engine/Content/Internationalization/icudt64l/region/pl.res" 1705
"../../../Engine/Content/Internationalization/icudt64l/lang/ps.res" 1706
"../../../Engine/Content/Internationalization/icudt64l/region/ps.res" 1707
"../../../Engine/Content/Internationalization/icudt64l/lang/ps_PK.res" 1708
"../../../Engine/Content/Internationalization/icudt64l/region/ps_PK.res" 1709
"../../../Engine/Content/Internationalization/icudt64l/lang/pt.res" 1710
"../../../Engine/Content/Internationalization/icudt64l/lang/pt_AO.res" 1711
"../../../Engine/Content/Internationalization/icudt64l/lang/pt_PT.res" 1712
"../../../Engine/Content/Internationalization/icudt64l/region/pt_AO.res" 1713
"../../../Engine/Content/Internationalization/icudt64l/region/pt_PT.res" 1714
"../../../Engine/Content/Internationalization/icudt64l/region/pt.res" 1715
"../../../Engine/Content/Internationalization/icudt64l/lang/pt_CH.res" 1716
"../../../Engine/Content/Internationalization/icudt64l/region/pt_CH.res" 1717
"../../../Engine/Content/Internationalization/icudt64l/lang/pt_CV.res" 1718
"../../../Engine/Content/Internationalization/icudt64l/region/pt_CV.res" 1719
"../../../Engine/Content/Internationalization/icudt64l/lang/pt_GQ.res" 1720
"../../../Engine/Content/Internationalization/icudt64l/region/pt_GQ.res" 1721
"../../../Engine/Content/Internationalization/icudt64l/lang/pt_GW.res" 1722
"../../../Engine/Content/Internationalization/icudt64l/region/pt_GW.res" 1723
"../../../Engine/Content/Internationalization/icudt64l/lang/pt_LU.res" 1724
"../../../Engine/Content/Internationalization/icudt64l/region/pt_LU.res" 1725
"../../../Engine/Content/Internationalization/icudt64l/lang/pt_MO.res" 1726
"../../../Engine/Content/Internationalization/icudt64l/region/pt_MO.res" 1727
"../../../Engine/Content/Internationalization/icudt64l/lang/pt_MZ.res" 1728
"../../../Engine/Content/Internationalization/icudt64l/region/pt_MZ.res" 1729
"../../../Engine/Content/Internationalization/icudt64l/lang/pt_ST.res" 1730
"../../../Engine/Content/Internationalization/icudt64l/region/pt_ST.res" 1731
"../../../Engine/Content/Internationalization/icudt64l/lang/pt_TL.res" 1732
"../../../Engine/Content/Internationalization/icudt64l/region/pt_TL.res" 1733
"../../../Engine/Content/Internationalization/icudt64l/lang/qu.res" 1734
"../../../Engine/Content/Internationalization/icudt64l/region/qu.res" 1735
"../../../Engine/Content/Internationalization/icudt64l/lang/rm.res" 1736
"../../../Engine/Content/Internationalization/icudt64l/region/rm.res" 1737
"../../../Engine/Content/Internationalization/icudt64l/lang/rn.res" 1738
"../../../Engine/Content/Internationalization/icudt64l/region/rn.res" 1739
"../../../Engine/Content/Internationalization/icudt64l/lang/ro.res" 1740
"../../../Engine/Content/Internationalization/icudt64l/lang/ro_MD.res" 1741
"../../../Engine/Content/Internationalization/icudt64l/region/ro_MD.res" 1742
"../../../Engine/Content/Internationalization/icudt64l/region/ro.res" 1743
"../../../Engine/Content/Internationalization/icudt64l/lang/rof.res" 1744
"../../../Engine/Content/Internationalization/icudt64l/region/rof.res" 1745
"../../../Engine/Content/Internationalization/icudt64l/lang/ru.res" 1746
"../../../Engine/Content/Internationalization/icudt64l/region/ru.res" 1747
"../../../Engine/Content/Internationalization/icudt64l/region/ru_UA.res" 1748
"../../../Engine/Content/Internationalization/icudt64l/lang/rw.res" 1749
"../../../Engine/Content/Internationalization/icudt64l/region/rw.res" 1750
"../../../Engine/Content/Internationalization/icudt64l/lang/rwk.res" 1751
"../../../Engine/Content/Internationalization/icudt64l/region/rwk.res" 1752
"../../../Engine/Content/Internationalization/icudt64l/lang/sah.res" 1753
"../../../Engine/Content/Internationalization/icudt64l/region/sah.res" 1754
"../../../Engine/Content/Internationalization/icudt64l/lang/saq.res" 1755
"../../../Engine/Content/Internationalization/icudt64l/region/saq.res" 1756
"../../../Engine/Content/Internationalization/icudt64l/lang/sbp.res" 1757
"../../../Engine/Content/Internationalization/icudt64l/region/sbp.res" 1758
"../../../Engine/Content/Internationalization/icudt64l/lang/sd.res" 1759
"../../../Engine/Content/Internationalization/icudt64l/region/sd.res" 1760
"../../../Engine/Content/Internationalization/icudt64l/lang/se.res" 1761
"../../../Engine/Content/Internationalization/icudt64l/lang/se_FI.res" 1762
"../../../Engine/Content/Internationalization/icudt64l/region/se_FI.res" 1763
"../../../Engine/Content/Internationalization/icudt64l/region/se.res" 1764
"../../../Engine/Content/Internationalization/icudt64l/lang/seh.res" 1765
"../../../Engine/Content/Internationalization/icudt64l/region/seh.res" 1766
"../../../Engine/Content/Internationalization/icudt64l/lang/ses.res" 1767
"../../../Engine/Content/Internationalization/icudt64l/region/ses.res" 1768
"../../../Engine/Content/Internationalization/icudt64l/lang/sg.res" 1769
"../../../Engine/Content/Internationalization/icudt64l/region/sg.res" 1770
"../../../Engine/Content/Internationalization/icudt64l/lang/shi.res" 1771
"../../../Engine/Content/Internationalization/icudt64l/lang/shi_Latn.res" 1772
"../../../Engine/Content/Internationalization/icudt64l/lang/shi_MA.res" 1773
"../../../Engine/Content/Internationalization/icudt64l/lang/shi_Tfng_MA.res" 1774
"../../../Engine/Content/Internationalization/icudt64l/lang/shi_Tfng.res" 1775
"../../../Engine/Content/Internationalization/icudt64l/region/shi_MA.res" 1776
"../../../Engine/Content/Internationalization/icudt64l/region/shi_Tfng_MA.res" 1777
"../../../Engine/Content/Internationalization/icudt64l/region/shi_Tfng.res" 1778
"../../../Engine/Content/Internationalization/icudt64l/region/shi.res" 1779
"../../../Engine/Content/Internationalization/icudt64l/region/shi_Latn.res" 1780
"../../../Engine/Content/Internationalization/icudt64l/lang/si.res" 1781
"../../../Engine/Content/Internationalization/icudt64l/region/si.res" 1782
"../../../Engine/Content/Internationalization/icudt64l/lang/sk.res" 1783
"../../../Engine/Content/Internationalization/icudt64l/region/sk.res" 1784
"../../../Engine/Content/Internationalization/icudt64l/lang/sl.res" 1785
"../../../Engine/Content/Internationalization/icudt64l/region/sl.res" 1786
"../../../Engine/Content/Internationalization/icudt64l/lang/smn.res" 1787
"../../../Engine/Content/Internationalization/icudt64l/region/smn.res" 1788
"../../../Engine/Content/Internationalization/icudt64l/lang/sn.res" 1789
"../../../Engine/Content/Internationalization/icudt64l/region/sn.res" 1790
"../../../Engine/Content/Internationalization/icudt64l/lang/so.res" 1791
"../../../Engine/Content/Internationalization/icudt64l/region/so.res" 1792
"../../../Engine/Content/Internationalization/icudt64l/lang/sq.res" 1793
"../../../Engine/Content/Internationalization/icudt64l/region/sq.res" 1794
"../../../Engine/Content/Internationalization/icudt64l/lang/sr.res" 1795
"../../../Engine/Content/Internationalization/icudt64l/lang/sr_Cyrl.res" 1796
"../../../Engine/Content/Internationalization/icudt64l/lang/sr_BA.res" 1797
"../../../Engine/Content/Internationalization/icudt64l/lang/sr_Cyrl_BA.res" 1798
"../../../Engine/Content/Internationalization/icudt64l/region/sr_BA.res" 1799
"../../../Engine/Content/Internationalization/icudt64l/region/sr_Cyrl_BA.res" 1800
"../../../Engine/Content/Internationalization/icudt64l/region/sr_Cyrl.res" 1801
"../../../Engine/Content/Internationalization/icudt64l/region/sr.res" 1802
"../../../Engine/Content/Internationalization/icudt64l/lang/sr_ME.res" 1803
"../../../Engine/Content/Internationalization/icudt64l/lang/sr_Latn_ME.res" 1804
"../../../Engine/Content/Internationalization/icudt64l/lang/sr_Latn.res" 1805
"../../../Engine/Content/Internationalization/icudt64l/region/sr_ME.res" 1806
"../../../Engine/Content/Internationalization/icudt64l/region/sr_Latn_ME.res" 1807
"../../../Engine/Content/Internationalization/icudt64l/region/sr_Latn.res" 1808
"../../../Engine/Content/Internationalization/icudt64l/lang/sr_Cyrl_ME.res" 1809
"../../../Engine/Content/Internationalization/icudt64l/region/sr_Cyrl_ME.res" 1810
"../../../Engine/Content/Internationalization/icudt64l/lang/sr_RS.res" 1811
"../../../Engine/Content/Internationalization/icudt64l/lang/sr_Cyrl_RS.res" 1812
"../../../Engine/Content/Internationalization/icudt64l/region/sr_RS.res" 1813
"../../../Engine/Content/Internationalization/icudt64l/region/sr_Cyrl_RS.res" 1814
"../../../Engine/Content/Internationalization/icudt64l/lang/sr_XK.res" 1815
"../../../Engine/Content/Internationalization/icudt64l/lang/sr_Cyrl_XK.res" 1816
"../../../Engine/Content/Internationalization/icudt64l/region/sr_XK.res" 1817
"../../../Engine/Content/Internationalization/icudt64l/region/sr_Cyrl_XK.res" 1818
"../../../Engine/Content/Internationalization/icudt64l/lang/sr_Latn_BA.res" 1819
"../../../Engine/Content/Internationalization/icudt64l/region/sr_Latn_BA.res" 1820
"../../../Engine/Content/Internationalization/icudt64l/lang/sr_Latn_RS.res" 1821
"../../../Engine/Content/Internationalization/icudt64l/region/sr_Latn_RS.res" 1822
"../../../Engine/Content/Internationalization/icudt64l/lang/sr_Latn_XK.res" 1823
"../../../Engine/Content/Internationalization/icudt64l/region/sr_Latn_XK.res" 1824
"../../../Engine/Content/Internationalization/icudt64l/lang/sv.res" 1825
"../../../Engine/Content/Internationalization/icudt64l/region/sv.res" 1826
"../../../Engine/Content/Internationalization/icudt64l/lang/sv_FI.res" 1827
"../../../Engine/Content/Internationalization/icudt64l/lang/sw.res" 1828
"../../../Engine/Content/Internationalization/icudt64l/lang/sw_CD.res" 1829
"../../../Engine/Content/Internationalization/icudt64l/region/sw_CD.res" 1830
"../../../Engine/Content/Internationalization/icudt64l/region/sw.res" 1831
"../../../Engine/Content/Internationalization/icudt64l/lang/sw_KE.res" 1832
"../../../Engine/Content/Internationalization/icudt64l/region/sw_KE.res" 1833
"../../../Engine/Content/Internationalization/icudt64l/lang/ta.res" 1834
"../../../Engine/Content/Internationalization/icudt64l/region/ta.res" 1835
"../../../Engine/Content/Internationalization/icudt64l/lang/te.res" 1836
"../../../Engine/Content/Internationalization/icudt64l/region/te.res" 1837
"../../../Engine/Content/Internationalization/icudt64l/lang/teo.res" 1838
"../../../Engine/Content/Internationalization/icudt64l/region/teo.res" 1839
"../../../Engine/Content/Internationalization/icudt64l/lang/tg.res" 1840
"../../../Engine/Content/Internationalization/icudt64l/region/tg.res" 1841
"../../../Engine/Content/Internationalization/icudt64l/lang/th.res" 1842
"../../../Engine/Content/Internationalization/icudt64l/lang/th_TH.res" 1843
"../../../Engine/Content/Internationalization/icudt64l/region/th_TH.res" 1844
"../../../Engine/Content/Internationalization/icudt64l/region/th.res" 1845
"../../../Engine/Content/Internationalization/icudt64l/lang/ti.res" 1846
"../../../Engine/Content/Internationalization/icudt64l/region/ti.res" 1847
"../../../Engine/Content/Internationalization/icudt64l/lang/tk.res" 1848
"../../../Engine/Content/Internationalization/icudt64l/region/tk.res" 1849
"../../../Engine/Content/Internationalization/icudt64l/lang/to.res" 1850
"../../../Engine/Content/Internationalization/icudt64l/region/to.res" 1851
"../../../Engine/Content/Internationalization/icudt64l/lang/tr.res" 1852
"../../../Engine/Content/Internationalization/icudt64l/region/tr.res" 1853
"../../../Engine/Content/Internationalization/icudt64l/lang/tt.res" 1854
"../../../Engine/Content/Internationalization/icudt64l/region/tt.res" 1855
"../../../Engine/Content/Internationalization/icudt64l/lang/twq.res" 1856
"../../../Engine/Content/Internationalization/icudt64l/region/twq.res" 1857
"../../../Engine/Content/Internationalization/icudt64l/lang/tzm.res" 1858
"../../../Engine/Content/Internationalization/icudt64l/region/tzm.res" 1859
"../../../Engine/Content/Internationalization/icudt64l/lang/ug.res" 1860
"../../../Engine/Content/Internationalization/icudt64l/region/ug.res" 1861
"../../../Engine/Content/Internationalization/icudt64l/lang/uk.res" 1862
"../../../Engine/Content/Internationalization/icudt64l/region/uk.res" 1863
"../../../Engine/Content/Internationalization/icudt64l/lang/ur.res" 1864
"../../../Engine/Content/Internationalization/icudt64l/lang/ur_IN.res" 1865
"../../../Engine/Content/Internationalization/icudt64l/region/ur_IN.res" 1866
"../../../Engine/Content/Internationalization/icudt64l/region/ur.res" 1867
"../../../Engine/Content/Internationalization/icudt64l/lang/uz.res" 1868
"../../../Engine/Content/Internationalization/icudt64l/lang/uz_Arab.res" 1869
"../../../Engine/Content/Internationalization/icudt64l/lang/uz_AF.res" 1870
"../../../Engine/Content/Internationalization/icudt64l/lang/uz_Arab_AF.res" 1871
"../../../Engine/Content/Internationalization/icudt64l/region/uz_AF.res" 1872
"../../../Engine/Content/Internationalization/icudt64l/region/uz_Arab_AF.res" 1873
"../../../Engine/Content/Internationalization/icudt64l/region/uz_Arab.res" 1874
"../../../Engine/Content/Internationalization/icudt64l/lang/uz_Cyrl.res" 1875
"../../../Engine/Content/Internationalization/icudt64l/lang/uz_UZ.res" 1876
"../../../Engine/Content/Internationalization/icudt64l/lang/uz_Latn_UZ.res" 1877
"../../../Engine/Content/Internationalization/icudt64l/lang/uz_Latn.res" 1878
"../../../Engine/Content/Internationalization/icudt64l/region/uz_UZ.res" 1879
"../../../Engine/Content/Internationalization/icudt64l/region/uz_Latn_UZ.res" 1880
"../../../Engine/Content/Internationalization/icudt64l/region/uz_Latn.res" 1881
"../../../Engine/Content/Internationalization/icudt64l/region/uz.res" 1882
"../../../Engine/Content/Internationalization/icudt64l/region/uz_Cyrl.res" 1883
"../../../Engine/Content/Internationalization/icudt64l/lang/vai.res" 1884
"../../../Engine/Content/Internationalization/icudt64l/lang/vai_Latn.res" 1885
"../../../Engine/Content/Internationalization/icudt64l/lang/vai_LR.res" 1886
"../../../Engine/Content/Internationalization/icudt64l/lang/vai_Vaii_LR.res" 1887
"../../../Engine/Content/Internationalization/icudt64l/lang/vai_Vaii.res" 1888
"../../../Engine/Content/Internationalization/icudt64l/region/vai_LR.res" 1889
"../../../Engine/Content/Internationalization/icudt64l/region/vai_Vaii_LR.res" 1890
"../../../Engine/Content/Internationalization/icudt64l/region/vai_Vaii.res" 1891
"../../../Engine/Content/Internationalization/icudt64l/region/vai.res" 1892
"../../../Engine/Content/Internationalization/icudt64l/region/vai_Latn.res" 1893
"../../../Engine/Content/Internationalization/icudt64l/lang/vi.res" 1894
"../../../Engine/Content/Internationalization/icudt64l/region/vi.res" 1895
"../../../Engine/Content/Internationalization/icudt64l/lang/vun.res" 1896
"../../../Engine/Content/Internationalization/icudt64l/region/vun.res" 1897
"../../../Engine/Content/Internationalization/icudt64l/lang/wae.res" 1898
"../../../Engine/Content/Internationalization/icudt64l/region/wae.res" 1899
"../../../Engine/Content/Internationalization/icudt64l/lang/wo.res" 1900
"../../../Engine/Content/Internationalization/icudt64l/region/wo.res" 1901
"../../../Engine/Content/Internationalization/icudt64l/lang/xh.res" 1902
"../../../Engine/Content/Internationalization/icudt64l/region/xh.res" 1903
"../../../Engine/Content/Internationalization/icudt64l/lang/xog.res" 1904
"../../../Engine/Content/Internationalization/icudt64l/region/xog.res" 1905
"../../../Engine/Content/Internationalization/icudt64l/lang/yav.res" 1906
"../../../Engine/Content/Internationalization/icudt64l/region/yav.res" 1907
"../../../Engine/Content/Internationalization/icudt64l/lang/yi.res" 1908
"../../../Engine/Content/Internationalization/icudt64l/region/yi.res" 1909
"../../../Engine/Content/Internationalization/icudt64l/lang/yo.res" 1910
"../../../Engine/Content/Internationalization/icudt64l/lang/yo_BJ.res" 1911
"../../../Engine/Content/Internationalization/icudt64l/region/yo_BJ.res" 1912
"../../../Engine/Content/Internationalization/icudt64l/region/yo.res" 1913
"../../../Engine/Content/Internationalization/icudt64l/lang/yue.res" 1914
"../../../Engine/Content/Internationalization/icudt64l/lang/yue_Hans.res" 1915
"../../../Engine/Content/Internationalization/icudt64l/lang/yue_CN.res" 1916
"../../../Engine/Content/Internationalization/icudt64l/lang/yue_Hans_CN.res" 1917
"../../../Engine/Content/Internationalization/icudt64l/region/yue_CN.res" 1918
"../../../Engine/Content/Internationalization/icudt64l/region/yue_Hans_CN.res" 1919
"../../../Engine/Content/Internationalization/icudt64l/region/yue_Hans.res" 1920
"../../../Engine/Content/Internationalization/icudt64l/lang/yue_Hant.res" 1921
"../../../Engine/Content/Internationalization/icudt64l/lang/yue_HK.res" 1922
"../../../Engine/Content/Internationalization/icudt64l/lang/yue_Hant_HK.res" 1923
"../../../Engine/Content/Internationalization/icudt64l/region/yue_HK.res" 1924
"../../../Engine/Content/Internationalization/icudt64l/region/yue_Hant_HK.res" 1925
"../../../Engine/Content/Internationalization/icudt64l/region/yue_Hant.res" 1926
"../../../Engine/Content/Internationalization/icudt64l/region/yue.res" 1927
"../../../Engine/Content/Internationalization/icudt64l/lang/zgh.res" 1928
"../../../Engine/Content/Internationalization/icudt64l/region/zgh.res" 1929
"../../../Engine/Content/Internationalization/icudt64l/lang/zh.res" 1930
"../../../Engine/Content/Internationalization/icudt64l/lang/zh_Hans.res" 1931
"../../../Engine/Content/Internationalization/icudt64l/lang/zh_CN.res" 1932
"../../../Engine/Content/Internationalization/icudt64l/lang/zh_Hans_CN.res" 1933
"../../../Engine/Content/Internationalization/icudt64l/region/zh_CN.res" 1934
"../../../Engine/Content/Internationalization/icudt64l/region/zh_Hans_CN.res" 1935
"../../../Engine/Content/Internationalization/icudt64l/region/zh_Hans.res" 1936
"../../../Engine/Content/Internationalization/icudt64l/region/zh.res" 1937
"../../../Engine/Content/Internationalization/icudt64l/lang/zh_HK.res" 1938
"../../../Engine/Content/Internationalization/icudt64l/lang/zh_Hant_HK.res" 1939
"../../../Engine/Content/Internationalization/icudt64l/lang/zh_Hant.res" 1940
"../../../Engine/Content/Internationalization/icudt64l/region/zh_HK.res" 1941
"../../../Engine/Content/Internationalization/icudt64l/region/zh_Hant_HK.res" 1942
"../../../Engine/Content/Internationalization/icudt64l/region/zh_Hant.res" 1943
"../../../Engine/Content/Internationalization/icudt64l/lang/zh_MO.res" 1944
"../../../Engine/Content/Internationalization/icudt64l/lang/zh_Hant_MO.res" 1945
"../../../Engine/Content/Internationalization/icudt64l/region/zh_MO.res" 1946
"../../../Engine/Content/Internationalization/icudt64l/region/zh_Hant_MO.res" 1947
"../../../Engine/Content/Internationalization/icudt64l/lang/zh_SG.res" 1948
"../../../Engine/Content/Internationalization/icudt64l/lang/zh_Hans_SG.res" 1949
"../../../Engine/Content/Internationalization/icudt64l/region/zh_SG.res" 1950
"../../../Engine/Content/Internationalization/icudt64l/region/zh_Hans_SG.res" 1951
"../../../Engine/Content/Internationalization/icudt64l/lang/zh_TW.res" 1952
"../../../Engine/Content/Internationalization/icudt64l/lang/zh_Hant_TW.res" 1953
"../../../Engine/Content/Internationalization/icudt64l/region/zh_TW.res" 1954
"../../../Engine/Content/Internationalization/icudt64l/region/zh_Hant_TW.res" 1955
"../../../Engine/Content/Internationalization/icudt64l/lang/zu.res" 1956
"../../../Engine/Content/Internationalization/icudt64l/region/zu.res" 1957
"../../../Engine/Content/Internationalization/icudt64l/lang/no.res" 1958
"../../../Engine/Content/Internationalization/icudt64l/lang/tl.res" 1959
"../../../Engine/Config/Android/DataDrivenPlatformInfo.ini" 1960
"../../../Engine/Config/IOS/DataDrivenPlatformInfo.ini" 1961
"../../../Engine/Config/Linux/DataDrivenPlatformInfo.ini" 1962
"../../../Engine/Config/Mac/DataDrivenPlatformInfo.ini" 1963
"../../../Engine/Config/TVOS/DataDrivenPlatformInfo.ini" 1964
"../../../Engine/Config/Unix/DataDrivenPlatformInfo.ini" 1965
"../../../Engine/Config/VulkanPC/DataDrivenPlatformInfo.ini" 1966
"../../../Engine/Config/Windows/DataDrivenPlatformInfo.ini" 1967
"../../../Engine/Platforms/VisionOS/Config/DataDrivenPlatformInfo.ini" 1968
"../../../Engine/Content/Renderer/TessellationTable.bin" 1969
"../../../Engine/DerivedDataCache/Compressed.ddp" 1970
"C:/Users/ashbill/AppData/Local/UnrealEngine/5.6/Saved/Zen/zen.version" 1971
"C:/Users/ashbill/AppData/Local/UnrealEngine/Common/Zen/Install/zen.version" 1972
"C:/Users/ashbill/AppData/Local/UnrealEngine/Common/Zen/Install/zenserver.runcontext" 1973
"C:/Users/ashbill/AppData/Local/UnrealEngine/Common/DerivedDataCache/TestData/0/TestData_4kb.dat" 1974
"C:/Users/ashbill/AppData/Local/UnrealEngine/Common/DerivedDataCache/TestData/1/TestData_4kb.dat" 1975
"C:/Users/ashbill/AppData/Local/UnrealEngine/Common/DerivedDataCache/TestData/0/TestData_8kb.dat" 1976
"C:/Users/ashbill/AppData/Local/UnrealEngine/Common/DerivedDataCache/TestData/1/TestData_8kb.dat" 1977
"C:/Users/ashbill/AppData/Local/UnrealEngine/Common/DerivedDataCache/TestData/0/TestData_16kb.dat" 1978
"C:/Users/ashbill/AppData/Local/UnrealEngine/Common/DerivedDataCache/TestData/1/TestData_16kb.dat" 1979
"C:/Users/ashbill/AppData/Local/UnrealEngine/Common/DerivedDataCache/TestData/0/TestData_64kb.dat" 1980
"C:/Users/ashbill/AppData/Local/UnrealEngine/Common/DerivedDataCache/TestData/1/TestData_64kb.dat" 1981
"C:/Users/ashbill/AppData/Local/UnrealEngine/Common/DerivedDataCache/TestData/0/TestData_128kb.dat" 1982
"C:/Users/ashbill/AppData/Local/UnrealEngine/Common/DerivedDataCache/TestData/1/TestData_128kb.dat" 1983
"C:/Users/ashbill/AppData/Local/UnrealEngine/Common/DerivedDataCache/TestData/0/TestData_256kb.dat" 1984
"C:/Users/ashbill/AppData/Local/UnrealEngine/Common/DerivedDataCache/TestData/1/TestData_256kb.dat" 1985
"C:/Users/ashbill/AppData/Roaming/Unreal Engine/UnrealBuildTool/BuildConfiguration.xml" 1986
"../../../../../../mydata/Repositories/MechaManZero/mmz/Intermediate/ShaderAutogen/PCD3D_SM6/AutogenShaderHeaders.ush" 1987
"../../../Engine/Shaders/Private/HairStrands/HairStrandsVertexFactory.ush" 1988
"../../../Engine/Shaders/Private/VertexFactoryCommon.ush" 1989
"../../../Engine/Shaders/Private/Common.ush" 1990
"../../../Engine/Shaders/Public/Platform.ush" 1991
"../../../Engine/Shaders/Public/FP16Math.ush" 1992
"../../../Engine/Shaders/Public/Platform/D3D/D3DCommon.ush" 1993
"../../../Engine/Shaders/Shared/HLSLReservedSpaces.h" 1994
"../../../Engine/Shaders/Public/BindlessResources.ush" 1995
"../../../Engine/Shaders/Public/Platform/D3D/PlatformBindlessResources.ush" 1996
"../../../Engine/Shaders/Shared/RayTracingBuiltInResources.h" 1997
"../../../Engine/Shaders/Shared/RayTracingDefinitions.h" 1998
"../../../Engine/Shaders/Public/OverloadMacros.ush" 1999
"../../../Engine/Shaders/Public/ShaderVersion.ush" 2000
"../../../Engine/Shaders/Shared/ThirdParty/NVIDIA/nvHLSLExtns.h" 2001
"../../../Engine/Shaders/Shared/ThirdParty/NVIDIA/nvHLSLExtnsInternal.h" 2002
"../../../Engine/Shaders/Shared/ThirdParty/NVIDIA/nvShaderExtnEnums.h" 2003
"../../../Engine/Shaders/Private/PackUnpack.ush" 2004
"../../../Engine/Shaders/Private/GeneratedUniformBufferTypes.ush" 2005
"../../../Engine/Shaders/Private/Nanite/NanitePackedNaniteView.ush" 2006
"../../../Engine/Shaders/Private/HairStrands/HairStrandsVisibilityCommonStruct.ush" 2007
"../../../Engine/Shaders/Private/HairStrands/HairStrandsVoxelPageCommonStruct.ush" 2008
"../../../Engine/Shaders/Private/HairStrands/HairStrandsDeepShadowCommonStruct.ush" 2009
"../../../Engine/Shaders/Shared/LightSceneData.h" 2010
"../../../Engine/Shaders/Shared/HLSLTypeAliases.h" 2011
"../../../Engine/Shaders/Private/LargeWorldCoordinates.ush" 2012
"../../../Engine/Shaders/Private/DoubleFloat.ush" 2013
"../../../Engine/Shaders/Private/RandomPCG.ush" 2014
"../../../Engine/Shaders/Private/DoubleFloatOperations.ush" 2015
"../../../Engine/Shaders/Private/DoubleFloatVectorDefinition.ush" 2016
"../../../Engine/Shaders/Private/LWCOperations.ush" 2017
"../../../Engine/Shaders/Shared/LightViewData.h" 2018
"../../../Engine/Shaders/Shared/RayTracingTypes.h" 2019
"../../../Engine/Shaders/Shared/HLSLStaticAssert.h" 2020
"../../../Engine/Shaders/Private/CommonViewUniformBuffer.ush" 2021
"../../../Engine/Shaders/Private/InstancedStereo.ush" 2022
"../../../Engine/Shaders/Private/Definitions.usf" 2023
"../../../Engine/Shaders/Private/AssertionMacros.ush" 2024
"../../../Engine/Shaders/Private/FastMath.ush" 2025
"../../../Engine/Shaders/Private/FastMathThirdParty.ush" 2026
"../../../Engine/Shaders/Private/Random.ush" 2027
"../../../Engine/Shaders/Private/RandomInterleavedGradientNoise.ush" 2028
"../../../Engine/Shaders/Private/SceneData.ush" 2029
"../../../Engine/Shaders/Private/OctahedralCommon.ush" 2030
"../../../Engine/Shaders/Private/WaveOpUtil.ush" 2031
"../../../Engine/Shaders/Private/ByteBuffer.ush" 2032
"../../../Engine/Shaders/Shared/SceneDefinitions.h" 2033
"../../../Engine/Shaders/Private/SceneDataMobileLoader.ush" 2034
"../../../Engine/Shaders/Private/LocalVertexFactoryCommon.ush" 2035
"../../../Engine/Shaders/Private/HairStrands/HairStrandsVisibilityCommon.ush" 2036
"../../../Engine/Shaders/Shared/HairStrandsDefinitions.h" 2037
"../../../Engine/Shaders/Private/HairStrands/HairStrandsVertexFactoryCommon.ush" 2038
"../../../Engine/Shaders/Private/HairStrands/HairStrandsPack.ush" 2039
"../../../Engine/Shaders/Private/HairStrands/HairStrandsAttributeCommon.ush" 2040
"../../../Engine/Shaders/Private/HairStrands/HairStrandsAttributeTemplate.ush" 2041
"../../../Engine/Shaders/Private/VertexFactoryDefaultInterface.ush" 2042
"../../../Engine/Shaders/Private/HairStrands/HairCardsVertexFactory.ush" 2043
"../../../Engine/Shaders/Private/HairStrands/HairCardsAttributeCommon.ush" 2044
"../../../Engine/Shaders/Private/RayTracing/RayTracingCommon.ush" 2045
"../../../Engine/Shaders/Private/ShadingCommon.ush" 2046
"../../../Engine/Shaders/Shared/RayTracingPayloadType.h" 2047
"../../../Engine/Shaders/Private/RayTracing/RayTracingRayCone.ush" 2048
"../../../Engine/Shaders/Private/Substrate/Substrate.ush" 2049
"../../../Engine/Shaders/Private/ShadingEnergyConservation.ush" 2050
"../../../Engine/Shaders/Private/ShadingEnergyConservationTemplate.ush" 2051
"../../../Engine/Shaders/Private/BRDF.ush" 2052
"../../../Engine/Shaders/Private/ColorSpace.ush" 2053
"../../../Engine/Shaders/Private/DeferredShadingCommon.ush" 2054
"../../../Engine/Shaders/Private/LightAccumulator.ush" 2055
"../../../Engine/Shaders/Private/SceneTexturesCommon.ush" 2056
"../../../Engine/Shaders/Private/MonteCarlo.ush" 2057
"../../../Engine/Shaders/Private/GBufferHelpers.ush" 2058
"../../../Engine/Shaders/Private/SceneTextureParameters.ush" 2059
"D:/mydata/Repositories/MechaManZero/mmz/Intermediate/ShaderAutogen/PCD3D_SM6/AutogenShaderHeaders.ush" 2060
"../../../Engine/Shaders/Private/ParticipatingMediaCommon.ush" 2061
"../../../Engine/Shaders/Private/ThinFilmBSDF.ush" 2062
"../../../Engine/Shaders/Private/MortonCode.ush" 2063
"../../../Engine/Shaders/Private/SubsurfaceProfileCommon.ush" 2064
"../../../Engine/Shaders/Private/BurleyNormalizedSSSCommon.ush" 2065
"../../../Engine/Shaders/Private/GammaCorrectionCommon.ush" 2066
"../../../Engine/Shaders/Shared/SubstrateDefinitions.h" 2067
"../../../Engine/Shaders/Private/Substrate/SubstrateStatisticalOperators.ush" 2068
"../../../Engine/Shaders/Private/Substrate/SubstrateSubsurface.ush" 2069
"../../../Engine/Shaders/Private/TransmissionCommon.ush" 2070
"../../../Engine/Shaders/Private/Substrate/SubstrateExportCommon.ush" 2071
"../../../Engine/Shaders/Private/SpecularProfileCommon.ush" 2072
"../../../Engine/Shaders/Private/RayTracing/RayTracingCommonMetal.ush" 2073
"../../../Engine/Shaders/Private/PositionReconstructionCommon.ush" 2074
"../../../Engine/Shaders/Private/RayTracing/TraceRayInline.ush" 2075
"../../../Engine/Shaders/Private/RayTracing/TraceRayInlineCommon.ush" 2076
"../../../Engine/Shaders/Private/RayTracing/TraceRayInlineVulkan.ush" 2077
"../../../Engine/Shaders/Private/RayTracing/TraceRayInlineMetal.ush" 2078
"../../../Engine/Shaders/Private/RayTracing/TraceRayInlineD3D12.ush" 2079
"../../../Engine/Shaders/Private/RayTracing/RayTracingHitGroupCommon.ush" 2080
"../../../Engine/Shaders/Private/Nanite/NaniteRayTrace.ush" 2081
"../../../Engine/Shaders/Private/Nanite/NaniteDataDecode.ush" 2082
"../../../Engine/Shaders/Private/BitPacking.ush" 2083
"../../../Engine/Shaders/Private/BitStreamReaderImplementation.ush" 2084
"../../../Engine/Shaders/Private/BoneTransform.ush" 2085
"../../../Engine/Shaders/Private/Quaternion.ush" 2086
"../../../Engine/Shaders/Shared/NaniteDefinitions.h" 2087
"../../../Engine/Shaders/Shared/SkinningDefinitions.h" 2088
"../../../Engine/Shaders/Private/Nanite/NaniteAttributeDecode.ush" 2089
"../../../Engine/Shaders/Private/Barycentrics.ush" 2090
"../../../Engine/Shaders/Private/DualNumber.ush" 2091
"../../../Engine/Shaders/Shared/ThirdParty/RayTriangleIntersection.h" 2092
"../../../Engine/Shaders/Private/Nanite/NaniteVertexFetch.ush" 2093
"../../../Engine/Shaders/Private/Nanite/NaniteSceneCommon.ush" 2094
"../../../Engine/Plugins/FX/Niagara/Shaders/Private/NiagaraSpriteVertexFactory.ush" 2095
"../../../Engine/Shaders/Private/ParticleVertexFactoryCommon.ush" 2096
"../../../Engine/Plugins/FX/Niagara/Shaders/Private/NiagaraVFCommon.usf" 2097
"../../../Engine/Plugins/FX/Niagara/Shaders/Private/NiagaraVFParticleAccess.usf" 2098
"../../../Engine/Plugins/FX/Niagara/Shaders/Private/NiagaraParticleAccess.ush" 2099
"../../../Engine/Plugins/FX/Niagara/Shaders/Private/NiagaraRibbonVertexFactory.ush" 2100
"../../../Engine/Plugins/FX/Niagara/Shaders/Private/NiagaraMeshVertexFactory.ush" 2101
"../../../Engine/Plugins/FX/Niagara/Shaders/Private/NiagaraCommon.ush" 2102
"../../../Engine/Plugins/FX/Niagara/Shaders/Private/NiagaraMeshParticleUtils.ush" 2103
"../../../Engine/Shaders/Private/VectorFieldVisualizationVertexFactory.ush" 2104
"../../../Engine/Shaders/Private/Nanite/NaniteVertexFactory.ush" 2105
"../../../Engine/Shaders/Private/LightmapData.ush" 2106
"../../../Engine/Shaders/Private/SplineMeshCommon.ush" 2107
"../../../Engine/Shaders/Shared/SplineMeshShaderParams.h" 2108
"../../../Engine/Shaders/Private/ShaderPrint.ush" 2109
"../../../Engine/Shaders/Private/ShaderPrintCommon.ush" 2110
"../../../Engine/Shaders/Private/MiniFontCommon.ush" 2111
"../../../Engine/Shaders/Private/MaterialCache/MaterialCacheCommon.ush" 2112
"../../../Engine/Shaders/Shared/MaterialCacheDefinitions.h" 2113
"../../../Engine/Shaders/Private/Nanite/NaniteVertexDeformation.ush" 2114
"../../../Engine/Shaders/Private/ViewData.ush" 2115
"../../../Engine/Shaders/Shared/ViewDefinitions.h" 2116
"../../../Engine/Shaders/Private/Matrices.ush" 2117
"../../../Engine/Shaders/Private/ParticleSpriteVertexFactory.ush" 2118
"../../../Engine/Shaders/Private/ParticleGPUSpriteVertexFactory.ush" 2119
"../../../Engine/Shaders/Private/ParticleSimulationCommon.ush" 2120
"../../../Engine/Shaders/Private/ParticleBeamTrailVertexFactory.ush" 2121
"../../../Engine/Shaders/Private/MeshParticleVertexFactory.ush" 2122
"../../../Engine/Shaders/Private/LocalVertexFactory.ush" 2123
"../../../Engine/Shaders/Private/GpuSkinCommon.ush" 2124
"../../../Engine/Shaders/Private/GpuSkinVertexFactory.ush" 2125
"../../../Engine/Shaders/Private/GeometryCollectionVertexFactory.ush" 2126
"../../../Engine/Shaders/Private/GeometryCacheVertexFactory.ush" 2127
"../../../Engine/Shaders/Private/LandscapeVertexFactory.ush" 2128
"../../../Engine/Plugins/Experimental/Compositing/CompositeCore/Shaders/Private/CompositeCoreMerge.usf" 2129
"../../../Engine/Shaders/Private/ScreenPass.ush" 2130
"../../../Engine/Shaders/Private/LensDistortion.ush" 2131
"../../../Engine/Plugins/Experimental/Compositing/CompositeCore/Shaders/Private/CompositeCoreDisplayTransform.usf" 2132
"../../../Engine/Plugins/Experimental/Compositing/CompositeCore/Shaders/Private/CompositeCoreDilate.usf" 2133
"../../../Engine/Plugins/Experimental/NFORDenoise/Shaders/NFORDenoise.usf" 2134
"../../../Engine/Plugins/Experimental/NFORDenoise/Shaders/NFORRegressionCommon.ush" 2135
"../../../Engine/Plugins/Experimental/NFORDenoise/Shaders/NFORRegression.ush" 2136
"../../../Engine/Plugins/VirtualProduction/CameraCalibrationCore/Shaders/Private/CrosshairOverlay.usf" 2137
"../../../Engine/Plugins/VirtualProduction/CameraCalibrationCore/Shaders/Private/DisplacementMapBlending.usf" 2138
"../../../Engine/Plugins/VirtualProduction/CameraCalibrationCore/Shaders/Private/RecenterSTDisplacementMaps.usf" 2139
"../../../Engine/Plugins/VirtualProduction/CameraCalibrationCore/Shaders/Private/FillSTDisplacementMap.usf" 2140
"../../../Engine/Plugins/VirtualProduction/CameraCalibrationCore/Shaders/Private/InvertDisplacementMap.usf" 2141
"../../../Engine/Plugins/VirtualProduction/CameraCalibrationCore/Shaders/Private/CropDisplacementMap.usf" 2142
"../../../Engine/Plugins/VirtualProduction/CameraCalibrationCore/Shaders/Private/BlendDisplacementMaps.usf" 2143
"../../../Engine/Plugins/VirtualProduction/CameraCalibrationCore/Shaders/Private/DrawDisplacementMaps.usf" 2144
"../../../Engine/Plugins/VirtualProduction/CameraCalibrationCore/Shaders/Private/UndistortImagePoints.usf" 2145
"../../../Engine/Plugins/VirtualProduction/CameraCalibrationCore/Shaders/Private/DistortionSTMapProcessor.usf" 2146
"../../../Engine/Plugins/Runtime/HairStrands/Shaders/Private/NiagaraCopyVelocityGrid.usf" 2147
"../../../Engine/Plugins/Runtime/HairStrands/Shaders/Private/NiagaraClearVelocityGrid.usf" 2148
"../../../Engine/Plugins/Runtime/HairStrands/Shaders/Private/NiagaraClearPressureGrid.usf" 2149
"../../../Engine/Plugins/Runtime/HairStrands/Shaders/Private/NiagaraInterpolateGroomGuides.usf" 2150
"../../../Engine/Plugins/Runtime/HairStrands/Shaders/Private/NiagaraGroomInterpolationUtils.ush" 2151
"../../../Engine/Plugins/FX/Niagara/Shaders/Private/NiagaraQuaternionUtils.ush" 2152
"../../../Engine/Shaders/Private/HairStrands/HairStrandsMesh.usf" 2153
"../../../Engine/Shaders/Private/HairStrands/HairStrandsBindingCommon.ush" 2154
"../../../Engine/Shaders/Private/HairStrands/HairStrandsFollicleMask.usf" 2155
"../../../Engine/Shaders/Private/HairStrands/HairStrandsSkinUpdate.usf" 2156
"../../../Engine/Shaders/Private/HairStrands/HairStrandsClusterCulling.usf" 2157
"../../../Engine/Shaders/Private/ColorMap.ush" 2158
"../../../Engine/Shaders/Private/HairStrands/HairStrandsAABBCommon.ush" 2159
"../../../Engine/Shaders/Private/HairStrands/HairStrandsClusterCommon.ush" 2160
"../../../Engine/Shaders/Private/ThreadGroupPrefixSum.ush" 2161
"../../../Engine/Shaders/Private/HairStrands/HairStrandsRaytracingGeometry.usf" 2162
"../../../Engine/Shaders/Private/HairStrands/HairStrandsTangent.usf" 2163
"../../../Engine/Shaders/Private/HairStrands/HairCardsDeformation.usf" 2164
"../../../Engine/Shaders/Private/HairStrands/HairStrandsInterpolation.usf" 2165
"../../../Engine/Shaders/Private/HairStrands/HairStrandsGuideDeform.usf" 2166
"../../../Engine/Shaders/Private/HairStrands/HairStrandsTexturesGeneration.usf" 2167
"../../../Engine/Shaders/Private/HairStrands/HairCardsTextureCommon.ush" 2168
"../../../Engine/Shaders/Private/HairStrands/HairStrandsTranscode.usf" 2169
"../../../Engine/Shaders/Private/HairStrands/HairStrandsDebug.usf" 2170
"../../../Engine/Shaders/Private/HairShadingCommon.ush" 2171
"../../../Engine/Shaders/Private/PostProcessCommon.ush" 2172
"../../../Engine/Shaders/Private/ShadingModels.ush" 2173
"../../../Engine/Shaders/Private/CapsuleLight.ush" 2174
"../../../Engine/Shaders/Private/RectLight.ush" 2175
"../../../Engine/Shaders/Private/LightData.ush" 2176
"../../../Engine/Shaders/Shared/LightDefinitions.h" 2177
"../../../Engine/Shaders/Private/AreaLightCommon.ush" 2178
"../../../Engine/Shaders/Private/HairBsdf.ush" 2179
"../../../Engine/Shaders/Private/MobileGGX.ush" 2180
"../../../Engine/Shaders/Private/HairStrands/HairStrandsCommon.ush" 2181
"../../../Engine/Shaders/Private/HairStrands/HairStrandsEnvironmentLightingCommon.ush" 2182
"../../../Engine/Shaders/Private/HairStrands/HairStrandsDeepTransmittanceCommon.ush" 2183
"../../../Engine/Shaders/Private/HairStrands/HairStrandsDeepTransmittanceDualScattering.ush" 2184
"../../../Engine/Shaders/Private/HairStrands/HairStrandsDeepShadowCommon.ush" 2185
"../../../Engine/Shaders/Private/HairStrands/HairStrandsDebugCommonStruct.ush" 2186
"../../../Engine/Plugins/Runtime/ComputeFramework/Shaders/Private/ComputeKernel.usf" 2187
"../../../Engine/Plugins/Runtime/ComputeFramework/Shaders/Private/ComputeKernelCommon.ush" 2188
"../../../Engine/Plugins/NNE/NNEDenoiser/Shaders/NNEDenoiserShadersTransferFunctionOidn.usf" 2189
"../../../Engine/Plugins/NNE/NNEDenoiser/Shaders/NNEDenoiserShadersMappedCopy.usf" 2190
"../../../Engine/Plugins/NNE/NNEDenoiser/Shaders/NNEDenoiserShadersDefaultIOProcess.usf" 2191
"../../../Engine/Plugins/NNE/NNEDenoiser/Shaders/NNEDenoiserShadersAutoExposureReduceFinal.usf" 2192
"../../../Engine/Plugins/NNE/NNEDenoiser/Shaders/NNEDenoiserShadersAutoExposureReduce.usf" 2193
"../../../Engine/Plugins/NNE/NNEDenoiser/Shaders/NNEDenoiserShadersAutoExposureDownsample.usf" 2194
"../../../Engine/Plugins/Media/WmfMedia/Shaders/Private/MediaHardwareVideoDecoding.usf" 2195
"../../../Engine/Shaders/Private/ColorUtils.ush" 2196
"../../../Engine/Plugins/Media/ImgMedia/Shaders/Private/ExrSwizzler.usf" 2197
"../../../Engine/Plugins/Enterprise/GLTFExporter/Shaders/Private/SimpleTexture2DPS.usf" 2198
"../../../Engine/Shaders/Private/SimpleElementNormalMapPixelShader.usf" 2199
"../../../Engine/Plugins/FX/Niagara/Shaders/Private/NiagaraVertexFactoryExport.usf" 2200
"../../../Engine/Shaders/Private/ComputeShaderUtils.ush" 2201
"../../../Engine/Shaders/Private/MaterialTemplate.ush" 2202
"../../../Engine/Shaders/Private/WorldSpaceMath.ush" 2203
"../../../Engine/Shaders/Private/EyeAdaptationCommon.ush" 2204
"../../../Engine/Shaders/Private/SobolRandom.ush" 2205
"../../../Engine/Shaders/Private/DepthOfFieldCommon.ush" 2206
"../../../Engine/Shaders/Private/CircleDOFCommon.ush" 2207
"../../../Engine/Shaders/Private/DistanceField/GlobalDistanceFieldShared.ush" 2208
"../../../Engine/Shaders/Private/PhysicsFieldSampler.ush" 2209
"../../../Engine/Shaders/Private/PhysicsFieldShared.ush" 2210
"../../../Engine/Shaders/Private/SparseVolumeTexture/SparseVolumeTextureCommon.ush" 2211
"../../../Engine/Shaders/Shared/EnvironmentComponentsFlags.h" 2212
"../../../Engine/Shaders/Private/MeshPaintTextureCommon.ush" 2213
"../../../Engine/Shaders/Private/VirtualTextureMaterial.ush" 2214
"../../../Engine/Shaders/Private/MaterialCache/MaterialCacheMaterialCommon.ush" 2215
"../../../Engine/Shaders/Private/MaterialCache/MaterialCacheABuffer.ush" 2216
"../../../Engine/Shaders/Private/SpeedTreeCommon.ush" 2217
"../../../Engine/Shaders/Private/VirtualTextureCommon.ush" 2218
"../../../Engine/Shaders/Private/MaterialTexture.ush" 2219
"../../../Engine/Shaders/Private/MinMaterialTexCoords.ush" 2220
"../../../Engine/Shaders/Private/SkyAtmosphereCommon.ush" 2221
"../../../Engine/Shaders/Private/SingleLayerWaterCommon.ush" 2222
"../../../Engine/Shaders/Private/TextureSampling.ush" 2223
"../../../Engine/Shaders/Private/PaniniProjection.ush" 2224
"../../../Engine/Shaders/Private/DBufferNormalReprojection.ush" 2225
"../../../Engine/Shaders/Public/SubstratePublic.ush" 2226
"../../../Engine/Shaders/Private/Substrate/SubstrateTree.ush" 2227
"../../../Engine/Shaders/Private/Substrate/SubstrateEvaluation.ush" 2228
"../../../Engine/Shaders/Private/Substrate/Glint/GlintThirdParty.ush" 2229
"../../../Engine/Shaders/Private/BlueNoise.ush" 2230
"../../../Engine/Shaders/Private/SHCommon.ush" 2231
"../../../Engine/Shaders/Private/ShadingModelsSampling.ush" 2232
"../../../Engine/Shaders/Private/HairStrands/HairBsdfSample.ush" 2233
"../../../Engine/Shaders/Private/Substrate/SubstrateLegacyConversion.ush" 2234
"../../../Engine/Shaders/Private/DBufferDecalShared.ush" 2235
"../../../Engine/Plugins/FX/Niagara/Shaders/Private/NiagaraSortKeyGen.usf" 2236
"../../../Engine/Plugins/FX/Niagara/Shaders/Private/NiagaraGPURayTracingTransforms.usf" 2237
"../../../Engine/Plugins/FX/Niagara/Shaders/Private/NiagaraDrawIndirectArgsGen.usf" 2238
"../../../Engine/Plugins/FX/Niagara/Shaders/Private/NiagaraDispatchIndirectArgsGen.usf" 2239
"../../../Engine/Plugins/FX/Niagara/Shaders/Private/Stateless/NiagaraStatelessSimulationDefault.usf" 2240
"../../../Engine/Plugins/FX/Niagara/Shaders/Private/Stateless/NiagaraStatelessSimulationTemplate.ush" 2241
"../../../Engine/Plugins/FX/Niagara/Shaders/Private/Stateless/NiagaraStatelessCommon.ush" 2242
"../../../Engine/Plugins/FX/Niagara/Shaders/Shared/NiagaraStatelessDefinitions.h" 2243
"../../../Engine/Plugins/FX/Niagara/Shaders/Shared/NiagaraStatelessBuiltDistribution.h" 2244
"../../../Engine/Plugins/FX/Niagara/Shaders/Private/Stateless/NiagaraStatelessDistribution.ush" 2245
"../../../Engine/Plugins/FX/Niagara/Shaders/Private/Stateless/Modules/NiagaraStatelessModule_CalculateAccurateVelocity.ush" 2246
"../../../Engine/Plugins/FX/Niagara/Shaders/Private/Stateless/Modules/NiagaraStatelessModule_CameraOffset.ush" 2247
"../../../Engine/Plugins/FX/Niagara/Shaders/Private/Stateless/Modules/NiagaraStatelessModule_DynamicMaterialParameters.ush" 2248
"../../../Engine/Plugins/FX/Niagara/Shaders/Private/Stateless/Modules/NiagaraStatelessModule_InitializeParticle.ush" 2249
"../../../Engine/Plugins/FX/Niagara/Shaders/Private/Stateless/Modules/NiagaraStatelessModule_InitialMeshOrientation.ush" 2250
"../../../Engine/Plugins/FX/Niagara/Shaders/Private/Stateless/Modules/NiagaraStatelessModule_MeshIndex.ush" 2251
"../../../Engine/Plugins/FX/Niagara/Shaders/Private/Stateless/Modules/NiagaraStatelessModule_MeshRotationRate.ush" 2252
"../../../Engine/Plugins/FX/Niagara/Shaders/Private/Stateless/Modules/NiagaraStatelessModule_RotateAroundPoint.ush" 2253
"../../../Engine/Plugins/FX/Niagara/Shaders/Private/Stateless/Modules/NiagaraStatelessModule_ShapeLocation.ush" 2254
"../../../Engine/Plugins/FX/Niagara/Shaders/Private/Stateless/Modules/NiagaraStatelessModule_ScaleColor.ush" 2255
"../../../Engine/Plugins/FX/Niagara/Shaders/Private/Stateless/Modules/NiagaraStatelessModule_ScaleRibbonWidth.ush" 2256
"../../../Engine/Plugins/FX/Niagara/Shaders/Private/Stateless/Modules/NiagaraStatelessModule_ScaleSpriteSize.ush" 2257
"../../../Engine/Plugins/FX/Niagara/Shaders/Private/Stateless/Modules/NiagaraStatelessModule_ScaleSpriteSizeBySpeed.ush" 2258
"../../../Engine/Plugins/FX/Niagara/Shaders/Private/Stateless/Modules/NiagaraStatelessModule_ScaleMeshSize.ush" 2259
"../../../Engine/Plugins/FX/Niagara/Shaders/Private/Stateless/Modules/NiagaraStatelessModule_ScaleMeshSizebySpeed.ush" 2260
"../../../Engine/Plugins/FX/Niagara/Shaders/Private/Stateless/Modules/NiagaraStatelessModule_SolveVelocitiesAndForces.ush" 2261
"../../../Engine/Plugins/FX/Niagara/Shaders/Private/Stateless/Modules/NiagaraStatelessModule_SpriteFacingAndAlignment.ush" 2262
"../../../Engine/Plugins/FX/Niagara/Shaders/Private/Stateless/Modules/NiagaraStatelessModule_SpriteRotationRate.ush" 2263
"../../../Engine/Plugins/FX/Niagara/Shaders/Private/Stateless/Modules/NiagaraStatelessModule_SubUVAnimation.ush" 2264
"../../../Engine/Plugins/FX/Niagara/Shaders/Private/NiagaraBlendSVTsToDenseBuffer.usf" 2265
"../../../Engine/Plugins/FX/Niagara/Shaders/Private/NiagaraSVTToDenseBuffer.usf" 2266
"../../../Engine/Plugins/FX/Niagara/Shaders/Private/NiagaraFillIntBuffer.usf" 2267
"../../../Engine/Plugins/FX/Niagara/Shaders/Private/NiagaraComputeFreeIDs.usf" 2268
"../../../Engine/Plugins/FX/Niagara/Shaders/Private/NiagaraInitFreeIDBuffer.usf" 2269
"../../../Engine/Plugins/FX/Niagara/Shaders/Private/NiagaraEmitterInstanceShader.usf" 2270
"../../../Engine/Plugins/FX/Niagara/Shaders/Private/NiagaraShaderVersion.ush" 2271
"../../../Engine/Plugins/FX/Niagara/Shaders/Private/NiagaraPhysicsCommon.ush" 2272
"../../../Engine/Plugins/FX/Niagara/Shaders/Private/Ribbons/NiagaraRibbonAggregationApply.usf" 2273
"../../../Engine/Plugins/FX/Niagara/Shaders/Private/Ribbons/NiagaraRibbonCommon.ush" 2274
"../../../Engine/Plugins/FX/Niagara/Shaders/Private/Ribbons/NiagaraRibbonAggregationStep.usf" 2275
"../../../Engine/Plugins/FX/Niagara/Shaders/Private/Ribbons/NiagaraRibbonGenerateIndices.usf" 2276
"../../../Engine/Plugins/FX/Niagara/Shaders/Private/Ribbons/NiagaraRibbonInitializeIndices.usf" 2277
"../../../Engine/Plugins/FX/Niagara/Shaders/Private/Ribbons/NiagaraRibbonRibbonUVParamCalculation.usf" 2278
"../../../Engine/Plugins/FX/Niagara/Shaders/Private/Ribbons/NiagaraRibbonVertexReductionFinalization.usf" 2279
"../../../Engine/Plugins/FX/Niagara/Shaders/Private/Ribbons/NiagaraRibbonVertexReductionInitialization.usf" 2280
"../../../Engine/Plugins/FX/Niagara/Shaders/Private/Ribbons/NiagaraRibbonSortParticles.usf" 2281
"../../../Engine/Plugins/FX/Niagara/Shaders/Private/NiagaraLWCHelper.usf" 2282
"../../../Engine/Plugins/FX/Niagara/Shaders/Private/NiagaraUpdateMeshGPUSceneInstances.usf" 2283
"../../../Engine/Shaders/Private/GPUScene/GPUSceneWriter.ush" 2284
"../../../Engine/Plugins/FX/Niagara/Shaders/Private/NiagaraGenerateMips.usf" 2285
"../../../Engine/Plugins/FX/Niagara/Shaders/Private/NiagaraDebugDraw.usf" 2286
"../../../Engine/Plugins/FX/Niagara/Shaders/Private/NiagaraDebugDraw.ush" 2287
"../../../Engine/Plugins/FX/Niagara/Shaders/Private/NiagaraVisualizeTexture.usf" 2288
"../../../Engine/Plugins/FX/Niagara/Shaders/Private/NiagaraClearCounts.usf" 2289
"../../../Engine/Plugins/FX/Niagara/Shaders/Private/NiagaraBatchedElements.usf" 2290
"../../../Engine/Plugins/FX/Niagara/Shaders/Private/NiagaraRayTracingShaders.usf" 2291
"../../../Engine/Plugins/FX/Niagara/Shaders/Private/NiagaraAsyncGpuTraceCommon.ush" 2292
"../../../Engine/Shaders/Private/HashTable.ush" 2293
"../../../Engine/Shaders/Private/Hash.ush" 2294
"../../../Engine/Shaders/Private/RayTracing/VFXTraceRay.ush" 2295
"../../../Engine/Plugins/FX/Niagara/Shaders/Private/NiagaraRayMarchingShaders.usf" 2296
"../../../Engine/Plugins/FX/Niagara/Shaders/Private/NiagaraRayTraceCollisionGroupShaders.usf" 2297
"../../../Engine/Plugins/FX/Niagara/Shaders/Private/NiagaraAsyncGpuTraceUtils.usf" 2298
"../../../Engine/Shaders/Private/VirtualTextureAdapter.usf" 2299
"../../../Engine/Shaders/Private/BlockCompressionCommon.ush" 2300
"../../../Engine/Shaders/Private/BCCompressionCommon.ush" 2301
"../../../Engine/Shaders/Private/TranslucentLightingShaders.usf" 2302
"../../../Engine/Shaders/Private/CubemapCommon.ush" 2303
"../../../Engine/Shaders/Private/VectorFieldCompositeShaders.usf" 2304
"../../../Engine/Shaders/Private/UpdateTextureShaders.usf" 2305
"../../../Engine/Shaders/Private/StereoLayerShader.usf" 2306
"../../../Engine/Shaders/Private/SparseVolumeTexture/UpdateSparseVolumeTexture.usf" 2307
"../../../Engine/Shaders/Private/MorphTargets.usf" 2308
"../../../Engine/Shaders/Private/SimpleElementColorChannelMaskPixelShader.usf" 2309
"../../../Engine/Shaders/Private/SimpleElementHitProxyPixelShader.usf" 2310
"../../../Engine/Shaders/Private/SimpleElementPixelShader.usf" 2311
"../../../Engine/Shaders/Private/IESLightProfilesCommon.ush" 2312
"../../../Engine/Shaders/Private/SimpleElementVertexShader.usf" 2313
"../../../Engine/Shaders/Private/ScreenPixelShaderOES.usf" 2314
"../../../Engine/Shaders/Private/ScreenVertexShader.usf" 2315
"../../../Engine/Shaders/Private/ScreenPixelShader.usf" 2316
"../../../Engine/Shaders/Private/SSProfilePreIntegratedMobile.usf" 2317
"../../../Engine/Shaders/Private/SpecularProfile.usf" 2318
"../../../Engine/Shaders/Private/Nanite/NaniteStreaming.usf" 2319
"../../../Engine/Shaders/Private/Nanite/NaniteStreaming.ush" 2320
"../../../Engine/Shaders/Private/Nanite/NaniteTranscode.usf" 2321
"../../../Engine/Shaders/Private/VolumetricLightmapStreaming.usf" 2322
"../../../Engine/Shaders/Private/PhysicsFieldReset.usf" 2323
"../../../Engine/Shaders/Private/PhysicsFieldBuilder.usf" 2324
"../../../Engine/Shaders/Private/PhysicsFieldEval.ush" 2325
"../../../Engine/Shaders/Private/ParticleSortKeyGen.usf" 2326
"../../../Engine/Shaders/Private/ParticleBoundsShader.usf" 2327
"../../../Engine/Shaders/Private/ParticleSimVisualizeShader.usf" 2328
"../../../Engine/Shaders/Private/ParticleInjectionShader.usf" 2329
"../../../Engine/Shaders/Private/ParticleSimulationShader.usf" 2330
"../../../Engine/Shaders/Private/ParticleCurveInjectionShader.usf" 2331
"../../../Engine/Shaders/Private/CopyUIntBuffer.usf" 2332
"../../../Engine/Shaders/Private/RadixSortShaders.usf" 2333
"../../../Engine/Shaders/Private/RecomputeTangentsPerVertexPass.usf" 2334
"../../../Engine/Shaders/Private/RecomputeTangentsCommon.ush" 2335
"../../../Engine/Shaders/Private/RecomputeTangentsPerTrianglePass.usf" 2336
"../../../Engine/Shaders/Private/GpuSkinCacheComputeShader.usf" 2337
"../../../Engine/Shaders/Private/HeightFieldAtlasManagement.usf" 2338
"../../../Engine/Shaders/Private/Landscape/LandscapeEditLayersUtils.usf" 2339
"../../../Engine/Shaders/Private/Landscape/LandscapeCommon.ush" 2340
"../../../Engine/Shaders/Private/Landscape/LandscapeEditLayersWeightmaps.usf" 2341
"../../../Engine/Shaders/Private/Landscape/LandscapeEditLayersHeightmaps.usf" 2342
"../../../Engine/Shaders/Private/Landscape/LandscapeLayersWeightmapsPS.usf" 2343
"../../../Engine/Shaders/Private/Landscape/LandscapeLayersHeightmapsPS.usf" 2344
"../../../Engine/Shaders/Private/LandscapeLayersCS.usf" 2345
"../../../Engine/Shaders/Private/LandscapeLayersPS.usf" 2346
"../../../Engine/Shaders/Private/LandscapeLayersVS.usf" 2347
"../../../Engine/Shaders/Private/LandscapePhysicalMaterial.usf" 2348
"../../../Engine/Shaders/Private/LandscapeGrassWeight.usf" 2349
"../../../Engine/Shaders/Private/Landscape/LandscapeCulling.usf" 2350
"../../../Engine/Shaders/Private/Nanite/NaniteHZBCull.ush" 2351
"../../../Engine/Shaders/Private/HZB.ush" 2352
"../../../Engine/Shaders/Private/Landscape/LandscapeMergeTexturesPS.usf" 2353
"../../../Engine/Shaders/Private/WideCustomResolveShaders.usf" 2354
"../../../Engine/Shaders/Private/WideCustomResolve_Wide.ush" 2355
"../../../Engine/Shaders/Private/WideCustomResolve_Wider.ush" 2356
"../../../Engine/Shaders/Private/WideCustomResolve_Widest.ush" 2357
"../../../Engine/Shaders/Private/WaterInfoTextureBlur.usf" 2358
"../../../Engine/Shaders/Private/WaterInfoTextureMerge.usf" 2359
"../../../Engine/Shaders/Private/PageTableUpdate.usf" 2360
"../../../Engine/Shaders/Private/VirtualTextureCompress.usf" 2361
"../../../Engine/Shaders/Private/ASTCCompressionCommon.ush" 2362
"../../../Engine/Shaders/Private/IntegerSequenceEncoding.ush" 2363
"../../../Engine/Shaders/Private/ETCCompressionCommon.ush" 2364
"../../../Engine/Shaders/Private/VirtualTextureMaterial.usf" 2365
"../../../Engine/Shaders/Private/PixelShaderOutputCommon.ush" 2366
"../../../Engine/Shaders/Private/ShaderOutputCommon.ush" 2367
"../../../Engine/Shaders/Private/VolumetricRenderTarget.usf" 2368
"../../../Engine/Shaders/Private/HeightFogCommon.ush" 2369
"../../../Engine/Shaders/Private/LocalFogVolumes/LocalFogVolumeCommon.ush" 2370
"../../../Engine/Shaders/Private/ReflectionEnvironmentShared.ush" 2371
"../../../Engine/Shaders/Private/VolumetricFogVoxelization.usf" 2372
"../../../Engine/Shaders/Private/VolumetricCloudMaterialPixelCommon.ush" 2373
"../../../Engine/Shaders/Private/VolumetricFogLightFunction.usf" 2374
"../../../Engine/Shaders/Private/LightFunctionCommon.ush" 2375
"../../../Engine/Shaders/Private/VolumetricFog.usf" 2376
"../../../Engine/Shaders/Private/DeferredLightingCommon.ush" 2377
"../../../Engine/Shaders/Private/DynamicLightingCommon.ush" 2378
"../../../Engine/Shaders/Private/CapsuleLightIntegrate.ush" 2379
"../../../Engine/Shaders/Private/CapsuleLightSampling.ush" 2380
"../../../Engine/Shaders/Private/RectLightIntegrate.ush" 2381
"../../../Engine/Shaders/Private/ScreenSpaceShadowRayCast.ush" 2382
"../../../Engine/Shaders/Private/LightFunctionAtlas/LightFunctionAtlasCommon.usf" 2383
"../../../Engine/Shaders/Private/HeterogeneousVolumes/HeterogeneousVolumesAdaptiveVolumetricShadowMapSampling.ush" 2384
"../../../Engine/Shaders/Private/HeterogeneousVolumes/HeterogeneousVolumesAdaptiveVolumetricShadowMapUtils.ush" 2385
"../../../Engine/Shaders/Private/HeterogeneousVolumes/HeterogeneousVolumesRayMarchingUtils.ush" 2386
"../../../Engine/Shaders/Private/HeterogeneousVolumes/HeterogeneousVolumesRayMarchingTypes.ush" 2387
"../../../Engine/Shaders/Private/PathTracing/Utilities/PathTracingRandomSequence.ush" 2388
"../../../Engine/Shaders/Private/HeterogeneousVolumes/HeterogeneousVolumesTracingUtils.ush" 2389
"../../../Engine/Shaders/Private/VelocityCommon.ush" 2390
"../../../Engine/Shaders/Private/HeterogeneousVolumes/HeterogeneousVolumesTransmittanceVolumeUtils.ush" 2391
"../../../Engine/Shaders/Private/ForwardShadowingCommon.ush" 2392
"../../../Engine/Shaders/Private/ShadowFilteringCommon.ush" 2393
"../../../Engine/Shaders/Private/PixelQuadMessagePassing.ush" 2394
"../../../Engine/Shaders/Private/VolumeLightingCommon.ush" 2395
"../../../Engine/Shaders/Private/ShadowProjectionCommon.ush" 2396
"../../../Engine/Shaders/Private/VolumeLightingCommonSampling.ush" 2397
"../../../Engine/Shaders/Private/Lumen/LumenTranslucencyVolumeShared.ush" 2398
"../../../Engine/Shaders/Private/Lumen/LumenRadianceCacheInterpolation.ush" 2399
"../../../Engine/Shaders/Private/HeterogeneousVolumes/HeterogeneousVolumesAdaptiveVolumetricShadowMapSampler.ush" 2400
"../../../Engine/Shaders/Private/LightGridCommon.ush" 2401
"../../../Engine/Shaders/Private/DistanceFieldAOShared.ush" 2402
"../../../Engine/Shaders/Private/IntersectionUtils.ush" 2403
"../../../Engine/Shaders/Private/VolumetricLightmapShared.ush" 2404
"../../../Engine/Shaders/Private/LightDataUniforms.ush" 2405
"../../../Engine/Shaders/Private/VirtualShadowMaps/VirtualShadowMapProjectionCommon.ush" 2406
"../../../Engine/Shaders/Private/VirtualShadowMaps/VirtualShadowMapPageAccessCommon.ush" 2407
"../../../Engine/Shaders/Shared/VirtualShadowMapDefinitions.h" 2408
"../../../Engine/Shaders/Shared/HLSLMathAliases.h" 2409
"../../../Engine/Shaders/Private/VirtualShadowMaps/VirtualShadowMapProjectionStructs.ush" 2410
"../../../Engine/Shaders/Private/VolumetricCloudCommon.ush" 2411
"../../../Engine/Shaders/Private/VolumetricCloud.usf" 2412
"../../../Engine/Shaders/Private/VisualizeVolumetricLightmap.usf" 2413
"../../../Engine/Shaders/Private/VirtualShadowMaps/VirtualShadowMapProjectionComposite.usf" 2414
"../../../Engine/Shaders/Private/LightShaderParameters.ush" 2415
"../../../Engine/Shaders/Private/VirtualShadowMaps/VirtualShadowMapMaskBitsCommon.ush" 2416
"../../../Engine/Shaders/Private/VirtualShadowMaps/VirtualShadowMapLightGrid.ush" 2417
"../../../Engine/Shaders/Private/VirtualShadowMaps/VirtualShadowMapProjection.usf" 2418
"../../../Engine/Shaders/Private/Visualization.ush" 2419
"../../../Engine/Shaders/Private/VirtualShadowMaps/VirtualShadowMapProjectionFilter.ush" 2420
"../../../Engine/Shaders/Private/VirtualShadowMaps/VirtualShadowMapProjectionDirectional.ush" 2421
"../../../Engine/Shaders/Private/VirtualShadowMaps/VirtualShadowMapSMRTCommon.ush" 2422
"../../../Engine/Shaders/Private/VirtualShadowMaps/VirtualShadowMapSMRTTemplate.ush" 2423
"../../../Engine/Shaders/Private/VirtualShadowMaps/VirtualShadowMapProjectionSpot.ush" 2424
"../../../Engine/Shaders/Private/VirtualShadowMaps/VirtualShadowMapTransmissionCommon.ush" 2425
"../../../Engine/Shaders/Private/VirtualShadowMaps/VirtualShadowMapScreenRayTrace.ush" 2426
"../../../Engine/Shaders/Private/VirtualShadowMaps/VirtualShadowMapStats.ush" 2427
"../../../Engine/Shaders/Private/HairStrands/HairStrandsVoxelPageCommon.ush" 2428
"../../../Engine/Shaders/Private/HairStrands/HairStrandsVoxelPageTraversal.ush" 2429
"../../../Engine/Shaders/Private/VirtualShadowMaps/VirtualShadowMapCacheGPUInvalidation.usf" 2430
"../../../Engine/Shaders/Private/VirtualShadowMaps/VirtualShadowMapPageCacheCommon.ush" 2431
"../../../Engine/Shaders/Private/VirtualShadowMaps/VirtualShadowMapCacheInvalidation.ush" 2432
"../../../Engine/Shaders/Private/VirtualShadowMaps/VirtualShadowMapPageOverlap.ush" 2433
"../../../Engine/Shaders/Private/ScreenSpaceDenoise/SSDDefinitions.ush" 2434
"../../../Engine/Shaders/Private/InstanceCulling/InstanceCullingLoadBalancer.ush" 2435
"../../../Engine/Shaders/Private/VirtualShadowMaps/VirtualShadowMapCacheLoadBalancer.usf" 2436
"../../../Engine/Shaders/Private/VirtualShadowMaps/VirtualShadowMapCopyStats.usf" 2437
"../../../Engine/Shaders/Private/VirtualShadowMaps/VirtualShadowMapDebug.usf" 2438
"../../../Engine/Shaders/Private/VirtualShadowMaps/Desaturate.usf" 2439
"../../../Engine/Shaders/Private/VirtualShadowMaps/VirtualShadowMapPhysicalPageManagement.usf" 2440
"../../../Engine/Shaders/Private/ReductionCommon.ush" 2441
"../../../Engine/Shaders/Private/GPUMessaging.ush" 2442
"../../../Engine/Shaders/Private/VirtualShadowMaps/VirtualShadowMapPerPageDispatch.ush" 2443
"../../../Engine/Shaders/Private/VirtualShadowMaps/VirtualShadowMapCompactViews.usf" 2444
"../../../Engine/Shaders/Shared/SceneCullingDefinitions.h" 2445
"../../../Engine/Shaders/Private/VirtualShadowMaps/VirtualShadowMapBuildPerPageDrawCommands.usf" 2446
"../../../Engine/Shaders/Private/Nanite/NaniteCullingCommon.ush" 2447
"../../../Engine/Shaders/Private/Nanite/NaniteCulling.ush" 2448
"../../../Engine/Shaders/Private/Nanite/NaniteHierarchyTraversalCommon.ush" 2449
"../../../Engine/Shaders/Private/InstanceCulling/InstanceCullingCommon.ush" 2450
"../../../Engine/Shaders/Shared/InstanceCullingDefinitions.h" 2451
"../../../Engine/Shaders/Private/VirtualShadowMaps/VirtualShadowMapPrintStats.usf" 2452
"../../../Engine/Shaders/Private/VirtualShadowMaps/VirtualShadowMapPageManagement.usf" 2453
"../../../Engine/Shaders/Private/VirtualShadowMaps/VirtualShadowMapPageMarking.usf" 2454
"../../../Engine/Shaders/Shared/SingleLayerWaterDefinitions.h" 2455
"../../../Engine/Shaders/Private/HairStrands/HairStrandsTileCommon.ush" 2456
"../../../Engine/Shaders/Private/Froxel/Froxel.ush" 2457
"../../../Engine/Shaders/Shared/FroxelDefinitions.h" 2458
"../../../Engine/Shaders/Private/DiaphragmDOF/DOFCommon.ush" 2459
"../../../Engine/Shaders/Private/VariableRateShading/VRSShadingRatePreview.usf" 2460
"../../../Engine/Shaders/Private/VariableRateShading/VRSShadingRateCommon.ush" 2461
"../../../Engine/Shaders/Private/VariableRateShading/VRSShadingRateCombine.usf" 2462
"../../../Engine/Shaders/Private/VariableRateShading/VRSShadingRateFoveated.usf" 2463
"../../../Engine/Shaders/Private/VariableRateShading/VRSShadingRateReproject.usf" 2464
"../../../Engine/Shaders/Private/VariableRateShading/VRSShadingRateCalculate.usf" 2465
"../../../Engine/Shaders/Private/TranslucencyUpsampling.usf" 2466
"../../../Engine/Shaders/Private/ComposeSeparateTranslucency.usf" 2467
"../../../Engine/Shaders/Private/SeparateTranslucency.ush" 2468
"../../../Engine/Shaders/Private/TranslucentLightInjectionShaders.usf" 2469
"../../../Engine/Shaders/Private/TranslucentShadowDepthShaders.usf" 2470
"../../../Engine/Shaders/Private/ShadowDepthCommon.ush" 2471
"../../../Engine/Shaders/Private/RayTracing/RayTracingTest.usf" 2472
"../../../Engine/Shaders/Private/PostprocessSubsurfaceTile.usf" 2473
"../../../Engine/Shaders/Private/PostProcessSubsurfaceCommon.ush" 2474
"../../../Engine/Shaders/Private/Substrate/SubstrateVisualize.usf" 2475
"../../../Engine/Shaders/Private/Substrate/SubstrateTile.ush" 2476
"../../../Engine/Shaders/Shared/SubstrateVisualizeDefinitions.h" 2477
"../../../Engine/Shaders/Private/Substrate/SubstrateVisualizeCommon.ush" 2478
"../../../Engine/Shaders/Private/SkyLightingDiffuseShared.ush" 2479
"../../../Engine/Shaders/Private/SkyLightingShared.ush" 2480
"../../../Engine/Shaders/Private/ClearCoatCommon.ush" 2481
"../../../Engine/Shaders/Private/ReflectionEnvironmentComposite.ush" 2482
"../../../Engine/Shaders/Private/Substrate/SubstrateLightingCommon.ush" 2483
"../../../Engine/Shaders/Private/Substrate/SubstrateRoughRefraction.usf" 2484
"../../../Engine/Shaders/Private/PathTracing/Material/PathTracingFresnel.ush" 2485
"../../../Engine/Shaders/Private/PathTracing/Material/PathTracingGlossy.ush" 2486
"../../../Engine/Shaders/Private/Substrate/SubstrateMaterialSampling.usf" 2487
"../../../Engine/Shaders/Private/Substrate/SubstrateMaterialSampling.ush" 2488
"../../../Engine/Shaders/Private/Lumen/LumenPosition.ush" 2489
"../../../Engine/Shaders/Private/Substrate/SubstrateTile.usf" 2490
"../../../Engine/Shaders/Private/Substrate/SubstrateMaterialClassification.usf" 2491
"../../../Engine/Shaders/Private/Substrate/SubstrateDBuffer.usf" 2492
"../../../Engine/Shaders/Private/StochasticLighting/StochasticLightingDenoising.usf" 2493
"../../../Engine/Shaders/Private/Lumen/LumenMaterial.ush" 2494
"../../../Engine/Shaders/Private/StochasticLighting/StochasticLightingCommon.ush" 2495
"../../../Engine/Shaders/Private/SplineMeshSceneTexture.usf" 2496
"../../../Engine/Shaders/Private/SparseVolumeTexture/VisualizeSparseVolumeTexture.usf" 2497
"../../../Engine/Shaders/Private/SkyAtmosphere.usf" 2498
"../../../Engine/Shaders/Private/Skinning/SkinnedMeshDebug.usf" 2499
"../../../Engine/Shaders/Private/Skinning/AnimBankEval.usf" 2500
"../../../Engine/Shaders/Private/SingleLayerWaterComposite.usf" 2501
"../../../Engine/Shaders/Private/Froxel/FroxelBuild.ush" 2502
"../../../Engine/Shaders/Private/SingleLayerWaterRefractionCulling.usf" 2503
"../../../Engine/Shaders/Private/ScreenSpaceShadows.usf" 2504
"../../../Engine/Shaders/Private/bend_sss_gpu.ush" 2505
"../../../Engine/Shaders/Private/ShadowFactorsUpsampleCommon.ush" 2506
"../../../Engine/Shaders/Private/FirstPersonSelfShadow.usf" 2507
"../../../Engine/Shaders/Private/HZBTracing.ush" 2508
"../../../Engine/Shaders/Private/ShadowProjectionVertexShader.usf" 2509
"../../../Engine/Shaders/Private/ShadowProjectionPixelShader.usf" 2510
"../../../Engine/Shaders/Private/MobileLightingCommon.ush" 2511
"../../../Engine/Shaders/Private/PlanarReflectionShared.ush" 2512
"../../../Engine/Shaders/Private/MobileSSR.ush" 2513
"../../../Engine/Shaders/Private/SSRT/SSRTRayCast.ush" 2514
"../../../Engine/Shaders/Private/ShadowPercentageCloserFiltering.ush" 2515
"../../../Engine/Shaders/Private/TransmissionThickness.ush" 2516
"../../../Engine/Shaders/Private/CopyShadowMaps.usf" 2517
"../../../Engine/Shaders/Private/ShadowDepthPixelShader.usf" 2518
"../../../Engine/Shaders/Private/ShadowDepthVertexShader.usf" 2519
"../../../Engine/Shaders/Private/ShadingEnergyConservationTable.usf" 2520
"../../../Engine/Shaders/Shared/PathTracingDefinitions.h" 2521
"../../../Engine/Shaders/Private/ShadingFurnaceTest.usf" 2522
"../../../Engine/Shaders/Private/Substrate/SubstrateDeferredLighting.ush" 2523
"../../../Engine/Shaders/Private/ShaderPrintDraw.usf" 2524
"../../../Engine/Shaders/Private/ShaderPrintDrawPrimitive.usf" 2525
"../../../Engine/Shaders/Private/DefaultSSRTiles.usf" 2526
"../../../Engine/Shaders/Private/ScreenSpaceReflectionTileCommons.ush" 2527
"../../../Engine/Shaders/Private/SSRT/SSRTDiffuseIndirect.usf" 2528
"../../../Engine/Shaders/Private/SSRT/SSRTTileClassificationBuffer.ush" 2529
"../../../Engine/Shaders/Private/SSRT/SSRTReflections.usf" 2530
"../../../Engine/Shaders/Private/ScreenSpaceDenoise/SSDPublic.ush" 2531
"../../../Engine/Shaders/Private/SSRT/SSRTTileClassification.usf" 2532
"../../../Engine/Shaders/Private/SSRT/SSRTPrevFrameReduction.usf" 2533
"../../../Engine/Shaders/Private/ScreenSpaceDenoise/SSDComposeHarmonics.usf" 2534
"../../../Engine/Shaders/Private/ScreenSpaceDenoise/SSDPublicHarmonics.ush" 2535
"../../../Engine/Shaders/Private/ScreenSpaceDenoise/SSDSignalFramework.ush" 2536
"../../../Engine/Shaders/Private/ScreenSpaceDenoise/SSDCommon.ush" 2537
"../../../Engine/Shaders/Private/SphericalGaussian.ush" 2538
"../../../Engine/Shaders/Public/WaveBroadcastIntrinsics.ush" 2539
"../../../Engine/Shaders/Private/ScreenSpaceDenoise/SSDMetadata.ush" 2540
"../../../Engine/Shaders/Private/ScreenSpaceDenoise/SSDSignalCore.ush" 2541
"../../../Engine/Shaders/Private/ScreenSpaceDenoise/DenoisingCommon.ush" 2542
"../../../Engine/Shaders/Private/ScreenSpaceDenoise/SSDSignalArray.ush" 2543
"../../../Engine/Shaders/Private/ScreenSpaceDenoise/SSDSignalBufferEncoding.ush" 2544
"../../../Engine/Shaders/Private/ScreenSpaceDenoise/SSDPublicBufferEncoding.ush" 2545
"../../../Engine/Shaders/Private/Lumen/LumenBufferEncoding.ush" 2546
"../../../Engine/Shaders/Private/ScreenSpaceDenoise/SSDTemporalAccumulation.usf" 2547
"../../../Engine/Shaders/Private/ScreenSpaceDenoise/SSDSpatialKernel.ush" 2548
"../../../Engine/Shaders/Private/ScreenSpaceDenoise/SSDSignalAccumulatorArray.ush" 2549
"../../../Engine/Shaders/Private/ScreenSpaceDenoise/SSDSignalAccumulator.ush" 2550
"../../../Engine/Shaders/Private/ScreenSpaceDenoise/SSDSignalCompression.ush" 2551
"../../../Engine/Shaders/Private/ScreenSpaceDenoise/SSDSpatialAccumulation.usf" 2552
"../../../Engine/Shaders/Private/ScreenSpaceDenoise/SSDInjest.usf" 2553
"../../../Engine/Shaders/Private/ScreenSpaceDenoise/SSDCompressMetadata.usf" 2554
"../../../Engine/Shaders/Private/DownsampleDepthPixelShader.usf" 2555
"../../../Engine/Shaders/Private/ScreenPass.usf" 2556
"../../../Engine/Shaders/Private/HZB.usf" 2557
"../../../Engine/Shaders/Private/OcclusionFeedbackShaders.usf" 2558
"../../../Engine/Shaders/Private/HZBOcclusion.usf" 2559
"../../../Engine/Shaders/Private/OcclusionQueryPixelShader.usf" 2560
"../../../Engine/Shaders/Private/OcclusionQueryVertexShader.usf" 2561
"../../../Engine/Shaders/Private/HitProxyCopy.usf" 2562
"../../../Engine/Shaders/Private/HitProxyPixelShader.usf" 2563
"../../../Engine/Shaders/Private/HitProxyVertexShader.usf" 2564
"../../../Engine/Shaders/Private/SceneCulling/SceneCullingDebugRender.usf" 2565
"../../../Engine/Shaders/Private/SceneCulling/SceneCulling.ush" 2566
"../../../Engine/Shaders/Private/SceneCulling/SceneCullingBuildExplicitBounds.usf" 2567
"../../../Engine/Shaders/Private/SceneCapturePixelShader.usf" 2568
"../../../Engine/Shaders/Private/RendererUtils.usf" 2569
"../../../Engine/Shaders/Private/RTWriteMaskDecode.usf" 2570
"../../../Engine/Shaders/Private/ReflectionEnvironmentShaders.usf" 2571
"../../../Engine/Shaders/Private/RectLightAtlas.usf" 2572
"../../../Engine/Shaders/Private/RayTracing/TraceRayInlineStatistics.usf" 2573
"../../../Engine/Shaders/Private/RayTracing/CompositeSkyLightPS.usf" 2574
"../../../Engine/Shaders/Private/RayTracing/GenerateSkyLightVisibilityRaysCS.usf" 2575
"../../../Engine/Shaders/Private/RayTracing/RayTracingSkyLightCommon.ush" 2576
"../../../Engine/Shaders/Private/RayTracing/SkyLightVisibilityRaysData.ush" 2577
"../../../Engine/Shaders/Private/Raytracing/RaytracingSkylightRGS.usf" 2578
"../../../Engine/Shaders/Private/HairStrands/HairStrandsRaytracing.ush" 2579
"../../../Engine/Shaders/Private/Raytracing/RayTracingSkyLightEvaluation.ush" 2580
"../../../Engine/Shaders/Private/Raytracing/RayTracingDeferredShadingCommon.ush" 2581
"../../../Engine/Shaders/Private/RayTracing/RayTracingOcclusionRGS.usf" 2582
"../../../Engine/Shaders/Private/RayTracing/RayTracingDirectionalLight.ush" 2583
"../../../Engine/Shaders/Private/RayTracing/RayTracingRectLight.ush" 2584
"../../../Engine/Shaders/Private/RayTracing/RayTracingSphereLight.ush" 2585
"../../../Engine/Shaders/Private/RayTracing/RayTracingCapsuleLight.ush" 2586
"../../../Engine/Shaders/Private/Raytracing/RayTracingFeedback.usf" 2587
"../../../Engine/Shaders/Shared/RayTracingDebugTypes.h" 2588
"../../../Engine/Shaders/Private/RayTracing/RayTracingPrimaryRays.usf" 2589
"../../../Engine/Shaders/Private/RayTracing/RayTracingLightingCommon.ush" 2590
"../../../Engine/Shaders/Private/RayTracing/RayTracingLightCullingCommon.ush" 2591
"../../../Engine/Shaders/Private/RayTracing/RayTracingMaterialDefaultHitShaders.usf" 2592
"../../../Engine/Shaders/Private/RayTracing/RayTracingMaterialHitShaders.usf" 2593
"../../../Engine/Shaders/Private/RayTracing/RayTracingShaderUtils.ush" 2594
"../../../Engine/Shaders/Private/RayTracing/RayTracingCalcInterpolants.ush" 2595
"../../../Engine/Shaders/Private/LightmapCommon.ush" 2596
"../../../Engine/Shaders/Private/Lumen/LumenHardwareRayTracingPayloadCommon.ush" 2597
"../../../Engine/Shaders/Shared/LumenDefinitions.h" 2598
"../../../Engine/Shaders/Private/Substrate/SubstrateExport.ush" 2599
"../../../Engine/Shaders/Private/RayTracing/RayTracingLightingMS.usf" 2600
"../../../Engine/Shaders/Private/Lumen/LumenDiffuseColorBoost.ush" 2601
"../../../Engine/Shaders/Private/RayTracing/RayTracingLightFunctionCommon.ush" 2602
"../../../Engine/Shaders/Private/RayTracing/RayTracingBuildLightGrid.usf" 2603
"../../../Engine/Shaders/Private/Raytracing/RayTracingInstanceBufferUtil.usf" 2604
"../../../Engine/Shaders/Private/RayTracing/RayTracingDynamicMesh.usf" 2605
"../../../Engine/Shaders/Private/RayTracing/RayTracingDefaultDecalHitShader.usf" 2606
"../../../Engine/Shaders/Private/RayTracing/RayTracingDecalMaterialShader.usf" 2607
"../../../Engine/Shaders/Private/PathTracing/PathTracingShaderUtils.ush" 2608
"../../../Engine/Shaders/Private/PathTracing/PathTracingCommon.ush" 2609
"../../../Engine/Shaders/Private/PathTracing/Material/PathTracingMaterialCommon.ush" 2610
"../../../Engine/Shaders/Private/PathTracing/Utilities/PathTracingRIS.ush" 2611
"../../../Engine/Shaders/Private/RayTracing/RayTracingBuildDecalGrid.usf" 2612
"../../../Engine/Shaders/Private/RayTracing/RayTracingDebugHitStatsUtils.usf" 2613
"../../../Engine/Shaders/Private/RayTracing/RayTracingDebugInstanceOverlap.usf" 2614
"../../../Engine/Shaders/Private/RayTracing/RayTracingDebugPicking.usf" 2615
"../../../Engine/Shaders/Private/RayTracing/RayTracingDebugUtils.ush" 2616
"../../../Engine/Shaders/Private/RayTracing/RayTracingDebugTraversal.usf" 2617
"../../../Engine/Shaders/Private/RayTracing/RayTracingDeferredMaterials.ush" 2618
"../../../Engine/Shaders/Shared/ThirdParty/AMD/ags_shader_intrinsics_dx12.h" 2619
"../../../Engine/Shaders/Shared/RayTracingDebugDefinitions.h" 2620
"../../../Engine/Shaders/Private/RayTracing/RayTracingDebugHitStatsCHS.usf" 2621
"../../../Engine/Shaders/Private/RayTracing/RayTracingDebugHitStats.usf" 2622
"../../../Engine/Shaders/Private/RayTracing/RayTracingDebugMS.usf" 2623
"../../../Engine/Shaders/Private/RayTracing/RayTracingDebugCHS.usf" 2624
"../../../Engine/Shaders/Private/RayTracing/RayTracingDebug.usf" 2625
"../../../Engine/Shaders/Private/RayTracing/RayTracingBuiltInShaders.usf" 2626
"../../../Engine/Shaders/Private/RayTracing/RayTracingBarycentrics.usf" 2627
"../../../Engine/Shaders/Private/RayTracing/RayTracingAmbientOcclusionRGS.usf" 2628
"../../../Engine/Shaders/Private/VisualizeShadingModels.usf" 2629
"../../../Engine/Shaders/Private/MotionBlur/VisualizeMotionVectors.usf" 2630
"../../../Engine/Shaders/Private/TemporalSuperResolution/TSRVisualize.usf" 2631
"../../../Engine/Shaders/Private/TemporalSuperResolution/TSRColorSpace.ush" 2632
"../../../Engine/Shaders/Private/TemporalSuperResolution/TSRCommon.ush" 2633
"../../../Engine/Shaders/Public/DualPixelVectorization.ush" 2634
"../../../Engine/Shaders/Private/TemporalSuperResolution/TSRReprojectionField.ush" 2635
"../../../Engine/Shaders/Private/TemporalSuperResolution/TSRResolveHistory.usf" 2636
"../../../Engine/Shaders/Private/TemporalSuperResolution/TSRConvolutionNetwork.ush" 2637
"../../../Engine/Shaders/Private/TemporalSuperResolution/TSRKernels.ush" 2638
"../../../Engine/Shaders/Public/LaneVectorization.ush" 2639
"../../../Engine/Shaders/Private/TemporalSuperResolution/TSRUpdateHistory.usf" 2640
"../../../Engine/Shaders/Private/TemporalSuperResolution/TSRSpatialAntiAliasing.ush" 2641
"../../../Engine/Shaders/Private/TemporalSuperResolution/TSRSpatialAntiAliasing.usf" 2642
"../../../Engine/Shaders/Private/TemporalSuperResolution/TSRRejectShading.usf" 2643
"../../../Engine/Shaders/Private/TemporalSuperResolution/TSRShadingAnalysis.ush" 2644
"../../../Engine/Shaders/Private/TemporalSuperResolution/TSRConvolutionNetworkPass.ush" 2645
"../../../Engine/Shaders/Private/TemporalSuperResolution/TSRDecimateHistory.usf" 2646
"../../../Engine/Shaders/Private/TemporalSuperResolution/TSRDepthVelocityAnalysis.ush" 2647
"../../../Engine/Shaders/Private/TemporalSuperResolution/TSRClosestOccluder.ush" 2648
"../../../Engine/Shaders/Private/TemporalSuperResolution/TSRWeightRelaxation.usf" 2649
"../../../Engine/Shaders/Private/TemporalSuperResolution/TSRThinGeometryCommon.ush" 2650
"../../../Engine/Shaders/Private/TemporalSuperResolution/TSRDetectThinGeometry.usf" 2651
"../../../Engine/Shaders/Private/TemporalSuperResolution/TSRDilateVelocity.usf" 2652
"../../../Engine/Shaders/Private/MotionBlur/MotionBlurVelocityFlatten.ush" 2653
"../../../Engine/Shaders/Private/MotionBlur/MotionBlurCommon.ush" 2654
"../../../Engine/Shaders/Private/TemporalSuperResolution/TSRClearPrevTextures.usf" 2655
"../../../Engine/Shaders/Private/TemporalSuperResolution/TSRMeasureCoverage.usf" 2656
"../../../Engine/Shaders/Private/TemporalSuperResolution/TSRMeasureFlickeringLuma.usf" 2657
"../../../Engine/Shaders/Private/TemporalAA.usf" 2658
"../../../Engine/Shaders/Private/FilterPixelShader.usf" 2659
"../../../Engine/Shaders/Private/FilterVertexShader.usf" 2660
"../../../Engine/Shaders/Private/VisualizeVirtualTexture.usf" 2661
"../../../Engine/Shaders/Private/PostProcessVisualizeBuffer.usf" 2662
"../../../Engine/Shaders/Private/PostProcessVisualizeLocalExposure.usf" 2663
"../../../Engine/Shaders/Private/PostProcessHistogramCommon.ush" 2664
"../../../Engine/Shaders/Private/TonemapCommon.ush" 2665
"../../../Engine/Shaders/Private/ACES/ACESCommon.ush" 2666
"../../../Engine/Shaders/Private/ACES/ACESOutputTransform.ush" 2667
"../../../Engine/Shaders/Private/ACES/ACESUtilities.ush" 2668
"../../../Engine/Shaders/Private/ACES/ACESTonescale.ush" 2669
"../../../Engine/Shaders/Private/ACES/ACESDisplayEncoding.ush" 2670
"../../../Engine/Shaders/Private/ACES/ACES_v1.3.ush" 2671
"../../../Engine/Shaders/Private/PostProcessVisualizeLevelInstance.usf" 2672
"../../../Engine/Shaders/Private/PostProcessVisualizeHDR.usf" 2673
"../../../Engine/Shaders/Private/ShaderComplexityApplyPixelShader.usf" 2674
"../../../Engine/Shaders/Private/QuadOverdraw.ush" 2675
"../../../Engine/Shaders/Private/PostProcessUpscale.usf" 2676
"../../../Engine/Shaders/Private/PostProcessTonemap.usf" 2677
"../../../Engine/Shaders/Private/PostProcessing/FilmGrainPackConstants.usf" 2678
"../../../Engine/Shaders/Private/PostProcessing/FilmGrainReduce.usf" 2679
"../../../Engine/Shaders/Private/PostProcessTestImage.usf" 2680
"../../../Engine/Shaders/Private/PostProcessSubsurface.usf" 2681
"../../../Engine/Shaders/Private/SeparableSSS.ush" 2682
"../../../Engine/Shaders/Private/SubsurfaceBurleyNormalized.ush" 2683
"../../../Engine/Shaders/Private/PostProcessSelectionOutline.usf" 2684
"../../../Engine/Shaders/Private/MotionBlur/MotionBlurVisualize.usf" 2685
"../../../Engine/Shaders/Private/MotionBlur/MotionBlurApply.usf" 2686
"../../../Engine/Shaders/Private/MotionBlur/MotionBlurFilterTileClassify.usf" 2687
"../../../Engine/Shaders/Private/MotionBlur/MotionBlurTileScatter.usf" 2688
"../../../Engine/Shaders/Private/MotionBlur/MotionBlurTileGather.usf" 2689
"../../../Engine/Shaders/Private/MotionBlur/MotionBlurVelocityFlatten.usf" 2690
"../../../Engine/Shaders/Private/PostProcessMobile.usf" 2691
"../../../Engine/Shaders/Private/PostProcessMitchellNetravali.usf" 2692
"../../../Engine/Shaders/Private/PostProcessMaterialShaders.usf" 2693
"../../../Engine/Shaders/Private/NeuralPostProcessCommon.usf" 2694
"../../../Engine/Shaders/Private/PostProcessLocalExposure.usf" 2695
"../../../Engine/Shaders/Private/PostProcessLensFlares.usf" 2696
"../../../Engine/Shaders/Private/PostProcessGBufferHints.usf" 2697
"../../../Engine/Shaders/Private/PostProcessHMD.usf" 2698
"../../../Engine/Shaders/Private/Histogram.usf" 2699
"../../../Engine/Shaders/Private/PostProcessHistogramReduce.usf" 2700
"../../../Engine/Shaders/Private/PostProcessHistogram.usf" 2701
"../../../Engine/Shaders/Private/Bloom/BloomFinalizeApplyConstants.usf" 2702
"../../../Engine/Shaders/Private/Bloom/BloomCommon.ush" 2703
"../../../Engine/Shaders/Private/Bloom/BloomResizeKernel.usf" 2704
"../../../Engine/Shaders/Private/Bloom/BloomDownsampleKernel.usf" 2705
"../../../Engine/Shaders/Private/Bloom/BloomClampKernel.usf" 2706
"../../../Engine/Shaders/Private/Bloom/BloomPackKernelConstants.usf" 2707
"../../../Engine/Shaders/Private/Bloom/BloomSumScatterDispersionEnergy.usf" 2708
"../../../Engine/Shaders/Private/Bloom/BloomReduceKernelSurvey.usf" 2709
"../../../Engine/Shaders/Private/Bloom/BloomSurveyKernelCenterEnergy.usf" 2710
"../../../Engine/Shaders/Private/Bloom/BloomSurveyMaxScatterDispersion.usf" 2711
"../../../Engine/Shaders/Private/Bloom/BloomFindKernelCenter.usf" 2712
"../../../Engine/Shaders/Private/PostProcessEyeAdaptation.usf" 2713
"../../../Engine/Shaders/Private/TranslucencyVolumeCommon.ush" 2714
"../../../Engine/Shaders/Private/PostProcessEyeAdaptationUtils.usf" 2715
"../../../Engine/Shaders/Private/PostProcessDownsample.usf" 2716
"../../../Engine/Shaders/Private/PostProcessDOF.usf" 2717
"../../../Engine/Shaders/Private/PostProcessDeviceEncodingOnly.usf" 2718
"../../../Engine/Shaders/Private/PostProcessCompositePrimitives.usf" 2719
"../../../Engine/Shaders/Private/PostProcessCombineLUTs.usf" 2720
"../../../Engine/Shaders/Private/PostProcessVisualizeDOF.usf" 2721
"../../../Engine/Shaders/Private/PostProcessBloom.usf" 2722
"../../../Engine/Shaders/Private/PostProcessAmbientOcclusionMobile.usf" 2723
"../../../Engine/Shaders/Private/PostProcessAmbientOcclusionCommon.ush" 2724
"../../../Engine/Shaders/Private/FXAAShader.usf" 2725
"../../../Engine/Shaders/Private/Fxaa3_11.ush" 2726
"../../../Engine/Shaders/Private/PaniniProjection.usf" 2727
"../../../Engine/Shaders/Private/DiaphragmDOF/DOFRecombine.usf" 2728
"../../../Engine/Shaders/Private/DiaphragmDOF/DOFHybridScatterPixelShader.usf" 2729
"../../../Engine/Shaders/Private/DiaphragmDOF/DOFHybridScatterCommon.ush" 2730
"../../../Engine/Shaders/Private/DiaphragmDOF/DOFVignetteCommon.ush" 2731
"../../../Engine/Shaders/Private/DiaphragmDOF/DOFHybridScatterVertexShader.usf" 2732
"../../../Engine/Shaders/Private/DiaphragmDOF/DOFPostfiltering.usf" 2733
"../../../Engine/Shaders/Private/DiaphragmDOF/DOFGatherTileSuggest.ush" 2734
"../../../Engine/Shaders/Private/DiaphragmDOF/DOFCocTileCommon.ush" 2735
"../../../Engine/Shaders/Private/DiaphragmDOF/DOFGatherPass.usf" 2736
"../../../Engine/Shaders/Private/DiaphragmDOF/DOFGatherCommon.ush" 2737
"../../../Engine/Shaders/Private/DiaphragmDOF/DOFGatherAccumulator.ush" 2738
"../../../Engine/Shaders/Private/DiaphragmDOF/DOFGatherKernel.ush" 2739
"../../../Engine/Shaders/Private/DiaphragmDOF/DOFBokehLUT.usf" 2740
"../../../Engine/Shaders/Private/DiaphragmDOF/DOFHybridScatterCompilation.usf" 2741
"../../../Engine/Shaders/Private/DiaphragmDOF/DOFReduce.usf" 2742
"../../../Engine/Shaders/Private/DiaphragmDOF/DOFDownsample.ush" 2743
"../../../Engine/Shaders/Private/DiaphragmDOF/DOFHybridScatterCompilation.ush" 2744
"../../../Engine/Shaders/Private/DiaphragmDOF/DOFDownsample.usf" 2745
"../../../Engine/Shaders/Private/DiaphragmDOF/DOFCocTileDilate.usf" 2746
"../../../Engine/Shaders/Private/DiaphragmDOF/DOFCocTileFlatten.usf" 2747
"../../../Engine/Shaders/Private/DiaphragmDOF/DOFSetup.usf" 2748
"../../../Engine/Shaders/Private/Tools/DebugAlphaChannel.usf" 2749
"../../../Engine/Shaders/Private/PostProcessAlphaInvert.usf" 2750
"../../../Engine/Shaders/Private/PlanarReflectionShaders.usf" 2751
"../../../Engine/Shaders/Private/PhysicsFieldVisualizer.usf" 2752
"../../../Engine/Shaders/Private/PathTracing/PathTracingSpatialTemporalDenoising.usf" 2753
"../../../Engine/Shaders/Private/ColorDifference.ush" 2754
"../../../Engine/Shaders/Private/PathTracing/PathTracingCompositingPixelShader.usf" 2755
"../../../Engine/Shaders/Private/PathTracing/PathTracingAdaptiveUtils.ush" 2756
"../../../Engine/Shaders/Private/PathTracing/PathTracingDefaultHitShader.usf" 2757
"../../../Engine/Shaders/Private/PathTracing/PathTracingGPULightmassMaterialHitShader.usf" 2758
"../../../Engine/Shaders/Private/PathTracing/PathTracingMaterialHitShader.usf" 2759
"../../../Engine/Shaders/Private/PathTracing/Material/PathTracingSubstrateCommon.ush" 2760
"../../../Engine/Shaders/Private/PathTracing/PathTracingLightingMissShader.usf" 2761
"../../../Engine/Shaders/Private/PathTracing/PathTracingMissShader.usf" 2762
"../../../Engine/Shaders/Private/PathTracing/PathTracingAdaptiveStart.usf" 2763
"../../../Engine/Shaders/Private/PathTracing/PathTracingBuildAdaptiveError.usf" 2764
"../../../Engine/Shaders/Private/PathTracing/PathTracingVolumetricCloudMaterialShader.usf" 2765
"../../../Engine/Shaders/Private/PathTracing/Volume/PathTracingCloudsMaterialCommon.ush" 2766
"../../../Engine/Shaders/Private/PathTracing/Volume/PathTracingVolumeCommon.ush" 2767
"../../../Engine/Shaders/Private/PathTracing/Volume/PathTracingCloudsCommon.ush" 2768
"../../../Engine/Shaders/Private/PathTracing/Volume/PathTracingFog.ush" 2769
"../../../Engine/Shaders/Private/PathTracing/Volume/PathTracingAtmosphere.ush" 2770
"../../../Engine/Shaders/Private/PathTracing/Volume/PathTracingAtmosphereCommon.ush" 2771
"../../../Engine/Shaders/Private/PathTracing/Volume/PathTracingVolumeSampling.ush" 2772
"../../../Engine/Shaders/Private/PathTracing/PathTracingBuildCloudAccelerationMap.usf" 2773
"../../../Engine/Shaders/Private/PathTracing/PathTracingBuildAtmosphereLUT.usf" 2774
"../../../Engine/Shaders/Private/PathTracing/PathTracingSwizzleScanlines.usf" 2775
"../../../Engine/Shaders/Private/PathTracing/PathTracingInitExtinctionCoefficient.usf" 2776
"../../../Engine/Shaders/Private/PathTracing/PathTracingCopyDepth.usf" 2777
"../../../Engine/Shaders/Private/PathTracing/PathTracingDebug.usf" 2778
"../../../Engine/Shaders/Private/RayTracing/RayTracingDecalGrid.ush" 2779
"../../../Engine/Shaders/Private/PathTracing/Material/PathTracingMaterialSampling.ush" 2780
"../../../Engine/Shaders/Private/PathTracing/Material/PathTracingLambert.ush" 2781
"../../../Engine/Shaders/Private/PathTracing/Material/PathTracingSubstrate.ush" 2782
"../../../Engine/Shaders/Private/PathTracing/Material/PathTracingSubstrateFoliage.ush" 2783
"../../../Engine/Shaders/Private/PathTracing/Material/PathTracingSubstrateSolidGlass.ush" 2784
"../../../Engine/Shaders/Private/PathTracing/Material/PathTracingSubstrateThinGlass.ush" 2785
"../../../Engine/Shaders/Private/PathTracing/Material/PathTracingSolidGlass.ush" 2786
"../../../Engine/Shaders/Private/PathTracing/Material/PathTracingEnergyConservation.ush" 2787
"../../../Engine/Shaders/Private/PathTracing/Material/PathTracingThinGlass.ush" 2788
"../../../Engine/Shaders/Private/PathTracing/Material/PathTracingDefaultLit.ush" 2789
"../../../Engine/Shaders/Private/PathTracing/Material/PathTracingClearCoat.ush" 2790
"../../../Engine/Shaders/Private/PathTracing/Material/PathTracingTwoSidedFoliage.ush" 2791
"../../../Engine/Shaders/Private/PathTracing/Material/PathTracingCloth.ush" 2792
"../../../Engine/Shaders/Private/PathTracing/Material/PathTracingSubsurfaceProfile.ush" 2793
"../../../Engine/Shaders/Private/PathTracing/Material/PathTracingEye.ush" 2794
"../../../Engine/Shaders/Private/PathTracing/Material/PathTracingHair.ush" 2795
"../../../Engine/Shaders/Private/PathTracing/Material/PathTracingMedium.ush" 2796
"../../../Engine/Shaders/Private/PathTracing/Light/PathTracingLightSampling.ush" 2797
"../../../Engine/Shaders/Private/PathTracing/Light/PathTracingLightCommon.ush" 2798
"../../../Engine/Shaders/Private/PathTracing/Light/PathTracingDirectionalLight.ush" 2799
"../../../Engine/Shaders/Private/PathTracing/Light/PathTracingPointLight.ush" 2800
"../../../Engine/Shaders/Private/PathTracing/Light/PathTracingCapsuleLight.ush" 2801
"../../../Engine/Shaders/Private/PathTracing/Light/PathTracingRectLight.ush" 2802
"../../../Engine/Shaders/Private/PathTracing/Light/PathTracingSkyLight.ush" 2803
"../../../Engine/Shaders/Private/PathTracing/Light/PathTracingLightGrid.ush" 2804
"../../../Engine/Shaders/Private/PathTracing/PathTracing.usf" 2805
"../../../Engine/Shaders/Private/PathTracing/PathTracingCore.ush" 2806
"../../../Engine/Shaders/Private/HeterogeneousVolumes/HeterogeneousVolumesVoxelGridTypes.ush" 2807
"../../../Engine/Shaders/Private/PathTracing/Volume/PathTracingVolume.ush" 2808
"../../../Engine/Shaders/Private/PathTracing/Volume/PathTracingClouds.ush" 2809
"../../../Engine/Shaders/Private/PathTracing/Volume/PathTracingHeterogeneousVolumes.ush" 2810
"../../../Engine/Shaders/Private/HeterogeneousVolumes/HeterogeneousVolumesVoxelGridTraversal.ush" 2811
"../../../Engine/Shaders/Private/HeterogeneousVolumes/HeterogeneousVolumesVoxelGridUtils.ush" 2812
"../../../Engine/Shaders/Private/HeterogeneousVolumes/HeterogeneousVolumesFrustumVoxelGridUtils.ush" 2813
"../../../Engine/Shaders/Private/PathTracing/PathTracingBuildLightGrid.usf" 2814
"../../../Engine/Shaders/Private/PathTracing/PathTracingSkylightMISCompensation.usf" 2815
"../../../Engine/Shaders/Private/PathTracing/PathTracingSkylightPrepare.usf" 2816
"../../../Engine/Shaders/Private/OIT/OITSorting.usf" 2817
"../../../Engine/Shaders/Private/OITCombine.usf" 2818
"../../../Engine/Shaders/Private/OITCommon.ush" 2819
"../../../Engine/Shaders/Private/Nanite/Voxel/RasterizeBricks.usf" 2820
"../../../Engine/Shaders/Private/Nanite/Voxel/Brick.ush" 2821
"../../../Engine/Shaders/Private/Nanite/Voxel/Voxel.ush" 2822
"../../../Engine/Shaders/Private/Nanite/Voxel/ScatterBricks.usf" 2823
"../../../Engine/Shaders/Private/Nanite/Voxel/TileBricks.usf" 2824
"../../../Engine/Shaders/Private/Nanite/Voxel/AutoVoxel.usf" 2825
"../../../Engine/Shaders/Private/Nanite/NaniteDebugViews.usf" 2826
"../../../Engine/Shaders/Private/Nanite/NaniteEditorCommon.ush" 2827
"../../../Engine/Shaders/Private/BinarySearch.ush" 2828
"../../../Engine/Shaders/Private/Nanite/NaniteDepthDecode.usf" 2829
"../../../Engine/Shaders/Private/HTileEncoding.ush" 2830
"../../../Engine/Shaders/Private/Nanite/NaniteVisualize.usf" 2831
"../../../Engine/Shaders/Private/Nanite/NaniteStreamOut.usf" 2832
"../../../Engine/Shaders/Private/Nanite/NaniteHierarchyTraversal.ush" 2833
"../../../Engine/Shaders/Private/Nanite/NaniteSkinningUpdateViewData.usf" 2834
"../../../Engine/Shaders/Private/Skinning/TransformProviders.usf" 2835
"../../../Engine/Shaders/Private/Nanite/NaniteShadeBinning.usf" 2836
"../../../Engine/Shaders/Private/Nanite/NaniteShadeCommon.ush" 2837
"../../../Engine/Shaders/Private/Nanite/NaniteFastClear.usf" 2838
"../../../Engine/Shaders/Private/Nanite/NaniteExportGBuffer.usf" 2839
"../../../Engine/Shaders/Private/Nanite/NaniteClusterCulling.usf" 2840
"../../../Engine/Shaders/Private/Nanite/NanitePrintStats.usf" 2841
"../../../Engine/Shaders/Private/Nanite/NaniteRasterizer.usf" 2842
"../../../Engine/Shaders/Private/Nanite/NaniteRasterizationCommon.ush" 2843
"../../../Engine/Shaders/Private/Nanite/NaniteRasterizer.ush" 2844
"../../../Engine/Shaders/Private/Nanite/NaniteWritePixel.ush" 2845
"../../../Engine/Shaders/Private/Nanite/NaniteTessellation.ush" 2846
"../../../Engine/Shaders/Private/WorkDistribution.ush" 2847
"../../../Engine/Shaders/Private/Nanite/NaniteDice.ush" 2848
"../../../Engine/Shaders/Private/ShaderBundleWorkGraphCommon.ush" 2849
"../../../Engine/Shaders/Public/RootConstants.ush" 2850
"../../../Engine/Shaders/Public/Platform/D3D/D3DRootConstants.ush" 2851
"../../../Engine/Shaders/Private/Nanite/NaniteSplit.usf" 2852
"../../../Engine/Shaders/Private/Nanite/NaniteRasterBinning.usf" 2853
"../../../Engine/Shaders/Private/Nanite/NaniteInstanceCulling.usf" 2854
"../../../Engine/Shaders/Private/Nanite/NaniteImposter.ush" 2855
"../../../Engine/Shaders/Private/Nanite/NaniteInstanceHierarchyCulling.usf" 2856
"../../../Engine/Shaders/Private/WorkGroupLoadBalancer.ush" 2857
"../../../Engine/Shaders/Private/Nanite/NanitePrimitiveFilter.usf" 2858
"../../../Engine/Shaders/Private/Nanite/NaniteRasterClear.usf" 2859
"../../../Engine/Shaders/Private/Nanite/NaniteDepthExport.usf" 2860
"../../../Engine/Shaders/Private/Nanite/NaniteEmitShadow.usf" 2861
"../../../Engine/Shaders/Private/MobileDeferredUtils.usf" 2862
"../../../Engine/Shaders/Private/MobileLocalLightsBuffer.usf" 2863
"../../../Engine/Shaders/Private/MobileFog.usf" 2864
"../../../Engine/Shaders/Private/DistortApplyScreenPS.usf" 2865
"../../../Engine/Shaders/Private/MobileDeferredShading.usf" 2866
"../../../Engine/Shaders/Private/MobileBasePassPixelShader.usf" 2867
"../../../Engine/Shaders/Private/MobileBasePassCommon.ush" 2868
"../../../Engine/Shaders/Private/BasePassCommon.ush" 2869
"../../../Engine/Shaders/Private/ShadingModelsMaterial.ush" 2870
"../../../Engine/Shaders/Private/ThinTranslucentCommon.ush" 2871
"../../../Engine/Shaders/Private/SingleLayerWaterShading.ush" 2872
"../../../Engine/Shaders/Private/DistortionCommon.ush" 2873
"../../../Engine/Shaders/Private/Substrate/SubstrateMobileForwardLighting.ush" 2874
"../../../Engine/Shaders/Private/MobileBasePassVertexShader.usf" 2875
"../../../Engine/Shaders/Private/MeshEdges.usf" 2876
"../../../Engine/Shaders/Private/MegaLights/MegaLightsVSMTracing.usf" 2877
"../../../Engine/Shaders/Private/MegaLights/MegaLights.ush" 2878
"../../../Engine/Shaders/Shared/MegaLightsDefinitions.h" 2879
"../../../Engine/Shaders/Private/HairStrands/HairStrandsVisibilityUtils.ush" 2880
"../../../Engine/Shaders/Private/MegaLights/MegaLightsRayTracing.ush" 2881
"../../../Engine/Shaders/Private/MegaLights/MegaLightsRayTracing.usf" 2882
"../../../Engine/Shaders/Private/DistanceField/GlobalDistanceFieldUtils.ush" 2883
"../../../Engine/Shaders/Private/Lumen/LumenScreenTracing.ush" 2884
"../../../Engine/Shaders/Private/MegaLights/MegaLightsVolumeRayTracing.usf" 2885
"../../../Engine/Shaders/Private/MegaLights/MegaLightsVolume.ush" 2886
"../../../Engine/Shaders/Private/MegaLights/MegaLightsVolumeHardwareRayTracing.usf" 2887
"../../../Engine/Shaders/Private/Lumen/LumenHardwareRayTracingCommon.ush" 2888
"../../../Engine/Shaders/Private/RayTracing/RayTracingReflectionEnvironment.ush" 2889
"../../../Engine/Shaders/Private/Lumen/LumenHardwareRayTracingPlatformCommon.ush" 2890
"../../../Engine/Shaders/Private/Lumen/LumenReflectionsCombine.ush" 2891
"../../../Engine/Shaders/Private/Lumen/LumenTracingCommon.ush" 2892
"../../../Engine/Shaders/Private/Lumen/SurfaceCache/LumenSurfaceCacheSampling.ush" 2893
"../../../Engine/Shaders/Private/Lumen/SurfaceCache/LumenSurfaceCache.ush" 2894
"../../../Engine/Shaders/Private/Lumen/LumenCardCommon.ush" 2895
"../../../Engine/Shaders/Private/Lumen/LumenCardTileShadowDownsampleFactor.ush" 2896
"../../../Engine/Shaders/Private/MegaLights/MegaLightsHardwareRayTracing.usf" 2897
"../../../Engine/Shaders/Private/MegaLights/MegaLights.usf" 2898
"../../../Engine/Shaders/Private/MegaLights/MegaLightsShading.ush" 2899
"../../../Engine/Shaders/Private/MegaLights/MegaLightsFilterVisibleLightHash.usf" 2900
"../../../Engine/Shaders/Private/MegaLights/MegaLightsDenoiserSpatial.usf" 2901
"../../../Engine/Shaders/Private/Lumen/LumenReflectionDenoiserCommon.ush" 2902
"../../../Engine/Shaders/Private/MegaLights/MegaLightsDenoiserTemporal.usf" 2903
"../../../Engine/Shaders/Private/MegaLights/MegaLightsShading.usf" 2904
"../../../Engine/Shaders/Private/StochasticLighting/StochasticLightingUpsample.ush" 2905
"../../../Engine/Shaders/Private/MegaLights/MegaLightsVisibleLightHash.usf" 2906
"../../../Engine/Shaders/Private/MegaLights/MegaLightsVolumeShading.usf" 2907
"../../../Engine/Shaders/Private/MegaLights/MegaLightsSampling.usf" 2908
"../../../Engine/Shaders/Private/MegaLights/MegaLightsSampling.ush" 2909
"../../../Engine/Shaders/Private/MegaLights/MegaLightsVolumeSampling.usf" 2910
"../../../Engine/Shaders/Private/MaterialCache/MaterialCacheABufferPages.usf" 2911
"../../../Engine/Shaders/Private/MaterialCache/MaterialCacheShade.usf" 2912
"../../../Engine/Shaders/Private/MaterialCache/MaterialCacheUnwrapNaniteShade.usf" 2913
"../../../Engine/Shaders/Private/MaterialCache/MaterialCacheUnwrapPixelShader.usf" 2914
"../../../Engine/Shaders/Private/MaterialCache/MaterialCacheUnwrapVertexShader.usf" 2915
"../../../Engine/Shaders/Private/Lumen/LumenVisualizeRadianceCache.usf" 2916
"../../../Engine/Shaders/Private/Lumen/LumenRadianceCacheCommon.ush" 2917
"../../../Engine/Shaders/Private/Lumen/LumenVisualizeHardwareRayTracing.usf" 2918
"../../../Engine/Shaders/Private/Lumen/LumenVisualize.ush" 2919
"../../../Engine/Shaders/Private/Lumen/LumenHairTracing.ush" 2920
"../../../Engine/Shaders/Private/Lumen/LumenVisualize.usf" 2921
"../../../Engine/Shaders/Private/Lumen/LumenSoftwareRayTracing.ush" 2922
"../../../Engine/Shaders/Private/DistanceField/GlobalDistanceFieldObjectGrid.ush" 2923
"../../../Engine/Shaders/Private/DistanceFieldLightingShared.ush" 2924
"../../../Engine/Shaders/Private/Lumen/LumenVisualizeTraces.ush" 2925
"../../../Engine/Shaders/Private/Lumen/LumenTranslucencyVolumeLighting.usf" 2926
"../../../Engine/Shaders/Private/Lumen/LumenRadianceCacheMarkCommon.ush" 2927
"../../../Engine/Shaders/Private/Lumen/LumenTranslucencyVolumeLightingShared.ush" 2928
"../../../Engine/Shaders/Private/Lumen/LumenScreenProbeCommon.ush" 2929
"../../../Engine/Shaders/Private/RayTracing/RayGenUtils.ush" 2930
"../../../Engine/Shaders/Private/Lumen/LumenRadianceCacheTracingCommon.ush" 2931
"../../../Engine/Shaders/Private/Lumen/LumenTranslucencyVolumeHardwareRayTracing.usf" 2932
"../../../Engine/Shaders/Private/Lumen/LumenTranslucencyRadianceCacheMarkShaders.usf" 2933
"../../../Engine/Shaders/Private/Lumen/SurfaceCache/LumenSurfaceCache.usf" 2934
"../../../Engine/Shaders/Private/Lumen/LumenShortRangeAOHardwareRayTracing.usf" 2935
"../../../Engine/Shaders/Private/Lumen/LumenScreenSpaceBentNormal.ush" 2936
"../../../Engine/Shaders/Private/Lumen/LumenScreenSpaceBentNormal.usf" 2937
"../../../Engine/Shaders/Private/Lumen/LumenScreenProbeTracing.usf" 2938
"../../../Engine/Shaders/Private/Lumen/LumenScreenProbeTracingCommon.ush" 2939
"../../../Engine/Shaders/Private/Lumen/LumenFloatQuantization.ush" 2940
"../../../Engine/Shaders/Private/Lumen/LumenScreenProbeImportanceSampling.usf" 2941
"../../../Engine/Shaders/Private/Lumen/LumenScreenProbeImportanceSamplingShared.ush" 2942
"../../../Engine/Shaders/Private/Lumen/LumenScreenProbeHardwareRayTracing.usf" 2943
"../../../Engine/Shaders/Private/Lumen/LumenScreenProbeDebug.usf" 2944
"../../../Engine/Shaders/Private/Lumen/LumenScreenProbeGather.usf" 2945
"../../../Engine/Shaders/Private/Lumen/LumenScreenProbeGatherTemporal.usf" 2946
"../../../Engine/Shaders/Private/Lumen/LumenScreenProbeFiltering.usf" 2947
"../../../Engine/Shaders/Private/Lumen/LumenSceneLighting.usf" 2948
"../../../Engine/Shaders/Private/Lumen/LumenCardTile.ush" 2949
"../../../Engine/Shaders/Private/Lumen/LumenSceneLighting.ush" 2950
"../../../Engine/Shaders/Private/Lumen/Radiosity/LumenRadiosity.ush" 2951
"../../../Engine/Shaders/Private/Lumen/LumenSceneLightingDebug.usf" 2952
"../../../Engine/Shaders/Private/Lumen/LumenScene.usf" 2953
"../../../Engine/Shaders/Private/Lumen/LumenSceneDirectLightingHardwareRayTracing.usf" 2954
"../../../Engine/Shaders/Private/Lumen/LumenSceneDirectLightingStochastic.ush" 2955
"../../../Engine/Shaders/Private/Lumen/LumenReflectionCommon.ush" 2956
"../../../Engine/Shaders/Private/Lumen/LumenSceneDirectLighting.ush" 2957
"../../../Engine/Shaders/Private/Lumen/LumenSceneDebugHardwareRayTracing.usf" 2958
"../../../Engine/Shaders/Private/Lumen/LumenSceneDirectLightingStochastic.usf" 2959
"../../../Engine/Shaders/Private/Lumen/LumenSceneDirectLightingSoftwareRayTracing.usf" 2960
"../../../Engine/Shaders/Private/DistanceFieldShadowingShared.ush" 2961
"../../../Engine/Shaders/Private/Lumen/LumenSceneDirectLightingPerLightShadowCommon.ush" 2962
"../../../Engine/Shaders/Private/Lumen/LumenSceneDirectLightingShadowMask.usf" 2963
"../../../Engine/Shaders/Private/Lumen/LumenSceneDirectLighting.usf" 2964
"../../../Engine/Shaders/Private/Lumen/LumenSceneDirectLightingCulling.usf" 2965
"../../../Engine/Shaders/Private/Lumen/LumenCardComputeShader.usf" 2966
"../../../Engine/Shaders/Private/Lumen/LumenCardBasePass.ush" 2967
"../../../Engine/Shaders/Private/Lumen/LumenCardPixelShader.usf" 2968
"../../../Engine/Shaders/Private/Lumen/LumenCardVertexShader.usf" 2969
"../../../Engine/Shaders/Private/Lumen/LumenReSTIRGather.usf" 2970
"../../../Engine/Shaders/Private/Lumen/LumenReflectionTracing.usf" 2971
"../../../Engine/Shaders/Private/Lumen/LumenReflectionDenoiserSpatial.usf" 2972
"../../../Engine/Shaders/Private/Lumen/LumenReflectionDenoiserClear.usf" 2973
"../../../Engine/Shaders/Private/Lumen/LumenReflectionDenoiserTemporal.usf" 2974
"../../../Engine/Shaders/Private/Lumen/LumenReflectionResolve.usf" 2975
"../../../Engine/Shaders/Private/Lumen/LumenReflections.usf" 2976
"../../../Engine/Shaders/Private/Lumen/RayTracedTranslucency.usf" 2977
"../../../Engine/Shaders/Private/Lumen/LumenReflectionHardwareRayTracing.usf" 2978
"../../../Engine/Shaders/Private/Lumen/Radiosity/LumenVisualizeRadiosityProbes.usf" 2979
"../../../Engine/Shaders/Private/Lumen/Radiosity/LumenRadiosity.usf" 2980
"../../../Engine/Shaders/Private/Lumen/Radiosity/LumenRadiosityHardwareRayTracing.usf" 2981
"../../../Engine/Shaders/Private/Lumen/Radiosity/LumenRadiosityCulling.usf" 2982
"../../../Engine/Shaders/Private/Lumen/LumenRadianceCacheHardwareRayTracing.usf" 2983
"../../../Engine/Shaders/Private/Lumen/LumenRadianceCache.usf" 2984
"../../../Engine/Shaders/Private/Lumen/LumenRadianceCacheUpdate.ush" 2985
"../../../Engine/Shaders/Private/Lumen/LumenRadianceCacheDebug.usf" 2986
"../../../Engine/Shaders/Private/Lumen/LumenRadianceCacheUpdate.usf" 2987
"../../../Engine/Shaders/Private/Lumen/LumenMeshSDFCulling.usf" 2988
"../../../Engine/Shaders/Private/HybridIndirectLighting.ush" 2989
"../../../Engine/Shaders/Private/MeshDistanceFieldCommon.ush" 2990
"../../../Engine/Shaders/Private/Lumen/LumenIrradianceFieldGather.usf" 2991
"../../../Engine/Shaders/Private/Lumen/LumenHardwareRayTracingMaterials.usf" 2992
"../../../Engine/Shaders/Private/Lumen/LumenFrontLayerTranslucency.usf" 2993
"../../../Engine/Shaders/Private/LocalFogVolumes/LocalFogVolumeSplat.usf" 2994
"../../../Engine/Shaders/Private/LocalFogVolumes/LocalFogVolumeTiledCulling.usf" 2995
"../../../Engine/Shaders/Private/LightShaftShader.usf" 2996
"../../../Engine/Shaders/Private/StationaryLightOverlapShaders.usf" 2997
"../../../Engine/Shaders/Private/DeferredLightPixelShaders.usf" 2998
"../../../Engine/Shaders/Private/DeferredLightVertexShaders.usf" 2999
"../../../Engine/Shaders/Private/LightMapDensityShader.usf" 3000
"../../../Engine/Shaders/Private/LightGridInjection.usf" 3001
"../../../Engine/Shaders/Shared/LightGridDefinitions.h" 3002
"../../../Engine/Shaders/Private/LightFunctionPixelShader.usf" 3003
"../../../Engine/Shaders/Private/LightFunctionVertexShader.usf" 3004
"../../../Engine/Shaders/Private/LightFunctionAtlas/LightFunctionAtlasRender.usf" 3005
"../../../Engine/Shaders/Private/InstanceCulling/InstanceCullingOcclusionQuery.usf" 3006
"../../../Engine/Shaders/Private/InstanceCulling/InstanceCullingSetup.ush" 3007
"../../../Engine/Shaders/Private/InstanceCulling/BuildInstanceDrawCommands.usf" 3008
"../../../Engine/Shaders/Private/InstanceCulling/InstanceCompactionCommon.ush" 3009
"../../../Engine/Shaders/Private/SceneDataMobileWriter.ush" 3010
"../../../Engine/Shaders/Private/InstanceCulling/CompactVisibleInstances.usf" 3011
"../../../Engine/Shaders/Private/ReflectionEnvironmentPixelShader.usf" 3012
"../../../Engine/Shaders/Private/AmbientCubemapComposite.usf" 3013
"../../../Engine/Shaders/Private/DiffuseIndirectComposite.usf" 3014
"../../../Engine/Shaders/Private/IESAtlas.usf" 3015
"../../../Engine/Shaders/Private/HeterogeneousVolumes/HeterogeneousVolumesVoxelGridShadows.usf" 3016
"../../../Engine/Shaders/Private/HeterogeneousVolumes/HeterogeneousVolumesStochasticFiltering.ush" 3017
"../../../Engine/Shaders/Private/HeterogeneousVolumes/HeterogeneousVolumesVoxelGridRenderingUtils.ush" 3018
"../../../Engine/Shaders/Private/HeterogeneousVolumes/HeterogeneousVolumesLightingUtils.ush" 3019
"../../../Engine/Shaders/Private/HeterogeneousVolumes/HeterogeneousVolumesVoxelGridRendering.usf" 3020
"../../../Engine/Shaders/Private/HeterogeneousVolumes/HeterogeneousVolumesVoxelGridPipeline.usf" 3021
"../../../Engine/Shaders/Private/HeterogeneousVolumes/HeterogeneousVolumesMaterialBakingPipeline.usf" 3022
"../../../Engine/Shaders/Private/HeterogeneousVolumes/HeterogeneousVolumesLiveShadingUtils.ush" 3023
"../../../Engine/Shaders/Private/HeterogeneousVolumes/HeterogeneousVolumesFrustumVoxelGrid.usf" 3024
"../../../Engine/Shaders/Private/HeterogeneousVolumes/HeterogeneousVolumesSparseVoxelPipeline.usf" 3025
"../../../Engine/Shaders/Private/HeterogeneousVolumes/HeterogeneousVolumesSparseVoxelUtils.ush" 3026
"../../../Engine/Shaders/Private/HeterogeneousVolumes/HeterogeneousVolumesSparseVoxelUniformBufferUtils.ush" 3027
"../../../Engine/Shaders/Private/HeterogeneousVolumes/HeterogeneousVolumesPreshadingPipeline.usf" 3028
"../../../Engine/Shaders/Private/HeterogeneousVolumes/HeterogeneousVolumesLiveShadingShadows.usf" 3029
"../../../Engine/Shaders/Private/HeterogeneousVolumes/HeterogeneousVolumesLiveShadingGlobalPipeline.usf" 3030
"../../../Engine/Shaders/Private/HeterogeneousVolumes/HeterogeneousVolumesLiveShadingPipeline.usf" 3031
"../../../Engine/Shaders/Private/HeterogeneousVolumes/HeterogeneousVolumesHardwareRayTracing.usf" 3032
"../../../Engine/Shaders/Private/HeterogeneousVolumes/HeterogeneousVolumesAmbientOcclusionPipeline.usf" 3033
"../../../Engine/Shaders/Private/HeterogeneousVolumes/HeterogeneousVolumesComposite.usf" 3034
"../../../Engine/Shaders/Private/HdrCustomResolveShaders.usf" 3035
"../../../Engine/Shaders/Private/HairStrands/RenderCurveRaster.usf" 3036
"../../../Engine/Shaders/Private/HairStrands/HairStrandsVoxelRasterCompute.usf" 3037
"../../../Engine/Shaders/Private/HairStrands/HairStrandsHitProxy.usf" 3038
"../../../Engine/Shaders/Private/HairStrands/HairStrandsVisibilityRasterComputeNaive.usf" 3039
"../../../Engine/Shaders/Private/HairStrands/HairStrandsVisibilityRasterHW.usf" 3040
"../../../Engine/Shaders/Private/HairStrands/HairStrandsVisibilityRasterCompute.usf" 3041
"../../../Engine/Shaders/Private/HairStrands/HairStrandsVisibilityRasterClassification.usf" 3042
"../../../Engine/Shaders/Private/HairStrands/HairStrandsCoverage.usf" 3043
"../../../Engine/Shaders/Private/HairStrands/HairStrandsVisibilityDepthPS.usf" 3044
"../../../Engine/Shaders/Private/HairStrands/HairStrandsVisibilityTransmittanceDepthPS.usf" 3045
"../../../Engine/Shaders/Private/HairStrands/HairStrandsVisibilityFillOpaqueDepthPS.usf" 3046
"../../../Engine/Shaders/Private/HairStrands/HairStrandsVisibilityCompactionComputeRaster.usf" 3047
"../../../Engine/Shaders/Private/HairStrands/HairStrandsVisibilityCompaction.usf" 3048
"../../../Engine/Shaders/Private/HairStrands/HairStrandsVisibilityCopyIndirectArg.usf" 3049
"../../../Engine/Shaders/Private/HairStrands/HairStrandsVisibilityClearPS.usf" 3050
"../../../Engine/Shaders/Private/HairStrands/HairStrandsVisibilityPS.usf" 3051
"../../../Engine/Shaders/Private/HairStrands/HairStrandsVisibilityVS.usf" 3052
"../../../Engine/Shaders/Private/HairStrands/HairStrandsVelocity.usf" 3053
"../../../Engine/Shaders/Private/HairStrands/HairStrandsVisibilityComputeSampleCoverage.usf" 3054
"../../../Engine/Shaders/Private/HairStrands/HairStrandsMaterialPS.usf" 3055
"../../../Engine/Shaders/Private/HairStrands/HairStrandsMaterialCommon.ush" 3056
"../../../Engine/Shaders/Private/HairStrands/HairStrandsMaterialVS.usf" 3057
"../../../Engine/Shaders/Private/HairStrands/HairStrandsLightSample.usf" 3058
"../../../Engine/Shaders/Private/HairStrands/HairStrandsDeepShadowMask.usf" 3059
"../../../Engine/Shaders/Private/HairStrands/HairStrandsDeepTransmittanceMask.usf" 3060
"../../../Engine/Shaders/Private/HairStrands/HairStrandsVisibilityTile.usf" 3061
"../../../Engine/Shaders/Private/HairStrands/HairStrandsDeepShadowPS.usf" 3062
"../../../Engine/Shaders/Private/HairStrands/HairStrandsDeepShadowVS.usf" 3063
"../../../Engine/Shaders/Private/HairStrands/HairStrandsAABB.usf" 3064
"../../../Engine/Shaders/Private/HairStrands/HairStrandsLUT.usf" 3065
"../../../Engine/Shaders/Private/HairStrands/HairStrandsForwardRaster.usf" 3066
"../../../Engine/Shaders/Private/HairStrands/HairStrandsForwardCulling.usf" 3067
"../../../Engine/Shaders/Private/HairStrands/HairStrandsEnvironmentLighting.usf" 3068
"../../../Engine/Shaders/Private/HairStrands/HairStrandsEnvironmentAO.usf" 3069
"../../../Engine/Shaders/Private/HairStrands/HairStrandsDeepShadowAllocation.usf" 3070
"../../../Engine/Shaders/Private/HairStrands/HairStrandsVoxelDebug.usf" 3071
"../../../Engine/Shaders/Private/HairStrands/HairStrandsComposition.usf" 3072
"../../../Engine/Shaders/Private/HairStrands/HairStrandsGBufferCommon.ush" 3073
"../../../Engine/Shaders/Private/GPUScene/GPUSceneDataManagement.usf" 3074
"../../../Engine/Shaders/Private/GPUSceneDebugRender.usf" 3075
"../../../Engine/Shaders/Private/GPUFeedbackCompaction.usf" 3076
"../../../Engine/Shaders/Private/GPUFastFourierTransform.usf" 3077
"../../../Engine/Shaders/Private/GPUFastFourierTransform2DCore.ush" 3078
"../../../Engine/Shaders/Private/GPUFastFourierTransformCore.ush" 3079
"../../../Engine/Shaders/Private/GPUBenchmark.usf" 3080
"../../../Engine/Shaders/Private/DistanceField/GlobalDistanceFieldDebug.usf" 3081
"../../../Engine/Shaders/Private/DistanceField/GlobalDistanceFieldUpdate.ush" 3082
"../../../Engine/Shaders/Private/DistanceField/GlobalDistanceFieldMip.usf" 3083
"../../../Engine/Shaders/Private/DistanceField/GlobalDistanceField.usf" 3084
"../../../Engine/Shaders/Private/DistanceField/GlobalDistanceFieldCompositeObjects.usf" 3085
"../../../Engine/Shaders/Private/DistanceField/GlobalDistanceFieldHeightfields.usf" 3086
"../../../Engine/Shaders/Private/HeightfieldLightingShared.ush" 3087
"../../../Engine/Shaders/Private/GenerateConservativeDepth.usf" 3088
"../../../Engine/Shaders/Private/HeightFogPixelShader.usf" 3089
"../../../Engine/Shaders/Private/HeightFogVertexShader.usf" 3090
"../../../Engine/Shaders/Private/DistortFiltering.usf" 3091
"../../../Engine/Shaders/Private/DistortAccumulatePS.usf" 3092
"../../../Engine/Shaders/Private/DistortAccumulateVS.usf" 3093
"../../../Engine/Shaders/Private/DistanceFieldVisualization.usf" 3094
"../../../Engine/Shaders/Private/DistanceFieldStreaming.usf" 3095
"../../../Engine/Shaders/Private/DistanceFieldShadowing.usf" 3096
"../../../Engine/Shaders/Private/DistanceFieldScreenGridLighting.usf" 3097
"../../../Engine/Shaders/Private/DistanceFieldObjectCulling.usf" 3098
"../../../Engine/Shaders/Private/DistanceFieldLightingPost.usf" 3099
"../../../Engine/Shaders/Private/DitheredTransitionStencil.usf" 3100
"../../../Engine/Shaders/Private/CopyDepthTexture.usf" 3101
"../../../Engine/Shaders/Private/CopyDepthTextureCS.usf" 3102
"../../../Engine/Shaders/Private/DeferredDecal.usf" 3103
"../../../Engine/Shaders/Private/DecalCommon.ush" 3104
"../../../Engine/Shaders/Private/DebugViewModeVertexShader.usf" 3105
"../../../Engine/Shaders/Private/DebugViewModeCommon.ush" 3106
"../../../Engine/Shaders/Private/DebugViewModePixelShader.usf" 3107
"../../../Engine/Shaders/Private/DebugProbes.usf" 3108
"../../../Engine/Shaders/Private/MeshDecals.usf" 3109
"../../../Engine/Shaders/Private/PostProcessAmbientOcclusion.usf" 3110
"../../../Engine/Shaders/Private/ClusteredDeferredShadingPixelShader.usf" 3111
"../../../Engine/Shaders/Private/ClusteredDeferredShadingVertexShader.usf" 3112
"../../../Engine/Shaders/Private/CapsuleShadowShaders.usf" 3113
"../../../Engine/Shaders/Private/BasePassPixelShader.usf" 3114
"../../../Engine/Shaders/Private/ForwardLightingCommon.ush" 3115
"../../../Engine/Shaders/Private/Substrate/SubstrateForwardLighting.ush" 3116
"../../../Engine/Shaders/Private/ComputeShaderOutputCommon.ush" 3117
"../../../Engine/Shaders/Private/BasePassVertexShader.usf" 3118
"../../../Engine/Shaders/Private/BasePassVertexCommon.ush" 3119
"../../../Engine/Shaders/Private/SimpleElementVolumeTexturePreviewPixelShader.usf" 3120
"../../../Engine/Shaders/Private/SimpleElementTexture2DPreviewPixelShader.usf" 3121
"../../../Engine/Shaders/Private/meshpaintdilatepixelshader.usf" 3122
"../../../Engine/Shaders/Private/meshpaintdilatevertexshader.usf" 3123
"../../../Engine/Shaders/Private/MeshPaintPixelShader.usf" 3124
"../../../Engine/Shaders/Private/MeshPaintVertexShader.usf" 3125
"../../../Engine/Shaders/Private/SlateElementPixelShader.usf" 3126
"../../../Engine/Shaders/Private/SlateShaderCommon.ush" 3127
"../../../Engine/Shaders/Private/SlateMaskingShader.usf" 3128
"../../../Engine/Shaders/Private/SlateVertexShader.usf" 3129
"../../../Engine/Shaders/Private/CompositeUIPixelShader.usf" 3130
"../../../Engine/Shaders/Private/ColorDeficiency.ush" 3131
"../../../Engine/Shaders/Private/SlatePostProcessColorDeficiencyPixelShader.usf" 3132
"../../../Engine/Shaders/Private/SlatePostProcessPixelShader.usf" 3133
"../../../Engine/Shaders/Private/Tools/VisualizeTexture.usf" 3134
"../../../Engine/Shaders/Private/UpdateDescriptorHandle.usf" 3135
"../../../Engine/Shaders/Private/ByteBuffer.usf" 3136
"../../../Engine/Shaders/Private/ShaderBundleWorkGraphDispatch.usf" 3137
"../../../Engine/Shaders/Private/ShaderBundleDispatch.usf" 3138
"../../../Engine/Shaders/Private/ResolveVertexShader.usf" 3139
"../../../Engine/Shaders/Private/ResolvePixelShader.usf" 3140
"../../../Engine/Shaders/Private/Tools/SetupIndirectArgs.usf" 3141
"../../../Engine/Shaders/Private/ClearReplacementShaders.usf" 3142
"../../../Engine/Shaders/Private/Tools/DrawTexture.usf" 3143
"../../../Engine/Shaders/Private/RayTracing/RayTracingValidation.usf" 3144
"../../../Engine/Shaders/Private/RenderGraphUtilities.usf" 3145
"../../../Engine/Shaders/Private/OneColorShader.usf" 3146
"../../../Engine/Shaders/Private/OculusShaders.usf" 3147
"../../../Engine/Shaders/Private/MediaShaders.usf" 3148
"../../../Engine/Shaders/Private/GPUMessaging.usf" 3149
"../../../Engine/Shaders/Private/Tools/GPUDebugCrashUtils.usf" 3150
"../../../Engine/Shaders/Private/NullPixelShader.usf" 3151
"../../../Engine/Shaders/Private/ComputeGenerateMips.usf" 3152
"../../../Engine/Shaders/Private/Tools/DumpTexture.usf" 3153
"../../../Engine/Shaders/Private/CopyTextureShaders.usf" 3154
"../../../Engine/Shaders/Private/Tools/FullscreenVertexShader.usf" 3155
"../../../Engine/Shaders/Private/RayTracing/RayTracingDispatchDesc.usf" 3156
"../../../Engine/Shaders/Private/Bink.usf" 3157
"../../../Engine/Shaders/Private/VelocityShader.usf" 3158
"../../../Engine/Shaders/Private/DepthOnlyPixelShader.usf" 3159
"../../../Engine/Shaders/Private/PositionOnlyDepthVertexShader.usf" 3160
"../../../Engine/Shaders/Private/DepthOnlyVertexShader.usf" 3161
"../../../Engine/Shaders/Private/AnisotropyPassShader.usf" 3162
"D:/mydata/Repositories/MechaManZero/mmz/Content/MAP/Blockout.umap" 3163
"D:/mydata/Repositories/MechaManZero/mmz/Content/Weapon/AA_gun1/BP_Gun.uasset" 3164
"D:/mydata/Repositories/MechaManZero/mmz/Content/Laboratory/Materials/M_Glass.uasset" 3165
"/Engine/EngineResources/WhiteSquareTexture" 3166
"../../../Engine/Content/EngineResources/WhiteSquareTexture.uasset" 3167
"/Engine/EngineResources/GradientTexture0" 3168
"../../../Engine/Content/EngineResources/GradientTexture0.uasset" 3169
"/Engine/EngineResources/Black" 3170
"../../../Engine/Content/EngineResources/Black.uasset" 3171
"/Engine/EditorResources/S_Actor" 3172
"../../../Engine/Content/EditorResources/S_Actor.uasset" 3173
"/Engine/EngineFonts/RobotoDistanceField" 3174
"../../../Engine/Content/EngineFonts/RobotoDistanceField.uasset" 3175
"/Engine/EngineMaterials/DefaultTextMaterialOpaque" 3176
"../../../Engine/Content/EngineMaterials/DefaultTextMaterialOpaque.uasset" 3177
"/Engine/Functions/Engine_MaterialFunctions01/Shading/PowerToRoughness" 3178
"../../../Engine/Content/Functions/Engine_MaterialFunctions01/Shading/PowerToRoughness.uasset" 3179
"/Engine/Functions/Engine_MaterialFunctions01/Shading/ConvertFromDiffSpec" 3180
"../../../Engine/Content/Functions/Engine_MaterialFunctions01/Shading/ConvertFromDiffSpec.uasset" 3181
"/Engine/EngineMaterials/WorldGridMaterial" 3182
"../../../Engine/Content/EngineMaterials/WorldGridMaterial.uasset" 3183
"../../../Engine/Content/Functions/Engine_MaterialFunctions01/Opacity/CameraDepthFade.uasset" 3184
"../../../Engine/Content/EngineMaterials/T_Default_Material_Grid_M.uasset" 3185
"../../../Engine/Content/EngineMaterials/T_Default_Material_Grid_N.uasset" 3186
"/Engine/EngineMaterials/DefaultDeferredDecalMaterial" 3187
"../../../Engine/Content/EngineMaterials/DefaultDeferredDecalMaterial.uasset" 3188
"../../../Engine/Content/EngineMaterials/DefaultDiffuse.uasset" 3189
"/Engine/EngineMaterials/DefaultLightFunctionMaterial" 3190
"../../../Engine/Content/EngineMaterials/DefaultLightFunctionMaterial.uasset" 3191
"/Engine/EngineMaterials/DefaultPostProcessMaterial" 3192
"../../../Engine/Content/EngineMaterials/DefaultPostProcessMaterial.uasset" 3193
"../../../Engine/Content/Functions/Engine_MaterialFunctions02/Utility/BreakOutFloat2Components.uasset" 3194
"/Engine/EditorResources/S_Trigger" 3195
"../../../Engine/Content/EditorResources/S_Trigger.uasset" 3196
"/Engine/EditorResources/S_BoxReflectionCapture" 3197
"../../../Engine/Content/EditorResources/S_BoxReflectionCapture.uasset" 3198
"/Engine/EngineResources/DefaultTexture" 3199
"../../../Engine/Content/EngineResources/DefaultTexture.uasset" 3200
"/Engine/EditorResources/S_TriggerBox" 3201
"../../../Engine/Content/EditorResources/S_TriggerBox.uasset" 3202
"/Engine/EditorResources/S_TriggerCapsule" 3203
"../../../Engine/Content/EditorResources/S_TriggerCapsule.uasset" 3204
"/Engine/EditorResources/S_TriggerSphere" 3205
"../../../Engine/Content/EditorResources/S_TriggerSphere.uasset" 3206
"/Engine/EngineDamageTypes/DmgTypeBP_Environmental" 3207
"../../../Engine/Content/EngineDamageTypes/DmgTypeBP_Environmental.uasset" 3208
"/Engine/EngineMeshes/Sphere" 3209
"../../../Engine/Content/EngineMeshes/Sphere.uasset" 3210
"/Engine/EngineResources/DefaultTextureCube" 3211
"../../../Engine/Content/EngineResources/DefaultTextureCube.uasset" 3212
"/Engine/EngineResources/DefaultVolumeTexture" 3213
"../../../Engine/Content/EngineResources/DefaultVolumeTexture.uasset" 3214
"../../../Engine/Content/EngineResources/DefaultVolumeTexture2D.uasset" 3215
"/Engine/VREditor/TransformGizmo/SM_Sequencer_Node" 3216
"../../../Engine/Content/VREditor/TransformGizmo/SM_Sequencer_Node.uasset" 3217
"../../../Engine/Content/VREditor/TransformGizmo/Main.uasset" 3218
"../../../Engine/Content/VREditor/TransformGizmo/Xray.uasset" 3219
"/Engine/EditorResources/S_Solver" 3220
"../../../Engine/Content/EditorResources/S_Solver.uasset" 3221
"/Engine/EngineDebugMaterials/VolumeToRender" 3222
"../../../Engine/Content/EngineDebugMaterials/VolumeToRender.uasset" 3223
"/Engine/EngineDebugMaterials/M_VolumeRenderSphereTracePP" 3224
"../../../Engine/Content/EngineDebugMaterials/M_VolumeRenderSphereTracePP.uasset" 3225
"../../../Engine/Content/Functions/Engine_MaterialFunctions02/Utility/CameraDirectionVector.uasset" 3226
"/Engine/EditorMeshes/Camera/SM_CraneRig_Base" 3227
"../../../Engine/Content/EditorMeshes/Camera/SM_CraneRig_Base.uasset" 3228
"../../../Engine/Content/EditorMaterials/Camera/MI_CineMat_Rig.uasset" 3229
"../../../Engine/Content/EditorMaterials/Camera/CineMat.uasset" 3230
"/Engine/EditorMeshes/Camera/SM_CraneRig_Arm" 3231
"../../../Engine/Content/EditorMeshes/Camera/SM_CraneRig_Arm.uasset" 3232
"/Engine/EditorMeshes/Camera/SM_CraneRig_Mount" 3233
"../../../Engine/Content/EditorMeshes/Camera/SM_CraneRig_Mount.uasset" 3234
"/Engine/EditorMeshes/Camera/SM_CraneRig_Body" 3235
"../../../Engine/Content/EditorMeshes/Camera/SM_CraneRig_Body.uasset" 3236
"/Engine/EditorMeshes/Camera/SM_RailRig_Track" 3237
"../../../Engine/Content/EditorMeshes/Camera/SM_RailRig_Track.uasset" 3238
"/Engine/EditorMeshes/Camera/SM_RailRig_Mount" 3239
"../../../Engine/Content/EditorMeshes/Camera/SM_RailRig_Mount.uasset" 3240
"/Engine/EditorLandscapeResources/SplineEditorMesh" 3241
"../../../Engine/Content/EditorLandscapeResources/SplineEditorMesh.uasset" 3242
"../../../Engine/Content/EditorLandscapeResources/SplineEditorMeshMat.uasset" 3243
"/HairStrands/Materials/HairDebugMaterial" 3244
"../../Plugins/Runtime/HairStrands/Content/Materials/HairDebugMaterial.uasset" 3245
"../../../Engine/Content/Functions/Engine_MaterialFunctions02/Utility/MakeFloat2.uasset" 3246
"../../../Engine/Content/Functions/Engine_MaterialFunctions02/Utility/MakeFloat3.uasset" 3247
"../../../Engine/Content/EngineMaterials/HairColorMap.uasset" 3248
"../../../Engine/Content/EngineMaterials/HairDebugColor.uasset" 3249
"../../Plugins/Runtime/HairStrands/Content/Materials/HairGroupColors.uasset" 3250
"/HairStrands/Materials/HairDefaultMaterial" 3251
"../../Plugins/Runtime/HairStrands/Content/Materials/HairDefaultMaterial.uasset" 3252
"/HairStrands/Materials/HairCardsDefaultMaterial" 3253
"../../Plugins/Runtime/HairStrands/Content/Materials/HairCardsDefaultMaterial.uasset" 3254
"/HairStrands/Materials/HairMeshesDefaultMaterial" 3255
"../../Plugins/Runtime/HairStrands/Content/Materials/HairMeshesDefaultMaterial.uasset" 3256
"/Engine/BasicShapes/Cube" 3257
"../../../Engine/Content/BasicShapes/Cube.uasset" 3258
"/CameraCalibrationCore/Materials/M_DefaultOddSquare" 3259
"../../Plugins/VirtualProduction/CameraCalibrationCore/Content/Materials/M_DefaultOddSquare.uasset" 3260
"/CameraCalibrationCore/Materials/M_DefaultEvenSquare" 3261
"../../Plugins/VirtualProduction/CameraCalibrationCore/Content/Materials/M_DefaultEvenSquare.uasset" 3262
"/Engine/EngineMaterials/Widget3DPassThrough_Translucent" 3263
"../../../Engine/Content/EngineMaterials/Widget3DPassThrough_Translucent.uasset" 3264
"../../../Engine/Content/EngineMaterials/Widget3DPassThrough.uasset" 3265
"/Engine/EngineMaterials/Widget3DPassThrough_Translucent_OneSided" 3266
"../../../Engine/Content/EngineMaterials/Widget3DPassThrough_Translucent_OneSided.uasset" 3267
"/Engine/EngineMaterials/Widget3DPassThrough_Opaque" 3268
"../../../Engine/Content/EngineMaterials/Widget3DPassThrough_Opaque.uasset" 3269
"/Engine/EngineMaterials/Widget3DPassThrough_Opaque_OneSided" 3270
"../../../Engine/Content/EngineMaterials/Widget3DPassThrough_Opaque_OneSided.uasset" 3271
"/Engine/EngineMaterials/Widget3DPassThrough_Masked" 3272
"../../../Engine/Content/EngineMaterials/Widget3DPassThrough_Masked.uasset" 3273
"/Engine/EngineMaterials/Widget3DPassThrough_Masked_OneSided" 3274
"../../../Engine/Content/EngineMaterials/Widget3DPassThrough_Masked_OneSided.uasset" 3275
"/Engine/VREditor/ViewportInteractionAssetContainerData" 3276
"../../../Engine/Content/VREditor/ViewportInteractionAssetContainerData.uasset" 3277
"../../../Engine/Content/VREditor/SnapGrid/SnapGridMaterial.uasset" 3278
"../../../Engine/Content/VREditor/TransformGizmo/TransformGizmoMaterial_Inst.uasset" 3279
"../../../Engine/Content/VREditor/TransformGizmo/TranslucentTransformGizmoMaterial_Inst.uasset" 3280
"../../../Engine/Content/VREditor/SnapGrid/SnapGridPlaneMesh.uasset" 3281
"../../../Engine/Content/VREditor/Sounds/UI/Drop_Item_From_ContentBrowser.uasset" 3282
"../../../Engine/Content/VREditor/Sounds/UI/Gizmo_Handle_Clicked.uasset" 3283
"../../../Engine/Content/VREditor/Sounds/UI/Object_PickUp.uasset" 3284
"../../../Engine/Content/VREditor/Sounds/UI/Object_Snaps_To_Another_Actor.uasset" 3285
"../../../Engine/Content/VREditor/Sounds/UI/Object_Snaps_To_Grid.uasset" 3286
"../../../Engine/Content/VREditor/Sounds/UI/Scaling_Down.uasset" 3287
"../../../Engine/Content/VREditor/Sounds/UI/Scaling_Up.uasset" 3288
"../../../Engine/Content/VREditor/Sounds/UI/Selection_Changes.uasset" 3289
"../../../Engine/Content/VREditor/TransformGizmo/PlaneTranslationHandle.uasset" 3290
"../../../Engine/Content/VREditor/TransformGizmo/RotationHandleFull.uasset" 3291
"../../../Engine/Content/VREditor/TransformGizmo/RotationHandleIndicator.uasset" 3292
"../../../Engine/Content/VREditor/TransformGizmo/RotationHandleQuarter.uasset" 3293
"../../../Engine/Content/VREditor/TransformGizmo/StartRotationHandleIndicator.uasset" 3294
"../../../Engine/Content/VREditor/TransformGizmo/TransformGizmoFreeRotation.uasset" 3295
"../../../Engine/Content/VREditor/TransformGizmo/TranslateArrowHandle.uasset" 3296
"../../../Engine/Content/VREditor/TransformGizmo/UniformScaleHandle.uasset" 3297
"../../../Engine/Content/Functions/Engine_MaterialFunctions02/Math/Transform3x3Matrix.uasset" 3298
"../../../Engine/Content/Functions/Engine_MaterialFunctions02/SplitComponents.uasset" 3299
"../../../Engine/Content/VREditor/TransformGizmo/TransformGizmoMaterial.uasset" 3300
"../../../Engine/Content/VREditor/TransformGizmo/TranslucentTransformGizmoMaterial.uasset" 3301
"../../../Engine/Content/Functions/Engine_MaterialFunctions02/Utility/BreakOutFloat3Components.uasset" 3302
"../../../Engine/Content/VREditor/LaserPointer/VR_LaserPower_01.uasset" 3303
"/Engine/VREditor/TransformGizmo/BoundingBoxCorner" 3304
"../../../Engine/Content/VREditor/TransformGizmo/BoundingBoxCorner.uasset" 3305
"/Engine/VREditor/TransformGizmo/BoundingBoxEdge" 3306
"../../../Engine/Content/VREditor/TransformGizmo/BoundingBoxEdge.uasset" 3307
"/Engine/ArtTools/RenderToTexture/Meshes/S_1_Unit_Plane" 3308
"../../../Engine/Content/ArtTools/RenderToTexture/Meshes/S_1_Unit_Plane.uasset" 3309
"/Engine/EngineDebugMaterials/M_SimpleUnlitTranslucent" 3310
"../../../Engine/Content/EngineDebugMaterials/M_SimpleUnlitTranslucent.uasset" 3311
"/Engine/EngineFonts/Roboto" 3312
"../../../Engine/Content/EngineFonts/Roboto.uasset" 3313
"../../../Engine/Content/EngineFonts/Faces/DroidSansFallback.uasset" 3314
"../../../Engine/Content/EngineFonts/Faces/RobotoBold.uasset" 3315
"../../../Engine/Content/EngineFonts/Faces/RobotoBoldItalic.uasset" 3316
"../../../Engine/Content/EngineFonts/Faces/RobotoItalic.uasset" 3317
"../../../Engine/Content/EngineFonts/Faces/RobotoLight.uasset" 3318
"../../../Engine/Content/EngineFonts/Faces/RobotoRegular.uasset" 3319
"/Engine/EditorMaterials/ParticleSystems/PSysThumbnail_NoImage" 3320
"../../../Engine/Content/EditorMaterials/ParticleSystems/PSysThumbnail_NoImage.uasset" 3321
"/Engine/EditorMaterials/ParticleSystems/PSysThumbnail_OOD" 3322
"../../../Engine/Content/EditorMaterials/ParticleSystems/PSysThumbnail_OOD.uasset" 3323
"/Engine/EngineResources/LandscapeVisibilityLayerInfo" 3324
"../../../Engine/Content/EngineResources/LandscapeVisibilityLayerInfo.uasset" 3325
"/ACLPlugin/ACLAnimBoneCompressionSettings" 3326
"../../Plugins/Animation/ACLPlugin/Content/ACLAnimBoneCompressionSettings.uasset" 3327
"/Engine/Animation/DefaultRecorderBoneCompression" 3328
"../../../Engine/Content/Animation/DefaultRecorderBoneCompression.uasset" 3329
"/ACLPlugin/ACLAnimCurveCompressionSettings" 3330
"../../Plugins/Animation/ACLPlugin/Content/ACLAnimCurveCompressionSettings.uasset" 3331
"/Engine/Animation/DefaultVariableFrameStrippingSettings" 3332
"../../../Engine/Content/Animation/DefaultVariableFrameStrippingSettings.uasset" 3333
"/AudioWidgets/Resources/ScrubHandleDown_Clamped" 3334
"../../Plugins/Runtime/AudioWidgets/Content/Resources/ScrubHandleDown_Clamped.uasset" 3335
"/Paper2D/MaskedUnlitSpriteMaterial" 3336
"../../Plugins/2D/Paper2D/Content/MaskedUnlitSpriteMaterial.uasset" 3337
"../../Plugins/2D/Paper2D/Content/DefaultSpriteMaterial.uasset" 3338
"../../Plugins/2D/Paper2D/Content/PlaceholderTextures/DummySpriteTexture.uasset" 3339
"/Paper2D/OpaqueUnlitSpriteMaterial" 3340
"../../Plugins/2D/Paper2D/Content/OpaqueUnlitSpriteMaterial.uasset" 3341
"/Paper2D/DefaultPaperTerrainMaterial" 3342
"../../Plugins/2D/Paper2D/Content/DefaultPaperTerrainMaterial.uasset" 3343
"../../Plugins/2D/Paper2D/Content/DummySprite.uasset" 3344
"/ControlRig/Controls/ControlRigXRayMaterial" 3345
"../../Plugins/Animation/ControlRig/Content/Controls/ControlRigXRayMaterial.uasset" 3346
"/ControlRig/Controls/DefaultGizmoLibraryNormalized" 3347
"../../Plugins/Animation/ControlRig/Content/Controls/DefaultGizmoLibraryNormalized.uasset" 3348
"/ControlRig/M_Manip" 3349
"../../Plugins/Animation/ControlRig/Content/M_Manip.uasset" 3350
"../../../Engine/Content/Functions/Engine_MaterialFunctions02/WorldPositionOffset/CameraOffset.uasset" 3351
"/MediaPlate/SM_MediaPlateScreen" 3352
"../../Plugins/Media/MediaPlate/Content/SM_MediaPlateScreen.uasset" 3353
"/SpeedTreeImporter/SpeedTree9/SpeedTreeMaster" 3354
"../../Plugins/Editor/SpeedTreeImporter/Content/SpeedTree9/SpeedTreeMaster.uasset" 3355
"../../../Engine/Content/Functions/Engine_MaterialFunctions02/ObjectLocalBounds.uasset" 3356
"../../../Engine/Content/Functions/Engine_MaterialFunctions02/SafeNormalize.uasset" 3357
"../../../Engine/Content/Functions/Engine_MaterialFunctions02/Utility/VectorLength.uasset" 3358
"../../../Engine/Content/Functions/Engine_MaterialFunctions02/UVs/BoundingBoxBased_0-1_UVW.uasset" 3359
"../../../Engine/Content/Functions/Engine_MaterialFunctions02/WorldPositionOffset/ObjectScale.uasset" 3360
"../../Plugins/Editor/SpeedTreeImporter/Content/SpeedTree9/SpeedTreeBranchMotion.uasset" 3361
"../../Plugins/Editor/SpeedTreeImporter/Content/SpeedTree9/SpeedTreeCameraFacing.uasset" 3362
"../../Plugins/Editor/SpeedTreeImporter/Content/SpeedTree9/SpeedTreeWind.uasset" 3363
"../../Plugins/Editor/SpeedTreeImporter/Content/SpeedTree9/SpeedTreeWindMotion.uasset" 3364
"../../Plugins/Editor/SpeedTreeImporter/Content/SpeedTree9/UnpackDirection.uasset" 3365
"../../Plugins/Editor/SpeedTreeImporter/Content/SpeedTree9/UnpackInteger3.uasset" 3366
"../../Plugins/Editor/SpeedTreeImporter/Content/SpeedTree9/Empty.uasset" 3367
"../../Plugins/Editor/SpeedTreeImporter/Content/SpeedTree9/EmptyNormal.uasset" 3368
"../../Plugins/Editor/SpeedTreeImporter/Content/SpeedTree9/game_wind_noise.uasset" 3369
"/SpeedTreeImporter/SpeedTree9/SpeedTreeBillboardMaster" 3370
"../../Plugins/Editor/SpeedTreeImporter/Content/SpeedTree9/SpeedTreeBillboardMaster.uasset" 3371
"../../Plugins/Editor/SpeedTreeImporter/Content/SpeedTree9/SpeedTreeBillboard.uasset" 3372
"/Engine/BasicShapes/BasicShapeMaterial" 3373
"../../../Engine/Content/BasicShapes/BasicShapeMaterial.uasset" 3374
"/Engine/EditorMaterials/Dataflow/DataflowVertexMaterial" 3375
"../../../Engine/Content/EditorMaterials/Dataflow/DataflowVertexMaterial.uasset" 3376
"/Engine/EditorMaterials/Dataflow/DataflowTwoSidedVertexMaterial" 3377
"../../../Engine/Content/EditorMaterials/Dataflow/DataflowTwoSidedVertexMaterial.uasset" 3378
"/Engine/EditorLandscapeResources/LayerVisMaterial" 3379
"../../../Engine/Content/EditorLandscapeResources/LayerVisMaterial.uasset" 3380
"../../../Engine/Content/EditorLandscapeResources/WhiteSquareTexture.uasset" 3381
"/Engine/EditorLandscapeResources/SelectBrushMaterial_Selected" 3382
"../../../Engine/Content/EditorLandscapeResources/SelectBrushMaterial_Selected.uasset" 3383
"../../../Engine/Content/EditorLandscapeResources/SelectBrushMaterial.uasset" 3384
"../../../Engine/Content/Functions/Engine_MaterialFunctions03/Math/WithinRangeFloat2.uasset" 3385
"../../../Engine/Content/EditorLandscapeResources/DefaultAlphaTexture.uasset" 3386
"/Engine/EditorLandscapeResources/SelectBrushMaterial_SelectedRegion" 3387
"../../../Engine/Content/EditorLandscapeResources/SelectBrushMaterial_SelectedRegion.uasset" 3388
"/Engine/EditorLandscapeResources/MaskBrushMaterial_MaskedRegion" 3389
"../../../Engine/Content/EditorLandscapeResources/MaskBrushMaterial_MaskedRegion.uasset" 3390
"../../../Engine/Content/EditorLandscapeResources/MaskBrushMaterial.uasset" 3391
"/Engine/EditorLandscapeResources/ColorMaskBrushMaterial_MaskedRegion" 3392
"../../../Engine/Content/EditorLandscapeResources/ColorMaskBrushMaterial_MaskedRegion.uasset" 3393
"../../../Engine/Content/EditorLandscapeResources/ColorMaskBrushMaterial.uasset" 3394
"/Engine/EditorLandscapeResources/LandscapeDirtyMaterial" 3395
"../../../Engine/Content/EditorLandscapeResources/LandscapeDirtyMaterial.uasset" 3396
"/Engine/EditorLandscapeResources/LandscapeLayerUsageMaterial" 3397
"../../../Engine/Content/EditorLandscapeResources/LandscapeLayerUsageMaterial.uasset" 3398
"../../../Engine/Content/Functions/Engine_MaterialFunctions01/Debug/DebugIntValues.uasset" 3399
"../../../Engine/Content/Functions/Engine_MaterialFunctions01/Texturing/ScaleUVsByCenter.uasset" 3400
"../../../Engine/Content/Functions/Engine_MaterialFunctions02/WorldPositionOffset/LocalPosition.uasset" 3401
"../../../Engine/Content/Functions/Engine_MaterialFunctions01/Texturing/TextureCropping.uasset" 3402
"../../../Engine/Content/Functions/Engine_MaterialFunctions02/ExampleContent/DebugNumberStrip.uasset" 3403
"C:/Users/ashbill/AppData/Local/UnrealEngine/Editor/UInteractiveToolsPresetCollectionAsset_DefaultCollection.json" 3404
"/Engine/EngineMaterials/NaniteHiddenSectionMaterial" 3405
"../../../Engine/Content/EngineMaterials/NaniteHiddenSectionMaterial.uasset" 3406
"/Engine/EngineMaterials/RemoveSurfaceMaterial" 3407
"../../../Engine/Content/EngineMaterials/RemoveSurfaceMaterial.uasset" 3408
"/Engine/EngineDebugMaterials/DebugMeshMaterial" 3409
"../../../Engine/Content/EngineDebugMaterials/DebugMeshMaterial.uasset" 3410
"/Engine/EngineMaterials/EmissiveMeshMaterial" 3411
"../../../Engine/Content/EngineMaterials/EmissiveMeshMaterial.uasset" 3412
"../../../Engine/Content/EngineMaterials/DefaultWhiteGrid_Low.uasset" 3413
"/Engine/EngineMaterials/M_InvalidLightmapSettings" 3414
"../../../Engine/Content/EngineMaterials/M_InvalidLightmapSettings.uasset" 3415
"../../../Engine/Content/EngineMaterials/InvalidLightmapSettings.uasset" 3416
"/Engine/EngineMaterials/GizmoMaterial" 3417
"../../../Engine/Content/EngineMaterials/GizmoMaterial.uasset" 3418
"/Engine/EngineMaterials/PhAT_JointLimitMaterial" 3419
"../../../Engine/Content/EngineMaterials/PhAT_JointLimitMaterial.uasset" 3420
"/Engine/EngineMaterials/FlattenMaterial" 3421
"../../../Engine/Content/EngineMaterials/FlattenMaterial.uasset" 3422
"../../../Engine/Content/EngineMaterials/BaseFlattenDiffuseMap.uasset" 3423
"../../../Engine/Content/EngineMaterials/BaseFlattenEmissiveMap.uasset" 3424
"../../../Engine/Content/EngineMaterials/BaseFlattenGrayscaleMap.uasset" 3425
"../../../Engine/Content/EngineMaterials/BaseFlattenLinearColor.uasset" 3426
"../../../Engine/Content/EngineMaterials/BaseFlattenNormalMap.uasset" 3427
"../../../Engine/Content/Functions/Engine_MaterialFunctions02/PivotPainter2/Black_1x1_EXR_Texture.uasset" 3428
"/Engine/EngineMaterials/FlattenMaterial_VT" 3429
"../../../Engine/Content/EngineMaterials/FlattenMaterial_VT.uasset" 3430
"../../../Engine/Content/EngineMaterials/BaseFlattenDiffuseMap_VT.uasset" 3431
"../../../Engine/Content/EngineMaterials/BaseFlattenEmissiveMap_VT.uasset" 3432
"../../../Engine/Content/EngineMaterials/BaseFlattenGrayscaleMap_VT.uasset" 3433
"../../../Engine/Content/EngineMaterials/BaseFlattenLinearColor_VT.uasset" 3434
"../../../Engine/Content/EngineMaterials/BaseFlattenNormalMap_VT.uasset" 3435
"../../../Engine/Content/EngineMaterials/Black_1x1_EXR_Texture_VT.uasset" 3436
"/Engine/EngineMaterials/FlattenMaterial_WS_Normal_VT" 3437
"../../../Engine/Content/EngineMaterials/FlattenMaterial_WS_Normal_VT.uasset" 3438
"/Engine/EngineMaterials/Good64x64TilingNoiseHighFreq" 3439
"../../../Engine/Content/EngineMaterials/Good64x64TilingNoiseHighFreq.uasset" 3440
"/Engine/EngineMaterials/DefaultBokeh" 3441
"../../../Engine/Content/EngineMaterials/DefaultBokeh.uasset" 3442
"/Engine/EngineMaterials/MiniFont" 3443
"../../../Engine/Content/EngineMaterials/MiniFont.uasset" 3444
"/Engine/EngineMaterials/WeightMapPlaceholderTexture" 3445
"../../../Engine/Content/EngineMaterials/WeightMapPlaceholderTexture.uasset" 3446
"/Engine/EngineMaterials/WeightMapArrayPlaceholderTexture" 3447
"../../../Engine/Content/EngineMaterials/WeightMapArrayPlaceholderTexture.uasset" 3448
"/Engine/EngineMaterials/DefaultWhiteGrid" 3449
"../../../Engine/Content/EngineMaterials/DefaultWhiteGrid.uasset" 3450
"/Engine/EngineMaterials/PreintegratedSkinBRDF" 3451
"../../../Engine/Content/EngineMaterials/PreintegratedSkinBRDF.uasset" 3452
"/Engine/EngineMaterials/LTC/GGX_LTCAmp" 3453
"../../../Engine/Content/EngineMaterials/LTC/GGX_LTCAmp.uasset" 3454
"/Engine/EngineMaterials/LTC/GGX_LTCMat" 3455
"../../../Engine/Content/EngineMaterials/LTC/GGX_LTCMat.uasset" 3456
"/Engine/EngineMaterials/EnergyConservation/GGX_ReflectionEnergy" 3457
"../../../Engine/Content/EngineMaterials/EnergyConservation/GGX_ReflectionEnergy.uasset" 3458
"/Engine/EngineMaterials/EnergyConservation/GGX_TransmissionEnergyArray" 3459
"../../../Engine/Content/EngineMaterials/EnergyConservation/GGX_TransmissionEnergyArray.uasset" 3460
"/Engine/EngineMaterials/EnergyConservation/SheenLegacy_Energy" 3461
"../../../Engine/Content/EngineMaterials/EnergyConservation/SheenLegacy_Energy.uasset" 3462
"/Engine/EngineMaterials/DefaultPhysicalMaterial" 3463
"../../../Engine/Content/EngineMaterials/DefaultPhysicalMaterial.uasset" 3464
"/Engine/EngineMaterials/DefaultDestructiblePhysicalMaterial" 3465
"../../../Engine/Content/EngineMaterials/DefaultDestructiblePhysicalMaterial.uasset" 3466
"C:/Users/ashbill/AppData/Local/UnrealEngine/Editor/ProjectEditorRecords.json" 3467
"/Niagara/ParameterDefinitions/SpriteRenderer" 3468
"../../Plugins/FX/Niagara/Content/ParameterDefinitions/SpriteRenderer.uasset" 3469
"/Niagara/ParameterDefinitions/RibbonRenderer" 3470
"../../Plugins/FX/Niagara/Content/ParameterDefinitions/RibbonRenderer.uasset" 3471
"/Niagara/ParameterDefinitions/MeshRenderer" 3472
"../../Plugins/FX/Niagara/Content/ParameterDefinitions/MeshRenderer.uasset" 3473
"/Niagara/ParameterDefinitions/LightRenderer" 3474
"../../Plugins/FX/Niagara/Content/ParameterDefinitions/LightRenderer.uasset" 3475
"/Niagara/ParameterDefinitions/DecalRenderer" 3476
"../../Plugins/FX/Niagara/Content/ParameterDefinitions/DecalRenderer.uasset" 3477
"/Niagara/ParameterDefinitions/CoreParameters" 3478
"../../Plugins/FX/Niagara/Content/ParameterDefinitions/CoreParameters.uasset" 3479
"/DeformerGraph/Deformers/DG_LinearBlendSkin_Morph_Cloth" 3480
"../../Plugins/Animation/DeformerGraph/Content/Deformers/DG_LinearBlendSkin_Morph_Cloth.uasset" 3481
"../../Plugins/Animation/DeformerGraph/Content/DeformerFunctions/DG_Function_LinearBlendSkin_Morph_Cloth.uasset" 3482
"/DeformerGraph/Deformers/DG_LinearBlendSkin_Morph_Cloth_RecomputeNormals" 3483
"../../Plugins/Animation/DeformerGraph/Content/Deformers/DG_LinearBlendSkin_Morph_Cloth_RecomputeNormals.uasset" 3484
"../../Plugins/Animation/DeformerGraph/Content/DeformerFunctions/DG_Function_ComputeNormalsTangents.uasset" 3485
"../../Plugins/Animation/DeformerGraph/Content/DeformerFunctions/DG_Function_LinearBlendSkin_Morph_Cloth_PositionOnly.uasset" 3486
"/Engine/EditorResources/SequenceRecorder/Countdown" 3487
"../../../Engine/Content/EditorResources/SequenceRecorder/Countdown.uasset" 3488
"/Engine/EditorResources/SequenceRecorder/RecordingIndicator" 3489
"../../../Engine/Content/EditorResources/SequenceRecorder/RecordingIndicator.uasset" 3490
"/Engine/EditorMaterials/PhAT_UnselectedMaterial" 3491
"../../../Engine/Content/EditorMaterials/PhAT_UnselectedMaterial.uasset" 3492
"/Engine/EditorMaterials/PhAT_NoCollisionMaterial" 3493
"../../../Engine/Content/EditorMaterials/PhAT_NoCollisionMaterial.uasset" 3494
"/Engine/EngineFonts/DroidSansMono" 3495
"../../../Engine/Content/EngineFonts/DroidSansMono.uasset" 3496
"../../../Engine/Content/EngineFonts/Faces/DroidSansMono.uasset" 3497
"/Engine/BasicShapes/Sphere" 3498
"../../../Engine/Content/BasicShapes/Sphere.uasset" 3499
"../../../Engine/Content/EngineMaterials/DefaultMaterial.uasset" 3500
"/Engine/BasicShapes/Cylinder" 3501
"../../../Engine/Content/BasicShapes/Cylinder.uasset" 3502
"/Engine/BasicShapes/Cone" 3503
"../../../Engine/Content/BasicShapes/Cone.uasset" 3504
"/Engine/BasicShapes/Plane" 3505
"../../../Engine/Content/BasicShapes/Plane.uasset" 3506
"../../../Engine/Documentation/Source/Shared/Types/ABrush/ABrush.INT.udn" 3507
"../../../Engine/Content/Internationalization/icudt64l/brkitr/en_US.res" 3508
"../../../Engine/Content/Internationalization/icudt64l/brkitr/en.res" 3509
"../../../Engine/Content/Internationalization/icudt64l/brkitr/root.res" 3510
"../../../Engine/Content/Internationalization/icudt64l/brkitr/char.brk" 3511
"../../../Engine/Content/Internationalization/icudt64l/brkitr/word.brk" 3512
"/Engine/EditorResources/S_Terrain" 3513
"../../../Engine/Content/EditorResources/S_Terrain.uasset" 3514
"../../../Engine/Plugins/FX/Niagara/Shaders/Private/NiagaraDataInterfaceTexture2DArrayTemplate.ush" 3515
"../../../Engine/Plugins/FX/Niagara/Shaders/Private/NiagaraDataInterfaceActorComponentTemplate.ush" 3516
"../../../Engine/Plugins/FX/Niagara/Shaders/Private/NiagaraDataInterfaceArrayTemplate.ush" 3517
"../../../Engine/Plugins/FX/Niagara/Shaders/Private/NiagaraDataInterfaceArrayRWTemplate.ush" 3518
"../../../Engine/Plugins/FX/Niagara/Shaders/Private/NiagaraDataInterfaceAsyncGpuTrace.ush" 3519
"../../../Engine/Plugins/FX/Niagara/Shaders/Private/NiagaraDataInterfaceAsyncGpuTraceTemplate.ush" 3520
"../../../Engine/Plugins/FX/Niagara/Shaders/Private/NiagaraDataInterfaceCamera.ush" 3521
"../../../Engine/Plugins/Experimental/ChaosNiagara/Shaders/NiagaraDataInterfaceChaosDestruction.ush" 3522
"../../../Engine/Plugins/FX/Niagara/Shaders/Private/NiagaraDataInterfaceCollisionQuery.ush" 3523
"D:/mydata/Repositories/MechaManZero/mmz/Intermediate/ShaderAutogen/PCD3D_SM5/AutogenShaderHeaders.ush" 3524
"../../../Engine/Plugins/FX/Niagara/Shaders/Private/NiagaraDataInterfaceCollisionQueryTemplate.ush" 3525
"../../../Engine/Plugins/FX/Niagara/Shaders/Private/NiagaraDataInterfaceCurveTemplate.ush" 3526
"../../../Engine/Plugins/FX/Niagara/Shaders/Private/NiagaraDataInterfaceCubeTextureTemplate.ush" 3527
"../../../Engine/Plugins/FX/Niagara/Shaders/Private/DataChannel/NiagaraDataInterfaceDataChannelCommon.ush" 3528
"../../../Engine/Plugins/FX/Niagara/Shaders/Private/DataChannel/NiagaraDataInterfaceDataChannelTemplateCommon.ush" 3529
"../../../Engine/Plugins/FX/Niagara/Shaders/Private/DataChannel/NiagaraDataInterfaceDataChannelTemplateReadCommon.ush" 3530
"../../../Engine/Plugins/FX/Niagara/Shaders/Private/DataChannel/NiagaraDataInterfaceDataChannelTemplate_Read.ush" 3531
"../../../Engine/Plugins/FX/Niagara/Shaders/Private/DataChannel/NiagaraDataInterfaceDataChannelTemplate_Consume.ush" 3532
"../../../Engine/Plugins/FX/Niagara/Shaders/Private/DataChannel/NiagaraDataInterfaceDataChannelTemplateWriteCommon.ush" 3533
"../../../Engine/Plugins/FX/Niagara/Shaders/Private/DataChannel/NiagaraDataInterfaceDataChannelTemplate_Append.ush" 3534
"../../../Engine/Plugins/FX/Niagara/Shaders/Private/NiagaraDataInterfaceDataTableTemplate.ush" 3535
"../../../Engine/Plugins/FX/Niagara/Shaders/Private/NiagaraDataInterfaceDebugDraw.ush" 3536
"../../../Engine/Plugins/FX/Niagara/Shaders/Private/NiagaraDataInterfaceDebugDrawTemplate.ush" 3537
"../../../Engine/Plugins/FX/Niagara/Shaders/Private/NiagaraDataInterfaceDynamicMeshTemplate.ush" 3538
"../../../Engine/Plugins/FX/Niagara/Shaders/Private/NiagaraDataInterfaceEmitterPropertiesTemplate.ush" 3539
"../../../Engine/Plugins/FX/Niagara/Shaders/Private/NiagaraDataInterfaceExportTemplate.ush" 3540
"../../../Engine/Plugins/FX/Niagara/Shaders/Private/NiagaraDataInterfaceGBufferTemplate.ush" 3541
"../../../Engine/Plugins/Experimental/ChaosNiagara/Shaders/NiagaraDataInterfaceGeometryCollection.ush" 3542
"../../../Engine/Plugins/FX/Niagara/Shaders/Private/NiagaraTransformUtils.ush" 3543
"../../../Engine/Plugins/Runtime/HairStrands/Shaders/Private/NiagaraStrandsExternalForce.ush" 3544
"../../../Engine/Plugins/Runtime/HairStrands/Shaders/Private/NiagaraHookeSpringMaterial.ush" 3545
"../../../Engine/Plugins/Runtime/HairStrands/Shaders/Private/NiagaraAngularSpringMaterial.ush" 3546
"../../../Engine/Plugins/Runtime/HairStrands/Shaders/Private/NiagaraConstantVolumeMaterial.ush" 3547
"../../../Engine/Plugins/Runtime/HairStrands/Shaders/Private/NiagaraCosseratRodMaterial.ush" 3548
"../../../Engine/Plugins/Runtime/HairStrands/Shaders/Private/NiagaraStaticCollisionConstraint.ush" 3549
"../../../Engine/Plugins/Runtime/HairStrands/Shaders/Private/NiagaraDataInterfaceHairStrands.ush" 3550
"../../../Engine/Plugins/Runtime/HairStrands/Shaders/Private/NiagaraDataInterfaceHairStrandsTemplate.ush" 3551
"../../../Engine/Plugins/FX/Niagara/Shaders/Private/NiagaraDataInterfaceIntRenderTarget2D.ush" 3552
"../../../Engine/Plugins/FX/Niagara/Shaders/Private/NiagaraDataInterfaceLandscape.ush" 3553
"../../../Engine/Plugins/FX/Niagara/Shaders/Private/NiagaraDataInterfaceMemoryBufferTemplate.ush" 3554
"../../../Engine/Plugins/FX/Niagara/Shaders/Private/NiagaraDataInterfaceMeshRendererInfoTemplate.ush" 3555
"../../../Engine/Plugins/FX/Niagara/Shaders/Private/NiagaraDataInterfaceOcclusion.ush" 3556
"../../../Engine/Plugins/FX/Niagara/Shaders/Private/NiagaraDataInterfacePhysicsAsset.ush" 3557
"../../../Engine/Plugins/Experimental/ChaosNiagara/Shaders/NiagaraDataInterfacePhysicsField.ush" 3558
"../../../Engine/Plugins/FX/Niagara/Shaders/Private/NiagaraDataInterfacePlatformSetTemplate.ush" 3559
"../../../Engine/Plugins/Runtime/HairStrands/Shaders/Private/NiagaraDataInterfaceVelocityGrid.ush" 3560
"../../../Engine/Plugins/Runtime/HairStrands/Shaders/Private/NiagaraDataInterfaceVelocityGridTemplate.ush" 3561
"../../../Engine/Plugins/Runtime/HairStrands/Shaders/Private/NiagaraDataInterfacePressureGrid.ush" 3562
"../../../Engine/Plugins/Runtime/HairStrands/Shaders/Private/NiagaraDataInterfacePressureGridTemplate.ush" 3563
"../../../Engine/Plugins/FX/Niagara/Shaders/Private/NiagaraDataInterfaceRenderTarget2DTemplate.ush" 3564
"../../../Engine/Plugins/FX/Niagara/Shaders/Private/NiagaraDataInterfaceRenderTarget2DArrayTemplate.ush" 3565
"../../../Engine/Plugins/FX/Niagara/Shaders/Private/NiagaraDataInterfaceRenderTargetCubeTemplate.ush" 3566
"../../../Engine/Plugins/FX/Niagara/Shaders/Private/NiagaraDataInterfaceRenderTargetVolumeTemplate.ush" 3567
"../../../Engine/Plugins/FX/Niagara/Shaders/Private/NiagaraDataInterfaceRigidMeshCollisionQuery.ush" 3568
"../../../Engine/Plugins/FX/Niagara/Shaders/Private/NiagaraDistanceFieldQueries.ush" 3569
"../../../Engine/Plugins/FX/Niagara/Shaders/Private/NiagaraDataInterfaceSceneCapture2DTemplate.ush" 3570
"../../../Engine/Plugins/FX/Niagara/Shaders/Private/NiagaraDataInterfaceSimCacheReaderTemplate.ush" 3571
"../../../Engine/Plugins/FX/Niagara/Shaders/Private/NiagaraDataInterfaceSimpleCounterTemplate.ush" 3572
"../../../Engine/Plugins/FX/Niagara/Shaders/Private/NiagaraDataInterfaceSkeletalMesh.ush" 3573
"../../../Engine/Plugins/FX/Niagara/Shaders/Private/NiagaraBaryCentricUtils.ush" 3574
"../../../Engine/Plugins/FX/Niagara/Shaders/Private/NiagaraDataInterfaceSkeletalMeshTemplate.ush" 3575
"../../../Engine/Plugins/FX/Niagara/Shaders/Private/NiagaraDataInterfaceSocketReaderTemplate.ush" 3576
"../../../Engine/Plugins/FX/Niagara/Shaders/Private/NiagaraDataInterfaceSparseVolumeTextureTemplate.ush" 3577
"../../../Engine/Plugins/FX/Niagara/Shaders/Private/NiagaraDataInterfaceSplineTemplate.ush" 3578
"../../../Engine/Plugins/FX/Niagara/Shaders/Private/NiagaraDataInterfaceSpriteRendererInfoTemplate.ush" 3579
"../../../Engine/Plugins/FX/Niagara/Shaders/Private/NiagaraDataInterfaceStaticMeshTemplate.ush" 3580
"../../../Engine/Plugins/FX/Niagara/Shaders/Private/NiagaraDataInterfaceTextureTemplate.ush" 3581
"../../../Engine/Plugins/FX/Niagara/Shaders/Private/NiagaraDataInterfaceVirtualTexture.ush" 3582
"../../../Engine/Plugins/FX/Niagara/Shaders/Private/NiagaraDataInterfaceVirtualTextureTemplate.ush" 3583
"../../../Engine/Plugins/FX/Niagara/Shaders/Private/NiagaraDataInterfaceVolumeCache.ush" 3584
"../../../Engine/Plugins/FX/Niagara/Shaders/Private/NiagaraDataInterfaceVolumeTextureTemplate.ush" 3585
"../../../../../../mydata/Repositories/MechaManZero/mmz/Intermediate/ShaderAutogen/PCD3D_SM5/AutogenShaderHeaders.ush" 3586
"D:/mydata/Repositories/MechaManZero/mmz/Content/Laboratory/Textures/T_Shkaf_Low_1001_Normal.uasset" 3587
"D:/mydata/Repositories/MechaManZero/mmz/Content/Laboratory/Textures/T_Shkaf_Low_1001_BaseColor.uasset" 3588
"D:/mydata/Repositories/MechaManZero/mmz/Content/Laboratory/Textures/T_Shkaf_Low_1001_OcclusionRoughnessMetallic.uasset" 3589
"D:/mydata/Repositories/MechaManZero/mmz/Content/Laboratory/Textures/T_Shkaf_Low_101_BaseColor.uasset" 3590
"D:/mydata/Repositories/MechaManZero/mmz/Content/Laboratory/Textures/T_Shkaf_Low_101_Normal.uasset" 3591
"D:/mydata/Repositories/MechaManZero/mmz/Content/Laboratory/Materials/M_Shkaf_Low_1001_BaseColor_Mat.uasset" 3592
"D:/mydata/Repositories/MechaManZero/mmz/Content/Laboratory/StaticMeshes/SM_wardrobe2.uasset" 3593
"D:/mydata/Repositories/MechaManZero/mmz/Content/Laboratory/Materials/M_Shkaf_Low_101_BaseColor_Mat.uasset" 3594
"D:/mydata/Repositories/MechaManZero/mmz/Content/Laboratory/Textures/T_BIG_1001_Normal.uasset" 3595
"D:/mydata/Repositories/MechaManZero/mmz/Content/Laboratory/Textures/T_Shkaf_Low_101_OcclusionRoughnessMetallic.uasset" 3596
"D:/mydata/Repositories/MechaManZero/mmz/Content/Laboratory/Materials/M_BIG_1001_BaseColor_Mat.uasset" 3597
"D:/mydata/Repositories/MechaManZero/mmz/Content/Laboratory/StaticMeshes/SM_washstand.uasset" 3598
"D:/mydata/Repositories/MechaManZero/mmz/Content/Laboratory/Textures/T_BIG_1001_OcclusionRoughnessMetallic.uasset" 3599
"D:/mydata/Repositories/MechaManZero/mmz/Content/Laboratory/StaticMeshes/SM_wardrobe.uasset" 3600
"D:/mydata/Repositories/MechaManZero/mmz/Content/Laboratory/Textures/T_BIG_1001_BaseColor.uasset" 3601
"D:/mydata/Repositories/MechaManZero/mmz/Content/Laboratory/Materials/M_VOda_1001_BaseColor_Mat.uasset" 3602
"D:/mydata/Repositories/MechaManZero/mmz/Content/Laboratory/Textures/T_VOda_1001_OcclusionRoughnessMetallic.uasset" 3603
"D:/mydata/Repositories/MechaManZero/mmz/Content/Laboratory/Textures/T_vikl_1001_BaseColor.uasset" 3604
"D:/mydata/Repositories/MechaManZero/mmz/Content/Laboratory/Textures/T_Pincet_1001_BaseColor.uasset" 3605
"D:/mydata/Repositories/MechaManZero/mmz/Content/Laboratory/Textures/T_vikl_1001_Normal.uasset" 3606
"D:/mydata/Repositories/MechaManZero/mmz/Content/Laboratory/Textures/T_Pincet_1001_OcclusionRoughnessMetallic.uasset" 3607
"D:/mydata/Repositories/MechaManZero/mmz/Content/Laboratory/StaticMeshes/SM_VOda.uasset" 3608
"D:/mydata/Repositories/MechaManZero/mmz/Content/Laboratory/Textures/T_vikl_1001_OcclusionRoughnessMetallic.uasset" 3609
"D:/mydata/Repositories/MechaManZero/mmz/Content/Laboratory/Materials/M_vikl_1001_BaseColor_Mat.uasset" 3610
"D:/mydata/Repositories/MechaManZero/mmz/Content/Laboratory/Textures/T_Pincet_1001_Normal.uasset" 3611
"D:/mydata/Repositories/MechaManZero/mmz/Content/Laboratory/Textures/T_VOda_1001_Normal.uasset" 3612
"D:/mydata/Repositories/MechaManZero/mmz/Content/Laboratory/Materials/M_Pincet_1001_BaseColor_Mat.uasset" 3613
"D:/mydata/Repositories/MechaManZero/mmz/Content/Laboratory/StaticMeshes/SM_vikl.uasset" 3614
"D:/mydata/Repositories/MechaManZero/mmz/Content/Laboratory/Textures/T_TOXIN_1001_Normal.uasset" 3615
"D:/mydata/Repositories/MechaManZero/mmz/Content/Laboratory/StaticMeshes/SM_tweezers.uasset" 3616
"D:/mydata/Repositories/MechaManZero/mmz/Content/Laboratory/Textures/T_TOXIN_1001_BaseColor.uasset" 3617
"D:/mydata/Repositories/MechaManZero/mmz/Content/Laboratory/Textures/T_VOda_1001_BaseColor.uasset" 3618
"/Game/Laboratory/Textures/T_Shkaf_Low_1001_BaseColor" 3619
"/Game/Laboratory/Textures/T_Shkaf_Low_1001_Normal" 3620
"/Game/Laboratory/Textures/T_Shkaf_Low_1001_OcclusionRoughnessMetallic" 3621
"/Game/Laboratory/Materials/M_Shkaf_Low_1001_BaseColor_Mat" 3622
"/Game/Laboratory/Textures/T_Shkaf_Low_101_BaseColor" 3623
"/Game/Laboratory/Textures/T_Shkaf_Low_101_Normal" 3624
"/Game/Laboratory/Textures/T_Shkaf_Low_101_OcclusionRoughnessMetallic" 3625
"/Game/Laboratory/Materials/M_Shkaf_Low_101_BaseColor_Mat" 3626
"/Game/Laboratory/StaticMeshes/SM_wardrobe2" 3627
"/Game/Laboratory/Textures/T_BIG_1001_BaseColor" 3628
"/Game/Laboratory/Textures/T_BIG_1001_Normal" 3629
"/Game/Laboratory/Textures/T_BIG_1001_OcclusionRoughnessMetallic" 3630
"/Game/Laboratory/Materials/M_BIG_1001_BaseColor_Mat" 3631
"/Game/Laboratory/StaticMeshes/SM_wardrobe" 3632
"/Game/Laboratory/Textures/T_VOda_1001_OcclusionRoughnessMetallic" 3633
"/Game/Laboratory/Textures/T_vikl_1001_BaseColor" 3634
"/Game/Laboratory/Textures/T_vikl_1001_Normal" 3635
"/Game/Laboratory/Textures/T_vikl_1001_OcclusionRoughnessMetallic" 3636
"/Game/Laboratory/Materials/M_vikl_1001_BaseColor_Mat" 3637
"/Game/Laboratory/StaticMeshes/SM_vikl" 3638
"/Game/Laboratory/Textures/T_Pincet_1001_BaseColor" 3639
"/Game/Laboratory/Textures/T_Pincet_1001_Normal" 3640
"/Game/Laboratory/Textures/T_Pincet_1001_OcclusionRoughnessMetallic" 3641
"/Game/Laboratory/Materials/M_Pincet_1001_BaseColor_Mat" 3642
"/Game/Laboratory/StaticMeshes/SM_tweezers" 3643
"/Game/Laboratory/Textures/T_TOXIN_1001_Normal" 3644
"D:/mydata/Repositories/MechaManZero/mmz/Content/Laboratory/Materials/M_TOXIN_1001_BaseColor_Mat.uasset" 3645
"D:/mydata/Repositories/MechaManZero/mmz/Content/Laboratory/Textures/T_K_1001_BaseColor.uasset" 3646
"D:/mydata/Repositories/MechaManZero/mmz/Content/Laboratory/StaticMeshes/SM_toxic_waste.uasset" 3647
"D:/mydata/Repositories/MechaManZero/mmz/Content/Laboratory/Materials/M_K_1001_BaseColor_Mat.uasset" 3648
"D:/mydata/Repositories/MechaManZero/mmz/Content/Laboratory/Textures/T_K_1001_OcclusionRoughnessMetallic.uasset" 3649
"D:/mydata/Repositories/MechaManZero/mmz/Content/Laboratory/Textures/T_K_1001_Normal.uasset" 3650
"D:/mydata/Repositories/MechaManZero/mmz/Content/Laboratory/StaticMeshes/SM_table.uasset" 3651
"D:/mydata/Repositories/MechaManZero/mmz/Content/Laboratory/Textures/T_Shwabra_1001_OcclusionRoughnessMetallic.uasset" 3652
"D:/mydata/Repositories/MechaManZero/mmz/Content/Laboratory/Textures/T_Shwabra_1001_Normal.uasset" 3653
"D:/mydata/Repositories/MechaManZero/mmz/Content/Laboratory/Materials/M_Shwabra_1001_BaseColor_Mat.uasset" 3654
"D:/mydata/Repositories/MechaManZero/mmz/Content/Laboratory/Textures/T_Shwabra_1001_BaseColor.uasset" 3655
"D:/mydata/Repositories/MechaManZero/mmz/Content/Laboratory/Textures/T_Open_tool_1001_Normal.uasset" 3656
"D:/mydata/Repositories/MechaManZero/mmz/Content/Laboratory/Materials/M_Open_tool_1001_BaseColor_Mat.uasset" 3657
"D:/mydata/Repositories/MechaManZero/mmz/Content/Laboratory/Textures/T_Open_tool_1001_BaseColor.uasset" 3658
"D:/mydata/Repositories/MechaManZero/mmz/Content/Laboratory/Textures/T_MOTOR_1001_BaseColor.uasset" 3659
"D:/mydata/Repositories/MechaManZero/mmz/Content/Laboratory/StaticMeshes/SM_Open_tool.uasset" 3660
"D:/mydata/Repositories/MechaManZero/mmz/Content/Laboratory/Textures/T_TOXIN_1001_OcclusionRoughnessMetallic.uasset" 3661
"D:/mydata/Repositories/MechaManZero/mmz/Content/Laboratory/Textures/T_MOTOR_1001_Normal.uasset" 3662
"D:/mydata/Repositories/MechaManZero/mmz/Content/Laboratory/Textures/T_MOTOR_1001_OcclusionRoughnessMetallic.uasset" 3663
"D:/mydata/Repositories/MechaManZero/mmz/Content/Laboratory/StaticMeshes/SM_Shwabra.uasset" 3664
"D:/mydata/Repositories/MechaManZero/mmz/Content/Laboratory/Textures/T_MIni_Stolik_1001_Normal.uasset" 3665
"D:/mydata/Repositories/MechaManZero/mmz/Content/Laboratory/Materials/M_MOTOR_1001_BaseColor_Mat.uasset" 3666
"/Game/Laboratory/StaticMeshes/SM_washstand" 3667
"D:/mydata/Repositories/MechaManZero/mmz/Content/Laboratory/StaticMeshes/SM_motor.uasset" 3668
"D:/mydata/Repositories/MechaManZero/mmz/Content/Laboratory/Textures/T_MIni_Stolik_1001_BaseColor.uasset" 3669
"D:/mydata/Repositories/MechaManZero/mmz/Content/Laboratory/Textures/T_MIni_Stolik_1001_OcclusionRoughnessMetallic.uasset" 3670
"D:/mydata/Repositories/MechaManZero/mmz/Content/Laboratory/Textures/T_Open_tool_1001_OcclusionRoughnessMetallic.uasset" 3671
"/Game/Laboratory/Textures/T_VOda_1001_BaseColor" 3672
"/Game/Laboratory/Textures/T_VOda_1001_Normal" 3673
"/Game/Laboratory/Materials/M_VOda_1001_BaseColor_Mat" 3674
"/Game/Laboratory/StaticMeshes/SM_VOda" 3675
"/Game/Laboratory/StaticMeshes/SM_table" 3676
"/Game/Laboratory/Textures/T_TOXIN_1001_BaseColor" 3677
"D:/mydata/Repositories/MechaManZero/mmz/Content/Laboratory/Textures/T_MICROSCOPE_1001_Normal.uasset" 3678
"D:/mydata/Repositories/MechaManZero/mmz/Content/Laboratory/Textures/T_MICROSCOPE_1001_BaseColor.uasset" 3679
"D:/mydata/Repositories/MechaManZero/mmz/Content/Laboratory/Materials/M_MIni_Stolik_1001_BaseColor_Mat.uasset" 3680
"D:/mydata/Repositories/MechaManZero/mmz/Content/Laboratory/Materials/M_MICROSCOPE_1001_BaseColor_Mat.uasset" 3681
"D:/mydata/Repositories/MechaManZero/mmz/Content/Laboratory/Textures/T_MICROSCOPE_1001_OcclusionRoughnessMetallic.uasset" 3682
"D:/mydata/Repositories/MechaManZero/mmz/Content/Laboratory/StaticMeshes/SM_microscope.uasset" 3683
"D:/mydata/Repositories/MechaManZero/mmz/Content/Laboratory/Textures/T_Kru_1001_BaseColor.uasset" 3684
"D:/mydata/Repositories/MechaManZero/mmz/Content/Laboratory/Textures/T_Kru_1001_Normal.uasset" 3685
"D:/mydata/Repositories/MechaManZero/mmz/Content/Laboratory/Materials/M_Kru_1001_BaseColor_Mat.uasset" 3686
"D:/mydata/Repositories/MechaManZero/mmz/Content/Laboratory/Textures/T_Kru_1001_OcclusionRoughnessMetallic.uasset" 3687
"D:/mydata/Repositories/MechaManZero/mmz/Content/Laboratory/StaticMeshes/SM_mini_table.uasset" 3688
"/Game/Laboratory/Textures/T_MIni_Stolik_1001_OcclusionRoughnessMetallic" 3689
"/Game/Laboratory/Textures/T_MIni_Stolik_1001_Normal" 3690
"/Game/Laboratory/Textures/T_MIni_Stolik_1001_BaseColor" 3691
"/Game/Laboratory/StaticMeshes/SM_motor" 3692
"/Game/Laboratory/StaticMeshes/SM_Open_tool" 3693
"/Game/Laboratory/StaticMeshes/SM_Shwabra" 3694
"/Game/Laboratory/StaticMeshes/SM_toxic_waste" 3695
"D:/mydata/Repositories/MechaManZero/mmz/Content/Laboratory/Materials/M_Box_1001_BaseColor_Mat.uasset" 3696
"D:/mydata/Repositories/MechaManZero/mmz/Content/Laboratory/Textures/T_Box_1001_Normal.uasset" 3697
"D:/mydata/Repositories/MechaManZero/mmz/Content/Laboratory/StaticMeshes/SM_meal_Box.uasset" 3698
"D:/mydata/Repositories/MechaManZero/mmz/Content/Laboratory/Textures/T_Box_1001_BaseColor.uasset" 3699
"D:/mydata/Repositories/MechaManZero/mmz/Content/Laboratory/Textures/T_Krutilka_1001_BaseColor.uasset" 3700
"D:/mydata/Repositories/MechaManZero/mmz/Content/Laboratory/StaticMeshes/SM_mechanism.uasset" 3701
"D:/mydata/Repositories/MechaManZero/mmz/Content/Laboratory/Textures/T_Krutilka_1001_Normal.uasset" 3702
"D:/mydata/Repositories/MechaManZero/mmz/Content/Laboratory/Textures/T_Box_1001_OcclusionRoughnessMetallic.uasset" 3703
"D:/mydata/Repositories/MechaManZero/mmz/Content/Laboratory/Textures/T_NETBOOOK_1001_BaseColor.uasset" 3704
"D:/mydata/Repositories/MechaManZero/mmz/Content/Laboratory/Textures/T_Krutilka_1001_OcclusionRoughnessMetallic.uasset" 3705
"D:/mydata/Repositories/MechaManZero/mmz/Content/Laboratory/Materials/M_NETBOOOK_1001_BaseColor_Mat.uasset" 3706
"D:/mydata/Repositories/MechaManZero/mmz/Content/Laboratory/Textures/T_NETBOOOK_1001_Normal.uasset" 3707
"D:/mydata/Repositories/MechaManZero/mmz/Content/Laboratory/Materials/M_Krutilka_1001_BaseColor_Mat.uasset" 3708
"D:/mydata/Repositories/MechaManZero/mmz/Content/Laboratory/Textures/T_NETBOOOK_1001_OcclusionRoughnessMetallic.uasset" 3709
"D:/mydata/Repositories/MechaManZero/mmz/Content/Laboratory/StaticMeshes/SM_lever.uasset" 3710
"D:/mydata/Repositories/MechaManZero/mmz/Content/Laboratory/StaticMeshes/SM_laptop.uasset" 3711
"D:/mydata/Repositories/MechaManZero/mmz/Content/Laboratory/Textures/T_Svet_2_1001_OcclusionRoughnessMetallic.uasset" 3712
"D:/mydata/Repositories/MechaManZero/mmz/Content/Laboratory/Materials/M_for_svet_2.uasset" 3713
"D:/mydata/Repositories/MechaManZero/mmz/Content/Laboratory/Materials/M_Svet_2_1001_BaseColor_Mat.uasset" 3714
"D:/mydata/Repositories/MechaManZero/mmz/Content/Laboratory/Textures/T_Svet_2_1001_Normal.uasset" 3715
"/Game/Laboratory/Materials/M_Kru_1001_BaseColor_Mat" 3716
"D:/mydata/Repositories/MechaManZero/mmz/Content/Laboratory/Textures/T_Svet_2_1001_BaseColor.uasset" 3717
"/Game/Laboratory/Materials/M_NETBOOOK_1001_BaseColor_Mat" 3718
"/Game/Laboratory/StaticMeshes/SM_lever" 3719
"/Game/Laboratory/StaticMeshes/SM_microscope" 3720
"/Game/Laboratory/StaticMeshes/SM_meal_Box" 3721
"../../../../../../mydata/Repositories/MechaManZero/mmz/Content/Laboratory/Materials/M_Glass.uasset" 3722
"../../../Engine/Content/Functions/Engine_MaterialFunctions02/Fresnel_Function.uasset" 3723
"/Game/Laboratory/StaticMeshes/SM_mini_table" 3724
"/Game/Laboratory/StaticMeshes/SM_mechanism" 3725
"D:/mydata/Repositories/MechaManZero/mmz/Content/Laboratory/StaticMeshes/SM_lamp2.uasset" 3726
"D:/mydata/Repositories/MechaManZero/mmz/Content/Laboratory/Textures/T_Svet_1001_BaseColor.uasset" 3727
"D:/mydata/Repositories/MechaManZero/mmz/Content/Laboratory/Textures/T_Svet_1001_Emissive.uasset" 3728
"D:/mydata/Repositories/MechaManZero/mmz/Content/Laboratory/Materials/M_Svet_1001_BaseColor_Mat.uasset" 3729
"D:/mydata/Repositories/MechaManZero/mmz/Content/Laboratory/StaticMeshes/SM_lamp.uasset" 3730
"D:/mydata/Repositories/MechaManZero/mmz/Content/Laboratory/Textures/T_Svet_1001_Normal.uasset" 3731
"D:/mydata/Repositories/MechaManZero/mmz/Content/Laboratory/Textures/T_lestnica_1001_Normal.uasset" 3732
"D:/mydata/Repositories/MechaManZero/mmz/Content/Laboratory/Textures/T_lestnica_1001_OcclusionRoughnessMetallic.uasset" 3733
"D:/mydata/Repositories/MechaManZero/mmz/Content/Laboratory/Textures/T_2_1001_Normal.uasset" 3734
"D:/mydata/Repositories/MechaManZero/mmz/Content/Laboratory/Textures/T_2_1001_OcclusionRoughnessMetallic.uasset" 3735
"D:/mydata/Repositories/MechaManZero/mmz/Content/Laboratory/Textures/T_Svet_1001_OcclusionRoughnessMetallic.uasset" 3736
"D:/mydata/Repositories/MechaManZero/mmz/Content/Laboratory/Textures/T_2_1001_BaseColor.uasset" 3737
"D:/mydata/Repositories/MechaManZero/mmz/Content/Laboratory/Materials/M_lestnica_1001_BaseColor_Mat.uasset" 3738
"D:/mydata/Repositories/MechaManZero/mmz/Content/Laboratory/StaticMeshes/SM_ladder.uasset" 3739
"D:/mydata/Repositories/MechaManZero/mmz/Content/Laboratory/Textures/T_lestnica_1001_BaseColor.uasset" 3740
"D:/mydata/Repositories/MechaManZero/mmz/Content/Laboratory/StaticMeshes/SM_flask2.uasset" 3741
"D:/mydata/Repositories/MechaManZero/mmz/Content/Laboratory/Materials/M_2_1001_BaseColor_Mat.uasset" 3742
"D:/mydata/Repositories/MechaManZero/mmz/Content/Laboratory/Materials/Instances/MI_Inst.uasset" 3743
"D:/mydata/Repositories/MechaManZero/mmz/Content/Laboratory/Textures/T_ZAbor_1001_BaseColor.uasset" 3744
"D:/mydata/Repositories/MechaManZero/mmz/Content/Laboratory/Textures/T_Door_Low_1001_BaseColor.uasset" 3745
"/Game/Laboratory/Materials/M_Svet_2_1001_BaseColor_Mat" 3746
"D:/mydata/Repositories/MechaManZero/mmz/Content/Laboratory/StaticMeshes/SM_flask1.uasset" 3747
"D:/mydata/Repositories/MechaManZero/mmz/Content/Laboratory/Textures/T_Door_Low_1001_Normal.uasset" 3748
"D:/mydata/Repositories/MechaManZero/mmz/Content/Laboratory/Materials/M_ZAbor_1001_BaseColor_Mat.uasset" 3749
"D:/mydata/Repositories/MechaManZero/mmz/Content/Laboratory/StaticMeshes/SM_fence.uasset" 3750
"D:/mydata/Repositories/MechaManZero/mmz/Content/Laboratory/Textures/T_Door_Low_1001_OcclusionRoughnessMetallic.uasset" 3751
"D:/mydata/Repositories/MechaManZero/mmz/Content/Laboratory/Textures/T_ZAbor_1001_OcclusionRoughnessMetallic.uasset" 3752
"/Game/Laboratory/Materials/M_for_svet_2" 3753
"/Game/Laboratory/StaticMeshes/SM_laptop" 3754
"/Game/Laboratory/Textures/T_2_1001_OcclusionRoughnessMetallic" 3755
"/Game/Laboratory/Textures/T_2_1001_Normal" 3756
"/Game/Laboratory/Textures/T_2_1001_BaseColor" 3757
"/Game/Laboratory/StaticMeshes/SM_ladder" 3758
"/Game/Laboratory/StaticMeshes/SM_lamp" 3759
"/Game/Laboratory/StaticMeshes/SM_lamp2" 3760
"D:/mydata/Repositories/MechaManZero/mmz/Content/Laboratory/StaticMeshes/SM_Door_Low.uasset" 3761
"D:/mydata/Repositories/MechaManZero/mmz/Content/Laboratory/Materials/M_Door_Low_1001_BaseColor_Mat.uasset" 3762
"D:/mydata/Repositories/MechaManZero/mmz/Content/Laboratory/Textures/T_CONDICIONER_1001_OcclusionRoughnessMetallic.uasset" 3763
"D:/mydata/Repositories/MechaManZero/mmz/Content/Laboratory/Textures/T_CONDICIONER_1001_Normal.uasset" 3764
"D:/mydata/Repositories/MechaManZero/mmz/Content/Laboratory/Textures/T_CONDICIONER_1001_BaseColor.uasset" 3765
"D:/mydata/Repositories/MechaManZero/mmz/Content/Laboratory/Textures/T_Clotch_1001_Normal.uasset" 3766
"D:/mydata/Repositories/MechaManZero/mmz/Content/Laboratory/StaticMeshes/SM_conditioner.uasset" 3767
"D:/mydata/Repositories/MechaManZero/mmz/Content/Laboratory/Materials/M_Clotch_1001_BaseColor_Mat.uasset" 3768
"D:/mydata/Repositories/MechaManZero/mmz/Content/Laboratory/Textures/T_Clotch_1001_BaseColor.uasset" 3769
"/Game/Laboratory/Textures/T_Door_Low_1001_OcclusionRoughnessMetallic" 3770
"D:/mydata/Repositories/MechaManZero/mmz/Content/Laboratory/Materials/M_CONDICIONER_1001_BaseColor_Mat.uasset" 3771
"D:/mydata/Repositories/MechaManZero/mmz/Content/Laboratory/Textures/T_Chip_1001_BaseColor.uasset" 3772
"D:/mydata/Repositories/MechaManZero/mmz/Content/Laboratory/Textures/T_Chip_1001_Normal.uasset" 3773
"D:/mydata/Repositories/MechaManZero/mmz/Content/Laboratory/Textures/T_Clotch_1001_OcclusionRoughnessMetallic.uasset" 3774
"D:/mydata/Repositories/MechaManZero/mmz/Content/Laboratory/Textures/T_Chip_1001_OcclusionRoughnessMetallic.uasset" 3775
"D:/mydata/Repositories/MechaManZero/mmz/Content/Laboratory/StaticMeshes/SM_Chip.uasset" 3776
"D:/mydata/Repositories/MechaManZero/mmz/Content/Laboratory/Materials/M_Cup_1001_BaseColor_Mat.uasset" 3777
"D:/mydata/Repositories/MechaManZero/mmz/Content/Laboratory/Textures/T_Cup_1001_BaseColor.uasset" 3778
"D:/mydata/Repositories/MechaManZero/mmz/Content/Laboratory/StaticMeshes/SM_Cup.uasset" 3779
"D:/mydata/Repositories/MechaManZero/mmz/Content/Laboratory/StaticMeshes/SM_Clotch.uasset" 3780
"D:/mydata/Repositories/MechaManZero/mmz/Content/Laboratory/Textures/T_Cup_1001_OcclusionRoughnessMetallic.uasset" 3781
"D:/mydata/Repositories/MechaManZero/mmz/Content/Laboratory/Materials/M_Chip_1001_BaseColor_Mat.uasset" 3782
"/Game/Laboratory/Textures/T_Door_Low_1001_Normal" 3783
"/Game/Laboratory/Textures/T_Door_Low_1001_BaseColor" 3784
"/Game/Laboratory/StaticMeshes/SM_fence" 3785
"/Game/Laboratory/StaticMeshes/SM_flask1" 3786
"/Game/Laboratory/StaticMeshes/SM_flask2" 3787
"D:/mydata/Repositories/MechaManZero/mmz/Content/Laboratory/Textures/T_Camera_1001_Normal.uasset" 3788
"D:/mydata/Repositories/MechaManZero/mmz/Content/Laboratory/Textures/T_Teleshka_1001_Normal.uasset" 3789
"D:/mydata/Repositories/MechaManZero/mmz/Content/Laboratory/StaticMeshes/SM_cart.uasset" 3790
"D:/mydata/Repositories/MechaManZero/mmz/Content/Laboratory/Textures/T_Teleshka_1001_BaseColor.uasset" 3791
"D:/mydata/Repositories/MechaManZero/mmz/Content/Laboratory/Textures/T_Camera_1001_BaseColor.uasset" 3792
"D:/mydata/Repositories/MechaManZero/mmz/Content/Laboratory/Materials/M_Camera_1001_BaseColor_Mat.uasset" 3793
"D:/mydata/Repositories/MechaManZero/mmz/Content/Laboratory/Textures/T_Teleshka_1001_OcclusionRoughnessMetallic.uasset" 3794
"D:/mydata/Repositories/MechaManZero/mmz/Content/Laboratory/Textures/T_Camera_1001_OcclusionRoughnessMetallic.uasset" 3795
"D:/mydata/Repositories/MechaManZero/mmz/Content/Laboratory/Textures/T_Box2_1001_BaseColor.uasset" 3796
"/Game/Laboratory/StaticMeshes/SM_Chip" 3797
"D:/mydata/Repositories/MechaManZero/mmz/Content/Laboratory/StaticMeshes/SM_Camera.uasset" 3798
"D:/mydata/Repositories/MechaManZero/mmz/Content/Laboratory/Materials/M_Teleshka_1001_BaseColor_Mat.uasset" 3799
"/Game/Laboratory/StaticMeshes/SM_Clotch" 3800
"/Game/Laboratory/StaticMeshes/SM_conditioner" 3801
"/Game/Laboratory/StaticMeshes/SM_Cup" 3802
"/Game/Laboratory/StaticMeshes/SM_Door_Low" 3803
"D:/mydata/Repositories/MechaManZero/mmz/Content/Laboratory/Textures/T_Box2_1001_Normal.uasset" 3804
"D:/mydata/Repositories/MechaManZero/mmz/Content/Laboratory/Materials/M_Box2_1001_BaseColor_Mat.uasset" 3805
"D:/mydata/Repositories/MechaManZero/mmz/Content/Laboratory/Textures/T_Box_101_BaseColor.uasset" 3806
"D:/mydata/Repositories/MechaManZero/mmz/Content/Laboratory/Textures/T_Box_101_OcclusionRoughnessMetallic.uasset" 3807
"D:/mydata/Repositories/MechaManZero/mmz/Content/Laboratory/StaticMeshes/SM_Box.uasset" 3808
"D:/mydata/Repositories/MechaManZero/mmz/Content/Laboratory/Textures/T_Box2_1001_OcclusionRoughnessMetallic.uasset" 3809
"D:/mydata/Repositories/MechaManZero/mmz/Content/Laboratory/Textures/T_1_1001_OcclusionRoughnessMetallic.uasset" 3810
"D:/mydata/Repositories/MechaManZero/mmz/Content/Laboratory/Textures/T_1_1001_Normal.uasset" 3811
"D:/mydata/Repositories/MechaManZero/mmz/Content/Laboratory/Textures/T_BED_1001_BaseColor.uasset" 3812
"/Game/Laboratory/Textures/T_Box2_1001_BaseColor" 3813
"D:/mydata/Repositories/MechaManZero/mmz/Content/Laboratory/Materials/M_1_1001_BaseColor_Mat.uasset" 3814
"D:/mydata/Repositories/MechaManZero/mmz/Content/Laboratory/Textures/T_1_1001_BaseColor.uasset" 3815
"D:/mydata/Repositories/MechaManZero/mmz/Content/Laboratory/Materials/M_Box_101_BaseColor_Mat.uasset" 3816
"D:/mydata/Repositories/MechaManZero/mmz/Content/Laboratory/Textures/T_BED_1001_OcclusionRoughnessMetallic.uasset" 3817
"D:/mydata/Repositories/MechaManZero/mmz/Content/Laboratory/Textures/T_BED_1001_Normal.uasset" 3818
"D:/mydata/Repositories/MechaManZero/mmz/Content/Laboratory/Textures/T_Acid_1001_BaseColor.uasset" 3819
"D:/mydata/Repositories/MechaManZero/mmz/Content/Laboratory/StaticMeshes/SM_BED.uasset" 3820
"D:/mydata/Repositories/MechaManZero/mmz/Content/Laboratory/Materials/M_BED_1001_BaseColor_Mat.uasset" 3821
"D:/mydata/Repositories/MechaManZero/mmz/Content/Laboratory/Textures/T_Acid_1001_Normal.uasset" 3822
"D:/mydata/Repositories/MechaManZero/mmz/Content/Laboratory/StaticMeshes/SM_Box2.uasset" 3823
"D:/mydata/Repositories/MechaManZero/mmz/Content/Laboratory/StaticMeshes/SM_bottle.uasset" 3824
"D:/mydata/Repositories/MechaManZero/mmz/Content/Laboratory/Textures/T_Box_101_Normal.uasset" 3825
"/Game/Laboratory/StaticMeshes/SM_Camera" 3826
"/Game/Laboratory/StaticMeshes/SM_cart" 3827
"D:/mydata/Repositories/MechaManZero/mmz/Content/Laboratory/Textures/T_Vorot_Low_1001_BaseColor.uasset" 3828
"D:/mydata/Repositories/MechaManZero/mmz/Content/Laboratory/Materials/M_SHIT_2.uasset" 3829
"D:/mydata/Repositories/MechaManZero/mmz/Content/Laboratory/Textures/T_Vorot_Low_1001_OcclusionRoughnessMetallic.uasset" 3830
"D:/mydata/Repositories/MechaManZero/mmz/Content/Laboratory/Materials/M_Acid_1001_BaseColor_Mat.uasset" 3831
"D:/mydata/Repositories/MechaManZero/mmz/Content/Laboratory/Textures/T_Acid_1001_OcclusionRoughnessMetallic.uasset" 3832
"D:/mydata/Repositories/MechaManZero/mmz/Content/Laboratory/Textures/T_Ambient_Occlusion.uasset" 3833
"D:/mydata/Repositories/MechaManZero/mmz/Content/Laboratory/StaticMeshes/SM_Acid.uasset" 3834
"D:/mydata/Repositories/MechaManZero/mmz/Content/Laboratory/Textures/T_Height.uasset" 3835
"D:/mydata/Repositories/MechaManZero/mmz/Content/Laboratory/Textures/T_Base_Color.uasset" 3836
"D:/mydata/Repositories/MechaManZero/mmz/Content/Laboratory/Textures/T_Vorot_Low_1001_Normal.uasset" 3837
"D:/mydata/Repositories/MechaManZero/mmz/Content/Laboratory/Textures/T_Ogurchik_Normal.uasset" 3838
"/Game/Laboratory/Textures/T_Acid_1001_Normal" 3839
"/Game/Laboratory/Textures/T_Acid_1001_BaseColor" 3840
"/Game/Laboratory/StaticMeshes/SM_BED" 3841
"/Game/Laboratory/StaticMeshes/SM_bottle" 3842
"/Game/Laboratory/StaticMeshes/SM_Box" 3843
"/Game/Laboratory/StaticMeshes/SM_Box2" 3844
"D:/mydata/Repositories/MechaManZero/mmz/Content/Laboratory/Textures/T_Roughness.uasset" 3845
"D:/mydata/Repositories/MechaManZero/mmz/Content/Laboratory/Textures/T_WARKA_1001_BaseColor.uasset" 3846
"../../../Engine/Content/Functions/Engine_MaterialFunctions01/Texturing/ParallaxOcclusionMapping.uasset" 3847
"D:/mydata/Repositories/MechaManZero/mmz/Content/Laboratory/Textures/T_Albedo_4K_vdxibet.uasset" 3848
"../../../Engine/Content/Functions/Engine_MaterialFunctions02/Math/InverseTransformMatrix.uasset" 3849
"D:/mydata/Repositories/MechaManZero/mmz/Content/Laboratory/Materials/M_Warka.uasset" 3850
"../../../Engine/Content/Functions/Engine_MaterialFunctions02/Math/TransformToZVector.uasset" 3851
"D:/mydata/Repositories/MechaManZero/mmz/Content/Laboratory/Textures/T_WARKA_1001_Normal.uasset" 3852
"D:/mydata/Repositories/MechaManZero/mmz/Content/Characters/Mecha/Lowpoly/Mesh_Base_Color.uasset" 3853
"D:/mydata/Repositories/MechaManZero/mmz/Content/Characters/Mecha/Lowpoly/Mesh_Emissive.uasset" 3854
"D:/mydata/Repositories/MechaManZero/mmz/Content/Laboratory/Textures/T_Roughness_4K_vdxibet.uasset" 3855
"/Game/Laboratory/Textures/T_Ogurchik_Normal" 3856
"D:/mydata/Repositories/MechaManZero/mmz/Content/Laboratory/Materials/M_Wall.uasset" 3857
"D:/mydata/Repositories/MechaManZero/mmz/Content/Characters/Mecha/Lowpoly/Mesh_Metallic.uasset" 3858
"D:/mydata/Repositories/MechaManZero/mmz/Content/Laboratory/Textures/T_WARKA_1001_OcclusionRoughnessMetallic.uasset" 3859
"D:/mydata/Repositories/MechaManZero/mmz/Content/Characters/Mecha/Lowpoly/Mesh_Normal.uasset" 3860
"../../../Engine/Content/EngineVolumetrics/Fogsheet/Materials/T_EV_BlankWhite_01.uasset" 3861
"D:/mydata/Repositories/MechaManZero/mmz/Content/Characters/Mecha/Lowpoly/Baked.uasset" 3862
"D:/mydata/Repositories/MechaManZero/mmz/Content/Laboratory/Textures/T_Normal_4K_vdxibet.uasset" 3863
"D:/mydata/Repositories/MechaManZero/mmz/Content/Characters/Mecha/Lowpoly/Mesh_Roughness.uasset" 3864
"../../../Engine/Content/Functions/Engine_MaterialFunctions02/Math/CreateThirdOrthogonalVector.uasset" 3865
"D:/mydata/Repositories/MechaManZero/mmz/Content/Laboratory/Materials/M_Base_Color_Mat.uasset" 3866
"/Game/Laboratory/Textures/T_Height" 3867
"/Game/Laboratory/Textures/T_Base_Color" 3868
"/Game/Laboratory/Textures/T_Ambient_Occlusion" 3869
"/Game/Laboratory/Materials/M_SHIT_2" 3870
"/Game/Laboratory/StaticMeshes/SM_Acid" 3871
"/Game/Laboratory/Textures/T_Roughness" 3872
"../../../Engine/Content/Functions/Engine_MaterialFunctions03/Procedurals/GeneratedBand.uasset" 3873
"D:/mydata/Repositories/MechaManZero/mmz/Content/Characters/Mecha/Lowpoly/Mecha_Lowpoly.uasset" 3874
"D:/mydata/Repositories/MechaManZero/mmz/Content/shit/shit2/DissectionLab_01_pCube13.uasset" 3875
"D:/mydata/Repositories/MechaManZero/mmz/Content/shit/shit2/DissectionLab_01_pCube1.uasset" 3876
"D:/mydata/Repositories/MechaManZero/mmz/Content/shit/shit2/DissectionLab_01_pCube12.uasset" 3877
"D:/mydata/Repositories/MechaManZero/mmz/Content/Characters/Mecha/Lowpoly/Mecha_Lowpoly_Skeleton.uasset" 3878
"D:/mydata/Repositories/MechaManZero/mmz/Content/shit/shit2/DissectionLab_01_pCube10.uasset" 3879
"D:/mydata/Repositories/MechaManZero/mmz/Content/Holographic/M_Holographic1.uasset" 3880
"D:/mydata/Repositories/MechaManZero/mmz/Content/shit/shit2/DissectionLab_01_pCube16.uasset" 3881
"../../../Engine/Plugins/Enterprise/DatasmithContent/Content/Materials/Water/Textures/T_Perlin_Mask.uasset" 3882
"D:/mydata/Repositories/MechaManZero/mmz/Content/Characters/Mecha/Lowpoly/Mecha_Lowpoly_PhysicsAsset.uasset" 3883
"/Game/Characters/Mecha/Lowpoly/Baked" 3884
"D:/mydata/Repositories/MechaManZero/mmz/Content/Characters/Mecha/Lowpoly/BP_Mecha_lowpoly.uasset" 3885
"/Game/Laboratory/Materials/M_Warka" 3886
"/Game/Laboratory/Materials/M_Wall" 3887
"/Game/Laboratory/Materials/M_Base_Color_Mat" 3888
"D:/mydata/Repositories/MechaManZero/mmz/Content/shit/shit2/DissectionLab_01_pCube17.uasset" 3889
"D:/mydata/Repositories/MechaManZero/mmz/Content/shit/shit2/DissectionLab_01_pCube25.uasset" 3890
"D:/mydata/Repositories/MechaManZero/mmz/Content/shit/shit2/DissectionLab_01_pCube21.uasset" 3891
"D:/mydata/Repositories/MechaManZero/mmz/Content/shit/shit2/DissectionLab_01_pCube2.uasset" 3892
"D:/mydata/Repositories/MechaManZero/mmz/Content/shit/shit2/DissectionLab_01_pCube41.uasset" 3893
"D:/mydata/Repositories/MechaManZero/mmz/Content/shit/shit2/DissectionLab_01_pCube26.uasset" 3894
"D:/mydata/Repositories/MechaManZero/mmz/Content/shit/shit2/DissectionLab_01_pCube20.uasset" 3895
"D:/mydata/Repositories/MechaManZero/mmz/Content/shit/shit2/DissectionLab_01_pCube33.uasset" 3896
"/Game/shit/shit2/DissectionLab_01_pCube16" 3897
"D:/mydata/Repositories/MechaManZero/mmz/Content/shit/shit2/DissectionLab_01_pCube42.uasset" 3898
"D:/mydata/Repositories/MechaManZero/mmz/Content/shit/shit2/DissectionLab_01_pCube40.uasset" 3899
"D:/mydata/Repositories/MechaManZero/mmz/Content/shit/shit2/DissectionLab_01_pCube34.uasset" 3900
"D:/mydata/Repositories/MechaManZero/mmz/Content/shit/shit2/DissectionLab_01_pCube4.uasset" 3901
"D:/mydata/Repositories/MechaManZero/mmz/Content/shit/shit2/DissectionLab_01_pCube38.uasset" 3902
"D:/mydata/Repositories/MechaManZero/mmz/Content/shit/shit2/DissectionLab_01_pCube39.uasset" 3903
"D:/mydata/Repositories/MechaManZero/mmz/Content/shit/shit2/DissectionLab_01_pCube35.uasset" 3904
"D:/mydata/Repositories/MechaManZero/mmz/Content/shit/shit2/DissectionLab_01_pCube43.uasset" 3905
"D:/mydata/Repositories/MechaManZero/mmz/Content/shit/shit2/DissectionLab_01_pCube37.uasset" 3906
"D:/mydata/Repositories/MechaManZero/mmz/Content/shit/shit2/DissectionLab_01_pCube36.uasset" 3907
"D:/mydata/Repositories/MechaManZero/mmz/Content/shit/shit2/DissectionLab_01_pCube3.uasset" 3908
"D:/mydata/Repositories/MechaManZero/mmz/Content/shit/shit2/DissectionLab_01_pCube27.uasset" 3909
"../../../../../../mydata/Repositories/MechaManZero/mmz/Content/shit/shit2/DL.uasset" 3910
"../../../../../../mydata/Repositories/MechaManZero/mmz/Content/shit/shit2/openPBR_shader1.uasset" 3911
"/Game/shit/shit2/DissectionLab_01_pCube1" 3912
"/Game/shit/shit2/DissectionLab_01_pCube10" 3913
"/Game/shit/shit2/DissectionLab_01_pCube12" 3914
"/Game/shit/shit2/DissectionLab_01_pCube13" 3915
"/Game/Characters/Mecha/Lowpoly/BP_Mecha_lowpoly" 3916
"../../../Engine/Content/MapTemplates/TilingNoise05.uasset" 3917
"D:/mydata/Repositories/MechaManZero/mmz/Content/shit/shit2/DissectionLab_01_pCube44.uasset" 3918
"D:/mydata/Repositories/MechaManZero/mmz/Content/shit/shit2/DissectionLab_01_pCube45.uasset" 3919
"D:/mydata/Repositories/MechaManZero/mmz/Content/shit/shit2/DissectionLab_01_pCube47.uasset" 3920
"D:/mydata/Repositories/MechaManZero/mmz/Content/shit/shit2/DissectionLab_01_pCube48.uasset" 3921
"D:/mydata/Repositories/MechaManZero/mmz/Content/shit/shit2/DissectionLab_01_pCube6.uasset" 3922
"D:/mydata/Repositories/MechaManZero/mmz/Content/shit/shit2/DissectionLab_01_pCube9.uasset" 3923
"D:/mydata/Repositories/MechaManZero/mmz/Content/shit/shit2/DissectionLab_01_pCube7.uasset" 3924
"/Game/shit/shit2/DissectionLab_01_pCube43" 3925
"D:/mydata/Repositories/MechaManZero/mmz/Content/shit/shit2/pCube17.uasset" 3926
"D:/mydata/Repositories/MechaManZero/mmz/Content/shit/shit2/pCube19.uasset" 3927
"D:/mydata/Repositories/MechaManZero/mmz/Content/shit/shit2/pCube18.uasset" 3928
"D:/mydata/Repositories/MechaManZero/mmz/Content/shit/shit2/DissectionLab_01_pCube46.uasset" 3929
"D:/mydata/Repositories/MechaManZero/mmz/Content/shit/shit2/DissectionLab_01_pCube5.uasset" 3930
"/Game/shit/shit2/DissectionLab_01_pCube42" 3931
"/Game/shit/shit2/DissectionLab_01_pCube41" 3932
"/Game/shit/shit2/DissectionLab_01_pCube40" 3933
"/Game/shit/shit2/DissectionLab_01_pCube4" 3934
"/Game/shit/shit2/DissectionLab_01_pCube39" 3935
"/Game/shit/shit2/DissectionLab_01_pCube45" 3936
"/Game/shit/shit2/DissectionLab_01_pCube38" 3937
"/Game/shit/shit2/DissectionLab_01_pCube37" 3938
"/Game/shit/shit2/DissectionLab_01_pCube36" 3939
"/Game/shit/shit2/DissectionLab_01_pCube35" 3940
"/Game/shit/shit2/DissectionLab_01_pCube34" 3941
"/Game/shit/shit2/DissectionLab_01_pCube33" 3942
"/Game/shit/shit2/DissectionLab_01_pCube3" 3943
"/Game/shit/shit2/DissectionLab_01_pCube27" 3944
"/Game/shit/shit2/DissectionLab_01_pCube26" 3945
"/Game/shit/shit2/DissectionLab_01_pCube25" 3946
"/Game/shit/shit2/DissectionLab_01_pCube21" 3947
"/Game/shit/shit2/DissectionLab_01_pCube20" 3948
"/Game/shit/shit2/DissectionLab_01_pCube2" 3949
"/Game/shit/shit2/DissectionLab_01_pCube17" 3950
"/Game/shit/shit2/DissectionLab_01_pCube44" 3951
"D:/mydata/Repositories/MechaManZero/mmz/Content/shit/shit2/pCube20.uasset" 3952
"D:/mydata/Repositories/MechaManZero/mmz/Content/shit/shit2/pCube24.uasset" 3953
"D:/mydata/Repositories/MechaManZero/mmz/Content/shit/shit2/pCube40.uasset" 3954
"D:/mydata/Repositories/MechaManZero/mmz/Content/shit/shit2/pCube47.uasset" 3955
"D:/mydata/Repositories/MechaManZero/mmz/Content/shit/shit2/pCube50.uasset" 3956
"/Game/shit/shit2/pCube19" 3957
"D:/mydata/Repositories/MechaManZero/mmz/Content/shit/shit2/pCube43.uasset" 3958
"D:/mydata/Repositories/MechaManZero/mmz/Content/shit/shit2/pCube42.uasset" 3959
"D:/mydata/Repositories/MechaManZero/mmz/Content/shit/shit2/pCube51.uasset" 3960
"D:/mydata/Repositories/MechaManZero/mmz/Content/shit/shit2/pCube45.uasset" 3961
"D:/mydata/Repositories/MechaManZero/mmz/Content/shit/shit2/pCube52.uasset" 3962
"D:/mydata/Repositories/MechaManZero/mmz/Content/shit/shit2/pCube55.uasset" 3963
"D:/mydata/Repositories/MechaManZero/mmz/Content/shit/shit2/pCube54.uasset" 3964
"D:/mydata/Repositories/MechaManZero/mmz/Content/shit/shit2/pCube56.uasset" 3965
"D:/mydata/Repositories/MechaManZero/mmz/Content/shit/shit2/pCube53.uasset" 3966
"D:/mydata/Repositories/MechaManZero/mmz/Content/shit/shit2/pCube58.uasset" 3967
"D:/mydata/Repositories/MechaManZero/mmz/Content/shit/shit2/pCube21.uasset" 3968
"D:/mydata/Repositories/MechaManZero/mmz/Content/shit/shit2/pCube59.uasset" 3969
"D:/mydata/Repositories/MechaManZero/mmz/Content/shit/shit2/pCube44.uasset" 3970
"D:/mydata/Repositories/MechaManZero/mmz/Content/shit/shit2/pCube41.uasset" 3971
"D:/mydata/Repositories/MechaManZero/mmz/Content/shit/shit2/pCube23.uasset" 3972
"D:/mydata/Repositories/MechaManZero/mmz/Content/shit/shit2/pCube57.uasset" 3973
"D:/mydata/Repositories/MechaManZero/mmz/Content/shit/shit2/pCube48.uasset" 3974
"/Game/shit/shit2/pCube18" 3975
"/Game/shit/shit2/pCube17" 3976
"/Game/shit/shit2/DissectionLab_01_pCube9" 3977
"/Game/shit/shit2/DissectionLab_01_pCube7" 3978
"/Game/shit/shit2/DissectionLab_01_pCube6" 3979
"/Game/shit/shit2/DissectionLab_01_pCube5" 3980
"/Game/shit/shit2/DissectionLab_01_pCube48" 3981
"/Game/shit/shit2/DissectionLab_01_pCube47" 3982
"/Game/shit/shit2/DissectionLab_01_pCube46" 3983
"D:/mydata/Repositories/MechaManZero/mmz/Content/shit/shit2/pCube60.uasset" 3984
"D:/mydata/Repositories/MechaManZero/mmz/Content/shit/shit2/pCube62.uasset" 3985
"D:/mydata/Repositories/MechaManZero/mmz/Content/shit/shit2/pCube61.uasset" 3986
"D:/mydata/Repositories/MechaManZero/mmz/Content/shit/shit2/pCube63.uasset" 3987
"D:/mydata/Repositories/MechaManZero/mmz/Content/shit/shit2/pCube64.uasset" 3988
"D:/mydata/Repositories/MechaManZero/mmz/Content/shit/shit2/pCube67.uasset" 3989
"D:/mydata/Repositories/MechaManZero/mmz/Content/shit/shit2/pCube66.uasset" 3990
"D:/mydata/Repositories/MechaManZero/mmz/Content/shit/shit2/pCube69.uasset" 3991
"D:/mydata/Repositories/MechaManZero/mmz/Content/shit/shit2/pCube68.uasset" 3992
"D:/mydata/Repositories/MechaManZero/mmz/Content/shit/shit2/pCube65.uasset" 3993
"/Game/shit/shit2/pCube59" 3994
"/Game/shit/shit2/pCube58" 3995
"/Game/shit/shit2/pCube57" 3996
"/Game/shit/shit2/pCube56" 3997
"/Game/shit/shit2/pCube55" 3998
"/Game/shit/shit2/pCube54" 3999
"/Game/shit/shit2/pCube53" 4000
"/Game/shit/shit2/pCube52" 4001
"/Game/shit/shit2/pCube51" 4002
"/Game/shit/shit2/pCube50" 4003
"/Game/shit/shit2/pCube48" 4004
"/Game/shit/shit2/pCube47" 4005
"/Game/shit/shit2/pCube45" 4006
"/Game/shit/shit2/pCube44" 4007
"/Game/shit/shit2/pCube43" 4008
"/Game/shit/shit2/pCube42" 4009
"/Game/shit/shit2/pCube41" 4010
"/Game/shit/shit2/pCube40" 4011
"/Game/shit/shit2/pCube24" 4012
"/Game/shit/shit2/pCube23" 4013
"/Game/shit/shit2/pCube21" 4014
"/Game/shit/shit2/pCube20" 4015
"D:/mydata/Repositories/MechaManZero/mmz/Content/shit/shit2/pCube70.uasset" 4016
"D:/mydata/Repositories/MechaManZero/mmz/Content/shit/shit2/pCube72.uasset" 4017
"D:/mydata/Repositories/MechaManZero/mmz/Content/shit/shit2/pCylinder52.uasset" 4018
"D:/mydata/Repositories/MechaManZero/mmz/Content/shit/shit2/pCube71.uasset" 4019
"D:/mydata/Repositories/MechaManZero/mmz/Content/shit/shit2/pCylinder80.uasset" 4020
"D:/mydata/Repositories/MechaManZero/mmz/Content/shit/shit2/pCylinder79.uasset" 4021
"D:/mydata/Repositories/MechaManZero/mmz/Content/shit/shit2/pCylinder51.uasset" 4022
"D:/mydata/Repositories/MechaManZero/mmz/Content/shit/shit2/polySurface10217.uasset" 4023
"D:/mydata/Repositories/MechaManZero/mmz/Content/shit/shit2/polySurface10.uasset" 4024
"D:/mydata/Repositories/MechaManZero/mmz/Content/shit/shit2/polySurface11516.uasset" 4025
"D:/mydata/Repositories/MechaManZero/mmz/Content/shit/shit2/polySurface100.uasset" 4026
"D:/mydata/Repositories/MechaManZero/mmz/Content/shit/shit2/polySurface116.uasset" 4027
"D:/mydata/Repositories/MechaManZero/mmz/Content/shit/shit2/polySurface110.uasset" 4028
"D:/mydata/Repositories/MechaManZero/mmz/Content/shit/shit2/polySurface117.uasset" 4029
"D:/mydata/Repositories/MechaManZero/mmz/Content/shit/shit2/polySurface108.uasset" 4030
"D:/mydata/Repositories/MechaManZero/mmz/Content/shit/shit2/polySurface118.uasset" 4031
"D:/mydata/Repositories/MechaManZero/mmz/Content/shit/shit2/polySurface119.uasset" 4032
"D:/mydata/Repositories/MechaManZero/mmz/Content/shit/shit2/polySurface1.uasset" 4033
"D:/mydata/Repositories/MechaManZero/mmz/Content/shit/shit2/polySurface109.uasset" 4034
"D:/mydata/Repositories/MechaManZero/mmz/Content/shit/shit2/polySurface107.uasset" 4035
"/Game/shit/shit2/pCube69" 4036
"D:/mydata/Repositories/MechaManZero/mmz/Content/shit/shit2/polySurface106.uasset" 4037
"D:/mydata/Repositories/MechaManZero/mmz/Content/shit/shit2/polySurface11.uasset" 4038
"/Game/shit/shit2/pCube68" 4039
"/Game/shit/shit2/pCube67" 4040
"/Game/shit/shit2/pCube66" 4041
"/Game/shit/shit2/pCube65" 4042
"/Game/shit/shit2/pCube64" 4043
"/Game/shit/shit2/pCube63" 4044
"/Game/shit/shit2/pCube62" 4045
"/Game/shit/shit2/pCube61" 4046
"/Game/shit/shit2/pCube60" 4047
"/Game/shit/shit2/pCylinder80" 4048
"/Game/shit/shit2/pCylinder79" 4049
"/Game/shit/shit2/pCylinder52" 4050
"/Game/shit/shit2/pCylinder51" 4051
"/Game/shit/shit2/pCube72" 4052
"/Game/shit/shit2/pCube71" 4053
"/Game/shit/shit2/pCube70" 4054
"D:/mydata/Repositories/MechaManZero/mmz/Content/shit/shit2/polySurface123.uasset" 4055
"D:/mydata/Repositories/MechaManZero/mmz/Content/shit/shit2/polySurface125.uasset" 4056
"D:/mydata/Repositories/MechaManZero/mmz/Content/shit/shit2/polySurface129.uasset" 4057
"D:/mydata/Repositories/MechaManZero/mmz/Content/shit/shit2/polySurface13.uasset" 4058
"D:/mydata/Repositories/MechaManZero/mmz/Content/shit/shit2/polySurface124.uasset" 4059
"D:/mydata/Repositories/MechaManZero/mmz/Content/shit/shit2/polySurface126.uasset" 4060
"/Game/shit/shit2/polySurface119" 4061
"D:/mydata/Repositories/MechaManZero/mmz/Content/shit/shit2/polySurface136.uasset" 4062
"D:/mydata/Repositories/MechaManZero/mmz/Content/shit/shit2/polySurface137.uasset" 4063
"D:/mydata/Repositories/MechaManZero/mmz/Content/shit/shit2/polySurface130.uasset" 4064
"D:/mydata/Repositories/MechaManZero/mmz/Content/shit/shit2/polySurface138.uasset" 4065
"D:/mydata/Repositories/MechaManZero/mmz/Content/shit/shit2/polySurface127.uasset" 4066
"D:/mydata/Repositories/MechaManZero/mmz/Content/shit/shit2/polySurface128.uasset" 4067
"D:/mydata/Repositories/MechaManZero/mmz/Content/shit/shit2/polySurface120.uasset" 4068
"D:/mydata/Repositories/MechaManZero/mmz/Content/shit/shit2/polySurface122.uasset" 4069
"D:/mydata/Repositories/MechaManZero/mmz/Content/shit/shit2/polySurface1356.uasset" 4070
"D:/mydata/Repositories/MechaManZero/mmz/Content/shit/shit2/polySurface12.uasset" 4071
"D:/mydata/Repositories/MechaManZero/mmz/Content/shit/shit2/polySurface121.uasset" 4072
"/Game/shit/shit2/polySurface118" 4073
"/Game/shit/shit2/polySurface117" 4074
"/Game/shit/shit2/polySurface116" 4075
"/Game/shit/shit2/polySurface11516" 4076
"/Game/shit/shit2/polySurface110" 4077
"/Game/shit/shit2/polySurface11" 4078
"/Game/shit/shit2/polySurface109" 4079
"/Game/shit/shit2/polySurface108" 4080
"/Game/shit/shit2/polySurface107" 4081
"/Game/shit/shit2/polySurface106" 4082
"/Game/shit/shit2/polySurface10217" 4083
"/Game/shit/shit2/polySurface100" 4084
"/Game/shit/shit2/polySurface10" 4085
"/Game/shit/shit2/polySurface1" 4086
"D:/mydata/Repositories/MechaManZero/mmz/Content/shit/shit2/polySurface145.uasset" 4087
"D:/mydata/Repositories/MechaManZero/mmz/Content/shit/shit2/polySurface146.uasset" 4088
"D:/mydata/Repositories/MechaManZero/mmz/Content/shit/shit2/polySurface140.uasset" 4089
"D:/mydata/Repositories/MechaManZero/mmz/Content/shit/shit2/polySurface150.uasset" 4090
"D:/mydata/Repositories/MechaManZero/mmz/Content/shit/shit2/polySurface149.uasset" 4091
"/Game/shit/shit2/polySurface138" 4092
"D:/mydata/Repositories/MechaManZero/mmz/Content/shit/shit2/polySurface143.uasset" 4093
"D:/mydata/Repositories/MechaManZero/mmz/Content/shit/shit2/polySurface148.uasset" 4094
"D:/mydata/Repositories/MechaManZero/mmz/Content/shit/shit2/polySurface142.uasset" 4095
"D:/mydata/Repositories/MechaManZero/mmz/Content/shit/shit2/polySurface151.uasset" 4096
"D:/mydata/Repositories/MechaManZero/mmz/Content/shit/shit2/polySurface141.uasset" 4097
"D:/mydata/Repositories/MechaManZero/mmz/Content/shit/shit2/polySurface147.uasset" 4098
"D:/mydata/Repositories/MechaManZero/mmz/Content/shit/shit2/polySurface144.uasset" 4099
"D:/mydata/Repositories/MechaManZero/mmz/Content/shit/shit2/polySurface15.uasset" 4100
"D:/mydata/Repositories/MechaManZero/mmz/Content/shit/shit2/polySurface139.uasset" 4101
"D:/mydata/Repositories/MechaManZero/mmz/Content/shit/shit2/polySurface14.uasset" 4102
"/Game/shit/shit2/polySurface137" 4103
"/Game/shit/shit2/polySurface136" 4104
"/Game/shit/shit2/polySurface1356" 4105
"/Game/shit/shit2/polySurface130" 4106
"/Game/shit/shit2/polySurface13" 4107
"/Game/shit/shit2/polySurface129" 4108
"/Game/shit/shit2/polySurface128" 4109
"/Game/shit/shit2/polySurface127" 4110
"/Game/shit/shit2/polySurface126" 4111
"/Game/shit/shit2/polySurface125" 4112
"/Game/shit/shit2/polySurface124" 4113
"/Game/shit/shit2/polySurface123" 4114
"/Game/shit/shit2/polySurface122" 4115
"/Game/shit/shit2/polySurface121" 4116
"/Game/shit/shit2/polySurface120" 4117
"/Game/shit/shit2/polySurface12" 4118
"D:/mydata/Repositories/MechaManZero/mmz/Content/shit/shit2/polySurface153.uasset" 4119
"D:/mydata/Repositories/MechaManZero/mmz/Content/shit/shit2/polySurface156.uasset" 4120
"D:/mydata/Repositories/MechaManZero/mmz/Content/shit/shit2/polySurface158.uasset" 4121
"D:/mydata/Repositories/MechaManZero/mmz/Content/shit/shit2/polySurface160.uasset" 4122
"D:/mydata/Repositories/MechaManZero/mmz/Content/shit/shit2/polySurface155.uasset" 4123
"D:/mydata/Repositories/MechaManZero/mmz/Content/shit/shit2/polySurface165.uasset" 4124
"D:/mydata/Repositories/MechaManZero/mmz/Content/shit/shit2/polySurface163.uasset" 4125
"/Game/shit/shit2/polySurface151" 4126
"D:/mydata/Repositories/MechaManZero/mmz/Content/shit/shit2/polySurface164.uasset" 4127
"D:/mydata/Repositories/MechaManZero/mmz/Content/shit/shit2/polySurface157.uasset" 4128
"D:/mydata/Repositories/MechaManZero/mmz/Content/shit/shit2/polySurface152.uasset" 4129
"D:/mydata/Repositories/MechaManZero/mmz/Content/shit/shit2/polySurface167.uasset" 4130
"D:/mydata/Repositories/MechaManZero/mmz/Content/shit/shit2/polySurface159.uasset" 4131
"D:/mydata/Repositories/MechaManZero/mmz/Content/shit/shit2/polySurface154.uasset" 4132
"D:/mydata/Repositories/MechaManZero/mmz/Content/shit/shit2/polySurface16.uasset" 4133
"D:/mydata/Repositories/MechaManZero/mmz/Content/shit/shit2/polySurface166.uasset" 4134
"D:/mydata/Repositories/MechaManZero/mmz/Content/shit/shit2/polySurface161.uasset" 4135
"D:/mydata/Repositories/MechaManZero/mmz/Content/shit/shit2/polySurface162.uasset" 4136
"/Game/shit/shit2/polySurface150" 4137
"/Game/shit/shit2/polySurface15" 4138
"/Game/shit/shit2/polySurface149" 4139
"/Game/shit/shit2/polySurface148" 4140
"/Game/shit/shit2/polySurface147" 4141
"/Game/shit/shit2/polySurface146" 4142
"/Game/shit/shit2/polySurface145" 4143
"/Game/shit/shit2/polySurface144" 4144
"/Game/shit/shit2/polySurface143" 4145
"/Game/shit/shit2/polySurface142" 4146
"/Game/shit/shit2/polySurface141" 4147
"/Game/shit/shit2/polySurface140" 4148
"/Game/shit/shit2/polySurface14" 4149
"/Game/shit/shit2/polySurface139" 4150
"D:/mydata/Repositories/MechaManZero/mmz/Content/shit/shit2/polySurface171.uasset" 4151
"D:/mydata/Repositories/MechaManZero/mmz/Content/shit/shit2/polySurface168.uasset" 4152
"D:/mydata/Repositories/MechaManZero/mmz/Content/shit/shit2/polySurface17.uasset" 4153
"D:/mydata/Repositories/MechaManZero/mmz/Content/shit/shit2/polySurface175.uasset" 4154
"D:/mydata/Repositories/MechaManZero/mmz/Content/shit/shit2/polySurface172.uasset" 4155
"D:/mydata/Repositories/MechaManZero/mmz/Content/shit/shit2/polySurface176.uasset" 4156
"D:/mydata/Repositories/MechaManZero/mmz/Content/shit/shit2/polySurface178.uasset" 4157
"D:/mydata/Repositories/MechaManZero/mmz/Content/shit/shit2/polySurface179.uasset" 4158
"D:/mydata/Repositories/MechaManZero/mmz/Content/shit/shit2/polySurface177.uasset" 4159
"D:/mydata/Repositories/MechaManZero/mmz/Content/shit/shit2/polySurface180.uasset" 4160
"D:/mydata/Repositories/MechaManZero/mmz/Content/shit/shit2/polySurface174.uasset" 4161
"D:/mydata/Repositories/MechaManZero/mmz/Content/shit/shit2/polySurface18.uasset" 4162
"D:/mydata/Repositories/MechaManZero/mmz/Content/shit/shit2/polySurface169.uasset" 4163
"/Game/shit/shit2/polySurface167" 4164
"D:/mydata/Repositories/MechaManZero/mmz/Content/shit/shit2/polySurface173.uasset" 4165
"D:/mydata/Repositories/MechaManZero/mmz/Content/shit/shit2/polySurface170.uasset" 4166
"/Game/shit/shit2/polySurface166" 4167
"/Game/shit/shit2/polySurface165" 4168
"/Game/shit/shit2/polySurface164" 4169
"/Game/shit/shit2/polySurface163" 4170
"/Game/shit/shit2/polySurface162" 4171
"/Game/shit/shit2/polySurface161" 4172
"/Game/shit/shit2/polySurface160" 4173
"/Game/shit/shit2/polySurface16" 4174
"/Game/shit/shit2/polySurface159" 4175
"/Game/shit/shit2/polySurface158" 4176
"/Game/shit/shit2/polySurface157" 4177
"/Game/shit/shit2/polySurface156" 4178
"/Game/shit/shit2/polySurface155" 4179
"/Game/shit/shit2/polySurface154" 4180
"/Game/shit/shit2/polySurface153" 4181
"/Game/shit/shit2/polySurface152" 4182
"D:/mydata/Repositories/MechaManZero/mmz/Content/shit/shit2/polySurface186.uasset" 4183
"D:/mydata/Repositories/MechaManZero/mmz/Content/shit/shit2/polySurface184.uasset" 4184
"D:/mydata/Repositories/MechaManZero/mmz/Content/shit/shit2/polySurface181.uasset" 4185
"D:/mydata/Repositories/MechaManZero/mmz/Content/shit/shit2/polySurface191.uasset" 4186
"D:/mydata/Repositories/MechaManZero/mmz/Content/shit/shit2/polySurface193.uasset" 4187
"D:/mydata/Repositories/MechaManZero/mmz/Content/shit/shit2/polySurface192.uasset" 4188
"D:/mydata/Repositories/MechaManZero/mmz/Content/shit/shit2/polySurface194.uasset" 4189
"D:/mydata/Repositories/MechaManZero/mmz/Content/shit/shit2/polySurface185.uasset" 4190
"D:/mydata/Repositories/MechaManZero/mmz/Content/shit/shit2/polySurface183.uasset" 4191
"D:/mydata/Repositories/MechaManZero/mmz/Content/shit/shit2/polySurface182.uasset" 4192
"D:/mydata/Repositories/MechaManZero/mmz/Content/shit/shit2/polySurface189.uasset" 4193
"/Game/shit/shit2/polySurface180" 4194
"D:/mydata/Repositories/MechaManZero/mmz/Content/shit/shit2/polySurface190.uasset" 4195
"D:/mydata/Repositories/MechaManZero/mmz/Content/shit/shit2/polySurface19.uasset" 4196
"D:/mydata/Repositories/MechaManZero/mmz/Content/shit/shit2/polySurface188.uasset" 4197
"D:/mydata/Repositories/MechaManZero/mmz/Content/shit/shit2/polySurface196.uasset" 4198
"D:/mydata/Repositories/MechaManZero/mmz/Content/shit/shit2/polySurface195.uasset" 4199
"D:/mydata/Repositories/MechaManZero/mmz/Content/shit/shit2/polySurface187.uasset" 4200
"/Game/shit/shit2/polySurface18" 4201
"/Game/shit/shit2/polySurface179" 4202
"/Game/shit/shit2/polySurface178" 4203
"/Game/shit/shit2/polySurface177" 4204
"/Game/shit/shit2/polySurface176" 4205
"/Game/shit/shit2/polySurface175" 4206
"/Game/shit/shit2/polySurface174" 4207
"/Game/shit/shit2/polySurface173" 4208
"/Game/shit/shit2/polySurface172" 4209
"/Game/shit/shit2/polySurface171" 4210
"/Game/shit/shit2/polySurface170" 4211
"/Game/shit/shit2/polySurface17" 4212
"/Game/shit/shit2/polySurface169" 4213
"/Game/shit/shit2/polySurface168" 4214
"D:/mydata/Repositories/MechaManZero/mmz/Content/shit/shit2/polySurface197.uasset" 4215
"D:/mydata/Repositories/MechaManZero/mmz/Content/shit/shit2/polySurface198.uasset" 4216
"D:/mydata/Repositories/MechaManZero/mmz/Content/shit/shit2/polySurface2.uasset" 4217
"D:/mydata/Repositories/MechaManZero/mmz/Content/shit/shit2/polySurface20.uasset" 4218
"D:/mydata/Repositories/MechaManZero/mmz/Content/shit/shit2/polySurface201.uasset" 4219
"/Game/shit/shit2/polySurface196" 4220
"D:/mydata/Repositories/MechaManZero/mmz/Content/shit/shit2/polySurface204.uasset" 4221
"D:/mydata/Repositories/MechaManZero/mmz/Content/shit/shit2/polySurface202.uasset" 4222
"D:/mydata/Repositories/MechaManZero/mmz/Content/shit/shit2/polySurface205.uasset" 4223
"D:/mydata/Repositories/MechaManZero/mmz/Content/shit/shit2/polySurface200.uasset" 4224
"D:/mydata/Repositories/MechaManZero/mmz/Content/shit/shit2/polySurface208.uasset" 4225
"D:/mydata/Repositories/MechaManZero/mmz/Content/shit/shit2/polySurface209.uasset" 4226
"D:/mydata/Repositories/MechaManZero/mmz/Content/shit/shit2/polySurface203.uasset" 4227
"D:/mydata/Repositories/MechaManZero/mmz/Content/shit/shit2/polySurface206.uasset" 4228
"D:/mydata/Repositories/MechaManZero/mmz/Content/shit/shit2/polySurface207.uasset" 4229
"D:/mydata/Repositories/MechaManZero/mmz/Content/shit/shit2/polySurface199.uasset" 4230
"/Game/shit/shit2/polySurface195" 4231
"/Game/shit/shit2/polySurface194" 4232
"/Game/shit/shit2/polySurface193" 4233
"/Game/shit/shit2/polySurface192" 4234
"/Game/shit/shit2/polySurface191" 4235
"/Game/shit/shit2/polySurface190" 4236
"/Game/shit/shit2/polySurface19" 4237
"/Game/shit/shit2/polySurface189" 4238
"/Game/shit/shit2/polySurface188" 4239
"/Game/shit/shit2/polySurface187" 4240
"/Game/shit/shit2/polySurface186" 4241
"/Game/shit/shit2/polySurface185" 4242
"/Game/shit/shit2/polySurface184" 4243
"/Game/shit/shit2/polySurface183" 4244
"/Game/shit/shit2/polySurface182" 4245
"/Game/shit/shit2/polySurface181" 4246
"D:/mydata/Repositories/MechaManZero/mmz/Content/shit/shit2/polySurface215.uasset" 4247
"D:/mydata/Repositories/MechaManZero/mmz/Content/shit/shit2/polySurface211.uasset" 4248
"D:/mydata/Repositories/MechaManZero/mmz/Content/shit/shit2/polySurface212.uasset" 4249
"D:/mydata/Repositories/MechaManZero/mmz/Content/shit/shit2/polySurface210.uasset" 4250
"/Game/shit/shit2/polySurface209" 4251
"D:/mydata/Repositories/MechaManZero/mmz/Content/shit/shit2/polySurface21.uasset" 4252
"D:/mydata/Repositories/MechaManZero/mmz/Content/shit/shit2/polySurface221.uasset" 4253
"D:/mydata/Repositories/MechaManZero/mmz/Content/shit/shit2/polySurface220.uasset" 4254
"D:/mydata/Repositories/MechaManZero/mmz/Content/shit/shit2/polySurface222.uasset" 4255
"D:/mydata/Repositories/MechaManZero/mmz/Content/shit/shit2/polySurface219.uasset" 4256
"D:/mydata/Repositories/MechaManZero/mmz/Content/shit/shit2/polySurface217.uasset" 4257
"D:/mydata/Repositories/MechaManZero/mmz/Content/shit/shit2/polySurface22.uasset" 4258
"D:/mydata/Repositories/MechaManZero/mmz/Content/shit/shit2/polySurface213.uasset" 4259
"D:/mydata/Repositories/MechaManZero/mmz/Content/shit/shit2/polySurface223.uasset" 4260
"D:/mydata/Repositories/MechaManZero/mmz/Content/shit/shit2/polySurface216.uasset" 4261
"D:/mydata/Repositories/MechaManZero/mmz/Content/shit/shit2/polySurface214.uasset" 4262
"D:/mydata/Repositories/MechaManZero/mmz/Content/shit/shit2/polySurface218.uasset" 4263
"D:/mydata/Repositories/MechaManZero/mmz/Content/shit/shit2/polySurface224.uasset" 4264
"/Game/shit/shit2/polySurface208" 4265
"/Game/shit/shit2/polySurface207" 4266
"/Game/shit/shit2/polySurface206" 4267
"/Game/shit/shit2/polySurface205" 4268
"/Game/shit/shit2/polySurface204" 4269
"/Game/shit/shit2/polySurface203" 4270
"/Game/shit/shit2/polySurface202" 4271
"/Game/shit/shit2/polySurface201" 4272
"/Game/shit/shit2/polySurface200" 4273
"/Game/shit/shit2/polySurface20" 4274
"/Game/shit/shit2/polySurface2" 4275
"/Game/shit/shit2/polySurface199" 4276
"/Game/shit/shit2/polySurface198" 4277
"/Game/shit/shit2/polySurface197" 4278
"D:/mydata/Repositories/MechaManZero/mmz/Content/shit/shit2/polySurface227.uasset" 4279
"D:/mydata/Repositories/MechaManZero/mmz/Content/shit/shit2/polySurface23.uasset" 4280
"D:/mydata/Repositories/MechaManZero/mmz/Content/shit/shit2/polySurface226.uasset" 4281
"D:/mydata/Repositories/MechaManZero/mmz/Content/shit/shit2/polySurface235.uasset" 4282
"D:/mydata/Repositories/MechaManZero/mmz/Content/shit/shit2/polySurface230.uasset" 4283
"D:/mydata/Repositories/MechaManZero/mmz/Content/shit/shit2/polySurface225.uasset" 4284
"D:/mydata/Repositories/MechaManZero/mmz/Content/shit/shit2/polySurface231.uasset" 4285
"D:/mydata/Repositories/MechaManZero/mmz/Content/shit/shit2/polySurface233.uasset" 4286
"D:/mydata/Repositories/MechaManZero/mmz/Content/shit/shit2/polySurface232.uasset" 4287
"/Game/shit/shit2/polySurface224" 4288
"D:/mydata/Repositories/MechaManZero/mmz/Content/shit/shit2/polySurface236.uasset" 4289
"D:/mydata/Repositories/MechaManZero/mmz/Content/shit/shit2/polySurface229.uasset" 4290
"D:/mydata/Repositories/MechaManZero/mmz/Content/shit/shit2/polySurface238.uasset" 4291
"D:/mydata/Repositories/MechaManZero/mmz/Content/shit/shit2/polySurface234.uasset" 4292
"D:/mydata/Repositories/MechaManZero/mmz/Content/shit/shit2/polySurface228.uasset" 4293
"D:/mydata/Repositories/MechaManZero/mmz/Content/shit/shit2/polySurface237.uasset" 4294
"/Game/shit/shit2/polySurface223" 4295
"/Game/shit/shit2/polySurface222" 4296
"/Game/shit/shit2/polySurface221" 4297
"/Game/shit/shit2/polySurface220" 4298
"/Game/shit/shit2/polySurface22" 4299
"/Game/shit/shit2/polySurface219" 4300
"/Game/shit/shit2/polySurface218" 4301
"/Game/shit/shit2/polySurface217" 4302
"/Game/shit/shit2/polySurface216" 4303
"/Game/shit/shit2/polySurface215" 4304
"/Game/shit/shit2/polySurface214" 4305
"/Game/shit/shit2/polySurface213" 4306
"/Game/shit/shit2/polySurface212" 4307
"/Game/shit/shit2/polySurface211" 4308
"/Game/shit/shit2/polySurface210" 4309
"/Game/shit/shit2/polySurface21" 4310
"D:/mydata/Repositories/MechaManZero/mmz/Content/shit/shit2/polySurface239.uasset" 4311
"D:/mydata/Repositories/MechaManZero/mmz/Content/shit/shit2/polySurface242.uasset" 4312
"D:/mydata/Repositories/MechaManZero/mmz/Content/shit/shit2/polySurface246.uasset" 4313
"D:/mydata/Repositories/MechaManZero/mmz/Content/shit/shit2/polySurface244.uasset" 4314
"D:/mydata/Repositories/MechaManZero/mmz/Content/shit/shit2/polySurface245.uasset" 4315
"D:/mydata/Repositories/MechaManZero/mmz/Content/shit/shit2/polySurface241.uasset" 4316
"/Game/shit/shit2/polySurface238" 4317
"D:/mydata/Repositories/MechaManZero/mmz/Content/shit/shit2/polySurface25.uasset" 4318
"D:/mydata/Repositories/MechaManZero/mmz/Content/shit/shit2/polySurface251.uasset" 4319
"D:/mydata/Repositories/MechaManZero/mmz/Content/shit/shit2/polySurface249.uasset" 4320
"D:/mydata/Repositories/MechaManZero/mmz/Content/shit/shit2/polySurface24.uasset" 4321
"D:/mydata/Repositories/MechaManZero/mmz/Content/shit/shit2/polySurface243.uasset" 4322
"D:/mydata/Repositories/MechaManZero/mmz/Content/shit/shit2/polySurface252.uasset" 4323
"D:/mydata/Repositories/MechaManZero/mmz/Content/shit/shit2/polySurface253.uasset" 4324
"D:/mydata/Repositories/MechaManZero/mmz/Content/shit/shit2/polySurface250.uasset" 4325
"D:/mydata/Repositories/MechaManZero/mmz/Content/shit/shit2/polySurface248.uasset" 4326
"D:/mydata/Repositories/MechaManZero/mmz/Content/shit/shit2/polySurface247.uasset" 4327
"D:/mydata/Repositories/MechaManZero/mmz/Content/shit/shit2/polySurface240.uasset" 4328
"/Game/shit/shit2/polySurface237" 4329
"/Game/shit/shit2/polySurface236" 4330
"/Game/shit/shit2/polySurface235" 4331
"/Game/shit/shit2/polySurface234" 4332
"/Game/shit/shit2/polySurface233" 4333
"/Game/shit/shit2/polySurface232" 4334
"/Game/shit/shit2/polySurface231" 4335
"/Game/shit/shit2/polySurface230" 4336
"/Game/shit/shit2/polySurface23" 4337
"/Game/shit/shit2/polySurface229" 4338
"/Game/shit/shit2/polySurface228" 4339
"/Game/shit/shit2/polySurface227" 4340
"/Game/shit/shit2/polySurface226" 4341
"/Game/shit/shit2/polySurface225" 4342
"D:/mydata/Repositories/MechaManZero/mmz/Content/shit/shit2/polySurface257.uasset" 4343
"D:/mydata/Repositories/MechaManZero/mmz/Content/shit/shit2/polySurface255.uasset" 4344
"D:/mydata/Repositories/MechaManZero/mmz/Content/shit/shit2/polySurface260.uasset" 4345
"D:/mydata/Repositories/MechaManZero/mmz/Content/shit/shit2/polySurface256.uasset" 4346
"D:/mydata/Repositories/MechaManZero/mmz/Content/shit/shit2/polySurface258.uasset" 4347
"D:/mydata/Repositories/MechaManZero/mmz/Content/shit/shit2/polySurface261.uasset" 4348
"/Game/shit/shit2/polySurface253" 4349
"D:/mydata/Repositories/MechaManZero/mmz/Content/shit/shit2/polySurface264.uasset" 4350
"D:/mydata/Repositories/MechaManZero/mmz/Content/shit/shit2/polySurface262.uasset" 4351
"D:/mydata/Repositories/MechaManZero/mmz/Content/shit/shit2/polySurface267.uasset" 4352
"D:/mydata/Repositories/MechaManZero/mmz/Content/shit/shit2/polySurface254.uasset" 4353
"D:/mydata/Repositories/MechaManZero/mmz/Content/shit/shit2/polySurface265.uasset" 4354
"D:/mydata/Repositories/MechaManZero/mmz/Content/shit/shit2/polySurface259.uasset" 4355
"D:/mydata/Repositories/MechaManZero/mmz/Content/shit/shit2/polySurface263.uasset" 4356
"D:/mydata/Repositories/MechaManZero/mmz/Content/shit/shit2/polySurface266.uasset" 4357
"D:/mydata/Repositories/MechaManZero/mmz/Content/shit/shit2/polySurface268.uasset" 4358
"/Game/shit/shit2/polySurface252" 4359
"/Game/shit/shit2/polySurface251" 4360
"/Game/shit/shit2/polySurface250" 4361
"/Game/shit/shit2/polySurface25" 4362
"/Game/shit/shit2/polySurface249" 4363
"/Game/shit/shit2/polySurface248" 4364
"/Game/shit/shit2/polySurface247" 4365
"/Game/shit/shit2/polySurface246" 4366
"/Game/shit/shit2/polySurface245" 4367
"/Game/shit/shit2/polySurface244" 4368
"/Game/shit/shit2/polySurface243" 4369
"/Game/shit/shit2/polySurface242" 4370
"/Game/shit/shit2/polySurface241" 4371
"/Game/shit/shit2/polySurface240" 4372
"/Game/shit/shit2/polySurface24" 4373
"/Game/shit/shit2/polySurface239" 4374
"D:/mydata/Repositories/MechaManZero/mmz/Content/shit/shit2/polySurface269.uasset" 4375
"D:/mydata/Repositories/MechaManZero/mmz/Content/shit/shit2/polySurface271.uasset" 4376
"D:/mydata/Repositories/MechaManZero/mmz/Content/shit/shit2/polySurface273.uasset" 4377
"D:/mydata/Repositories/MechaManZero/mmz/Content/shit/shit2/polySurface274.uasset" 4378
"/Game/shit/shit2/polySurface268" 4379
"D:/mydata/Repositories/MechaManZero/mmz/Content/shit/shit2/polySurface270.uasset" 4380
"D:/mydata/Repositories/MechaManZero/mmz/Content/shit/shit2/polySurface279.uasset" 4381
"D:/mydata/Repositories/MechaManZero/mmz/Content/shit/shit2/polySurface275.uasset" 4382
"D:/mydata/Repositories/MechaManZero/mmz/Content/shit/shit2/polySurface276.uasset" 4383
"D:/mydata/Repositories/MechaManZero/mmz/Content/shit/shit2/polySurface278.uasset" 4384
"D:/mydata/Repositories/MechaManZero/mmz/Content/shit/shit2/polySurface280.uasset" 4385
"D:/mydata/Repositories/MechaManZero/mmz/Content/shit/shit2/polySurface277.uasset" 4386
"D:/mydata/Repositories/MechaManZero/mmz/Content/shit/shit2/polySurface283.uasset" 4387
"D:/mydata/Repositories/MechaManZero/mmz/Content/shit/shit2/polySurface281.uasset" 4388
"D:/mydata/Repositories/MechaManZero/mmz/Content/shit/shit2/polySurface272.uasset" 4389
"D:/mydata/Repositories/MechaManZero/mmz/Content/shit/shit2/polySurface284.uasset" 4390
"D:/mydata/Repositories/MechaManZero/mmz/Content/shit/shit2/polySurface285.uasset" 4391
"D:/mydata/Repositories/MechaManZero/mmz/Content/shit/shit2/polySurface282.uasset" 4392
"/Game/shit/shit2/polySurface267" 4393
"/Game/shit/shit2/polySurface266" 4394
"/Game/shit/shit2/polySurface265" 4395
"/Game/shit/shit2/polySurface264" 4396
"/Game/shit/shit2/polySurface263" 4397
"/Game/shit/shit2/polySurface262" 4398
"/Game/shit/shit2/polySurface261" 4399
"/Game/shit/shit2/polySurface260" 4400
"/Game/shit/shit2/polySurface259" 4401
"/Game/shit/shit2/polySurface258" 4402
"/Game/shit/shit2/polySurface257" 4403
"/Game/shit/shit2/polySurface256" 4404
"/Game/shit/shit2/polySurface255" 4405
"/Game/shit/shit2/polySurface254" 4406
"D:/mydata/Repositories/MechaManZero/mmz/Content/shit/shit2/polySurface286.uasset" 4407
"D:/mydata/Repositories/MechaManZero/mmz/Content/shit/shit2/polySurface291.uasset" 4408
"D:/mydata/Repositories/MechaManZero/mmz/Content/shit/shit2/polySurface287.uasset" 4409
"D:/mydata/Repositories/MechaManZero/mmz/Content/shit/shit2/polySurface290.uasset" 4410
"D:/mydata/Repositories/MechaManZero/mmz/Content/shit/shit2/polySurface294.uasset" 4411
"D:/mydata/Repositories/MechaManZero/mmz/Content/shit/shit2/polySurface295.uasset" 4412
"D:/mydata/Repositories/MechaManZero/mmz/Content/shit/shit2/polySurface298.uasset" 4413
"D:/mydata/Repositories/MechaManZero/mmz/Content/shit/shit2/polySurface297.uasset" 4414
"D:/mydata/Repositories/MechaManZero/mmz/Content/shit/shit2/polySurface296.uasset" 4415
"D:/mydata/Repositories/MechaManZero/mmz/Content/shit/shit2/polySurface289.uasset" 4416
"D:/mydata/Repositories/MechaManZero/mmz/Content/shit/shit2/polySurface293.uasset" 4417
"/Game/shit/shit2/polySurface285" 4418
"D:/mydata/Repositories/MechaManZero/mmz/Content/shit/shit2/polySurface3.uasset" 4419
"D:/mydata/Repositories/MechaManZero/mmz/Content/shit/shit2/polySurface299.uasset" 4420
"D:/mydata/Repositories/MechaManZero/mmz/Content/shit/shit2/polySurface292.uasset" 4421
"D:/mydata/Repositories/MechaManZero/mmz/Content/shit/shit2/polySurface288.uasset" 4422
"/Game/shit/shit2/polySurface284" 4423
"/Game/shit/shit2/polySurface283" 4424
"/Game/shit/shit2/polySurface282" 4425
"/Game/shit/shit2/polySurface281" 4426
"/Game/shit/shit2/polySurface280" 4427
"/Game/shit/shit2/polySurface279" 4428
"/Game/shit/shit2/polySurface278" 4429
"/Game/shit/shit2/polySurface277" 4430
"/Game/shit/shit2/polySurface276" 4431
"/Game/shit/shit2/polySurface291" 4432
"/Game/shit/shit2/polySurface287" 4433
"/Game/shit/shit2/polySurface286" 4434
"/Game/shit/shit2/polySurface275" 4435
"/Game/shit/shit2/polySurface274" 4436
"/Game/shit/shit2/polySurface273" 4437
"/Game/shit/shit2/polySurface272" 4438
"/Game/shit/shit2/polySurface271" 4439
"/Game/shit/shit2/polySurface270" 4440
"/Game/shit/shit2/polySurface269" 4441
"D:/mydata/Repositories/MechaManZero/mmz/Content/shit/shit2/polySurface300.uasset" 4442
"D:/mydata/Repositories/MechaManZero/mmz/Content/shit/shit2/polySurface302.uasset" 4443
"D:/mydata/Repositories/MechaManZero/mmz/Content/shit/shit2/polySurface3010.uasset" 4444
"D:/mydata/Repositories/MechaManZero/mmz/Content/shit/shit2/polySurface304.uasset" 4445
"D:/mydata/Repositories/MechaManZero/mmz/Content/shit/shit2/polySurface305.uasset" 4446
"D:/mydata/Repositories/MechaManZero/mmz/Content/shit/shit2/polySurface303.uasset" 4447
"D:/mydata/Repositories/MechaManZero/mmz/Content/shit/shit2/polySurface31.uasset" 4448
"D:/mydata/Repositories/MechaManZero/mmz/Content/shit/shit2/polySurface31318.uasset" 4449
"D:/mydata/Repositories/MechaManZero/mmz/Content/shit/shit2/polySurface301.uasset" 4450
"D:/mydata/Repositories/MechaManZero/mmz/Content/shit/shit2/polySurface317.uasset" 4451
"D:/mydata/Repositories/MechaManZero/mmz/Content/shit/shit2/polySurface318.uasset" 4452
"D:/mydata/Repositories/MechaManZero/mmz/Content/shit/shit2/polySurface319.uasset" 4453
"D:/mydata/Repositories/MechaManZero/mmz/Content/shit/shit2/polySurface32.uasset" 4454
"/Game/shit/shit2/polySurface3" 4455
"D:/mydata/Repositories/MechaManZero/mmz/Content/shit/shit2/polySurface320.uasset" 4456
"D:/mydata/Repositories/MechaManZero/mmz/Content/shit/shit2/polySurface322.uasset" 4457
"D:/mydata/Repositories/MechaManZero/mmz/Content/shit/shit2/polySurface316.uasset" 4458
"D:/mydata/Repositories/MechaManZero/mmz/Content/shit/shit2/polySurface321.uasset" 4459
"D:/mydata/Repositories/MechaManZero/mmz/Content/shit/shit2/polySurface323.uasset" 4460
"D:/mydata/Repositories/MechaManZero/mmz/Content/shit/shit2/polySurface324.uasset" 4461
"D:/mydata/Repositories/MechaManZero/mmz/Content/shit/shit2/polySurface325.uasset" 4462
"/Game/shit/shit2/polySurface299" 4463
"/Game/shit/shit2/polySurface298" 4464
"/Game/shit/shit2/polySurface297" 4465
"/Game/shit/shit2/polySurface296" 4466
"/Game/shit/shit2/polySurface295" 4467
"/Game/shit/shit2/polySurface294" 4468
"/Game/shit/shit2/polySurface293" 4469
"/Game/shit/shit2/polySurface292" 4470
"/Game/shit/shit2/polySurface290" 4471
"/Game/shit/shit2/polySurface289" 4472
"/Game/shit/shit2/polySurface288" 4473
"/Game/shit/shit2/polySurface305" 4474
"/Game/shit/shit2/polySurface304" 4475
"/Game/shit/shit2/polySurface303" 4476
"/Game/shit/shit2/polySurface302" 4477
"/Game/shit/shit2/polySurface300" 4478
"D:/mydata/Repositories/MechaManZero/mmz/Content/shit/shit2/polySurface326.uasset" 4479
"D:/mydata/Repositories/MechaManZero/mmz/Content/shit/shit2/polySurface331.uasset" 4480
"D:/mydata/Repositories/MechaManZero/mmz/Content/shit/shit2/polySurface334.uasset" 4481
"D:/mydata/Repositories/MechaManZero/mmz/Content/shit/shit2/polySurface336.uasset" 4482
"/Game/shit/shit2/polySurface325" 4483
"D:/mydata/Repositories/MechaManZero/mmz/Content/shit/shit2/polySurface332.uasset" 4484
"D:/mydata/Repositories/MechaManZero/mmz/Content/shit/shit2/polySurface337.uasset" 4485
"D:/mydata/Repositories/MechaManZero/mmz/Content/shit/shit2/polySurface340.uasset" 4486
"D:/mydata/Repositories/MechaManZero/mmz/Content/shit/shit2/polySurface333.uasset" 4487
"D:/mydata/Repositories/MechaManZero/mmz/Content/shit/shit2/polySurface328.uasset" 4488
"D:/mydata/Repositories/MechaManZero/mmz/Content/shit/shit2/polySurface33.uasset" 4489
"D:/mydata/Repositories/MechaManZero/mmz/Content/shit/shit2/polySurface339.uasset" 4490
"D:/mydata/Repositories/MechaManZero/mmz/Content/shit/shit2/polySurface329.uasset" 4491
"D:/mydata/Repositories/MechaManZero/mmz/Content/shit/shit2/polySurface330.uasset" 4492
"D:/mydata/Repositories/MechaManZero/mmz/Content/shit/shit2/polySurface327.uasset" 4493
"D:/mydata/Repositories/MechaManZero/mmz/Content/shit/shit2/polySurface34.uasset" 4494
"D:/mydata/Repositories/MechaManZero/mmz/Content/shit/shit2/polySurface338.uasset" 4495
"D:/mydata/Repositories/MechaManZero/mmz/Content/shit/shit2/polySurface335.uasset" 4496
"/Game/shit/shit2/polySurface324" 4497
"/Game/shit/shit2/polySurface323" 4498
"/Game/shit/shit2/polySurface322" 4499
"/Game/shit/shit2/polySurface321" 4500
"/Game/shit/shit2/polySurface320" 4501
"/Game/shit/shit2/polySurface32" 4502
"/Game/shit/shit2/polySurface319" 4503
"/Game/shit/shit2/polySurface318" 4504
"/Game/shit/shit2/polySurface317" 4505
"/Game/shit/shit2/polySurface316" 4506
"/Game/shit/shit2/polySurface31318" 4507
"/Game/shit/shit2/polySurface31" 4508
"/Game/shit/shit2/polySurface3010" 4509
"/Game/shit/shit2/polySurface301" 4510
"D:/mydata/Repositories/MechaManZero/mmz/Content/shit/shit2/polySurface343.uasset" 4511
"D:/mydata/Repositories/MechaManZero/mmz/Content/shit/shit2/polySurface341.uasset" 4512
"D:/mydata/Repositories/MechaManZero/mmz/Content/shit/shit2/polySurface34912.uasset" 4513
"D:/mydata/Repositories/MechaManZero/mmz/Content/shit/shit2/polySurface353.uasset" 4514
"D:/mydata/Repositories/MechaManZero/mmz/Content/shit/shit2/polySurface354.uasset" 4515
"D:/mydata/Repositories/MechaManZero/mmz/Content/shit/shit2/polySurface35.uasset" 4516
"D:/mydata/Repositories/MechaManZero/mmz/Content/shit/shit2/polySurface355.uasset" 4517
"/Game/shit/shit2/polySurface340" 4518
"D:/mydata/Repositories/MechaManZero/mmz/Content/shit/shit2/polySurface366.uasset" 4519
"D:/mydata/Repositories/MechaManZero/mmz/Content/shit/shit2/polySurface367.uasset" 4520
"D:/mydata/Repositories/MechaManZero/mmz/Content/shit/shit2/polySurface344.uasset" 4521
"D:/mydata/Repositories/MechaManZero/mmz/Content/shit/shit2/polySurface345.uasset" 4522
"D:/mydata/Repositories/MechaManZero/mmz/Content/shit/shit2/polySurface36.uasset" 4523
"D:/mydata/Repositories/MechaManZero/mmz/Content/shit/shit2/polySurface342.uasset" 4524
"D:/mydata/Repositories/MechaManZero/mmz/Content/shit/shit2/polySurface351.uasset" 4525
"D:/mydata/Repositories/MechaManZero/mmz/Content/shit/shit2/polySurface352.uasset" 4526
"/Game/shit/shit2/polySurface34" 4527
"/Game/shit/shit2/polySurface339" 4528
"/Game/shit/shit2/polySurface338" 4529
"/Game/shit/shit2/polySurface337" 4530
"/Game/shit/shit2/polySurface336" 4531
"/Game/shit/shit2/polySurface335" 4532
"/Game/shit/shit2/polySurface334" 4533
"/Game/shit/shit2/polySurface333" 4534
"/Game/shit/shit2/polySurface332" 4535
"/Game/shit/shit2/polySurface331" 4536
"/Game/shit/shit2/polySurface330" 4537
"/Game/shit/shit2/polySurface33" 4538
"/Game/shit/shit2/polySurface329" 4539
"/Game/shit/shit2/polySurface328" 4540
"/Game/shit/shit2/polySurface327" 4541
"/Game/shit/shit2/polySurface326" 4542
"D:/mydata/Repositories/MechaManZero/mmz/Content/shit/shit2/polySurface370.uasset" 4543
"D:/mydata/Repositories/MechaManZero/mmz/Content/shit/shit2/polySurface369.uasset" 4544
"D:/mydata/Repositories/MechaManZero/mmz/Content/shit/shit2/polySurface37.uasset" 4545
"D:/mydata/Repositories/MechaManZero/mmz/Content/shit/shit2/polySurface374.uasset" 4546
"D:/mydata/Repositories/MechaManZero/mmz/Content/shit/shit2/polySurface368.uasset" 4547
"D:/mydata/Repositories/MechaManZero/mmz/Content/shit/shit2/polySurface376.uasset" 4548
"D:/mydata/Repositories/MechaManZero/mmz/Content/shit/shit2/polySurface379.uasset" 4549
"D:/mydata/Repositories/MechaManZero/mmz/Content/shit/shit2/polySurface38.uasset" 4550
"D:/mydata/Repositories/MechaManZero/mmz/Content/shit/shit2/polySurface380.uasset" 4551
"D:/mydata/Repositories/MechaManZero/mmz/Content/shit/shit2/polySurface378.uasset" 4552
"D:/mydata/Repositories/MechaManZero/mmz/Content/shit/shit2/polySurface382.uasset" 4553
"D:/mydata/Repositories/MechaManZero/mmz/Content/shit/shit2/polySurface381.uasset" 4554
"D:/mydata/Repositories/MechaManZero/mmz/Content/shit/shit2/polySurface371.uasset" 4555
"D:/mydata/Repositories/MechaManZero/mmz/Content/shit/shit2/polySurface372.uasset" 4556
"/Game/shit/shit2/polySurface367" 4557
"D:/mydata/Repositories/MechaManZero/mmz/Content/shit/shit2/polySurface377.uasset" 4558
"D:/mydata/Repositories/MechaManZero/mmz/Content/shit/shit2/polySurface375.uasset" 4559
"D:/mydata/Repositories/MechaManZero/mmz/Content/shit/shit2/polySurface373.uasset" 4560
"/Game/shit/shit2/polySurface366" 4561
"/Game/shit/shit2/polySurface36" 4562
"/Game/shit/shit2/polySurface355" 4563
"/Game/shit/shit2/polySurface354" 4564
"/Game/shit/shit2/polySurface353" 4565
"/Game/shit/shit2/polySurface352" 4566
"/Game/shit/shit2/polySurface351" 4567
"/Game/shit/shit2/polySurface35" 4568
"/Game/shit/shit2/polySurface34912" 4569
"/Game/shit/shit2/polySurface345" 4570
"/Game/shit/shit2/polySurface374" 4571
"/Game/shit/shit2/polySurface344" 4572
"/Game/shit/shit2/polySurface343" 4573
"/Game/shit/shit2/polySurface370" 4574
"/Game/shit/shit2/polySurface37" 4575
"/Game/shit/shit2/polySurface369" 4576
"/Game/shit/shit2/polySurface342" 4577
"/Game/shit/shit2/polySurface341" 4578
"/Game/shit/shit2/polySurface368" 4579
"D:/mydata/Repositories/MechaManZero/mmz/Content/shit/shit2/polySurface383.uasset" 4580
"D:/mydata/Repositories/MechaManZero/mmz/Content/shit/shit2/polySurface40.uasset" 4581
"D:/mydata/Repositories/MechaManZero/mmz/Content/shit/shit2/polySurface38614.uasset" 4582
"D:/mydata/Repositories/MechaManZero/mmz/Content/shit/shit2/polySurface4.uasset" 4583
"D:/mydata/Repositories/MechaManZero/mmz/Content/shit/shit2/polySurface385.uasset" 4584
"D:/mydata/Repositories/MechaManZero/mmz/Content/shit/shit2/polySurface4023.uasset" 4585
"/Game/shit/shit2/polySurface382" 4586
"D:/mydata/Repositories/MechaManZero/mmz/Content/shit/shit2/polySurface43321.uasset" 4587
"D:/mydata/Repositories/MechaManZero/mmz/Content/shit/shit2/polySurface4495.uasset" 4588
"D:/mydata/Repositories/MechaManZero/mmz/Content/shit/shit2/polySurface42419.uasset" 4589
"D:/mydata/Repositories/MechaManZero/mmz/Content/shit/shit2/polySurface43.uasset" 4590
"D:/mydata/Repositories/MechaManZero/mmz/Content/shit/shit2/polySurface44115.uasset" 4591
"D:/mydata/Repositories/MechaManZero/mmz/Content/shit/shit2/polySurface39.uasset" 4592
"D:/mydata/Repositories/MechaManZero/mmz/Content/shit/shit2/polySurface42.uasset" 4593
"D:/mydata/Repositories/MechaManZero/mmz/Content/shit/shit2/polySurface42913.uasset" 4594
"D:/mydata/Repositories/MechaManZero/mmz/Content/shit/shit2/polySurface384.uasset" 4595
"D:/mydata/Repositories/MechaManZero/mmz/Content/shit/shit2/polySurface46820.uasset" 4596
"D:/mydata/Repositories/MechaManZero/mmz/Content/shit/shit2/polySurface41.uasset" 4597
"D:/mydata/Repositories/MechaManZero/mmz/Content/shit/shit2/polySurface45.uasset" 4598
"D:/mydata/Repositories/MechaManZero/mmz/Content/shit/shit2/polySurface47124.uasset" 4599
"D:/mydata/Repositories/MechaManZero/mmz/Content/shit/shit2/polySurface44.uasset" 4600
"/Game/shit/shit2/polySurface381" 4601
"/Game/shit/shit2/polySurface380" 4602
"/Game/shit/shit2/polySurface38" 4603
"/Game/shit/shit2/polySurface379" 4604
"/Game/shit/shit2/polySurface378" 4605
"/Game/shit/shit2/polySurface377" 4606
"/Game/shit/shit2/polySurface376" 4607
"/Game/shit/shit2/polySurface375" 4608
"/Game/shit/shit2/polySurface373" 4609
"/Game/shit/shit2/polySurface372" 4610
"/Game/shit/shit2/polySurface371" 4611
"D:/mydata/Repositories/MechaManZero/mmz/Content/shit/shit2/polySurface492.uasset" 4612
"D:/mydata/Repositories/MechaManZero/mmz/Content/shit/shit2/polySurface4832.uasset" 4613
"D:/mydata/Repositories/MechaManZero/mmz/Content/shit/shit2/polySurface47625.uasset" 4614
"D:/mydata/Repositories/MechaManZero/mmz/Content/shit/shit2/polySurface493.uasset" 4615
"D:/mydata/Repositories/MechaManZero/mmz/Content/shit/shit2/polySurface506.uasset" 4616
"D:/mydata/Repositories/MechaManZero/mmz/Content/shit/shit2/polySurface505.uasset" 4617
"/Game/shit/shit2/polySurface47124" 4618
"D:/mydata/Repositories/MechaManZero/mmz/Content/shit/shit2/polySurface504_1.uasset" 4619
"D:/mydata/Repositories/MechaManZero/mmz/Content/shit/shit2/polySurface5.uasset" 4620
"D:/mydata/Repositories/MechaManZero/mmz/Content/shit/shit2/polySurface48611.uasset" 4621
"D:/mydata/Repositories/MechaManZero/mmz/Content/shit/shit2/polySurface495.uasset" 4622
"D:/mydata/Repositories/MechaManZero/mmz/Content/shit/shit2/polySurface49423.uasset" 4623
"D:/mydata/Repositories/MechaManZero/mmz/Content/shit/shit2/polySurface504.uasset" 4624
"/Game/shit/shit2/polySurface46820" 4625
"/Game/shit/shit2/polySurface45" 4626
"/Game/shit/shit2/polySurface4495" 4627
"/Game/shit/shit2/polySurface44115" 4628
"/Game/shit/shit2/polySurface44" 4629
"/Game/shit/shit2/polySurface43321" 4630
"/Game/shit/shit2/polySurface43" 4631
"/Game/shit/shit2/polySurface42913" 4632
"/Game/shit/shit2/polySurface42419" 4633
"/Game/shit/shit2/polySurface42" 4634
"/Game/shit/shit2/polySurface41" 4635
"/Game/shit/shit2/polySurface4023" 4636
"/Game/shit/shit2/polySurface40" 4637
"/Game/shit/shit2/polySurface4" 4638
"/Game/shit/shit2/polySurface39" 4639
"/Game/shit/shit2/polySurface38614" 4640
"/Game/shit/shit2/polySurface385" 4641
"/Game/shit/shit2/polySurface384" 4642
"/Game/shit/shit2/polySurface383" 4643
"D:/mydata/Repositories/MechaManZero/mmz/Content/shit/shit2/polySurface508.uasset" 4644
"D:/mydata/Repositories/MechaManZero/mmz/Content/shit/shit2/polySurface51.uasset" 4645
"D:/mydata/Repositories/MechaManZero/mmz/Content/shit/shit2/polySurface52.uasset" 4646
"D:/mydata/Repositories/MechaManZero/mmz/Content/shit/shit2/polySurface509.uasset" 4647
"D:/mydata/Repositories/MechaManZero/mmz/Content/shit/shit2/polySurface53.uasset" 4648
"D:/mydata/Repositories/MechaManZero/mmz/Content/shit/shit2/polySurface507.uasset" 4649
"/Game/shit/shit2/polySurface506" 4650
"D:/mydata/Repositories/MechaManZero/mmz/Content/shit/shit2/polySurface510.uasset" 4651
"D:/mydata/Repositories/MechaManZero/mmz/Content/shit/shit2/polySurface56.uasset" 4652
"D:/mydata/Repositories/MechaManZero/mmz/Content/shit/shit2/polySurface54.uasset" 4653
"D:/mydata/Repositories/MechaManZero/mmz/Content/shit/shit2/polySurface55.uasset" 4654
"D:/mydata/Repositories/MechaManZero/mmz/Content/shit/shit2/polySurface57.uasset" 4655
"D:/mydata/Repositories/MechaManZero/mmz/Content/shit/shit2/polySurface58.uasset" 4656
"D:/mydata/Repositories/MechaManZero/mmz/Content/shit/shit2/polySurface59.uasset" 4657
"D:/mydata/Repositories/MechaManZero/mmz/Content/shit/shit2/polySurface6.uasset" 4658
"D:/mydata/Repositories/MechaManZero/mmz/Content/shit/shit2/polySurface60.uasset" 4659
"D:/mydata/Repositories/MechaManZero/mmz/Content/shit/shit2/polySurface61.uasset" 4660
"D:/mydata/Repositories/MechaManZero/mmz/Content/shit/shit2/polySurface62.uasset" 4661
"D:/mydata/Repositories/MechaManZero/mmz/Content/shit/shit2/polySurface63.uasset" 4662
"D:/mydata/Repositories/MechaManZero/mmz/Content/shit/shit2/polySurface522.uasset" 4663
"D:/mydata/Repositories/MechaManZero/mmz/Content/shit/shit2/polySurface51222.uasset" 4664
"/Game/shit/shit2/polySurface505" 4665
"/Game/shit/shit2/polySurface504" 4666
"/Game/shit/shit2/polySurface504_1" 4667
"/Game/shit/shit2/polySurface5" 4668
"/Game/shit/shit2/polySurface495" 4669
"/Game/shit/shit2/polySurface49423" 4670
"/Game/shit/shit2/polySurface493" 4671
"/Game/shit/shit2/polySurface492" 4672
"/Game/shit/shit2/polySurface48611" 4673
"/Game/shit/shit2/polySurface4832" 4674
"/Game/shit/shit2/polySurface47625" 4675
"D:/mydata/Repositories/MechaManZero/mmz/Content/shit/shit2/polySurface65.uasset" 4676
"D:/mydata/Repositories/MechaManZero/mmz/Content/shit/shit2/polySurface64.uasset" 4677
"D:/mydata/Repositories/MechaManZero/mmz/Content/shit/shit2/polySurface66.uasset" 4678
"D:/mydata/Repositories/MechaManZero/mmz/Content/shit/shit2/polySurface7.uasset" 4679
"D:/mydata/Repositories/MechaManZero/mmz/Content/shit/shit2/polySurface69.uasset" 4680
"D:/mydata/Repositories/MechaManZero/mmz/Content/shit/shit2/polySurface71.uasset" 4681
"D:/mydata/Repositories/MechaManZero/mmz/Content/shit/shit2/polySurface72.uasset" 4682
"D:/mydata/Repositories/MechaManZero/mmz/Content/shit/shit2/polySurface68.uasset" 4683
"D:/mydata/Repositories/MechaManZero/mmz/Content/shit/shit2/polySurface73.uasset" 4684
"D:/mydata/Repositories/MechaManZero/mmz/Content/shit/shit2/polySurface67.uasset" 4685
"/Game/shit/shit2/polySurface63" 4686
"D:/mydata/Repositories/MechaManZero/mmz/Content/shit/shit2/polySurface74.uasset" 4687
"D:/mydata/Repositories/MechaManZero/mmz/Content/shit/shit2/polySurface70.uasset" 4688
"/Game/shit/shit2/polySurface62" 4689
"/Game/shit/shit2/polySurface61" 4690
"/Game/shit/shit2/polySurface60" 4691
"/Game/shit/shit2/polySurface6" 4692
"/Game/shit/shit2/polySurface59" 4693
"/Game/shit/shit2/polySurface58" 4694
"/Game/shit/shit2/polySurface57" 4695
"/Game/shit/shit2/polySurface56" 4696
"/Game/shit/shit2/polySurface55" 4697
"/Game/shit/shit2/polySurface54" 4698
"/Game/shit/shit2/polySurface53" 4699
"/Game/shit/shit2/polySurface65" 4700
"/Game/shit/shit2/polySurface522" 4701
"/Game/shit/shit2/polySurface52" 4702
"/Game/shit/shit2/polySurface64" 4703
"/Game/shit/shit2/polySurface51222" 4704
"/Game/shit/shit2/polySurface510" 4705
"/Game/shit/shit2/polySurface51" 4706
"/Game/shit/shit2/polySurface509" 4707
"/Game/shit/shit2/polySurface508" 4708
"/Game/shit/shit2/polySurface507" 4709
"D:/mydata/Repositories/MechaManZero/mmz/Content/shit/shit2/polySurface78.uasset" 4710
"D:/mydata/Repositories/MechaManZero/mmz/Content/shit/shit2/polySurface75.uasset" 4711
"D:/mydata/Repositories/MechaManZero/mmz/Content/shit/shit2/polySurface77.uasset" 4712
"D:/mydata/Repositories/MechaManZero/mmz/Content/shit/shit2/polySurface79.uasset" 4713
"D:/mydata/Repositories/MechaManZero/mmz/Content/shit/shit2/polySurface80.uasset" 4714
"/Game/shit/shit2/polySurface74" 4715
"D:/mydata/Repositories/MechaManZero/mmz/Content/shit/shit2/polySurface8.uasset" 4716
"D:/mydata/Repositories/MechaManZero/mmz/Content/shit/shit2/polySurface76.uasset" 4717
"D:/mydata/Repositories/MechaManZero/mmz/Content/shit/shit2/polySurface81.uasset" 4718
"D:/mydata/Repositories/MechaManZero/mmz/Content/shit/shit2/polySurface83.uasset" 4719
"D:/mydata/Repositories/MechaManZero/mmz/Content/shit/shit2/polySurface84.uasset" 4720
"D:/mydata/Repositories/MechaManZero/mmz/Content/shit/shit2/polySurface93.uasset" 4721
"D:/mydata/Repositories/MechaManZero/mmz/Content/shit/shit2/polySurface85.uasset" 4722
"D:/mydata/Repositories/MechaManZero/mmz/Content/shit/shit2/polySurface87.uasset" 4723
"D:/mydata/Repositories/MechaManZero/mmz/Content/shit/shit2/polySurface86.uasset" 4724
"D:/mydata/Repositories/MechaManZero/mmz/Content/shit/shit2/polySurface9.uasset" 4725
"D:/mydata/Repositories/MechaManZero/mmz/Content/shit/shit2/polySurface90.uasset" 4726
"D:/mydata/Repositories/MechaManZero/mmz/Content/shit/shit2/polySurface82.uasset" 4727
"D:/mydata/Repositories/MechaManZero/mmz/Content/shit/shit2/polySurface92.uasset" 4728
"D:/mydata/Repositories/MechaManZero/mmz/Content/shit/shit2/polySurface94.uasset" 4729
"D:/mydata/Repositories/MechaManZero/mmz/Content/shit/shit2/polySurface88.uasset" 4730
"D:/mydata/Repositories/MechaManZero/mmz/Content/shit/shit2/polySurface89.uasset" 4731
"D:/mydata/Repositories/MechaManZero/mmz/Content/shit/shit2/polySurface91.uasset" 4732
"/Game/shit/shit2/polySurface73" 4733
"/Game/shit/shit2/polySurface72" 4734
"/Game/shit/shit2/polySurface71" 4735
"/Game/shit/shit2/polySurface70" 4736
"/Game/shit/shit2/polySurface7" 4737
"/Game/shit/shit2/polySurface69" 4738
"/Game/shit/shit2/polySurface68" 4739
"/Game/shit/shit2/polySurface67" 4740
"/Game/shit/shit2/polySurface66" 4741
"D:/mydata/Repositories/MechaManZero/mmz/Content/shit/shit2/FbxScene_DL2.uasset" 4742
"D:/mydata/Repositories/MechaManZero/mmz/Content/shit/shit2/polySurface98.uasset" 4743
"D:/mydata/Repositories/MechaManZero/mmz/Content/Characters/Skeleton/Anim/Standing_Melee_Attack_Downward.uasset" 4744
"D:/mydata/Repositories/MechaManZero/mmz/Content/Characters/Skeleton/Mesh/Enemy_skeleton_Final_PhysicsAsset.uasset" 4745
"D:/mydata/Repositories/MechaManZero/mmz/Content/Characters/Skeleton/Anim/Standing_Death_Right_01_Anim.uasset" 4746
"D:/mydata/Repositories/MechaManZero/mmz/Content/Characters/Skeleton/Anim/Standing_Death_Left_01.uasset" 4747
"/Game/shit/shit2/polySurface94" 4748
"D:/mydata/Repositories/MechaManZero/mmz/Content/shit/shit2/polySurface99.uasset" 4749
"D:/mydata/Repositories/MechaManZero/mmz/Content/shit/shit2/polySurface97.uasset" 4750
"D:/mydata/Repositories/MechaManZero/mmz/Content/shit/shit2/polySurface95.uasset" 4751
"D:/mydata/Repositories/MechaManZero/mmz/Content/shit/shit2/polySurface96.uasset" 4752
"/Game/shit/shit2/polySurface93" 4753
"/Game/shit/shit2/polySurface92" 4754
"/Game/shit/shit2/polySurface91" 4755
"/Game/shit/shit2/polySurface90" 4756
"/Game/shit/shit2/polySurface9" 4757
"/Game/shit/shit2/polySurface89" 4758
"/Game/shit/shit2/polySurface88" 4759
"/Game/shit/shit2/polySurface87" 4760
"/Game/shit/shit2/polySurface86" 4761
"/Game/shit/shit2/polySurface85" 4762
"/Game/shit/shit2/polySurface84" 4763
"/Game/shit/shit2/polySurface83" 4764
"/Game/shit/shit2/polySurface82" 4765
"/Game/shit/shit2/polySurface81" 4766
"/Game/shit/shit2/polySurface80" 4767
"/Game/shit/shit2/polySurface8" 4768
"/Game/shit/shit2/polySurface79" 4769
"/Game/shit/shit2/polySurface78" 4770
"/Game/shit/shit2/polySurface77" 4771
"/Game/shit/shit2/polySurface76" 4772
"/Game/shit/shit2/polySurface75" 4773
"D:/mydata/Repositories/MechaManZero/mmz/Content/Characters/Skeleton/BTT_Attack.uasset" 4774
"D:/mydata/Repositories/MechaManZero/mmz/Content/Characters/Skeleton/BTS_SetRandomLocation.uasset" 4775
"D:/mydata/Repositories/MechaManZero/mmz/Content/Characters/Skeleton/AIC_Skeleton.uasset" 4776
"D:/mydata/Repositories/MechaManZero/mmz/Content/Characters/Skeleton/Anim/Standing_Idle.uasset" 4777
"D:/mydata/Repositories/MechaManZero/mmz/Content/Characters/Skeleton/BB_Skeleton.uasset" 4778
"D:/mydata/Repositories/MechaManZero/mmz/Content/Characters/Skeleton/ABP_Skeleton.uasset" 4779
"D:/mydata/Repositories/MechaManZero/mmz/Content/Characters/Skeleton/Anim/Standing_Walk_Forward.uasset" 4780
"D:/mydata/Repositories/MechaManZero/mmz/Content/Characters/Skeleton/Texture/Skeleton_standardSurface2_OcclusionRoughnessMetallic.uasset" 4781
"D:/mydata/Repositories/MechaManZero/mmz/Content/Characters/Skeleton/Texture/Skeleton_standardSurface2_BaseColor.uasset" 4782
"D:/mydata/Repositories/MechaManZero/mmz/Content/Characters/Skeleton/BTS_SetInRange.uasset" 4783
"D:/mydata/Repositories/MechaManZero/mmz/Content/Characters/Skeleton/Mat_Skeleton.uasset" 4784
"/Game/shit/shit2/FbxScene_DL2" 4785
"D:/mydata/Repositories/MechaManZero/mmz/Content/Characters/Skeleton/Texture/T_Fire_Tiled_D.uasset" 4786
"D:/mydata/Repositories/MechaManZero/mmz/Content/Characters/Skeleton/Texture/T_Fire_SubUV.uasset" 4787
"../../../Engine/Plugins/FX/Niagara/Content/Modules/Update/Size/ScaleSpriteSize.uasset" 4788
"D:/mydata/Repositories/MechaManZero/mmz/Content/Characters/Skeleton/Texture/M_Fire_SubUV.uasset" 4789
"../../../Engine/Plugins/FX/Niagara/Content/Functions/Helpers/SetBoolByTimer.uasset" 4790
"../../../Engine/Plugins/FX/Niagara/Content/Enums/ENiagara_SubUVLookupMode.uasset" 4791
"D:/mydata/Repositories/MechaManZero/mmz/Content/Characters/Skeleton/Anim/Standing_Run_Forward.uasset" 4792
"D:/mydata/Repositories/MechaManZero/mmz/Content/Characters/Skeleton/Mesh/Enemy_skeleton_Final_Skeleton.uasset" 4793
"D:/mydata/Repositories/MechaManZero/mmz/Content/Characters/Skeleton/Texture/Skeleton_standardSurface2_Normal.uasset" 4794
"D:/mydata/Repositories/MechaManZero/mmz/Content/Characters/Skeleton/BT_Skeleton.uasset" 4795
"D:/mydata/Repositories/MechaManZero/mmz/Content/Characters/Skeleton/Mesh/Enemy_skeleton_Final.uasset" 4796
"/Game/Characters/Skeleton/Mesh/Enemy_skeleton_Final_PhysicsAsset" 4797
"../../../Engine/Plugins/FX/Niagara/Content/Modules/Update/SubUV/V2/SubUVAnimation.uasset" 4798
"../../../Engine/Plugins/FX/Niagara/Content/Enums/SpriteRenderer/ENiagara_AutomaticManual.uasset" 4799
"../../../Engine/Plugins/FX/Niagara/Content/Functions/RandomRangeInteger.uasset" 4800
"/Game/Characters/Skeleton/Anim/Standing_Death_Left_01" 4801
"../../../Engine/Plugins/FX/Niagara/Content/Enums/SpriteRenderer/ENiagara_FPSPlayrate.uasset" 4802
"../../../Engine/Plugins/FX/Niagara/Content/Enums/SpriteRenderer/ENiagara_ScaleSpriteSize.uasset" 4803
"../../../Engine/Plugins/FX/Niagara/Content/Functions/V2/DistanceBasedFalloff.uasset" 4804
"../../../Engine/Plugins/FX/Niagara/Content/Functions/NormalizeDistanceRange.uasset" 4805
"/Game/Characters/Skeleton/Anim/Standing_Melee_Attack_Downward" 4806
"/Niagara/Enums/ENiagara_SubUVLookupMode" 4807
"/Niagara/Functions/Helpers/SetBoolByTimer" 4808
"/Game/Characters/Skeleton/Texture/M_Fire_SubUV" 4809
"/Game/Characters/Skeleton/Mat_Skeleton" 4810
"../../../Engine/Content/Functions/Engine_MaterialFunctions01/Gradient/LinearGradient.uasset" 4811
"../../../Engine/Content/Functions/Engine_MaterialFunctions01/ImageAdjustment/3ColorBlend.uasset" 4812
"../../../Engine/Content/Functions/Engine_MaterialFunctions02/Lerp_3Color.uasset" 4813
"../../../../../../mydata/Repositories/MechaManZero/mmz/Content/Burning/MF_Burning.uasset" 4814
"../../../../../../mydata/Repositories/MechaManZero/mmz/Content/Characters/Skeleton/MF_Green_Emission.uasset" 4815
"../../../../../../mydata/Repositories/MechaManZero/mmz/Content/Characters/Skeleton/Texture/Etuix0AXEAUulGw.uasset" 4816
"../../../../../../mydata/Repositories/MechaManZero/mmz/Content/Characters/Skeleton/Texture/T_NOISE_06.uasset" 4817
"/Game/Characters/Skeleton/ABP_Skeleton" 4818
"../../../Engine/Content/EditorBlueprintResources/StandardMacros.uasset" 4819
"/Game/Characters/Skeleton/AIC_Skeleton" 4820
"../../../../../../mydata/Repositories/MechaManZero/mmz/Content/Characters/Skeleton/BP_ThirdPersonSkeleton.uasset" 4821
"../../../../../../mydata/Repositories/MechaManZero/mmz/Content/Characters/Enemy/BPI_Damageable.uasset" 4822
"../../../../../../mydata/Repositories/MechaManZero/mmz/Content/Characters/Skeleton/Sword/BP_weapon.uasset" 4823
"../../../../../../mydata/Repositories/MechaManZero/mmz/Content/FirstPerson/Blueprints/BP_FirstPersonCharacter.uasset" 4824
"../../../../../../mydata/Repositories/MechaManZero/mmz/Content/FirstPerson/Blueprints/BPC_Energy.uasset" 4825
"../../../../../../mydata/Repositories/MechaManZero/mmz/Content/Input/Touch/BPI_TouchInterface.uasset" 4826
"../../../../../../mydata/Repositories/MechaManZero/mmz/Content/Weapon/BP_Bullet.uasset" 4827
"../../../../../../mydata/Repositories/MechaManZero/mmz/Content/Input/Actions/IA_Jump.uasset" 4828
"../../../../../../mydata/Repositories/MechaManZero/mmz/Content/Input/Actions/IA_Look.uasset" 4829
"../../../../../../mydata/Repositories/MechaManZero/mmz/Content/Input/Actions/IA_MouseLook.uasset" 4830
"../../../../../../mydata/Repositories/MechaManZero/mmz/Content/Input/Actions/IA_Move.uasset" 4831
"../../../../../../mydata/Repositories/MechaManZero/mmz/Content/Characters/Skeleton/NS_Fire.uasset" 4832
"../../../../../../mydata/Repositories/MechaManZero/mmz/Content/UI/WBP_EnemyHealthBar.uasset" 4833
"../../../../../../mydata/Repositories/MechaManZero/mmz/Content/Characters/Skeleton/Sword/Mat_Sword.uasset" 4834
"../../../../../../mydata/Repositories/MechaManZero/mmz/Content/Characters/Skeleton/Sword/M_Sword.uasset" 4835
"../../../../../../mydata/Repositories/MechaManZero/mmz/Content/Characters/Mecha/ABP_Mecha.uasset" 4836
"../../../../../../mydata/Repositories/MechaManZero/mmz/Content/BPI_CanOverlap.uasset" 4837
"../../../../../../mydata/Repositories/MechaManZero/mmz/Content/Weapon/AA_gun1/BP_Gun.uasset" 4838
"../../../../../../mydata/Repositories/MechaManZero/mmz/Content/Weapon/AA_gun1/BPC_Weapon.uasset" 4839
"../../../../../../mydata/Repositories/MechaManZero/mmz/Content/Weapon/BP_Bullet_Old.uasset" 4840
"../../../../../../mydata/Repositories/MechaManZero/mmz/Content/Input/Actions/IA_Aim.uasset" 4841
"../../../../../../mydata/Repositories/MechaManZero/mmz/Content/Input/Actions/IA_Crouch.uasset" 4842
"../../../../../../mydata/Repositories/MechaManZero/mmz/Content/Input/Actions/IA_Dash.uasset" 4843
"../../../../../../mydata/Repositories/MechaManZero/mmz/Content/Input/Actions/IA_Fire.uasset" 4844
"../../../../../../mydata/Repositories/MechaManZero/mmz/Content/Input/Actions/IA_Run.uasset" 4845
"../../../../../../mydata/Repositories/MechaManZero/mmz/Content/Characters/Mecha/Mesh/final_Default.uasset" 4846
"../../../../../../mydata/Repositories/MechaManZero/mmz/Content/Input/Touch/UI_TouchSimple.uasset" 4847
"../../../../../../mydata/Repositories/MechaManZero/mmz/Content/Sci-FiSoundPack/Weapons/wav/Weapon_06_Shoot_1.uasset" 4848
"../../../../../../mydata/Repositories/MechaManZero/mmz/Content/UI/WBP_HUD.uasset" 4849
"../../../../../../mydata/Repositories/MechaManZero/mmz/Content/UI/WBP_Logs.uasset" 4850
"../../../../../../mydata/Repositories/MechaManZero/mmz/Content/Weapon/S_BulletImpactHit.uasset" 4851
"../../../../../../mydata/Repositories/MechaManZero/mmz/Content/Weapon/S_WeaponConfig.uasset" 4852
"../../../../../../mydata/Repositories/MechaManZero/mmz/Content/Characters/Enemy/BP_Enemy.uasset" 4853
"../../../../../../mydata/Repositories/MechaManZero/mmz/Content/Characters/Mecha/Materials/light1.uasset" 4854
"../../Plugins/FX/Niagara/Content/DefaultAssets/DefaultSpriteMaterial.uasset" 4855
"../../Plugins/FX/Niagara/Content/DynamicInputs/UniformRange/V2/RandomRangeFloat.uasset" 4856
"../../Plugins/FX/Niagara/Content/DynamicInputs/ValueFromCurve/ColorFromCurve.uasset" 4857
"../../Plugins/FX/Niagara/Content/DynamicInputs/ValueFromCurve/FloatFromCurve.uasset" 4858
"../../Plugins/FX/Niagara/Content/Modules/Emitter/EmitterState.uasset" 4859
"../../Plugins/FX/Niagara/Content/Modules/Emitter/SpawnRate.uasset" 4860
"../../Plugins/FX/Niagara/Content/Modules/Solvers/SolveForcesAndVelocity.uasset" 4861
"../../Plugins/FX/Niagara/Content/Modules/Spawn/Initialization/V2/InitializeParticle.uasset" 4862
"../../Plugins/FX/Niagara/Content/Modules/Spawn/Location/V2/ShapeLocation.uasset" 4863
"../../Plugins/FX/Niagara/Content/Modules/Spawn/Velocity/AddVelocity.uasset" 4864
"../../Plugins/FX/Niagara/Content/Modules/System/SystemState.uasset" 4865
"../../Plugins/FX/Niagara/Content/Modules/Update/Color/Color.uasset" 4866
"../../Plugins/FX/Niagara/Content/Modules/Update/Color/ScaleColor.uasset" 4867
"../../Plugins/FX/Niagara/Content/Modules/Update/Forces/Drag.uasset" 4868
"../../Plugins/FX/Niagara/Content/Modules/Update/Lifetime/ParticleState.uasset" 4869
"../../Plugins/FX/Niagara/Content/Modules/Update/SubUV/V2/SubUVAnimation.uasset" 4870
"../../Plugins/FX/Niagara/Content/Enums/Angles/ENiagara_AngleInput.uasset" 4871
"../../Plugins/FX/Niagara/Content/Enums/ENiagara_AttributeSamplingApplyOutput.uasset" 4872
"../../Plugins/FX/Niagara/Content/Enums/ENiagara_ColorInitializationMode.uasset" 4873
"../../Plugins/FX/Niagara/Content/Enums/ENiagara_EmitterStateOptions.uasset" 4874
"../../Plugins/FX/Niagara/Content/Enums/ENiagara_InfiniteLoopDuration.uasset" 4875
"../../Plugins/FX/Niagara/Content/Enums/ENiagara_LifetimeMode.uasset" 4876
"../../Plugins/FX/Niagara/Content/Enums/ENiagara_MassInitializationMode.uasset" 4877
"../../Plugins/FX/Niagara/Content/Enums/ENiagara_PositionInitializationMode.uasset" 4878
"../../Plugins/FX/Niagara/Content/Enums/ENiagara_SizeScaleMode.uasset" 4879
"../../Plugins/FX/Niagara/Content/Enums/ENiagara_SpriteRotationMode.uasset" 4880
"../../Plugins/FX/Niagara/Content/Enums/ENiagara_SubUVLookupModeV2.uasset" 4881
"../../Plugins/FX/Niagara/Content/Enums/ENiagara_UVFlippingMode.uasset" 4882
"../../Plugins/FX/Niagara/Content/Enums/ENiagara_WrapClamp.uasset" 4883
"../../Plugins/FX/Niagara/Content/Enums/ENiagaraChannelCorrelation.uasset" 4884
"../../Plugins/FX/Niagara/Content/Enums/ENiagaraEmitterLifeCycleMode.uasset" 4885
"../../Plugins/FX/Niagara/Content/Enums/ENiagaraEmitterScalabilityMode_Limited.uasset" 4886
"../../Plugins/FX/Niagara/Content/Enums/ENiagaraInactiveMode.uasset" 4887
"../../Plugins/FX/Niagara/Content/Enums/ENiagaraMeshOrSprite.uasset" 4888
"../../Plugins/FX/Niagara/Content/Enums/ENiagaraRandomnessEvaluation.uasset" 4889
"../../Plugins/FX/Niagara/Content/Enums/ENiagaraRandomnessMode.uasset" 4890
"../../Plugins/FX/Niagara/Content/Enums/ENiagaraScaleColorMode.uasset" 4891
"../../Plugins/FX/Niagara/Content/Enums/ENiagaraShapeTorusMode.uasset" 4892
"../../Plugins/FX/Niagara/Content/Enums/ENiagaraSphereDistributionMode.uasset" 4893
"../../Plugins/FX/Niagara/Content/Enums/ENiagaraSystemInactiveMode.uasset" 4894
"../../Plugins/FX/Niagara/Content/Enums/ENiagaraTorusDistributionMode.uasset" 4895
"../../Plugins/FX/Niagara/Content/Enums/Location/ENiagara_BoxPlaneMode.uasset" 4896
"../../Plugins/FX/Niagara/Content/Enums/Location/ENiagara_ConeMode.uasset" 4897
"../../Plugins/FX/Niagara/Content/Enums/Location/ENiagara_CylinderMode.uasset" 4898
"../../Plugins/FX/Niagara/Content/Enums/Location/ENiagara_LocationShapes.uasset" 4899
"../../Plugins/FX/Niagara/Content/Enums/Location/ENiagaraRingDiscMode.uasset" 4900
"../../Plugins/FX/Niagara/Content/Enums/Ribbons/ENiagara_UnsetDirectSet.uasset" 4901
"../../Plugins/FX/Niagara/Content/Enums/Ribbons/ENiagara_UnsetDirectSetRandom.uasset" 4902
"../../Plugins/FX/Niagara/Content/Enums/SpriteRenderer/ENiagara_AutomaticManual.uasset" 4903
"../../Plugins/FX/Niagara/Content/Enums/SpriteRenderer/ENiagara_FPSPlayrate.uasset" 4904
"../../Plugins/FX/Niagara/Content/Enums/SpriteRenderer/ENiagara_ScaleSpriteSize.uasset" 4905
"../../Plugins/FX/Niagara/Content/Enums/Transforms/ENiagara_OffsetMode.uasset" 4906
"../../Plugins/FX/Niagara/Content/Enums/Transforms/ENiagara_RotationMode.uasset" 4907
"../../Plugins/FX/Niagara/Content/Enums/Transforms/ENiagara_ScaleMode.uasset" 4908
"../../Plugins/FX/Niagara/Content/Enums/Transforms/ENiagara_TransformOrder.uasset" 4909
"../../Plugins/FX/Niagara/Content/Enums/Transforms/ENiagara_TransformType.uasset" 4910
"../../Plugins/FX/Niagara/Content/Enums/Utility/ENiagara_VelocityMode.uasset" 4911
"../../../../../../mydata/Repositories/MechaManZero/mmz/Content/Characters/Skeleton/Sword/Texture/085-Sword_lambert2_OcclusionRoughnessMetallic.uasset" 4912
"../../../../../../mydata/Repositories/MechaManZero/mmz/Content/Characters/Skeleton/Sword/Texture/086-Sword_lambert2_BaseColor.uasset" 4913
"../../../../../../mydata/Repositories/MechaManZero/mmz/Content/Characters/Skeleton/Sword/Texture/087-Sword_lambert2_Normal.uasset" 4914
"../../../../../../mydata/Repositories/MechaManZero/mmz/Content/Characters/Mecha/Animations/final_Idle.uasset" 4915
"../../../../../../mydata/Repositories/MechaManZero/mmz/Content/Characters/Mecha/Animations/mecha_run_Anim.uasset" 4916
"../../../../../../mydata/Repositories/MechaManZero/mmz/Content/Characters/Mecha/Animations/mecha_Walk_Anim.uasset" 4917
"../../../../../../mydata/Repositories/MechaManZero/mmz/Content/Characters/Mecha/Mesh/final_Default_Skeleton.uasset" 4918
"../../../../../../mydata/Repositories/MechaManZero/mmz/Content/Weapon/DT_WeaponConfig.uasset" 4919
"../../../../../../mydata/Repositories/MechaManZero/mmz/Content/Weapon/AA_gun1/Materials/standardSurface1.uasset" 4920
"../../../../../../mydata/Repositories/MechaManZero/mmz/Content/Weapon/AA_gun1/Meshs/pCube17.uasset" 4921
"../../../../../../mydata/Repositories/MechaManZero/mmz/Content/Weapon/AA_gun1/Meshs/pCube18.uasset" 4922
"../../../../../../mydata/Repositories/MechaManZero/mmz/Content/Weapon/AA_gun1/Meshs/pCube19.uasset" 4923
"../../../../../../mydata/Repositories/MechaManZero/mmz/Content/Weapon/AA_gun1/Meshs/pCube20.uasset" 4924
"../../../../../../mydata/Repositories/MechaManZero/mmz/Content/Weapon/AA_gun1/Meshs/pCube21.uasset" 4925
"../../../../../../mydata/Repositories/MechaManZero/mmz/Content/Weapon/AA_gun1/Meshs/pCube22.uasset" 4926
"../../../../../../mydata/Repositories/MechaManZero/mmz/Content/Weapon/AA_gun1/Meshs/pCube6.uasset" 4927
"../../../../../../mydata/Repositories/MechaManZero/mmz/Content/Weapon/AA_gun1/Meshs/pCube8.uasset" 4928
"../../../../../../mydata/Repositories/MechaManZero/mmz/Content/Weapon/AA_gun1/Meshs/pCylinder1.uasset" 4929
"../../../../../../mydata/Repositories/MechaManZero/mmz/Content/Weapon/AA_gun1/Meshs/pCylinder13.uasset" 4930
"../../../../../../mydata/Repositories/MechaManZero/mmz/Content/Weapon/AA_gun1/Meshs/pCylinder14.uasset" 4931
"../../../../../../mydata/Repositories/MechaManZero/mmz/Content/Weapon/AA_gun1/Meshs/pCylinder15.uasset" 4932
"../../../../../../mydata/Repositories/MechaManZero/mmz/Content/Weapon/AA_gun1/Meshs/pCylinder16.uasset" 4933
"../../../../../../mydata/Repositories/MechaManZero/mmz/Content/Weapon/AA_gun1/Meshs/pCylinder17.uasset" 4934
"../../../../../../mydata/Repositories/MechaManZero/mmz/Content/Weapon/AA_gun1/Meshs/pCylinder18.uasset" 4935
"../../../../../../mydata/Repositories/MechaManZero/mmz/Content/Weapon/AA_gun1/Meshs/pCylinder2.uasset" 4936
"../../../../../../mydata/Repositories/MechaManZero/mmz/Content/Weapon/AA_gun1/Meshs/pCylinder3.uasset" 4937
"../../../../../../mydata/Repositories/MechaManZero/mmz/Content/Weapon/AA_gun1/Meshs/pCylinder4.uasset" 4938
"../../../../../../mydata/Repositories/MechaManZero/mmz/Content/Weapon/AA_gun1/Meshs/pCylinder6.uasset" 4939
"../../../../../../mydata/Repositories/MechaManZero/mmz/Content/Weapon/AA_gun1/Meshs/pCylinder7.uasset" 4940
"../../../../../../mydata/Repositories/MechaManZero/mmz/Content/Weapon/AA_gun1/Meshs/pCylinder8.uasset" 4941
"../../../../../../mydata/Repositories/MechaManZero/mmz/Content/Weapon/AA_gun1/Meshs/polySurface32.uasset" 4942
"../../../../../../mydata/Repositories/MechaManZero/mmz/Content/Weapon/AA_gun1/Meshs/polySurface5.uasset" 4943
"../../../../../../mydata/Repositories/MechaManZero/mmz/Content/Weapon/AA_gun1/Meshs/polySurface6.uasset" 4944
"../../../../../../mydata/Repositories/MechaManZero/mmz/Content/Characters/Mecha/Materials/aiStandardSurface1.uasset" 4945
"../../../../../../mydata/Repositories/MechaManZero/mmz/Content/Characters/Mecha/Materials/aiStandardSurface2.uasset" 4946
"../../../../../../mydata/Repositories/MechaManZero/mmz/Content/Characters/Mecha/Materials/aiStandardSurface3.uasset" 4947
"../../../../../../mydata/Repositories/MechaManZero/mmz/Content/Characters/Mecha/Materials/aiStandardSurface4.uasset" 4948
"../../../../../../mydata/Repositories/MechaManZero/mmz/Content/Characters/Mecha/Materials/aiStandardSurface5.uasset" 4949
"../../../../../../mydata/Repositories/MechaManZero/mmz/Content/Characters/Mecha/Materials/aiStandardSurface6.uasset" 4950
"../../../../../../mydata/Repositories/MechaManZero/mmz/Content/Characters/Mecha/Materials/aiStandardSurface7.uasset" 4951
"../../../Engine/Content/MobileResources/HUD/VirtualJoystick_Thumb.uasset" 4952
"../../../../../../mydata/Repositories/MechaManZero/mmz/Content/Input/Touch/UI_Thumbstick.uasset" 4953
"../../../../../../mydata/Repositories/MechaManZero/mmz/Content/UI/DT_Logs.uasset" 4954
"../../../../../../mydata/Repositories/MechaManZero/mmz/Content/UI/Assets/OrbitronRegular.uasset" 4955
"../../../../../../mydata/Repositories/MechaManZero/mmz/Content/UI/WBP_LogListEntry.uasset" 4956
"../../../../../../mydata/Repositories/MechaManZero/mmz/Content/UI/Assets/Close_button.uasset" 4957
"../../../../../../mydata/Repositories/MechaManZero/mmz/Content/UI/Assets/Log_title.uasset" 4958
"../../../../../../mydata/Repositories/MechaManZero/mmz/Content/UI/S_LogsEntry.uasset" 4959
"../../Plugins/FX/Niagara/Content/Functions/V2/CalculateRandomRangeFloat.uasset" 4960
"../../Plugins/FX/Niagara/Content/Functions/Emitter/EmitterChangeState.uasset" 4961
"../../Plugins/FX/Niagara/Content/Icons/Modules/T_Icon_Scalability_Emitter.uasset" 4962
"../../Plugins/FX/Niagara/Content/Icons/Modules/T_Icon_Scalability_System.uasset" 4963
"../../Plugins/FX/Niagara/Content/Functions/RandomRangeFloat.uasset" 4964
"../../Plugins/FX/Niagara/Content/Functions/DirectionAndLengthSafe.uasset" 4965
"../../Plugins/FX/Niagara/Content/Functions/Drag/DragVelocity.uasset" 4966
"../../Plugins/FX/Niagara/Content/Functions/Math/CentimeterMeterConversion.uasset" 4967
"../../Plugins/FX/Niagara/Content/Functions/Rotation/MultiplyVectorWithQuaternion.uasset" 4968
"../../Plugins/FX/Niagara/Content/Modules/Solvers/ApplyRotationVector.uasset" 4969
"../../Plugins/FX/Niagara/Content/Icons/Modules/T_Icon_Solver_LimitAccel.uasset" 4970
"../../Plugins/FX/Niagara/Content/Icons/Modules/T_Icon_Solver_LimitSpeed.uasset" 4971
"../../Plugins/FX/Niagara/Content/Icons/Modules/T_Icon_Solver_RotationalSolve.uasset" 4972
"../../Plugins/FX/Niagara/Content/Functions/LinearColor/HueShiftLinearColor.uasset" 4973
"../../Plugins/FX/Niagara/Content/Functions/Localspace/SimulationPosition.uasset" 4974
"../../Plugins/FX/Niagara/Content/Functions/Localspace/TransformVector.uasset" 4975
"../../Plugins/FX/Niagara/Content/Functions/V2/CalculateRandomBool.uasset" 4976
"../../Plugins/FX/Niagara/Content/Functions/V2/CalculateRandomRange.uasset" 4977
"../../Plugins/FX/Niagara/Content/Functions/V2/CalculateRandomRangeInteger.uasset" 4978
"../../Plugins/FX/Niagara/Content/Functions/Localspace/TransformPosition.uasset" 4979
"../../Plugins/FX/Niagara/Content/Functions/Math/CalculateRandomPointInConeSphereIntersection.uasset" 4980
"../../Plugins/FX/Niagara/Content/Functions/Math/SaturateFloat.uasset" 4981
"../../Plugins/FX/Niagara/Content/Functions/NormalizedExecutionIndex.uasset" 4982
"../../Plugins/FX/Niagara/Content/Functions/ParametricTorus.uasset" 4983
"../../Plugins/FX/Niagara/Content/Functions/ParametricTorusKnot.uasset" 4984
"../../Plugins/FX/Niagara/Content/Functions/PolarToCartesianCoordinates.uasset" 4985
"../../Plugins/FX/Niagara/Content/Functions/RandomPointInBox.uasset" 4986
"../../Plugins/FX/Niagara/Content/Functions/Rotation/AngleUnitConverter.uasset" 4987
"../../Plugins/FX/Niagara/Content/Functions/Rotation/RotateVector2D.uasset" 4988
"../../Plugins/FX/Niagara/Content/Functions/Rotation/TransformStack/TransformStack_Rotation.uasset" 4989
"../../Plugins/FX/Niagara/Content/Functions/SphericalToCartesianCoordinates.uasset" 4990
"../../Plugins/FX/Niagara/Content/Functions/V2/RemapRange.uasset" 4991
"../../Plugins/FX/Niagara/Content/Enums/ENiagaraExpansionMode.uasset" 4992
"../../Plugins/FX/Niagara/Content/Functions/Rotation/AxisAngleToQuaternion.uasset" 4993
"../../Plugins/FX/Niagara/Content/Functions/Rotation/FindQuatBetween.uasset" 4994
"../../Plugins/FX/Niagara/Content/Functions/Rotation/InvertQuaternion.uasset" 4995
"../../Plugins/FX/Niagara/Content/Functions/Rotation/MakeQuaternionFrom3BasisVectors.uasset" 4996
"../../Plugins/FX/Niagara/Content/Functions/Rotation/MultiplyQuaternion.uasset" 4997
"../../Plugins/FX/Niagara/Content/Functions/Rotation/XYZRotationToQuaternion.uasset" 4998
"../../Plugins/FX/Niagara/Content/Functions/V2/CalculateRandomUnitVector.uasset" 4999
"../../Plugins/FX/Niagara/Content/Functions/V2/DistanceBasedFalloff.uasset" 5000
"../../Plugins/FX/Niagara/Content/Functions/System/SystemChangeState.uasset" 5001
"../../Plugins/FX/Niagara/Content/Icons/Modules/T_Icon_Particle_InfiniteLife.uasset" 5002
"../../Plugins/FX/Niagara/Content/Functions/RandomRangeInteger.uasset" 5003
"../../../Engine/Content/Functions/Engine_MaterialFunctions03/Procedurals/NormalFromHeightmap.uasset" 5004
"../../../../../../mydata/Repositories/MechaManZero/mmz/Content/Weapon/AA_gun1/Textures/gun_initialShadingGroup_BaseColor.uasset" 5005
"../../../../../../mydata/Repositories/MechaManZero/mmz/Content/Weapon/AA_gun1/Textures/gun_initialShadingGroup_Height.uasset" 5006
"../../../../../../mydata/Repositories/MechaManZero/mmz/Content/Weapon/AA_gun1/Textures/gun_initialShadingGroup_Metallic.uasset" 5007
"../../../../../../mydata/Repositories/MechaManZero/mmz/Content/Weapon/AA_gun1/Textures/gun_initialShadingGroup_Roughness.uasset" 5008
"../../../../../../mydata/Repositories/MechaManZero/mmz/Content/Characters/Mecha/Textures/Iron3_lambert10SG_BaseColor.uasset" 5009
"../../../../../../mydata/Repositories/MechaManZero/mmz/Content/Characters/Mecha/Textures/Iron3_lambert10SG_Roughness.uasset" 5010
"../../../../../../mydata/Repositories/MechaManZero/mmz/Content/Characters/Mecha/Textures/Iron3_lambert13SG_BaseColor.uasset" 5011
"../../../../../../mydata/Repositories/MechaManZero/mmz/Content/Characters/Mecha/Textures/Iron3_lambert13SG_Metalness.uasset" 5012
"../../../../../../mydata/Repositories/MechaManZero/mmz/Content/Characters/Mecha/Textures/Iron3_lambert13SG_Roughness.uasset" 5013
"../../../../../../mydata/Repositories/MechaManZero/mmz/Content/Characters/Mecha/Textures/Iron3_lambert15SG_BaseColor.uasset" 5014
"../../../../../../mydata/Repositories/MechaManZero/mmz/Content/Characters/Mecha/Textures/Iron3_lambert15SG_Metalness.uasset" 5015
"../../../../../../mydata/Repositories/MechaManZero/mmz/Content/Characters/Mecha/Textures/Iron3_lambert15SG_Roughness.uasset" 5016
"../../../../../../mydata/Repositories/MechaManZero/mmz/Content/Characters/Mecha/Textures/Iron3_lambert2SG_BaseColor.uasset" 5017
"../../../../../../mydata/Repositories/MechaManZero/mmz/Content/Characters/Mecha/Textures/Iron3_lambert2SG_Roughness.uasset" 5018
"../../../../../../mydata/Repositories/MechaManZero/mmz/Content/Characters/Mecha/Textures/Iron3_lambert5SG_BaseColor.uasset" 5019
"../../../../../../mydata/Repositories/MechaManZero/mmz/Content/Characters/Mecha/Textures/Iron3_lambert5SG_Roughness.uasset" 5020
"../../../../../../mydata/Repositories/MechaManZero/mmz/Content/Characters/Mecha/Textures/Iron3_lambert7SG_BaseColor.uasset" 5021
"../../../../../../mydata/Repositories/MechaManZero/mmz/Content/Characters/Mecha/Textures/Iron3_lambert7SG_Roughness.uasset" 5022
"../../../../../../mydata/Repositories/MechaManZero/mmz/Content/Characters/Mecha/Textures/Iron3_lambert9SG_BaseColor.uasset" 5023
"../../../../../../mydata/Repositories/MechaManZero/mmz/Content/Characters/Mecha/Textures/Iron3_lambert9SG_Height.uasset" 5024
"../../../../../../mydata/Repositories/MechaManZero/mmz/Content/Characters/Mecha/Textures/Iron3_lambert9SG_Roughness.uasset" 5025
"../../../Engine/Content/MobileResources/HUD/VirtualJoystick_Background.uasset" 5026
"../../../../../../mydata/Repositories/MechaManZero/mmz/Content/UI/Assets/Orbitron-Regular.uasset" 5027
"../../Plugins/FX/Niagara/Content/Functions/GetRandomInfo.uasset" 5028
"../../Plugins/FX/Niagara/Content/Functions/Localspace/TransformBase.uasset" 5029
"../../Plugins/FX/Niagara/Content/Functions/IsolateLongestVectorComponent.uasset" 5030
"../../Plugins/FX/Niagara/Content/Functions/Rotation/MatrixToQuaternion.uasset" 5031
"../../Plugins/FX/Niagara/Content/Functions/NormalizeDistanceRange.uasset" 5032
"../../../Engine/Plugins/Experimental/MeshModelingToolsetExp/Content/Materials/GetDisplacementVectorForDepthBias.uasset" 5033
"D:/mydata/Repositories/MechaManZero/mmz/Content/MAP/Whitebox/FIX_Pathogen_cultivation_lab.uasset" 5034
"../../../Engine/Plugins/Editor/UVEditor/Content/Materials/UVEditor_UnwrapMaterial.uasset" 5035
"D:/mydata/Repositories/MechaManZero/mmz/Content/MAP/Whitebox/cube666.uasset" 5036
"D:/mydata/Repositories/MechaManZero/mmz/Content/MAP/Whitebox/LabRoomW3Tanks.uasset" 5037
"D:/mydata/Repositories/MechaManZero/mmz/Content/MAP/Whitebox/MainLobby.uasset" 5038
"D:/mydata/Repositories/MechaManZero/mmz/Content/MAP/Texture/Tube/Lab_Tube_01.uasset" 5039
"D:/mydata/Repositories/MechaManZero/mmz/Content/MAP/Texture/Trans_Window_01.uasset" 5040
"D:/mydata/Repositories/MechaManZero/mmz/Content/MAP/Texture/Cell/Lab_Cell_04.uasset" 5041
"D:/mydata/Repositories/MechaManZero/mmz/Content/LevelPrototyping/Materials/M_PrototypeGrid.uasset" 5042
"D:/mydata/Repositories/MechaManZero/mmz/Content/LevelPrototyping/Materials/MI_PrototypeGrid_Gray.uasset" 5043
"D:/mydata/Repositories/MechaManZero/mmz/Content/MAP/Texture/Cell/Lab_Cell_02.uasset" 5044
"D:/mydata/Repositories/MechaManZero/mmz/Content/LevelPrototyping/Materials/MF_ProcGrid.uasset" 5045
"../../../Engine/Content/Functions/Engine_MaterialFunctions01/ImageAdjustment/CheapContrast.uasset" 5046
"D:/mydata/Repositories/MechaManZero/mmz/Content/MAP/Whitebox/SM_Biohazard.uasset" 5047
"D:/mydata/Repositories/MechaManZero/mmz/Content/LevelPrototyping/Materials/WhiteBox_Dark01.uasset" 5048
"D:/mydata/Repositories/MechaManZero/mmz/Content/LevelPrototyping/Textures/T_GridChecker_A.uasset" 5049
"D:/mydata/Repositories/MechaManZero/mmz/Content/MAP/Whitebox/spawn_room.uasset" 5050
"../../../Engine/Content/Functions/Engine_MaterialFunctions01/Units/Km-to-Cm.uasset" 5051
"../../../Engine/Content/Functions/Engine_MaterialFunctions02/Utility/MakeFloat4.uasset" 5052
"../../../Engine/Content/EngineSky/VolumetricClouds/VT_Lightning.uasset" 5053
"../../../Engine/Content/Functions/Engine_MaterialFunctions02/Utility/BreakOutFloat4Components.uasset" 5054
"../../../Engine/Content/EngineSky/VolumetricClouds/T_CloudMask.uasset" 5055
"../../../Engine/Content/EngineSky/VolumetricClouds/m_SimpleVolumetricCloud.uasset" 5056
"../../../Engine/Content/EngineSky/VolumetricClouds/T_CloudPattern.uasset" 5057
"../../../Engine/Content/EngineSky/VolumetricClouds/m_SimpleVolumetricCloud_Inst.uasset" 5058
"../../../Engine/Content/EngineSky/VolumetricClouds/T_Profile_08.uasset" 5059
"/MeshModelingToolsetExp/Materials/GetDisplacementVectorForDepthBias" 5060
"../../../Engine/Content/EngineSky/T_Sky_Blue.uasset" 5061
"../../../Engine/Content/EngineSky/VolumetricClouds/VT_PerlinWorley_Balanced.uasset" 5062
"../../../Engine/Content/EngineSky/T_Sky_Clouds_M.uasset" 5063
"../../../Engine/Content/EngineSky/M_SimpleSkyDome.uasset" 5064
"../../../Engine/Content/EngineSky/T_Sky_Stars.uasset" 5065
"/UVEditor/Materials/UVEditor_UnwrapMaterial" 5066
"/Game/MAP/Whitebox/cube666" 5067
"/Game/MAP/Whitebox/FIX_Pathogen_cultivation_lab" 5068
"/Game/MAP/Whitebox/LabRoomW3Tanks" 5069
"/Game/MAP/Whitebox/MainLobby" 5070
"/Game/MAP/Texture/Tube/Lab_Tube_01" 5071
"/Game/MAP/Texture/Trans_Window_01" 5072
"/Game/MAP/Texture/Cell/Lab_Cell_04" 5073
"/Game/MAP/Texture/Cell/Lab_Cell_02" 5074
"/Game/LevelPrototyping/Materials/M_PrototypeGrid" 5075
"/Game/LevelPrototyping/Materials/MI_PrototypeGrid_Gray" 5076
"/Game/LevelPrototyping/Materials/WhiteBox_Dark01" 5077
"/Game/MAP/Whitebox/SM_Biohazard" 5078
"/Game/MAP/Whitebox/spawn_room" 5079
"/Engine/Functions/Engine_MaterialFunctions01/Units/Km-to-Cm" 5080
"/Engine/EngineSky/VolumetricClouds/VT_Lightning" 5081
"/Engine/Functions/Engine_MaterialFunctions02/Utility/MakeFloat4" 5082
"/Engine/Functions/Engine_MaterialFunctions02/Utility/BreakOutFloat4Components" 5083
"/Engine/EngineSky/VolumetricClouds/m_SimpleVolumetricCloud" 5084
"/Engine/EngineSky/VolumetricClouds/T_CloudMask" 5085
"../../../Engine/Content/EngineSky/M_Sky_Panning_Clouds2.uasset" 5086
"D:/mydata/Repositories/MechaManZero/mmz/Content/shit/Canister_UV.uasset" 5087
"D:/mydata/Repositories/MechaManZero/mmz/Content/shit/standardSurface1.uasset" 5088
"D:/mydata/Repositories/MechaManZero/mmz/Content/shit/Battery.uasset" 5089
"D:/mydata/Repositories/MechaManZero/mmz/Content/shit/Canister_Cylinder.uasset" 5090
"D:/mydata/Repositories/MechaManZero/mmz/Content/shit/Canister.uasset" 5091
"D:/mydata/Repositories/MechaManZero/mmz/Content/shit/mat0.uasset" 5092
"../../../Engine/Content/MapTemplates/SM_Template_Map_Floor.uasset" 5093
"D:/mydata/Repositories/MechaManZero/mmz/Content/shit/mat1.uasset" 5094
"../../../Engine/Content/EngineSky/SM_SkySphere.uasset" 5095
"D:/mydata/Repositories/MechaManZero/mmz/Content/shit/imagetostl_mesh0.uasset" 5096
"D:/mydata/Repositories/MechaManZero/mmz/Content/MAP/Whitebox/SM_hall.uasset" 5097
"D:/mydata/Repositories/MechaManZero/mmz/Content/BP_Battery.uasset" 5098
"D:/mydata/Repositories/MechaManZero/mmz/Content/FirstPerson/Blueprints/BP_FirstPersonCameraManager.uasset" 5099
"D:/mydata/Repositories/MechaManZero/mmz/Content/Input/IMC_Default.uasset" 5100
"D:/mydata/Repositories/MechaManZero/mmz/Content/Input/IMC_MouseLook.uasset" 5101
"D:/mydata/Repositories/MechaManZero/mmz/Content/MAP/Whitebox/Serum_Lab_obj_pCylinder10polySurface49.uasset" 5102
"D:/mydata/Repositories/MechaManZero/mmz/Content/shit/M_Bat.uasset" 5103
"D:/mydata/Repositories/MechaManZero/mmz/Content/FirstPerson/Blueprints/BP_FirstPersonGameMode.uasset" 5104
"D:/mydata/Repositories/MechaManZero/mmz/Content/FirstPerson/Blueprints/BP_FirstPersonPlayerController.uasset" 5105
"D:/mydata/Repositories/MechaManZero/mmz/Content/shit/Canister_Emissions.uasset" 5106
"D:/mydata/Repositories/MechaManZero/mmz/Content/shit/imagetostl_mesh1.uasset" 5107
"../../../Engine/Content/EngineSounds/Submixes/MasterReverbEffectPreset.uasset" 5108
"/Engine/EngineSky/T_Sky_Stars" 5109
"/Engine/EngineSky/T_Sky_Clouds_M" 5110
"/Engine/EngineSky/T_Sky_Blue" 5111
"/Engine/EngineSky/M_SimpleSkyDome" 5112
"/Engine/EngineSky/VolumetricClouds/m_SimpleVolumetricCloud_Inst" 5113
"/Game/shit/imagetostl_mesh0" 5114
"/Game/shit/mat1" 5115
"/Game/shit/M_Bat" 5116
"/Game/shit/Canister_Cylinder" 5117
"/Engine/MapTemplates/SM_Template_Map_Floor" 5118
"/Engine/EngineSky/SM_SkySphere" 5119
"../../../Engine/Content/EngineSounds/Submixes/MasterEQEffectPreset.uasset" 5120
"../../../Engine/Content/EngineSounds/Submixes/MasterReverbSubmixDefault.uasset" 5121
"../../../Engine/Content/EngineSounds/Submixes/MasterSubmixDefault.uasset" 5122
"../../../Engine/Content/EngineSounds/Submixes/MasterEQSubmixDefault.uasset" 5123
"../../../Engine/Content/Functions/Engine_MaterialFunctions01/Texturing/FlattenNormal.uasset" 5124
"../../../Engine/Plugins/Interchange/Assets/Content/gltf/MaterialFunctions/MF_Clearcoat.uasset" 5125
"../../../Engine/Plugins/Interchange/Assets/Content/gltf/MaterialFunctions/MF_Occlusion.uasset" 5126
"../../../Engine/Plugins/Interchange/Assets/Content/gltf/MaterialFunctions/MF_SpecularAnisotropy.uasset" 5127
"../../../Engine/Plugins/Interchange/Assets/Content/gltf/MaterialFunctions/MF_RotateNormals_TS.uasset" 5128
"../../../Engine/Plugins/Interchange/Assets/Content/gltf/MaterialFunctions/MF_ScaleNormal.uasset" 5129
"../../../Engine/Plugins/Interchange/Assets/Content/gltf/MaterialFunctions/MF_Normals.uasset" 5130
"../../../Engine/Plugins/Interchange/Assets/Content/gltf/Textures/T_Anisotropy_Direction_Linear.uasset" 5131
"../../../Engine/Plugins/Interchange/Assets/Content/gltf/MaterialFunctions/MF_Emissive.uasset" 5132
"../../../Engine/Plugins/Interchange/Assets/Content/gltf/MaterialFunctions/MF_MetallicRoughness.uasset" 5133
"../../../Engine/Plugins/Interchange/Assets/Content/gltf/Textures/T_Generic_N.uasset" 5134
"../../../Engine/Plugins/Interchange/Assets/Content/gltf/MaterialFunctions/MF_Iridescence.uasset" 5135
"/Engine/EngineSounds/Submixes/MasterReverbEffectPreset" 5136
"../../../Engine/Plugins/Interchange/Assets/Content/gltf/Textures/T_White_Linear.uasset" 5137
"../../../Engine/Plugins/Interchange/Assets/Content/gltf/MaterialBodies/MF_ClearCoat_Body.uasset" 5138
"../../../Engine/Plugins/Interchange/Assets/Content/Functions/MF_IridescenceNoLUT.uasset" 5139
"../../../Engine/Plugins/Interchange/Assets/Content/gltf/MaterialFunctions/MF_Specular.uasset" 5140
"../../../Engine/Plugins/Interchange/Assets/Content/gltf/MaterialFunctions/MF_IOR.uasset" 5141
"/Game/FirstPerson/Blueprints/BP_FirstPersonGameMode" 5142
"../../../Engine/Plugins/Interchange/Assets/Content/gltf/MaterialFunctions/MF_TransformUVs.uasset" 5143
"../../../Engine/Plugins/Interchange/Assets/Content/gltf/MaterialFunctions/MF_RotateV2.uasset" 5144
"../../../Engine/Plugins/Interchange/Assets/Content/gltf/MaterialFunctions/MF_BaseColor.uasset" 5145
"/Game/shit/imagetostl_mesh1" 5146
"../../../Engine/Content/Functions/Engine_MaterialFunctions03/Math/RemapValueRange.uasset" 5147
"../../../Engine/Plugins/Interchange/Assets/Content/gltf/Textures/T_White_srgb.uasset" 5148
"/Game/BP_Battery" 5149
"../../../Engine/Plugins/Interchange/Assets/Content/Functions/MF_Iridescence.uasset" 5150
"/Game/MAP/Whitebox/Serum_Lab_obj_pCylinder10polySurface49" 5151
"/Game/MAP/Whitebox/SM_hall" 5152
"/InterchangeAssets/gltf/MaterialFunctions/MF_IOR" 5153
"/InterchangeAssets/Functions/MF_IridescenceNoLUT" 5154
"/InterchangeAssets/gltf/MaterialFunctions/MF_MetallicRoughness" 5155
"/InterchangeAssets/gltf/MaterialFunctions/MF_Normals" 5156
"/InterchangeAssets/gltf/MaterialFunctions/MF_Occlusion" 5157
"/Engine/EngineSounds/Submixes/MasterEQEffectPreset" 5158
"/InterchangeAssets/gltf/MaterialFunctions/MF_SpecularAnisotropy" 5159
"/InterchangeAssets/gltf/MaterialFunctions/MF_Clearcoat" 5160
"/Engine/EngineSounds/Submixes/MasterReverbSubmixDefault" 5161
"/Game/MAP/Blockout" 5162
"../../../../../../mydata/Repositories/MechaManZero/mmz/Content/MAP/Blockout.umap" 5163
"../../../Engine/Plugins/Interchange/Assets/Content/gltf/MaterialInstances/MI_ClearCoat_Blend.uasset" 5164
"../../../Engine/Plugins/Interchange/Assets/Content/Utilities/New_LUT.uasset" 5165
"../../../Engine/Plugins/Interchange/Assets/Content/gltf/MaterialInstances/MI_ClearCoat_Mask.uasset" 5166
"../../../Engine/Plugins/Interchange/Assets/Content/gltf/MaterialInstances/MI_ClearCoat_Mask_DS.uasset" 5167
"/Engine/Functions/Engine_MaterialFunctions03/Math/RemapValueRange" 5168
"../../../Engine/Plugins/Interchange/Assets/Content/gltf/MaterialBodies/MF_Default_Body.uasset" 5169
"../../../Engine/Plugins/Interchange/Assets/Content/gltf/MaterialFunctions/MF_Sheen.uasset" 5170
"../../../Engine/Plugins/Interchange/Assets/Content/gltf/MaterialInstances/MI_ClearCoat_Blend_DS.uasset" 5171
"../../../Engine/Plugins/Interchange/Assets/Content/gltf/MaterialInstances/MI_ClearCoat_Opaque_DS.uasset" 5172
"../../../Engine/Plugins/Interchange/Assets/Content/gltf/MaterialBodies/MF_Sheen_Body.uasset" 5173
"/InterchangeAssets/gltf/MaterialFunctions/MF_BaseColor" 5174
"/InterchangeAssets/gltf/MaterialFunctions/MF_RotateV2" 5175
"/InterchangeAssets/gltf/MaterialFunctions/MF_TransformUVs" 5176
"/InterchangeAssets/gltf/MaterialFunctions/MF_Iridescence" 5177
"/InterchangeAssets/gltf/MaterialFunctions/MF_Specular" 5178
"/InterchangeAssets/gltf/MaterialFunctions/MF_Emissive" 5179
"/InterchangeAssets/gltf/MaterialBodies/MF_ClearCoat_Body" 5180
"../../../Engine/Plugins/Interchange/Assets/Content/gltf/MaterialInstances/MI_Default_Opaque.uasset" 5181
"../../../Engine/Plugins/Interchange/Assets/Content/gltf/MaterialInstances/MI_ClearCoat_Opaque.uasset" 5182
"../../../Engine/Plugins/Interchange/Assets/Content/gltf/MaterialInstances/MI_Sheen_Opaque.uasset" 5183
"../../../Engine/Plugins/Interchange/Assets/Content/gltf/MaterialInstances/MI_Default_Mask.uasset" 5184
"../../../Engine/Plugins/Interchange/Assets/Content/gltf/MaterialInstances/MI_Default_Opaque_DS.uasset" 5185
"../../../Engine/Plugins/Interchange/Assets/Content/gltf/MaterialInstances/MI_Default_Mask_DS.uasset" 5186
"../../../Engine/Plugins/Interchange/Assets/Content/gltf/MaterialInstances/MI_Default_Blend.uasset" 5187
"../../../Engine/Plugins/Interchange/Assets/Content/gltf/MaterialInstances/MI_Sheen_Blend.uasset" 5188
"../../../Engine/Plugins/Interchange/Assets/Content/gltf/M_Sheen.uasset" 5189
"../../../Engine/Plugins/Interchange/Assets/Content/gltf/M_Default.uasset" 5190
"../../../Engine/Plugins/Interchange/Assets/Content/gltf/M_ClearCoat.uasset" 5191
"../../../Engine/Plugins/Interchange/Assets/Content/gltf/MaterialInstances/MI_Sheen_Mask.uasset" 5192
"../../../Engine/Plugins/Interchange/Assets/Content/gltf/MaterialInstances/MI_Default_Blend_DS.uasset" 5193
"../../../Engine/Plugins/Interchange/Assets/Content/gltf/MaterialFunctions/MF_Transmission.uasset" 5194
"../../../Engine/Plugins/Interchange/Assets/Content/gltf/MaterialFunctions/MF_Fresnel_DS.uasset" 5195
"../../../Engine/Plugins/Interchange/Assets/Content/gltf/MaterialFunctions/MF_Temporal_Blur.uasset" 5196
"../../../Engine/Plugins/Interchange/Assets/Content/gltf/MaterialBodies/MF_Transmission_Body.uasset" 5197
"../../../Engine/Plugins/Interchange/Assets/Content/gltf/M_Transmission.uasset" 5198
"../../../Engine/Content/Functions/Engine_MaterialFunctions02/Texturing/ScreenAlignedPixelToPixelUVs.uasset" 5199
"/InterchangeAssets/Functions/MF_Iridescence" 5200
"/InterchangeAssets/gltf/MaterialInstances/MI_Sheen_Blend" 5201
"../../../Engine/Plugins/Interchange/Assets/Content/gltf/MaterialInstances/MI_Sheen_Mask_DS.uasset" 5202
"../../../Engine/Plugins/Interchange/Assets/Content/gltf/MaterialInstances/MI_Sheen_Blend_DS.uasset" 5203
"../../../Engine/Plugins/Interchange/Assets/Content/gltf/MaterialInstances/MI_Sheen_Opaque_DS.uasset" 5204
"/InterchangeAssets/gltf/MaterialInstances/MI_Sheen_Mask" 5205
"/InterchangeAssets/gltf/MaterialInstances/MI_Sheen_Opaque" 5206
"/InterchangeAssets/gltf/MaterialInstances/MI_Default_Blend_DS" 5207
"/InterchangeAssets/gltf/MaterialInstances/MI_Default_Mask_DS" 5208
"/InterchangeAssets/gltf/MaterialInstances/MI_Default_Opaque_DS" 5209
"/InterchangeAssets/gltf/MaterialInstances/MI_Default_Blend" 5210
"/InterchangeAssets/gltf/MaterialInstances/MI_Default_Mask" 5211
"../../../Engine/Plugins/Interchange/Assets/Shaders/ThinFilmFunctions.usf" 5212
"/InterchangeAssets/gltf/MaterialInstances/MI_Default_Opaque" 5213
"/InterchangeAssets/gltf/MaterialInstances/MI_ClearCoat_Blend_DS" 5214
"/InterchangeAssets/gltf/MaterialInstances/MI_ClearCoat_Mask_DS" 5215
"/InterchangeAssets/gltf/MaterialInstances/MI_ClearCoat_Opaque_DS" 5216
"/InterchangeAssets/gltf/MaterialInstances/MI_ClearCoat_Blend" 5217
"/InterchangeAssets/gltf/MaterialInstances/MI_ClearCoat_Mask" 5218
"/InterchangeAssets/gltf/MaterialInstances/MI_ClearCoat_Opaque" 5219
"../../../Engine/Plugins/Interchange/Assets/Content/gltf/MaterialInstances/MI_Transmission_DS.uasset" 5220
"../../../Engine/Plugins/Interchange/Assets/Content/gltf/MaterialFunctions/MF_SpecGlossToMetalRoughness.uasset" 5221
"/InterchangeAssets/gltf/M_Transmission" 5222
"../../../Engine/Plugins/Interchange/Assets/Content/gltf/MaterialFunctions/MF_PerceivedBrightness.uasset" 5223
"../../../Engine/Plugins/Interchange/Assets/Content/gltf/MaterialFunctions/MF_MaxComponentValue.uasset" 5224
"../../../Engine/Plugins/Interchange/Assets/Content/gltf/MaterialFunctions/MF_DiffuseSpecGloss.uasset" 5225
"../../../Engine/Plugins/Interchange/Assets/Content/gltf/M_SpecularGlossiness.uasset" 5226
"../../../Engine/Plugins/Interchange/Assets/Content/gltf/MaterialInstances/MI_SpecularGlossiness_Mask_DS.uasset" 5227
"../../../Engine/Plugins/Interchange/Assets/Content/gltf/MaterialInstances/MI_SpecularGlossiness_Blend.uasset" 5228
"../../../Engine/Content/Functions/Engine_MaterialFunctions02/Math/AddComponents.uasset" 5229
"../../../Engine/Plugins/Interchange/Assets/Content/gltf/MaterialInstances/MI_SpecularGlossiness_Opaque_DS.uasset" 5230
"../../../Engine/Plugins/Interchange/Assets/Content/gltf/MaterialBodies/MF_SpecularGlossiness_Body.uasset" 5231
"../../../Engine/Plugins/Interchange/Assets/Content/gltf/MaterialInstances/MI_SpecularGlossiness_Blend_DS.uasset" 5232
"../../../Engine/Plugins/Interchange/Assets/Content/Functions/MX_Transmission.uasset" 5233
"../../../Engine/Content/Functions/Engine_MaterialFunctions01/Volumetrics/BeersLaw.uasset" 5234
"../../../Engine/Content/Functions/Substrate/MF_SchlickInternal.uasset" 5235
"../../../Engine/Plugins/Interchange/Assets/Content/gltf/MaterialInstances/MI_SpecularGlossiness_Mask.uasset" 5236
"../../../Engine/Plugins/Interchange/Assets/Content/Functions/MF_OrenNayerView.uasset" 5237
"../../../Engine/Plugins/Interchange/Assets/Content/gltf/MaterialBodies/MF_Unlit_Body.uasset" 5238
"../../../Engine/Plugins/Interchange/Assets/Content/gltf/MaterialInstances/MI_SpecularGlossiness_Opaque.uasset" 5239
"../../../Engine/Plugins/Interchange/Assets/Content/Functions/MX_StandardSurface.uasset" 5240
"../../../Engine/Plugins/Interchange/Assets/Content/Functions/MX_OpenPBR_Translucent.uasset" 5241
"../../../Engine/Plugins/Interchange/Assets/Content/gltf/MaterialInstances/MI_Transmission.uasset" 5242
"../../../Engine/Plugins/Interchange/Assets/Content/Functions/MX_TransmissionSurface.uasset" 5243
"/InterchangeAssets/gltf/MaterialInstances/MI_Sheen_Blend_DS" 5244
"/InterchangeAssets/gltf/MaterialInstances/MI_Sheen_Mask_DS" 5245
"/InterchangeAssets/gltf/MaterialInstances/MI_Sheen_Opaque_DS" 5246
"../../../Engine/Plugins/Interchange/Assets/Content/gltf/M_Unlit.uasset" 5247
"/InterchangeAssets/gltf/MaterialBodies/MF_Unlit_Body" 5248
"/InterchangeAssets/Functions/MX_OpenPBR_Translucent" 5249
"../../../Engine/Plugins/Interchange/Assets/Content/gltf/MaterialInstances/MI_Unlit_Mask.uasset" 5250
"../../../Engine/Plugins/Interchange/Assets/Content/gltf/MaterialInstances/MI_Unlit_Mask_DS.uasset" 5251
"../../../Engine/Plugins/Interchange/Assets/Content/gltf/MaterialInstances/MI_Unlit_Opaque_DS.uasset" 5252
"../../../Engine/Plugins/Interchange/Assets/Content/gltf/MaterialInstances/MI_Unlit_Blend_DS.uasset" 5253
"../../../Engine/Plugins/Interchange/Assets/Content/gltf/MaterialInstances/MI_Unlit_Blend.uasset" 5254
"../../../Engine/Plugins/Interchange/Assets/Content/gltf/MaterialInstances/MI_Unlit_Opaque.uasset" 5255
"/InterchangeAssets/gltf/MaterialInstances/MI_SpecularGlossiness_Blend_DS" 5256
"/InterchangeAssets/gltf/MaterialInstances/MI_SpecularGlossiness_Mask_DS" 5257
"/InterchangeAssets/gltf/MaterialInstances/MI_SpecularGlossiness_Opaque_DS" 5258
"/InterchangeAssets/gltf/MaterialInstances/MI_SpecularGlossiness_Blend" 5259
"/InterchangeAssets/gltf/MaterialInstances/MI_SpecularGlossiness_Mask" 5260
"/InterchangeAssets/gltf/MaterialInstances/MI_SpecularGlossiness_Opaque" 5261
"/InterchangeAssets/gltf/MaterialInstances/MI_Transmission_DS" 5262
"/InterchangeAssets/gltf/MaterialInstances/MI_Transmission" 5263
"/InterchangeAssets/gltf/MaterialInstances/MI_Unlit_Blend_DS" 5264
"/InterchangeAssets/gltf/MaterialInstances/MI_Unlit_Mask_DS" 5265
"/InterchangeAssets/gltf/MaterialInstances/MI_Unlit_Opaque_DS" 5266
"/InterchangeAssets/gltf/MaterialInstances/MI_Unlit_Blend" 5267
"/InterchangeAssets/gltf/MaterialInstances/MI_Unlit_Mask" 5268
"/InterchangeAssets/gltf/MaterialInstances/MI_Unlit_Opaque" 5269
"../../../Engine/Plugins/Animation/ControlRig/Content/Controls/ControlRig_Arrow2_1mm.uasset" 5270
"../../../Engine/Plugins/Animation/ControlRig/Content/Controls/ControlRig_Box_3mm.uasset" 5271
"../../../Engine/Plugins/Animation/ControlRig/Content/Controls/ControlRig_Arrow2_3mm.uasset" 5272
"../../../Engine/Plugins/Animation/ControlRig/Content/Controls/ControlRig_Box_solid.uasset" 5273
"../../../Engine/Plugins/Interchange/Assets/Content/Functions/MX_OpenPBR_Opaque.uasset" 5274
"../../../Engine/Plugins/Animation/ControlRig/Content/Controls/ControlRig_Arrow2_solid.uasset" 5275
"../../../Engine/Plugins/Animation/ControlRig/Content/Controls/ControlRig_Circle_3mm.uasset" 5276
"../../../Engine/Plugins/Animation/ControlRig/Content/Controls/ControlRig_Circle_solid.uasset" 5277
"../../../Engine/Plugins/Animation/ControlRig/Content/Controls/ControlRig_Arrow_1mm.uasset" 5278
"../../../Engine/Plugins/Animation/ControlRig/Content/Controls/ControlRig_Diamond_1mm.uasset" 5279
"../../../Engine/Plugins/Animation/ControlRig/Content/Controls/ControlRig_Arrow_solid.uasset" 5280
"../../../Engine/Plugins/Animation/ControlRig/Content/Controls/ControlRig_Arrow4_3mm.uasset" 5281
"../../../Engine/Plugins/Animation/ControlRig/Content/Controls/ControlRig_Arrow4_solid.uasset" 5282
"../../../Engine/Plugins/Animation/ControlRig/Content/Controls/ControlRig_Sphere_solid.uasset" 5283
"../../../Engine/Plugins/Animation/ControlRig/Content/Controls/ControlRig_Arrow4_1mm.uasset" 5284
"../../../Engine/Plugins/Animation/ControlRig/Content/Controls/ControlRig_Circle_1mm.uasset" 5285
"../../../Engine/Plugins/Animation/ControlRig/Content/Controls/ControlRig_Arrow_3mm.uasset" 5286
"../../../Engine/Plugins/Animation/ControlRig/Content/Controls/ControlRig_Box_1mm.uasset" 5287
"../../../Engine/Plugins/Animation/ControlRig/Content/Controls/ControlRig_Diamond_solid.uasset" 5288
"../../../Engine/Plugins/Animation/ControlRig/Content/Controls/ControlRig_Diamond_3mm.uasset" 5289
"../../../Engine/Plugins/Animation/ControlRig/Content/Controls/ControlRig_HalfCircle_solid.uasset" 5290
"../../../Engine/Plugins/Animation/ControlRig/Content/Controls/ControlRig_HalfCircle_3mm.uasset" 5291
"../../../Engine/Plugins/Animation/ControlRig/Content/Controls/ControlRig_HalfCircle_1mm.uasset" 5292
"/Engine/EditorResources/EmptyActor" 5293
"../../../Engine/Content/EditorResources/EmptyActor.uasset" 5294
"/Engine/EditorResources/LightIcons/S_LightError" 5295
"../../../Engine/Content/EditorResources/LightIcons/S_LightError.uasset" 5296
"/ControlRig/Controls/ControlRig_Arrow4_3mm" 5297
"/ControlRig/Controls/ControlRig_Arrow4_1mm" 5298
"/ControlRig/Controls/ControlRig_Arrow2_solid" 5299
"/ControlRig/Controls/ControlRig_Arrow2_3mm" 5300
"/ControlRig/Controls/ControlRig_HalfCircle_solid" 5301
"/ControlRig/Controls/ControlRig_HalfCircle_3mm" 5302
"/ControlRig/Controls/ControlRig_HalfCircle_1mm" 5303
"/ControlRig/Controls/ControlRig_Diamond_solid" 5304
"/ControlRig/Controls/ControlRig_Diamond_3mm" 5305
"/ControlRig/Controls/ControlRig_Diamond_1mm" 5306
"/ControlRig/Controls/ControlRig_Circle_solid" 5307
"/ControlRig/Controls/ControlRig_Circle_3mm" 5308
"/ControlRig/Controls/ControlRig_Arrow2_1mm" 5309
"/ControlRig/Controls/ControlRig_Circle_1mm" 5310
"/ControlRig/Controls/ControlRig_Box_solid" 5311
"/ControlRig/Controls/ControlRig_Sphere_solid" 5312
"/InterchangeAssets/Functions/MX_OpenPBR_Opaque" 5313
"/ControlRig/Controls/ControlRig_Box_3mm" 5314
"/ControlRig/Controls/ControlRig_Box_1mm" 5315
"/ControlRig/Controls/ControlRig_Arrow_solid" 5316
"/ControlRig/Controls/ControlRig_Arrow_3mm" 5317
"/ControlRig/Controls/ControlRig_Arrow_1mm" 5318
"/ControlRig/Controls/ControlRig_Arrow4_solid" 5319
"../../../Engine/Plugins/Animation/ControlRig/Content/Controls/ControlRig_QuarterCircle_solid.uasset" 5320
"../../../Engine/Plugins/Animation/ControlRig/Content/Controls/ControlRig_QuarterCircle_3mm.uasset" 5321
"../../../Engine/Plugins/Animation/ControlRig/Content/Controls/ControlRig_Hexagon_3mm.uasset" 5322
"../../../Engine/Plugins/Animation/ControlRig/Content/Controls/ControlRig_QuarterCircle_1mm.uasset" 5323
"../../../Engine/Plugins/Animation/ControlRig/Content/Controls/ControlRig_RoundedSquare_1mm.uasset" 5324
"../../../Engine/Plugins/Animation/ControlRig/Content/Controls/ControlRig_RoundedSquare_solid.uasset" 5325
"../../../Engine/Plugins/Animation/ControlRig/Content/Controls/ControlRig_RoundedTriangle_1mm.uasset" 5326
"../../../Engine/Plugins/Animation/ControlRig/Content/Controls/ControlRig_Octagon_1mm.uasset" 5327
"../../../Engine/Plugins/Animation/ControlRig/Content/Controls/ControlRig_RoundedSquare_3mm.uasset" 5328
"../../../Engine/Plugins/Animation/ControlRig/Content/Controls/ControlRig_Pyramid_1mm.uasset" 5329
"../../../Engine/Plugins/Animation/ControlRig/Content/Controls/ControlRig_RoundedTriangle_3mm.uasset" 5330
"../../../Engine/Plugins/Animation/ControlRig/Content/Controls/ControlRig_Hexagon_solid.uasset" 5331
"../../../Engine/Plugins/Animation/ControlRig/Content/Controls/ControlRig_Hexagon_1mm.uasset" 5332
"../../../Engine/Plugins/Animation/ControlRig/Content/Controls/ControlRig_Octagon_3mm.uasset" 5333
"../../../Engine/Plugins/Animation/ControlRig/Content/Controls/ControlRig_Pyramid_3mm.uasset" 5334
"../../../Engine/Plugins/Animation/ControlRig/Content/Controls/ControlRig_Pyramid_solid.uasset" 5335
"../../../Engine/Plugins/Animation/ControlRig/Content/Controls/ControlRig_RoundedTriangle_solid.uasset" 5336
"../../../Engine/Plugins/Animation/ControlRig/Content/Controls/ControlRig_Sphere_3mm.uasset" 5337
"../../../Engine/Plugins/Animation/ControlRig/Content/Controls/ControlRig_Octagon_solid.uasset" 5338
"../../../Engine/Plugins/Animation/ControlRig/Content/Controls/ControlRig_Square_1mm.uasset" 5339
"../../../Engine/Plugins/Animation/ControlRig/Content/Controls/ControlRig_Sphere_1mm.uasset" 5340
"../../../Engine/Plugins/Animation/ControlRig/Content/Controls/ControlRig_Star4_solid.uasset" 5341
"../../../Engine/Plugins/Animation/ControlRig/Content/Controls/ControlRig_Square_3mm.uasset" 5342
"../../../Engine/Plugins/Animation/ControlRig/Content/Controls/ControlRig_Wedge_3mm.uasset" 5343
"../../../Engine/Plugins/Animation/ControlRig/Content/Controls/ControlRig_Star4_1mm.uasset" 5344
"../../../Engine/Plugins/Animation/ControlRig/Content/Controls/ControlRig_Wedge_1mm.uasset" 5345
"../../../Engine/Plugins/Animation/ControlRig/Content/Controls/ControlRig_Square_solid.uasset" 5346
"../../../Engine/Plugins/Animation/ControlRig/Content/Controls/ControlRig_Star4_3mm.uasset" 5347
"../../../Engine/Plugins/Animation/ControlRig/Content/Controls/ControlRig_Triangle_solid.uasset" 5348
"../../../Engine/Plugins/Animation/ControlRig/Content/Controls/ControlRig_Triangle_3mm.uasset" 5349
"../../../Engine/Plugins/Animation/ControlRig/Content/Controls/ControlRig_Triangle_1mm.uasset" 5350
"../../../Engine/Plugins/Animation/ControlRig/Content/Controls/ControlRig_Wedge_solid.uasset" 5351
"/ControlRig/Controls/ControlRig_Wedge_1mm" 5352
"/ControlRig/Controls/ControlRig_Wedge_solid" 5353
"/ControlRig/Controls/ControlRig_Wedge_3mm" 5354
"/ControlRig/Controls/ControlRig_Square_solid" 5355
"/ControlRig/Controls/ControlRig_Square_3mm" 5356
"/ControlRig/Controls/ControlRig_Square_1mm" 5357
"/ControlRig/Controls/ControlRig_Triangle_solid" 5358
"/ControlRig/Controls/ControlRig_Triangle_3mm" 5359
"/ControlRig/Controls/ControlRig_Triangle_1mm" 5360
"/ControlRig/Controls/ControlRig_Star4_solid" 5361
"/ControlRig/Controls/ControlRig_Star4_3mm" 5362
"/ControlRig/Controls/ControlRig_Sphere_3mm" 5363
"/ControlRig/Controls/ControlRig_Star4_1mm" 5364
"/ControlRig/Controls/ControlRig_Sphere_1mm" 5365
"/ControlRig/Controls/ControlRig_RoundedTriangle_solid" 5366
"/ControlRig/Controls/ControlRig_RoundedTriangle_3mm" 5367
"/ControlRig/Controls/ControlRig_RoundedTriangle_1mm" 5368
"/ControlRig/Controls/ControlRig_RoundedSquare_solid" 5369
"/ControlRig/Controls/ControlRig_RoundedSquare_3mm" 5370
"/ControlRig/Controls/ControlRig_RoundedSquare_1mm" 5371
"/ControlRig/Controls/ControlRig_QuarterCircle_solid" 5372
"/ControlRig/Controls/ControlRig_QuarterCircle_3mm" 5373
"/ControlRig/Controls/ControlRig_QuarterCircle_1mm" 5374
"/ControlRig/Controls/ControlRig_Pyramid_solid" 5375
"/ControlRig/Controls/ControlRig_Pyramid_3mm" 5376
"/ControlRig/Controls/ControlRig_Pyramid_1mm" 5377
"/ControlRig/Controls/ControlRig_Octagon_solid" 5378
"/ControlRig/Controls/ControlRig_Octagon_3mm" 5379
"/ControlRig/Controls/ControlRig_Octagon_1mm" 5380
"/ControlRig/Controls/ControlRig_Hexagon_solid" 5381
"/ControlRig/Controls/ControlRig_Hexagon_3mm" 5382
"/ControlRig/Controls/ControlRig_Hexagon_1mm" 5383
"../../../Engine/Content/Maps/Entry_BuiltData.uasset" 5384
"../../../Engine/Content/Maps/Entry.umap" 5385
"/Engine/Maps/Entry" 5386
"../../../Engine/Content/EditorMaterials/PreviewShadowIndicatorMaterial.uasset" 5387
"../../../Engine/Content/EditorMaterials/PreviewShadowIndicator.uasset" 5388
"../../../Engine/Content/EngineMaterials/Substrate/GLints/dict_16_192_64_0p5_0p02_0000_0000.uasset" 5389
"../../../Engine/Content/EngineMaterials/Substrate/GLints/dict_16_192_64_0p5_0p02_0000_0001.uasset" 5390
"../../../Engine/Content/EngineMaterials/Substrate/GLints/dict_16_192_64_0p5_0p02_0000_0002.uasset" 5391
"../../../Engine/Content/EngineMaterials/Substrate/GLints/dict_16_192_64_0p5_0p02_0000_0003.uasset" 5392
"../../../Engine/Content/EngineMaterials/Substrate/GLints/dict_16_192_64_0p5_0p02_0000_0004.uasset" 5393
"../../../Engine/Content/EngineMaterials/Substrate/GLints/dict_16_192_64_0p5_0p02_0000_0005.uasset" 5394
"../../../Engine/Content/EngineMaterials/Substrate/GLints/dict_16_192_64_0p5_0p02_0000_0006.uasset" 5395
"../../../Engine/Content/EngineMaterials/Substrate/GLints/dict_16_192_64_0p5_0p02_0000_0007.uasset" 5396
"../../../Engine/Content/EngineMaterials/Substrate/GLints/dict_16_192_64_0p5_0p02_0000_0008.uasset" 5397
"../../../Engine/Content/EngineMaterials/Substrate/GLints/dict_16_192_64_0p5_0p02_0000_0009.uasset" 5398
"../../../Engine/Content/EngineMaterials/Substrate/GLints/dict_16_192_64_0p5_0p02_0000_0010.uasset" 5399
"../../../Engine/Content/EngineMaterials/Substrate/GLints/dict_16_192_64_0p5_0p02_0000_0011.uasset" 5400
"../../../Engine/Content/EngineMaterials/Substrate/GLints/dict_16_192_64_0p5_0p02_0000_0012.uasset" 5401
"../../../Engine/Content/EngineMaterials/Substrate/GLints/dict_16_192_64_0p5_0p02_0000_0013.uasset" 5402
"../../../Engine/Content/EngineMaterials/Substrate/GLints/dict_16_192_64_0p5_0p02_0000_0014.uasset" 5403
"../../../Engine/Content/EngineMaterials/Substrate/GLints/dict_16_192_64_0p5_0p02_0000_0015.uasset" 5404
"../../../Engine/Content/EngineMaterials/Substrate/GLints/dict_16_192_64_0p5_0p02_0001_0000.uasset" 5405
"../../../Engine/Content/EngineMaterials/Substrate/GLints/dict_16_192_64_0p5_0p02_0001_0001.uasset" 5406
"../../../Engine/Content/EngineMaterials/Substrate/GLints/dict_16_192_64_0p5_0p02_0001_0002.uasset" 5407
"../../../Engine/Content/EngineMaterials/Substrate/GLints/dict_16_192_64_0p5_0p02_0001_0003.uasset" 5408
"../../../Engine/Content/EngineMaterials/Substrate/GLints/dict_16_192_64_0p5_0p02_0001_0004.uasset" 5409
"../../../Engine/Content/EngineMaterials/Substrate/GLints/dict_16_192_64_0p5_0p02_0001_0005.uasset" 5410
"../../../Engine/Content/EngineMaterials/Substrate/GLints/dict_16_192_64_0p5_0p02_0001_0006.uasset" 5411
"../../../Engine/Content/EngineMaterials/Substrate/GLints/dict_16_192_64_0p5_0p02_0001_0007.uasset" 5412
"../../../Engine/Content/EngineMaterials/Substrate/GLints/dict_16_192_64_0p5_0p02_0001_0008.uasset" 5413
"../../../Engine/Content/EngineMaterials/Substrate/GLints/dict_16_192_64_0p5_0p02_0001_0009.uasset" 5414
"../../../Engine/Content/EngineMaterials/Substrate/GLints/dict_16_192_64_0p5_0p02_0001_0010.uasset" 5415
"../../../Engine/Content/EngineMaterials/Substrate/GLints/dict_16_192_64_0p5_0p02_0001_0011.uasset" 5416
"../../../Engine/Content/EngineMaterials/Substrate/GLints/dict_16_192_64_0p5_0p02_0001_0012.uasset" 5417
"../../../Engine/Content/EngineMaterials/Substrate/GLints/dict_16_192_64_0p5_0p02_0001_0013.uasset" 5418
"/Engine/EngineMaterials/Substrate/GLints/dict_16_192_64_0p5_0p02_0001_0013" 5419
"/Engine/EngineMaterials/Substrate/GLints/dict_16_192_64_0p5_0p02_0001_0012" 5420
"/Engine/EngineMaterials/Substrate/GLints/dict_16_192_64_0p5_0p02_0001_0011" 5421
"/Engine/EngineMaterials/Substrate/GLints/dict_16_192_64_0p5_0p02_0001_0010" 5422
"/Engine/EngineMaterials/Substrate/GLints/dict_16_192_64_0p5_0p02_0001_0009" 5423
"/Engine/EngineMaterials/Substrate/GLints/dict_16_192_64_0p5_0p02_0001_0008" 5424
"/Engine/EngineMaterials/Substrate/GLints/dict_16_192_64_0p5_0p02_0001_0007" 5425
"/Engine/EngineMaterials/Substrate/GLints/dict_16_192_64_0p5_0p02_0001_0006" 5426
"/Engine/EngineMaterials/Substrate/GLints/dict_16_192_64_0p5_0p02_0001_0005" 5427
"/Engine/EngineMaterials/Substrate/GLints/dict_16_192_64_0p5_0p02_0001_0004" 5428
"/Engine/EngineMaterials/Substrate/GLints/dict_16_192_64_0p5_0p02_0001_0003" 5429
"/Engine/EngineMaterials/Substrate/GLints/dict_16_192_64_0p5_0p02_0001_0002" 5430
"/Engine/EngineMaterials/Substrate/GLints/dict_16_192_64_0p5_0p02_0001_0001" 5431
"/Engine/EngineMaterials/Substrate/GLints/dict_16_192_64_0p5_0p02_0001_0000" 5432
"/Engine/EngineMaterials/Substrate/GLints/dict_16_192_64_0p5_0p02_0000_0015" 5433
"/Engine/EngineMaterials/Substrate/GLints/dict_16_192_64_0p5_0p02_0000_0014" 5434
"/Engine/EngineMaterials/Substrate/GLints/dict_16_192_64_0p5_0p02_0000_0013" 5435
"/Engine/EngineMaterials/Substrate/GLints/dict_16_192_64_0p5_0p02_0000_0012" 5436
"/Engine/EngineMaterials/Substrate/GLints/dict_16_192_64_0p5_0p02_0000_0011" 5437
"/Engine/EngineMaterials/Substrate/GLints/dict_16_192_64_0p5_0p02_0000_0010" 5438
"/Engine/EngineMaterials/Substrate/GLints/dict_16_192_64_0p5_0p02_0000_0009" 5439
"/Engine/EngineMaterials/Substrate/GLints/dict_16_192_64_0p5_0p02_0000_0008" 5440
"/Engine/EngineMaterials/Substrate/GLints/dict_16_192_64_0p5_0p02_0000_0007" 5441
"/Engine/EngineMaterials/Substrate/GLints/dict_16_192_64_0p5_0p02_0000_0006" 5442
"/Engine/EngineMaterials/Substrate/GLints/dict_16_192_64_0p5_0p02_0000_0005" 5443
"/Engine/EngineMaterials/Substrate/GLints/dict_16_192_64_0p5_0p02_0000_0004" 5444
"/Engine/EngineMaterials/Substrate/GLints/dict_16_192_64_0p5_0p02_0000_0003" 5445
"/Engine/EngineMaterials/Substrate/GLints/dict_16_192_64_0p5_0p02_0000_0002" 5446
"/Engine/EngineMaterials/Substrate/GLints/dict_16_192_64_0p5_0p02_0000_0001" 5447
"/Engine/EngineMaterials/Substrate/GLints/dict_16_192_64_0p5_0p02_0000_0000" 5448
"/Engine/EditorMaterials/PreviewShadowIndicatorMaterial" 5449
"../../../Engine/Content/EngineMaterials/Substrate/GLints/dict_16_192_64_0p5_0p02_0001_0015.uasset" 5450
"../../../Engine/Content/EngineMaterials/Substrate/GLints/dict_16_192_64_0p5_0p02_0001_0014.uasset" 5451
"../../../Engine/Content/EngineMaterials/Substrate/GLints/dict_16_192_64_0p5_0p02_0002_0000.uasset" 5452
"../../../Engine/Content/EngineMaterials/Substrate/GLints/dict_16_192_64_0p5_0p02_0002_0001.uasset" 5453
"../../../Engine/Content/EngineMaterials/Substrate/GLints/dict_16_192_64_0p5_0p02_0002_0002.uasset" 5454
"../../../Engine/Content/EngineMaterials/Substrate/GLints/dict_16_192_64_0p5_0p02_0002_0005.uasset" 5455
"../../../Engine/Content/EngineMaterials/Substrate/GLints/dict_16_192_64_0p5_0p02_0002_0004.uasset" 5456
"../../../Engine/Content/EngineMaterials/Substrate/GLints/dict_16_192_64_0p5_0p02_0002_0008.uasset" 5457
"../../../Engine/Content/EngineMaterials/Substrate/GLints/dict_16_192_64_0p5_0p02_0002_0006.uasset" 5458
"../../../Engine/Content/EngineMaterials/Substrate/GLints/dict_16_192_64_0p5_0p02_0002_0009.uasset" 5459
"../../../Engine/Content/EngineMaterials/Substrate/GLints/dict_16_192_64_0p5_0p02_0002_0010.uasset" 5460
"../../../Engine/Content/EngineMaterials/Substrate/GLints/dict_16_192_64_0p5_0p02_0002_0011.uasset" 5461
"../../../Engine/Content/EngineMaterials/Substrate/GLints/dict_16_192_64_0p5_0p02_0002_0003.uasset" 5462
"../../../Engine/Content/EngineMaterials/Substrate/GLints/dict_16_192_64_0p5_0p02_0002_0014.uasset" 5463
"../../../Engine/Content/EngineMaterials/Substrate/GLints/dict_16_192_64_0p5_0p02_0002_0007.uasset" 5464
"../../../Engine/Content/EngineMaterials/Substrate/GLints/dict_16_192_64_0p5_0p02_0002_0013.uasset" 5465
"../../../Engine/Content/EngineMaterials/Substrate/GLints/dict_16_192_64_0p5_0p02_0002_0012.uasset" 5466
"../../../Engine/Content/EngineMaterials/Substrate/GLints/dict_16_192_64_0p5_0p02_0002_0015.uasset" 5467
"../../../Engine/Content/EngineMaterials/Substrate/GLints/dict_16_192_64_0p5_0p02_0003_0000.uasset" 5468
"../../../Engine/Content/EngineMaterials/Substrate/GLints/dict_16_192_64_0p5_0p02_0003_0002.uasset" 5469
"../../../Engine/Content/EngineMaterials/Substrate/GLints/dict_16_192_64_0p5_0p02_0003_0001.uasset" 5470
"../../../Engine/Content/EngineMaterials/Substrate/GLints/dict_16_192_64_0p5_0p02_0003_0003.uasset" 5471
"../../../Engine/Content/EngineMaterials/Substrate/GLints/dict_16_192_64_0p5_0p02_0003_0004.uasset" 5472
"../../../Engine/Content/EngineMaterials/Substrate/GLints/dict_16_192_64_0p5_0p02_0003_0007.uasset" 5473
"../../../Engine/Content/EngineMaterials/Substrate/GLints/dict_16_192_64_0p5_0p02_0003_0006.uasset" 5474
"../../../Engine/Content/EngineMaterials/Substrate/GLints/dict_16_192_64_0p5_0p02_0003_0005.uasset" 5475
"../../../Engine/Content/EngineMaterials/Substrate/GLints/dict_16_192_64_0p5_0p02_0003_0009.uasset" 5476
"../../../Engine/Content/EngineMaterials/Substrate/GLints/dict_16_192_64_0p5_0p02_0003_0008.uasset" 5477
"../../../Engine/Content/EngineMaterials/Substrate/GLints/dict_16_192_64_0p5_0p02_0003_0010.uasset" 5478
"../../../Engine/Content/EngineMaterials/Substrate/GLints/dict_16_192_64_0p5_0p02_0003_0011.uasset" 5479
"../../../Engine/Content/EngineMaterials/Substrate/GLints/dict_16_192_64_0p5_0p02_0003_0013.uasset" 5480
"../../../Engine/Content/EngineMaterials/Substrate/GLints/dict_16_192_64_0p5_0p02_0003_0012.uasset" 5481
"../../../Engine/Plugins/Animation/DeformerGraph/Shaders/Private/DataInterfaceCustomComputeKernel.ush" 5482
"../../../Engine/Plugins/Animation/DeformerGraph/Shaders/Private/DataInterfaceCloth.ush" 5483
"../../../Engine/Plugins/Animation/DeformerGraph/Shaders/Private/DataInterfaceSkinnedMeshRead.ush" 5484
"../../../Engine/Plugins/Animation/DeformerGraph/Shaders/Private/DataInterfaceSkeleton.ush" 5485
"../../../Engine/Plugins/Animation/DeformerGraph/Shaders/Private/DataInterfaceSkeletonCommon.ush" 5486
"../../../Engine/Plugins/Animation/DeformerGraph/Shaders/Private/DataInterfaceMorphTarget.ush" 5487
"../../../Engine/Plugins/Animation/DeformerGraph/Shaders/Private/DataInterfaceSkinnedMeshWrite.ush" 5488
"../../../Engine/Plugins/Animation/DeformerGraph/Shaders/Private/DataInterfaceRawBuffer.ush" 5489
"../../../Engine/Plugins/Runtime/ComputeFramework/Shaders/Private/BufferAlias.ush" 5490
"../../../Engine/Plugins/Animation/DeformerGraph/Shaders/Private/DataInterfaceSkinnedMesh.ush" 5491
"../../../Engine/Plugins/Animation/DeformerGraph/Shaders/Private/DataInterfaceHalfEdge.ush" 5492
"/Engine/EngineMaterials/Substrate/GLints/dict_16_192_64_0p5_0p02_0003_0013" 5493
"/Engine/EngineMaterials/Substrate/GLints/dict_16_192_64_0p5_0p02_0003_0012" 5494
"/Engine/EngineMaterials/Substrate/GLints/dict_16_192_64_0p5_0p02_0003_0011" 5495
"/Engine/EngineMaterials/Substrate/GLints/dict_16_192_64_0p5_0p02_0003_0010" 5496
"/Engine/EngineMaterials/Substrate/GLints/dict_16_192_64_0p5_0p02_0003_0009" 5497
"/Engine/EngineMaterials/Substrate/GLints/dict_16_192_64_0p5_0p02_0003_0008" 5498
"/Engine/EngineMaterials/Substrate/GLints/dict_16_192_64_0p5_0p02_0003_0007" 5499
"/Engine/EngineMaterials/Substrate/GLints/dict_16_192_64_0p5_0p02_0003_0006" 5500
"/Engine/EngineMaterials/Substrate/GLints/dict_16_192_64_0p5_0p02_0003_0005" 5501
"/Engine/EngineMaterials/Substrate/GLints/dict_16_192_64_0p5_0p02_0003_0004" 5502
"/Engine/EngineMaterials/Substrate/GLints/dict_16_192_64_0p5_0p02_0003_0003" 5503
"/Engine/EngineMaterials/Substrate/GLints/dict_16_192_64_0p5_0p02_0003_0002" 5504
"/Engine/EngineMaterials/Substrate/GLints/dict_16_192_64_0p5_0p02_0003_0001" 5505
"/Engine/EngineMaterials/Substrate/GLints/dict_16_192_64_0p5_0p02_0003_0000" 5506
"/Engine/EngineMaterials/Substrate/GLints/dict_16_192_64_0p5_0p02_0002_0015" 5507
"/Engine/EngineMaterials/Substrate/GLints/dict_16_192_64_0p5_0p02_0002_0014" 5508
"/Engine/EngineMaterials/Substrate/GLints/dict_16_192_64_0p5_0p02_0002_0013" 5509
"/Engine/EngineMaterials/Substrate/GLints/dict_16_192_64_0p5_0p02_0002_0012" 5510
"/Engine/EngineMaterials/Substrate/GLints/dict_16_192_64_0p5_0p02_0002_0011" 5511
"/Engine/EngineMaterials/Substrate/GLints/dict_16_192_64_0p5_0p02_0002_0010" 5512
"/Engine/EngineMaterials/Substrate/GLints/dict_16_192_64_0p5_0p02_0002_0009" 5513
"/Engine/EngineMaterials/Substrate/GLints/dict_16_192_64_0p5_0p02_0002_0008" 5514
"/Engine/EngineMaterials/Substrate/GLints/dict_16_192_64_0p5_0p02_0002_0007" 5515
"/Engine/EngineMaterials/Substrate/GLints/dict_16_192_64_0p5_0p02_0002_0006" 5516
"/Engine/EngineMaterials/Substrate/GLints/dict_16_192_64_0p5_0p02_0002_0005" 5517
"/Engine/EngineMaterials/Substrate/GLints/dict_16_192_64_0p5_0p02_0002_0004" 5518
"/Engine/EngineMaterials/Substrate/GLints/dict_16_192_64_0p5_0p02_0002_0003" 5519
"/Engine/EngineMaterials/Substrate/GLints/dict_16_192_64_0p5_0p02_0002_0002" 5520
"/Engine/EngineMaterials/Substrate/GLints/dict_16_192_64_0p5_0p02_0002_0001" 5521
"/Engine/EngineMaterials/Substrate/GLints/dict_16_192_64_0p5_0p02_0002_0000" 5522
"/Engine/EngineMaterials/Substrate/GLints/dict_16_192_64_0p5_0p02_0001_0015" 5523
"/Engine/EngineMaterials/Substrate/GLints/dict_16_192_64_0p5_0p02_0001_0014" 5524
"../../../Engine/Content/EngineMaterials/Substrate/GLints/dict_16_192_64_0p5_0p02_0004_0009.uasset" 5525
"../../../Engine/Content/EngineMaterials/Substrate/GLints/dict_16_192_64_0p5_0p02_0003_0014.uasset" 5526
"../../../Engine/Content/EngineMaterials/Substrate/GLints/dict_16_192_64_0p5_0p02_0004_0011.uasset" 5527
"../../../Engine/Content/EngineMaterials/Substrate/GLints/dict_16_192_64_0p5_0p02_0004_0014.uasset" 5528
"../../../Engine/Content/EngineMaterials/Substrate/GLints/dict_16_192_64_0p5_0p02_0004_0000.uasset" 5529
"../../../Engine/Content/EngineMaterials/Substrate/GLints/dict_16_192_64_0p5_0p02_0004_0013.uasset" 5530
"../../../Engine/Content/EngineMaterials/Substrate/GLints/dict_16_192_64_0p5_0p02_0004_0007.uasset" 5531
"../../../Engine/Content/EngineMaterials/Substrate/GLints/dict_16_192_64_0p5_0p02_0004_0006.uasset" 5532
"../../../Engine/Content/EngineMaterials/Substrate/GLints/dict_16_192_64_0p5_0p02_0004_0005.uasset" 5533
"../../../Engine/Content/EngineMaterials/Substrate/GLints/dict_16_192_64_0p5_0p02_0004_0012.uasset" 5534
"../../../Engine/Content/EngineMaterials/Substrate/GLints/dict_16_192_64_0p5_0p02_0004_0015.uasset" 5535
"../../../Engine/Content/EngineMaterials/Substrate/GLints/dict_16_192_64_0p5_0p02_0004_0008.uasset" 5536
"../../../Engine/Content/EngineMaterials/Substrate/GLints/dict_16_192_64_0p5_0p02_0004_0003.uasset" 5537
"../../../Engine/Content/EngineMaterials/Substrate/GLints/dict_16_192_64_0p5_0p02_0004_0001.uasset" 5538
"../../../Engine/Content/EngineMaterials/Substrate/GLints/dict_16_192_64_0p5_0p02_0003_0015.uasset" 5539
"../../../Engine/Content/EngineMaterials/Substrate/GLints/dict_16_192_64_0p5_0p02_0004_0004.uasset" 5540
"../../../Engine/Content/EngineMaterials/Substrate/GLints/dict_16_192_64_0p5_0p02_0004_0010.uasset" 5541
"../../../Engine/Content/EngineMaterials/Substrate/GLints/dict_16_192_64_0p5_0p02_0004_0002.uasset" 5542
"../../../Engine/Content/EngineMaterials/Substrate/GLints/dict_16_192_64_0p5_0p02_0005_0000.uasset" 5543
"../../../Engine/Content/EngineMaterials/Substrate/GLints/dict_16_192_64_0p5_0p02_0005_0002.uasset" 5544
"../../../Engine/Content/EngineMaterials/Substrate/GLints/dict_16_192_64_0p5_0p02_0005_0001.uasset" 5545
"../../../Engine/Content/EngineMaterials/Substrate/GLints/dict_16_192_64_0p5_0p02_0005_0003.uasset" 5546
"../../../Engine/Content/EngineMaterials/Substrate/GLints/dict_16_192_64_0p5_0p02_0005_0007.uasset" 5547
"../../../Engine/Content/EngineMaterials/Substrate/GLints/dict_16_192_64_0p5_0p02_0005_0005.uasset" 5548
"../../../Engine/Content/EngineMaterials/Substrate/GLints/dict_16_192_64_0p5_0p02_0005_0006.uasset" 5549
"../../../Engine/Content/EngineMaterials/Substrate/GLints/dict_16_192_64_0p5_0p02_0005_0004.uasset" 5550
"../../../Engine/Content/EngineMaterials/Substrate/GLints/dict_16_192_64_0p5_0p02_0005_0011.uasset" 5551
"../../../Engine/Content/EngineMaterials/Substrate/GLints/dict_16_192_64_0p5_0p02_0005_0013.uasset" 5552
"../../../Engine/Content/EngineMaterials/Substrate/GLints/dict_16_192_64_0p5_0p02_0005_0012.uasset" 5553
"../../../Engine/Content/EngineMaterials/Substrate/GLints/dict_16_192_64_0p5_0p02_0005_0008.uasset" 5554
"../../../Engine/Content/EngineMaterials/Substrate/GLints/dict_16_192_64_0p5_0p02_0005_0010.uasset" 5555
"../../../Engine/Content/EngineMaterials/Substrate/GLints/dict_16_192_64_0p5_0p02_0005_0009.uasset" 5556
"/Engine/EngineMaterials/Substrate/GLints/dict_16_192_64_0p5_0p02_0005_0013" 5557
"/Engine/EngineMaterials/Substrate/GLints/dict_16_192_64_0p5_0p02_0005_0012" 5558
"/Engine/EngineMaterials/Substrate/GLints/dict_16_192_64_0p5_0p02_0005_0011" 5559
"/Engine/EngineMaterials/Substrate/GLints/dict_16_192_64_0p5_0p02_0005_0010" 5560
"/Engine/EngineMaterials/Substrate/GLints/dict_16_192_64_0p5_0p02_0005_0009" 5561
"/Engine/EngineMaterials/Substrate/GLints/dict_16_192_64_0p5_0p02_0005_0008" 5562
"/Engine/EngineMaterials/Substrate/GLints/dict_16_192_64_0p5_0p02_0005_0007" 5563
"/Engine/EngineMaterials/Substrate/GLints/dict_16_192_64_0p5_0p02_0005_0006" 5564
"/Engine/EngineMaterials/Substrate/GLints/dict_16_192_64_0p5_0p02_0005_0005" 5565
"/Engine/EngineMaterials/Substrate/GLints/dict_16_192_64_0p5_0p02_0005_0004" 5566
"/Engine/EngineMaterials/Substrate/GLints/dict_16_192_64_0p5_0p02_0005_0003" 5567
"/Engine/EngineMaterials/Substrate/GLints/dict_16_192_64_0p5_0p02_0005_0002" 5568
"/Engine/EngineMaterials/Substrate/GLints/dict_16_192_64_0p5_0p02_0005_0001" 5569
"/Engine/EngineMaterials/Substrate/GLints/dict_16_192_64_0p5_0p02_0005_0000" 5570
"/Engine/EngineMaterials/Substrate/GLints/dict_16_192_64_0p5_0p02_0004_0015" 5571
"/Engine/EngineMaterials/Substrate/GLints/dict_16_192_64_0p5_0p02_0004_0014" 5572
"/Engine/EngineMaterials/Substrate/GLints/dict_16_192_64_0p5_0p02_0004_0013" 5573
"/Engine/EngineMaterials/Substrate/GLints/dict_16_192_64_0p5_0p02_0004_0012" 5574
"/Engine/EngineMaterials/Substrate/GLints/dict_16_192_64_0p5_0p02_0004_0011" 5575
"/Engine/EngineMaterials/Substrate/GLints/dict_16_192_64_0p5_0p02_0004_0010" 5576
"/Engine/EngineMaterials/Substrate/GLints/dict_16_192_64_0p5_0p02_0004_0009" 5577
"/Engine/EngineMaterials/Substrate/GLints/dict_16_192_64_0p5_0p02_0004_0008" 5578
"/Engine/EngineMaterials/Substrate/GLints/dict_16_192_64_0p5_0p02_0004_0007" 5579
"/Engine/EngineMaterials/Substrate/GLints/dict_16_192_64_0p5_0p02_0004_0006" 5580
"/Engine/EngineMaterials/Substrate/GLints/dict_16_192_64_0p5_0p02_0004_0005" 5581
"/Engine/EngineMaterials/Substrate/GLints/dict_16_192_64_0p5_0p02_0004_0004" 5582
"/Engine/EngineMaterials/Substrate/GLints/dict_16_192_64_0p5_0p02_0004_0003" 5583
"/Engine/EngineMaterials/Substrate/GLints/dict_16_192_64_0p5_0p02_0004_0002" 5584
"/Engine/EngineMaterials/Substrate/GLints/dict_16_192_64_0p5_0p02_0004_0001" 5585
"/Engine/EngineMaterials/Substrate/GLints/dict_16_192_64_0p5_0p02_0004_0000" 5586
"/Engine/EngineMaterials/Substrate/GLints/dict_16_192_64_0p5_0p02_0003_0015" 5587
"/Engine/EngineMaterials/Substrate/GLints/dict_16_192_64_0p5_0p02_0003_0014" 5588
"../../../Engine/Content/EngineMaterials/Substrate/GLints/dict_16_192_64_0p5_0p02_0006_0003.uasset" 5589
"../../../Engine/Content/EngineMaterials/Substrate/GLints/dict_16_192_64_0p5_0p02_0006_0005.uasset" 5590
"../../../Engine/Content/EngineMaterials/Substrate/GLints/dict_16_192_64_0p5_0p02_0006_0002.uasset" 5591
"../../../Engine/Content/EngineMaterials/Substrate/GLints/dict_16_192_64_0p5_0p02_0005_0014.uasset" 5592
"../../../Engine/Content/EngineMaterials/Substrate/GLints/dict_16_192_64_0p5_0p02_0006_0004.uasset" 5593
"../../../Engine/Content/EngineMaterials/Substrate/GLints/dict_16_192_64_0p5_0p02_0006_0009.uasset" 5594
"../../../Engine/Content/EngineMaterials/Substrate/GLints/dict_16_192_64_0p5_0p02_0006_0007.uasset" 5595
"../../../Engine/Content/EngineMaterials/Substrate/GLints/dict_16_192_64_0p5_0p02_0006_0000.uasset" 5596
"../../../Engine/Content/EngineMaterials/Substrate/GLints/dict_16_192_64_0p5_0p02_0006_0006.uasset" 5597
"../../../Engine/Content/EngineMaterials/Substrate/GLints/dict_16_192_64_0p5_0p02_0006_0001.uasset" 5598
"../../../Engine/Content/EngineMaterials/Substrate/GLints/dict_16_192_64_0p5_0p02_0006_0008.uasset" 5599
"../../../Engine/Content/EngineMaterials/Substrate/GLints/dict_16_192_64_0p5_0p02_0006_0010.uasset" 5600
"../../../Engine/Content/EngineMaterials/Substrate/GLints/dict_16_192_64_0p5_0p02_0006_0011.uasset" 5601
"../../../Engine/Content/EngineMaterials/Substrate/GLints/dict_16_192_64_0p5_0p02_0005_0015.uasset" 5602
"../../../Engine/Content/EngineMaterials/Substrate/GLints/dict_16_192_64_0p5_0p02_0006_0012.uasset" 5603
"../../../Engine/Content/EngineMaterials/Substrate/GLints/dict_16_192_64_0p5_0p02_0006_0014.uasset" 5604
"../../../Engine/Content/EngineMaterials/Substrate/GLints/dict_16_192_64_0p5_0p02_0006_0013.uasset" 5605
"../../../Engine/Content/EngineMaterials/Substrate/GLints/dict_16_192_64_0p5_0p02_0007_0003.uasset" 5606
"../../../Engine/Content/EngineMaterials/Substrate/GLints/dict_16_192_64_0p5_0p02_0007_0000.uasset" 5607
"../../../Engine/Content/EngineMaterials/Substrate/GLints/dict_16_192_64_0p5_0p02_0007_0004.uasset" 5608
"../../../Engine/Content/EngineMaterials/Substrate/GLints/dict_16_192_64_0p5_0p02_0007_0005.uasset" 5609
"../../../Engine/Content/EngineMaterials/Substrate/GLints/dict_16_192_64_0p5_0p02_0007_0008.uasset" 5610
"../../../Engine/Content/EngineMaterials/Substrate/GLints/dict_16_192_64_0p5_0p02_0007_0001.uasset" 5611
"../../../Engine/Content/EngineMaterials/Substrate/GLints/dict_16_192_64_0p5_0p02_0007_0011.uasset" 5612
"../../../Engine/Content/EngineMaterials/Substrate/GLints/dict_16_192_64_0p5_0p02_0007_0007.uasset" 5613
"../../../Engine/Content/EngineMaterials/Substrate/GLints/dict_16_192_64_0p5_0p02_0007_0006.uasset" 5614
"../../../Engine/Content/EngineMaterials/Substrate/GLints/dict_16_192_64_0p5_0p02_0007_0010.uasset" 5615
"../../../Engine/Content/EngineMaterials/Substrate/GLints/dict_16_192_64_0p5_0p02_0007_0002.uasset" 5616
"../../../Engine/Content/EngineMaterials/Substrate/GLints/dict_16_192_64_0p5_0p02_0007_0009.uasset" 5617
"../../../Engine/Content/EngineMaterials/Substrate/GLints/dict_16_192_64_0p5_0p02_0006_0015.uasset" 5618
"../../../Engine/Content/EngineMaterials/Substrate/GLints/dict_16_192_64_0p5_0p02_0007_0012.uasset" 5619
"../../../Engine/Content/EngineMaterials/Substrate/GLints/dict_16_192_64_0p5_0p02_0007_0013.uasset" 5620
"/Engine/EngineMaterials/Substrate/GLints/dict_16_192_64_0p5_0p02_0007_0012" 5621
"/Engine/EngineMaterials/Substrate/GLints/dict_16_192_64_0p5_0p02_0007_0011" 5622
"/Engine/EngineMaterials/Substrate/GLints/dict_16_192_64_0p5_0p02_0007_0010" 5623
"/Engine/EngineMaterials/Substrate/GLints/dict_16_192_64_0p5_0p02_0007_0009" 5624
"/Engine/EngineMaterials/Substrate/GLints/dict_16_192_64_0p5_0p02_0007_0008" 5625
"/Engine/EngineMaterials/Substrate/GLints/dict_16_192_64_0p5_0p02_0007_0007" 5626
"/Engine/EngineMaterials/Substrate/GLints/dict_16_192_64_0p5_0p02_0007_0006" 5627
"/Engine/EngineMaterials/Substrate/GLints/dict_16_192_64_0p5_0p02_0007_0005" 5628
"/Engine/EngineMaterials/Substrate/GLints/dict_16_192_64_0p5_0p02_0007_0004" 5629
"/Engine/EngineMaterials/Substrate/GLints/dict_16_192_64_0p5_0p02_0007_0003" 5630
"/Engine/EngineMaterials/Substrate/GLints/dict_16_192_64_0p5_0p02_0007_0002" 5631
"/Engine/EngineMaterials/Substrate/GLints/dict_16_192_64_0p5_0p02_0007_0001" 5632
"/Engine/EngineMaterials/Substrate/GLints/dict_16_192_64_0p5_0p02_0007_0000" 5633
"/Engine/EngineMaterials/Substrate/GLints/dict_16_192_64_0p5_0p02_0006_0015" 5634
"/Engine/EngineMaterials/Substrate/GLints/dict_16_192_64_0p5_0p02_0006_0014" 5635
"/Engine/EngineMaterials/Substrate/GLints/dict_16_192_64_0p5_0p02_0006_0013" 5636
"/Engine/EngineMaterials/Substrate/GLints/dict_16_192_64_0p5_0p02_0006_0012" 5637
"/Engine/EngineMaterials/Substrate/GLints/dict_16_192_64_0p5_0p02_0006_0011" 5638
"/Engine/EngineMaterials/Substrate/GLints/dict_16_192_64_0p5_0p02_0006_0010" 5639
"/Engine/EngineMaterials/Substrate/GLints/dict_16_192_64_0p5_0p02_0006_0009" 5640
"/Engine/EngineMaterials/Substrate/GLints/dict_16_192_64_0p5_0p02_0006_0008" 5641
"/Engine/EngineMaterials/Substrate/GLints/dict_16_192_64_0p5_0p02_0006_0007" 5642
"/Engine/EngineMaterials/Substrate/GLints/dict_16_192_64_0p5_0p02_0006_0006" 5643
"/Engine/EngineMaterials/Substrate/GLints/dict_16_192_64_0p5_0p02_0006_0005" 5644
"/Engine/EngineMaterials/Substrate/GLints/dict_16_192_64_0p5_0p02_0006_0004" 5645
"/Engine/EngineMaterials/Substrate/GLints/dict_16_192_64_0p5_0p02_0006_0003" 5646
"/Engine/EngineMaterials/Substrate/GLints/dict_16_192_64_0p5_0p02_0006_0002" 5647
"/Engine/EngineMaterials/Substrate/GLints/dict_16_192_64_0p5_0p02_0006_0001" 5648
"/Engine/EngineMaterials/Substrate/GLints/dict_16_192_64_0p5_0p02_0006_0000" 5649
"/Engine/EngineMaterials/Substrate/GLints/dict_16_192_64_0p5_0p02_0005_0015" 5650
"/Engine/EngineMaterials/Substrate/GLints/dict_16_192_64_0p5_0p02_0005_0014" 5651
"../../../Engine/Content/EngineMaterials/Substrate/GLints/dict_16_192_64_0p5_0p02_0008_0000.uasset" 5652
"../../../Engine/Content/EngineMaterials/Substrate/GLints/dict_16_192_64_0p5_0p02_0008_0003.uasset" 5653
"../../../Engine/Content/EngineMaterials/Substrate/GLints/dict_16_192_64_0p5_0p02_0008_0001.uasset" 5654
"../../../Engine/Content/EngineMaterials/Substrate/GLints/dict_16_192_64_0p5_0p02_0007_0014.uasset" 5655
"../../../Engine/Content/EngineMaterials/Substrate/GLints/dict_16_192_64_0p5_0p02_0008_0004.uasset" 5656
"../../../Engine/Content/EngineMaterials/Substrate/GLints/dict_16_192_64_0p5_0p02_0008_0006.uasset" 5657
"../../../Engine/Content/EngineMaterials/Substrate/GLints/dict_16_192_64_0p5_0p02_0008_0008.uasset" 5658
"../../../Engine/Content/EngineMaterials/Substrate/GLints/dict_16_192_64_0p5_0p02_0008_0007.uasset" 5659
"../../../Engine/Content/EngineMaterials/Substrate/GLints/dict_16_192_64_0p5_0p02_0008_0011.uasset" 5660
"../../../Engine/Content/EngineMaterials/Substrate/GLints/dict_16_192_64_0p5_0p02_0007_0015.uasset" 5661
"../../../Engine/Content/EngineMaterials/Substrate/GLints/dict_16_192_64_0p5_0p02_0008_0009.uasset" 5662
"../../../Engine/Content/EngineMaterials/Substrate/GLints/dict_16_192_64_0p5_0p02_0008_0002.uasset" 5663
"../../../Engine/Content/EngineMaterials/Substrate/GLints/dict_16_192_64_0p5_0p02_0008_0013.uasset" 5664
"../../../Engine/Content/EngineMaterials/Substrate/GLints/dict_16_192_64_0p5_0p02_0008_0005.uasset" 5665
"../../../Engine/Content/EngineMaterials/Substrate/GLints/dict_16_192_64_0p5_0p02_0008_0012.uasset" 5666
"../../../Engine/Content/EngineMaterials/Substrate/GLints/dict_16_192_64_0p5_0p02_0008_0010.uasset" 5667
"../../../Engine/Content/EngineMaterials/Substrate/GLints/dict_16_192_64_0p5_0p02_0008_0014.uasset" 5668
"../../../Engine/Content/EngineMaterials/Substrate/GLints/dict_16_192_64_0p5_0p02_0008_0015.uasset" 5669
"../../../Engine/Content/EngineMaterials/Substrate/GLints/dict_16_192_64_0p5_0p02_0009_0000.uasset" 5670
"../../../Engine/Content/EngineMaterials/Substrate/GLints/dict_16_192_64_0p5_0p02_0009_0001.uasset" 5671
"../../../Engine/Content/EngineMaterials/Substrate/GLints/dict_16_192_64_0p5_0p02_0009_0004.uasset" 5672
"../../../Engine/Content/EngineMaterials/Substrate/GLints/dict_16_192_64_0p5_0p02_0009_0002.uasset" 5673
"../../../Engine/Content/EngineMaterials/Substrate/GLints/dict_16_192_64_0p5_0p02_0009_0005.uasset" 5674
"../../../Engine/Content/EngineMaterials/Substrate/GLints/dict_16_192_64_0p5_0p02_0009_0003.uasset" 5675
"../../../Engine/Content/EngineMaterials/Substrate/GLints/dict_16_192_64_0p5_0p02_0009_0007.uasset" 5676
"../../../Engine/Content/EngineMaterials/Substrate/GLints/dict_16_192_64_0p5_0p02_0009_0006.uasset" 5677
"../../../Engine/Content/EngineMaterials/Substrate/GLints/dict_16_192_64_0p5_0p02_0009_0008.uasset" 5678
"../../../Engine/Content/EngineMaterials/Substrate/GLints/dict_16_192_64_0p5_0p02_0009_0009.uasset" 5679
"../../../Engine/Content/EngineMaterials/Substrate/GLints/dict_16_192_64_0p5_0p02_0009_0012.uasset" 5680
"../../../Engine/Content/EngineMaterials/Substrate/GLints/dict_16_192_64_0p5_0p02_0009_0010.uasset" 5681
"../../../Engine/Content/EngineMaterials/Substrate/GLints/dict_16_192_64_0p5_0p02_0009_0011.uasset" 5682
"/Engine/EngineMaterials/Substrate/GLints/dict_16_192_64_0p5_0p02_0007_0013" 5683
"../../../Engine/Content/EngineMaterials/Substrate/GLints/dict_16_192_64_0p5_0p02_0009_0013.uasset" 5684
"/Engine/EngineMaterials/Substrate/GLints/dict_16_192_64_0p5_0p02_0009_0012" 5685
"/Engine/EngineMaterials/Substrate/GLints/dict_16_192_64_0p5_0p02_0009_0011" 5686
"/Engine/EngineMaterials/Substrate/GLints/dict_16_192_64_0p5_0p02_0009_0010" 5687
"/Engine/EngineMaterials/Substrate/GLints/dict_16_192_64_0p5_0p02_0009_0009" 5688
"/Engine/EngineMaterials/Substrate/GLints/dict_16_192_64_0p5_0p02_0009_0008" 5689
"/Engine/EngineMaterials/Substrate/GLints/dict_16_192_64_0p5_0p02_0009_0007" 5690
"/Engine/EngineMaterials/Substrate/GLints/dict_16_192_64_0p5_0p02_0009_0006" 5691
"/Engine/EngineMaterials/Substrate/GLints/dict_16_192_64_0p5_0p02_0009_0005" 5692
"/Engine/EngineMaterials/Substrate/GLints/dict_16_192_64_0p5_0p02_0009_0004" 5693
"/Engine/EngineMaterials/Substrate/GLints/dict_16_192_64_0p5_0p02_0009_0003" 5694
"/Engine/EngineMaterials/Substrate/GLints/dict_16_192_64_0p5_0p02_0009_0002" 5695
"/Engine/EngineMaterials/Substrate/GLints/dict_16_192_64_0p5_0p02_0009_0001" 5696
"/Engine/EngineMaterials/Substrate/GLints/dict_16_192_64_0p5_0p02_0009_0000" 5697
"/Engine/EngineMaterials/Substrate/GLints/dict_16_192_64_0p5_0p02_0008_0015" 5698
"/Engine/EngineMaterials/Substrate/GLints/dict_16_192_64_0p5_0p02_0008_0014" 5699
"/Engine/EngineMaterials/Substrate/GLints/dict_16_192_64_0p5_0p02_0008_0013" 5700
"/Engine/EngineMaterials/Substrate/GLints/dict_16_192_64_0p5_0p02_0008_0012" 5701
"/Engine/EngineMaterials/Substrate/GLints/dict_16_192_64_0p5_0p02_0008_0011" 5702
"/Engine/EngineMaterials/Substrate/GLints/dict_16_192_64_0p5_0p02_0008_0010" 5703
"/Engine/EngineMaterials/Substrate/GLints/dict_16_192_64_0p5_0p02_0008_0009" 5704
"/Engine/EngineMaterials/Substrate/GLints/dict_16_192_64_0p5_0p02_0008_0008" 5705
"/Engine/EngineMaterials/Substrate/GLints/dict_16_192_64_0p5_0p02_0008_0007" 5706
"/Engine/EngineMaterials/Substrate/GLints/dict_16_192_64_0p5_0p02_0008_0006" 5707
"/Engine/EngineMaterials/Substrate/GLints/dict_16_192_64_0p5_0p02_0008_0005" 5708
"/Engine/EngineMaterials/Substrate/GLints/dict_16_192_64_0p5_0p02_0008_0004" 5709
"/Engine/EngineMaterials/Substrate/GLints/dict_16_192_64_0p5_0p02_0008_0003" 5710
"/Engine/EngineMaterials/Substrate/GLints/dict_16_192_64_0p5_0p02_0008_0002" 5711
"/Engine/EngineMaterials/Substrate/GLints/dict_16_192_64_0p5_0p02_0008_0001" 5712
"/Engine/EngineMaterials/Substrate/GLints/dict_16_192_64_0p5_0p02_0008_0000" 5713
"/Engine/EngineMaterials/Substrate/GLints/dict_16_192_64_0p5_0p02_0007_0015" 5714
"/Engine/EngineMaterials/Substrate/GLints/dict_16_192_64_0p5_0p02_0007_0014" 5715
"../../../Engine/Content/EngineMaterials/Substrate/GLints/dict_16_192_64_0p5_0p02_0010_0006.uasset" 5716
"../../../Engine/Content/EngineMaterials/Substrate/GLints/dict_16_192_64_0p5_0p02_0009_0015.uasset" 5717
"../../../Engine/Content/EngineMaterials/Substrate/GLints/dict_16_192_64_0p5_0p02_0010_0005.uasset" 5718
"../../../Engine/Content/EngineMaterials/Substrate/GLints/dict_16_192_64_0p5_0p02_0010_0008.uasset" 5719
"../../../Engine/Content/EngineMaterials/Substrate/GLints/dict_16_192_64_0p5_0p02_0010_0007.uasset" 5720
"../../../Engine/Content/EngineMaterials/Substrate/GLints/dict_16_192_64_0p5_0p02_0010_0004.uasset" 5721
"../../../Engine/Content/EngineMaterials/Substrate/GLints/dict_16_192_64_0p5_0p02_0010_0009.uasset" 5722
"../../../Engine/Content/EngineMaterials/Substrate/GLints/dict_16_192_64_0p5_0p02_0010_0001.uasset" 5723
"../../../Engine/Content/EngineMaterials/Substrate/GLints/dict_16_192_64_0p5_0p02_0010_0011.uasset" 5724
"../../../Engine/Content/EngineMaterials/Substrate/GLints/dict_16_192_64_0p5_0p02_0009_0014.uasset" 5725
"../../../Engine/Content/EngineMaterials/Substrate/GLints/dict_16_192_64_0p5_0p02_0010_0013.uasset" 5726
"../../../Engine/Content/EngineMaterials/Substrate/GLints/dict_16_192_64_0p5_0p02_0010_0003.uasset" 5727
"../../../Engine/Content/EngineMaterials/Substrate/GLints/dict_16_192_64_0p5_0p02_0010_0002.uasset" 5728
"../../../Engine/Content/EngineMaterials/Substrate/GLints/dict_16_192_64_0p5_0p02_0010_0014.uasset" 5729
"../../../Engine/Content/EngineMaterials/Substrate/GLints/dict_16_192_64_0p5_0p02_0010_0012.uasset" 5730
"../../../Engine/Content/EngineMaterials/Substrate/GLints/dict_16_192_64_0p5_0p02_0010_0010.uasset" 5731
"../../../Engine/Content/EngineMaterials/Substrate/GLints/dict_16_192_64_0p5_0p02_0010_0000.uasset" 5732
"../../../Engine/Content/EngineMaterials/Substrate/GLints/dict_16_192_64_0p5_0p02_0010_0015.uasset" 5733
"../../../Engine/Content/EngineMaterials/Substrate/GLints/dict_16_192_64_0p5_0p02_0011_0001.uasset" 5734
"../../../Engine/Content/EngineMaterials/Substrate/GLints/dict_16_192_64_0p5_0p02_0011_0000.uasset" 5735
"../../../Engine/Content/EngineMaterials/Substrate/GLints/dict_16_192_64_0p5_0p02_0011_0002.uasset" 5736
"../../../Engine/Content/EngineMaterials/Substrate/GLints/dict_16_192_64_0p5_0p02_0011_0003.uasset" 5737
"../../../Engine/Content/EngineMaterials/Substrate/GLints/dict_16_192_64_0p5_0p02_0011_0004.uasset" 5738
"../../../Engine/Content/EngineMaterials/Substrate/GLints/dict_16_192_64_0p5_0p02_0011_0005.uasset" 5739
"../../../Engine/Content/EngineMaterials/Substrate/GLints/dict_16_192_64_0p5_0p02_0011_0006.uasset" 5740
"../../../Engine/Content/EngineMaterials/Substrate/GLints/dict_16_192_64_0p5_0p02_0011_0007.uasset" 5741
"../../../Engine/Content/EngineMaterials/Substrate/GLints/dict_16_192_64_0p5_0p02_0011_0008.uasset" 5742
"../../../Engine/Content/EngineMaterials/Substrate/GLints/dict_16_192_64_0p5_0p02_0011_0009.uasset" 5743
"../../../Engine/Content/EngineMaterials/Substrate/GLints/dict_16_192_64_0p5_0p02_0011_0012.uasset" 5744
"../../../Engine/Content/EngineMaterials/Substrate/GLints/dict_16_192_64_0p5_0p02_0011_0011.uasset" 5745
"../../../Engine/Content/EngineMaterials/Substrate/GLints/dict_16_192_64_0p5_0p02_0011_0010.uasset" 5746
"/Engine/EngineMaterials/Substrate/GLints/dict_16_192_64_0p5_0p02_0009_0013" 5747
"../../../Engine/Content/EngineMaterials/Substrate/GLints/dict_16_192_64_0p5_0p02_0011_0013.uasset" 5748
"/Engine/EngineMaterials/Substrate/GLints/dict_16_192_64_0p5_0p02_0011_0012" 5749
"/Engine/EngineMaterials/Substrate/GLints/dict_16_192_64_0p5_0p02_0011_0011" 5750
"/Engine/EngineMaterials/Substrate/GLints/dict_16_192_64_0p5_0p02_0011_0010" 5751
"/Engine/EngineMaterials/Substrate/GLints/dict_16_192_64_0p5_0p02_0011_0009" 5752
"/Engine/EngineMaterials/Substrate/GLints/dict_16_192_64_0p5_0p02_0011_0008" 5753
"/Engine/EngineMaterials/Substrate/GLints/dict_16_192_64_0p5_0p02_0011_0007" 5754
"/Engine/EngineMaterials/Substrate/GLints/dict_16_192_64_0p5_0p02_0011_0006" 5755
"/Engine/EngineMaterials/Substrate/GLints/dict_16_192_64_0p5_0p02_0011_0005" 5756
"/Engine/EngineMaterials/Substrate/GLints/dict_16_192_64_0p5_0p02_0011_0004" 5757
"/Engine/EngineMaterials/Substrate/GLints/dict_16_192_64_0p5_0p02_0011_0003" 5758
"/Engine/EngineMaterials/Substrate/GLints/dict_16_192_64_0p5_0p02_0011_0002" 5759
"/Engine/EngineMaterials/Substrate/GLints/dict_16_192_64_0p5_0p02_0011_0001" 5760
"/Engine/EngineMaterials/Substrate/GLints/dict_16_192_64_0p5_0p02_0011_0000" 5761
"/Engine/EngineMaterials/Substrate/GLints/dict_16_192_64_0p5_0p02_0010_0015" 5762
"/Engine/EngineMaterials/Substrate/GLints/dict_16_192_64_0p5_0p02_0010_0014" 5763
"/Engine/EngineMaterials/Substrate/GLints/dict_16_192_64_0p5_0p02_0010_0013" 5764
"/Engine/EngineMaterials/Substrate/GLints/dict_16_192_64_0p5_0p02_0010_0012" 5765
"/Engine/EngineMaterials/Substrate/GLints/dict_16_192_64_0p5_0p02_0010_0011" 5766
"/Engine/EngineMaterials/Substrate/GLints/dict_16_192_64_0p5_0p02_0010_0010" 5767
"/Engine/EngineMaterials/Substrate/GLints/dict_16_192_64_0p5_0p02_0010_0009" 5768
"/Engine/EngineMaterials/Substrate/GLints/dict_16_192_64_0p5_0p02_0010_0008" 5769
"/Engine/EngineMaterials/Substrate/GLints/dict_16_192_64_0p5_0p02_0010_0007" 5770
"/Engine/EngineMaterials/Substrate/GLints/dict_16_192_64_0p5_0p02_0010_0006" 5771
"/Engine/EngineMaterials/Substrate/GLints/dict_16_192_64_0p5_0p02_0010_0005" 5772
"/Engine/EngineMaterials/Substrate/GLints/dict_16_192_64_0p5_0p02_0010_0004" 5773
"/Engine/EngineMaterials/Substrate/GLints/dict_16_192_64_0p5_0p02_0010_0003" 5774
"/Engine/EngineMaterials/Substrate/GLints/dict_16_192_64_0p5_0p02_0010_0002" 5775
"/Engine/EngineMaterials/Substrate/GLints/dict_16_192_64_0p5_0p02_0010_0001" 5776
"/Engine/EngineMaterials/Substrate/GLints/dict_16_192_64_0p5_0p02_0010_0000" 5777
"/Engine/EngineMaterials/Substrate/GLints/dict_16_192_64_0p5_0p02_0009_0015" 5778
"/Engine/EngineMaterials/Substrate/GLints/dict_16_192_64_0p5_0p02_0009_0014" 5779
"../../../Engine/Content/EngineMaterials/Substrate/GLints/dict_16_192_64_0p5_0p02_0011_0015.uasset" 5780
"../../../Engine/Content/EngineMaterials/Substrate/GLints/dict_16_192_64_0p5_0p02_0012_0002.uasset" 5781
"../../../Engine/Content/EngineMaterials/Substrate/GLints/dict_16_192_64_0p5_0p02_0012_0000.uasset" 5782
"../../../Engine/Content/EngineMaterials/Substrate/GLints/dict_16_192_64_0p5_0p02_0012_0005.uasset" 5783
"../../../Engine/Content/EngineMaterials/Substrate/GLints/dict_16_192_64_0p5_0p02_0012_0006.uasset" 5784
"/Engine/EngineMaterials/Substrate/GLints/dict_16_192_64_0p5_0p02_0011_0013" 5785
"../../../Engine/Content/EngineMaterials/Substrate/GLints/dict_16_192_64_0p5_0p02_0012_0001.uasset" 5786
"../../../Engine/Content/EngineMaterials/Substrate/GLints/dict_16_192_64_0p5_0p02_0012_0003.uasset" 5787
"../../../Engine/Content/EngineMaterials/Substrate/GLints/dict_16_192_64_0p5_0p02_0012_0010.uasset" 5788
"../../../Engine/Content/EngineMaterials/Substrate/GLints/dict_16_192_64_0p5_0p02_0011_0014.uasset" 5789
"../../../Engine/Content/EngineMaterials/Substrate/GLints/dict_16_192_64_0p5_0p02_0012_0012.uasset" 5790
"../../../Engine/Content/EngineMaterials/Substrate/GLints/dict_16_192_64_0p5_0p02_0012_0009.uasset" 5791
"../../../Engine/Content/EngineMaterials/Substrate/GLints/dict_16_192_64_0p5_0p02_0012_0015.uasset" 5792
"../../../Engine/Content/EngineMaterials/Substrate/GLints/dict_16_192_64_0p5_0p02_0012_0014.uasset" 5793
"../../../Engine/Content/EngineMaterials/Substrate/GLints/dict_16_192_64_0p5_0p02_0012_0008.uasset" 5794
"../../../Engine/Content/EngineMaterials/Substrate/GLints/dict_16_192_64_0p5_0p02_0012_0004.uasset" 5795
"../../../Engine/Content/EngineMaterials/Substrate/GLints/dict_16_192_64_0p5_0p02_0012_0013.uasset" 5796
"../../../Engine/Content/EngineMaterials/Substrate/GLints/dict_16_192_64_0p5_0p02_0012_0011.uasset" 5797
"../../../Engine/Content/EngineMaterials/Substrate/GLints/dict_16_192_64_0p5_0p02_0012_0007.uasset" 5798
"../../../Engine/Content/EngineMaterials/Substrate/GLints/dict_16_192_64_0p5_0p02_0013_0000.uasset" 5799
"../../../Engine/Content/EngineMaterials/Substrate/GLints/dict_16_192_64_0p5_0p02_0013_0001.uasset" 5800
"../../../Engine/Content/EngineMaterials/Substrate/GLints/dict_16_192_64_0p5_0p02_0013_0002.uasset" 5801
"/Engine/EngineMaterials/Substrate/GLints/dict_16_192_64_0p5_0p02_0012_0015" 5802
"../../../Engine/Content/EngineMaterials/Substrate/GLints/dict_16_192_64_0p5_0p02_0013_0003.uasset" 5803
"../../../Engine/Content/EngineMaterials/Substrate/GLints/dict_16_192_64_0p5_0p02_0013_0004.uasset" 5804
"../../../Engine/Content/EngineMaterials/Substrate/GLints/dict_16_192_64_0p5_0p02_0013_0005.uasset" 5805
"../../../Engine/Content/EngineMaterials/Substrate/GLints/dict_16_192_64_0p5_0p02_0013_0006.uasset" 5806
"../../../Engine/Content/EngineMaterials/Substrate/GLints/dict_16_192_64_0p5_0p02_0013_0007.uasset" 5807
"../../../Engine/Content/EngineMaterials/Substrate/GLints/dict_16_192_64_0p5_0p02_0013_0009.uasset" 5808
"../../../Engine/Content/EngineMaterials/Substrate/GLints/dict_16_192_64_0p5_0p02_0013_0011.uasset" 5809
"../../../Engine/Content/EngineMaterials/Substrate/GLints/dict_16_192_64_0p5_0p02_0013_0008.uasset" 5810
"/Engine/EngineMaterials/Substrate/GLints/dict_16_192_64_0p5_0p02_0012_0012" 5811
"../../../Engine/Content/EngineMaterials/Substrate/GLints/dict_16_192_64_0p5_0p02_0013_0010.uasset" 5812
"../../../Engine/Content/EngineMaterials/Substrate/GLints/dict_16_192_64_0p5_0p02_0013_0012.uasset" 5813
"../../../Engine/Content/EngineMaterials/Substrate/GLints/dict_16_192_64_0p5_0p02_0013_0013.uasset" 5814
"/Engine/EngineMaterials/Substrate/GLints/dict_16_192_64_0p5_0p02_0012_0009" 5815
"/Engine/EngineMaterials/Substrate/GLints/dict_16_192_64_0p5_0p02_0012_0002" 5816
"/Engine/EngineMaterials/Substrate/GLints/dict_16_192_64_0p5_0p02_0011_0015" 5817
"../../../Engine/Content/EngineMaterials/Substrate/GLints/dict_16_192_64_0p5_0p02_0014_0000.uasset" 5818
"../../../Engine/Content/EngineMaterials/Substrate/GLints/dict_16_192_64_0p5_0p02_0013_0014.uasset" 5819
"../../../Engine/Content/EngineMaterials/Substrate/GLints/dict_16_192_64_0p5_0p02_0014_0001.uasset" 5820
"../../../Engine/Content/EngineMaterials/Substrate/GLints/dict_16_192_64_0p5_0p02_0014_0002.uasset" 5821
"../../../Engine/Content/EngineMaterials/Substrate/GLints/dict_16_192_64_0p5_0p02_0013_0015.uasset" 5822
"/Engine/EngineMaterials/Substrate/GLints/dict_16_192_64_0p5_0p02_0013_0013" 5823
"/Engine/EngineMaterials/Substrate/GLints/dict_16_192_64_0p5_0p02_0013_0012" 5824
"/Engine/EngineMaterials/Substrate/GLints/dict_16_192_64_0p5_0p02_0013_0011" 5825
"/Engine/EngineMaterials/Substrate/GLints/dict_16_192_64_0p5_0p02_0013_0010" 5826
"/Engine/EngineMaterials/Substrate/GLints/dict_16_192_64_0p5_0p02_0013_0009" 5827
"/Engine/EngineMaterials/Substrate/GLints/dict_16_192_64_0p5_0p02_0013_0008" 5828
"/Engine/EngineMaterials/Substrate/GLints/dict_16_192_64_0p5_0p02_0013_0007" 5829
"/Engine/EngineMaterials/Substrate/GLints/dict_16_192_64_0p5_0p02_0013_0006" 5830
"/Engine/EngineMaterials/Substrate/GLints/dict_16_192_64_0p5_0p02_0013_0005" 5831
"/Engine/EngineMaterials/Substrate/GLints/dict_16_192_64_0p5_0p02_0013_0004" 5832
"/Engine/EngineMaterials/Substrate/GLints/dict_16_192_64_0p5_0p02_0013_0003" 5833
"/Engine/EngineMaterials/Substrate/GLints/dict_16_192_64_0p5_0p02_0013_0002" 5834
"/Engine/EngineMaterials/Substrate/GLints/dict_16_192_64_0p5_0p02_0013_0001" 5835
"/Engine/EngineMaterials/Substrate/GLints/dict_16_192_64_0p5_0p02_0013_0000" 5836
"/Engine/EngineMaterials/Substrate/GLints/dict_16_192_64_0p5_0p02_0012_0014" 5837
"/Engine/EngineMaterials/Substrate/GLints/dict_16_192_64_0p5_0p02_0012_0013" 5838
"/Engine/EngineMaterials/Substrate/GLints/dict_16_192_64_0p5_0p02_0012_0011" 5839
"/Engine/EngineMaterials/Substrate/GLints/dict_16_192_64_0p5_0p02_0012_0010" 5840
"/Engine/EngineMaterials/Substrate/GLints/dict_16_192_64_0p5_0p02_0012_0008" 5841
"/Engine/EngineMaterials/Substrate/GLints/dict_16_192_64_0p5_0p02_0012_0007" 5842
"/Engine/EngineMaterials/Substrate/GLints/dict_16_192_64_0p5_0p02_0012_0006" 5843
"/Engine/EngineMaterials/Substrate/GLints/dict_16_192_64_0p5_0p02_0012_0005" 5844
"/Engine/EngineMaterials/Substrate/GLints/dict_16_192_64_0p5_0p02_0012_0004" 5845
"/Engine/EngineMaterials/Substrate/GLints/dict_16_192_64_0p5_0p02_0012_0003" 5846
"/Engine/EngineMaterials/Substrate/GLints/dict_16_192_64_0p5_0p02_0012_0001" 5847
"/Engine/EngineMaterials/Substrate/GLints/dict_16_192_64_0p5_0p02_0012_0000" 5848
"/Engine/EngineMaterials/Substrate/GLints/dict_16_192_64_0p5_0p02_0011_0014" 5849
"/Engine/EngineMaterials/Substrate/GLints/dict_16_192_64_0p5_0p02_0014_0002" 5850
"../../../Engine/Content/EngineMaterials/Substrate/GLints/dict_16_192_64_0p5_0p02_0014_0010.uasset" 5851
"../../../Engine/Content/EngineMaterials/Substrate/GLints/dict_16_192_64_0p5_0p02_0014_0003.uasset" 5852
"../../../Engine/Content/EngineMaterials/Substrate/GLints/dict_16_192_64_0p5_0p02_0014_0009.uasset" 5853
"../../../Engine/Content/EngineMaterials/Substrate/GLints/dict_16_192_64_0p5_0p02_0014_0007.uasset" 5854
"../../../Engine/Content/EngineMaterials/Substrate/GLints/dict_16_192_64_0p5_0p02_0014_0012.uasset" 5855
"../../../Engine/Content/EngineMaterials/Substrate/GLints/dict_16_192_64_0p5_0p02_0014_0005.uasset" 5856
"../../../Engine/Content/EngineMaterials/Substrate/GLints/dict_16_192_64_0p5_0p02_0014_0006.uasset" 5857
"../../../Engine/Content/EngineMaterials/Substrate/GLints/dict_16_192_64_0p5_0p02_0014_0008.uasset" 5858
"../../../Engine/Content/EngineMaterials/Substrate/GLints/dict_16_192_64_0p5_0p02_0014_0004.uasset" 5859
"../../../Engine/Content/EngineMaterials/Substrate/GLints/dict_16_192_64_0p5_0p02_0014_0013.uasset" 5860
"../../../Engine/Content/EngineMaterials/Substrate/GLints/dict_16_192_64_0p5_0p02_0014_0014.uasset" 5861
"../../../Engine/Content/EngineMaterials/Substrate/GLints/dict_16_192_64_0p5_0p02_0014_0011.uasset" 5862
"../../../Engine/Content/EngineMaterials/Substrate/GLints/dict_16_192_64_0p5_0p02_0015_0000.uasset" 5863
"../../../Engine/Content/EngineMaterials/Substrate/GLints/dict_16_192_64_0p5_0p02_0014_0015.uasset" 5864
"../../../Engine/Content/EngineMaterials/Substrate/GLints/dict_16_192_64_0p5_0p02_0015_0001.uasset" 5865
"../../../Engine/Content/EngineMaterials/Substrate/GLints/dict_16_192_64_0p5_0p02_0015_0003.uasset" 5866
"../../../Engine/Content/EngineMaterials/Substrate/GLints/dict_16_192_64_0p5_0p02_0015_0002.uasset" 5867
"../../../Engine/Content/EngineMaterials/Substrate/GLints/dict_16_192_64_0p5_0p02_0015_0006.uasset" 5868
"/Engine/EngineMaterials/Substrate/GLints/dict_16_192_64_0p5_0p02_0014_0001" 5869
"../../../Engine/Content/EngineMaterials/Substrate/GLints/dict_16_192_64_0p5_0p02_0015_0007.uasset" 5870
"../../../Engine/Content/EngineMaterials/Substrate/GLints/dict_16_192_64_0p5_0p02_0015_0004.uasset" 5871
"../../../Engine/Content/EngineMaterials/Substrate/GLints/dict_16_192_64_0p5_0p02_0015_0009.uasset" 5872
"../../../Engine/Content/EngineMaterials/Substrate/GLints/dict_16_192_64_0p5_0p02_0015_0005.uasset" 5873
"../../../Engine/Content/EngineMaterials/Substrate/GLints/dict_16_192_64_0p5_0p02_0015_0012.uasset" 5874
"../../../Engine/Content/EngineMaterials/Substrate/GLints/dict_16_192_64_0p5_0p02_0015_0010.uasset" 5875
"../../../Engine/Content/EngineMaterials/Substrate/GLints/dict_16_192_64_0p5_0p02_0015_0008.uasset" 5876
"../../../Engine/Content/EngineMaterials/Substrate/GLints/dict_16_192_64_0p5_0p02_0015_0011.uasset" 5877
"../../../Engine/Content/EngineMaterials/Substrate/GLints/dict_16_192_64_0p5_0p02_0015_0013.uasset" 5878
"/Engine/EngineMaterials/Substrate/GLints/dict_16_192_64_0p5_0p02_0014_0000" 5879
"/Engine/EngineMaterials/Substrate/GLints/dict_16_192_64_0p5_0p02_0013_0015" 5880
"/Engine/EngineMaterials/Substrate/GLints/dict_16_192_64_0p5_0p02_0013_0014" 5881
"../../../Engine/Content/EngineMaterials/Substrate/GLints/dict_16_192_64_0p5_0p02_0016_0000.uasset" 5882
"../../../Engine/Content/EngineMaterials/Substrate/GLints/dict_16_192_64_0p5_0p02_0016_0001.uasset" 5883
"../../../Engine/Content/EngineMaterials/Substrate/GLints/dict_16_192_64_0p5_0p02_0016_0002.uasset" 5884
"/Engine/EngineMaterials/Substrate/GLints/dict_16_192_64_0p5_0p02_0015_0013" 5885
"../../../Engine/Content/EngineMaterials/Substrate/GLints/dict_16_192_64_0p5_0p02_0015_0014.uasset" 5886
"../../../Engine/Content/EngineMaterials/Substrate/GLints/dict_16_192_64_0p5_0p02_0015_0015.uasset" 5887
"/Engine/EngineMaterials/Substrate/GLints/dict_16_192_64_0p5_0p02_0015_0012" 5888
"/Engine/EngineMaterials/Substrate/GLints/dict_16_192_64_0p5_0p02_0015_0011" 5889
"/Engine/EngineMaterials/Substrate/GLints/dict_16_192_64_0p5_0p02_0015_0010" 5890
"/Engine/EngineMaterials/Substrate/GLints/dict_16_192_64_0p5_0p02_0015_0009" 5891
"/Engine/EngineMaterials/Substrate/GLints/dict_16_192_64_0p5_0p02_0015_0008" 5892
"/Engine/EngineMaterials/Substrate/GLints/dict_16_192_64_0p5_0p02_0015_0007" 5893
"/Engine/EngineMaterials/Substrate/GLints/dict_16_192_64_0p5_0p02_0015_0006" 5894
"/Engine/EngineMaterials/Substrate/GLints/dict_16_192_64_0p5_0p02_0015_0005" 5895
"/Engine/EngineMaterials/Substrate/GLints/dict_16_192_64_0p5_0p02_0015_0004" 5896
"/Engine/EngineMaterials/Substrate/GLints/dict_16_192_64_0p5_0p02_0015_0003" 5897
"/Engine/EngineMaterials/Substrate/GLints/dict_16_192_64_0p5_0p02_0015_0002" 5898
"/Engine/EngineMaterials/Substrate/GLints/dict_16_192_64_0p5_0p02_0015_0001" 5899
"/Engine/EngineMaterials/Substrate/GLints/dict_16_192_64_0p5_0p02_0015_0000" 5900
"/Engine/EngineMaterials/Substrate/GLints/dict_16_192_64_0p5_0p02_0014_0015" 5901
"/Engine/EngineMaterials/Substrate/GLints/dict_16_192_64_0p5_0p02_0014_0014" 5902
"/Engine/EngineMaterials/Substrate/GLints/dict_16_192_64_0p5_0p02_0014_0013" 5903
"/Engine/EngineMaterials/Substrate/GLints/dict_16_192_64_0p5_0p02_0014_0012" 5904
"/Engine/EngineMaterials/Substrate/GLints/dict_16_192_64_0p5_0p02_0014_0011" 5905
"/Engine/EngineMaterials/Substrate/GLints/dict_16_192_64_0p5_0p02_0014_0010" 5906
"/Engine/EngineMaterials/Substrate/GLints/dict_16_192_64_0p5_0p02_0014_0009" 5907
"/Engine/EngineMaterials/Substrate/GLints/dict_16_192_64_0p5_0p02_0014_0008" 5908
"/Engine/EngineMaterials/Substrate/GLints/dict_16_192_64_0p5_0p02_0014_0007" 5909
"/Engine/EngineMaterials/Substrate/GLints/dict_16_192_64_0p5_0p02_0014_0006" 5910
"/Engine/EngineMaterials/Substrate/GLints/dict_16_192_64_0p5_0p02_0014_0005" 5911
"/Engine/EngineMaterials/Substrate/GLints/dict_16_192_64_0p5_0p02_0014_0004" 5912
"/Engine/EngineMaterials/Substrate/GLints/dict_16_192_64_0p5_0p02_0014_0003" 5913
"../../../Engine/Content/EngineMaterials/Substrate/GLints/dict_16_192_64_0p5_0p02_0016_0013.uasset" 5914
"../../../Engine/Content/EngineMaterials/Substrate/GLints/dict_16_192_64_0p5_0p02_0016_0008.uasset" 5915
"../../../Engine/Content/EngineMaterials/Substrate/GLints/dict_16_192_64_0p5_0p02_0016_0014.uasset" 5916
"../../../Engine/Content/EngineMaterials/Substrate/GLints/dict_16_192_64_0p5_0p02_0016_0004.uasset" 5917
"../../../Engine/Content/EngineMaterials/Substrate/GLints/dict_16_192_64_0p5_0p02_0017_0002.uasset" 5918
"/Engine/EngineMaterials/Substrate/GLints/dict_16_192_64_0p5_0p02_0016_0002" 5919
"../../../Engine/Content/EngineMaterials/Substrate/GLints/dict_16_192_64_0p5_0p02_0017_0001.uasset" 5920
"../../../Engine/Content/EngineMaterials/Substrate/GLints/dict_16_192_64_0p5_0p02_0017_0003.uasset" 5921
"../../../Engine/Content/EngineMaterials/Substrate/GLints/dict_16_192_64_0p5_0p02_0017_0000.uasset" 5922
"../../../Engine/Content/EngineMaterials/Substrate/GLints/dict_16_192_64_0p5_0p02_0016_0005.uasset" 5923
"../../../Engine/Content/EngineMaterials/Substrate/GLints/dict_16_192_64_0p5_0p02_0017_0004.uasset" 5924
"../../../Engine/Content/EngineMaterials/Substrate/GLints/dict_16_192_64_0p5_0p02_0016_0012.uasset" 5925
"../../../Engine/Content/EngineMaterials/Substrate/GLints/dict_16_192_64_0p5_0p02_0016_0015.uasset" 5926
"../../../Engine/Content/EngineMaterials/Substrate/GLints/dict_16_192_64_0p5_0p02_0016_0007.uasset" 5927
"../../../Engine/Content/EngineMaterials/Substrate/GLints/dict_16_192_64_0p5_0p02_0016_0006.uasset" 5928
"../../../Engine/Content/EngineMaterials/Substrate/GLints/dict_16_192_64_0p5_0p02_0016_0010.uasset" 5929
"../../../Engine/Content/EngineMaterials/Substrate/GLints/dict_16_192_64_0p5_0p02_0016_0011.uasset" 5930
"../../../Engine/Content/EngineMaterials/Substrate/GLints/dict_16_192_64_0p5_0p02_0016_0003.uasset" 5931
"../../../Engine/Content/EngineMaterials/Substrate/GLints/dict_16_192_64_0p5_0p02_0016_0009.uasset" 5932
"../../../Engine/Content/EngineMaterials/Substrate/GLints/dict_16_192_64_0p5_0p02_0017_0005.uasset" 5933
"../../../Engine/Content/EngineMaterials/Substrate/GLints/dict_16_192_64_0p5_0p02_0017_0006.uasset" 5934
"../../../Engine/Content/EngineMaterials/Substrate/GLints/dict_16_192_64_0p5_0p02_0017_0007.uasset" 5935
"../../../Engine/Content/EngineMaterials/Substrate/GLints/dict_16_192_64_0p5_0p02_0017_0008.uasset" 5936
"../../../Engine/Content/EngineMaterials/Substrate/GLints/dict_16_192_64_0p5_0p02_0017_0010.uasset" 5937
"../../../Engine/Content/EngineMaterials/Substrate/GLints/dict_16_192_64_0p5_0p02_0017_0009.uasset" 5938
"/Engine/EngineMaterials/Substrate/GLints/dict_16_192_64_0p5_0p02_0016_0001" 5939
"../../../Engine/Content/EngineMaterials/Substrate/GLints/dict_16_192_64_0p5_0p02_0017_0011.uasset" 5940
"../../../Engine/Content/EngineMaterials/Substrate/GLints/dict_16_192_64_0p5_0p02_0017_0012.uasset" 5941
"../../../Engine/Content/EngineMaterials/Substrate/GLints/dict_16_192_64_0p5_0p02_0017_0013.uasset" 5942
"/Engine/EngineMaterials/Substrate/GLints/dict_16_192_64_0p5_0p02_0016_0000" 5943
"/Engine/EngineMaterials/Substrate/GLints/dict_16_192_64_0p5_0p02_0015_0015" 5944
"/Engine/EngineMaterials/Substrate/GLints/dict_16_192_64_0p5_0p02_0015_0014" 5945
"../../../Engine/Content/EngineMaterials/Substrate/GLints/dict_16_192_64_0p5_0p02_0018_0002.uasset" 5946
"../../../Engine/Content/EngineMaterials/Substrate/GLints/dict_16_192_64_0p5_0p02_0017_0015.uasset" 5947
"../../../Engine/Content/EngineMaterials/Substrate/GLints/dict_16_192_64_0p5_0p02_0017_0014.uasset" 5948
"../../../Engine/Content/EngineMaterials/Substrate/GLints/dict_16_192_64_0p5_0p02_0018_0000.uasset" 5949
"/Engine/EngineMaterials/Substrate/GLints/dict_16_192_64_0p5_0p02_0017_0013" 5950
"../../../Engine/Content/EngineMaterials/Substrate/GLints/dict_16_192_64_0p5_0p02_0018_0001.uasset" 5951
"/Engine/EngineMaterials/Substrate/GLints/dict_16_192_64_0p5_0p02_0017_0012" 5952
"/Engine/EngineMaterials/Substrate/GLints/dict_16_192_64_0p5_0p02_0017_0011" 5953
"/Engine/EngineMaterials/Substrate/GLints/dict_16_192_64_0p5_0p02_0017_0010" 5954
"/Engine/EngineMaterials/Substrate/GLints/dict_16_192_64_0p5_0p02_0017_0009" 5955
"/Engine/EngineMaterials/Substrate/GLints/dict_16_192_64_0p5_0p02_0017_0008" 5956
"/Engine/EngineMaterials/Substrate/GLints/dict_16_192_64_0p5_0p02_0017_0007" 5957
"/Engine/EngineMaterials/Substrate/GLints/dict_16_192_64_0p5_0p02_0017_0006" 5958
"/Engine/EngineMaterials/Substrate/GLints/dict_16_192_64_0p5_0p02_0017_0005" 5959
"/Engine/EngineMaterials/Substrate/GLints/dict_16_192_64_0p5_0p02_0017_0004" 5960
"/Engine/EngineMaterials/Substrate/GLints/dict_16_192_64_0p5_0p02_0017_0003" 5961
"/Engine/EngineMaterials/Substrate/GLints/dict_16_192_64_0p5_0p02_0017_0002" 5962
"/Engine/EngineMaterials/Substrate/GLints/dict_16_192_64_0p5_0p02_0017_0001" 5963
"/Engine/EngineMaterials/Substrate/GLints/dict_16_192_64_0p5_0p02_0017_0000" 5964
"/Engine/EngineMaterials/Substrate/GLints/dict_16_192_64_0p5_0p02_0016_0015" 5965
"/Engine/EngineMaterials/Substrate/GLints/dict_16_192_64_0p5_0p02_0016_0014" 5966
"/Engine/EngineMaterials/Substrate/GLints/dict_16_192_64_0p5_0p02_0016_0013" 5967
"/Engine/EngineMaterials/Substrate/GLints/dict_16_192_64_0p5_0p02_0016_0012" 5968
"/Engine/EngineMaterials/Substrate/GLints/dict_16_192_64_0p5_0p02_0016_0011" 5969
"/Engine/EngineMaterials/Substrate/GLints/dict_16_192_64_0p5_0p02_0016_0010" 5970
"/Engine/EngineMaterials/Substrate/GLints/dict_16_192_64_0p5_0p02_0016_0009" 5971
"/Engine/EngineMaterials/Substrate/GLints/dict_16_192_64_0p5_0p02_0016_0008" 5972
"/Engine/EngineMaterials/Substrate/GLints/dict_16_192_64_0p5_0p02_0016_0007" 5973
"/Engine/EngineMaterials/Substrate/GLints/dict_16_192_64_0p5_0p02_0016_0006" 5974
"/Engine/EngineMaterials/Substrate/GLints/dict_16_192_64_0p5_0p02_0016_0005" 5975
"/Engine/EngineMaterials/Substrate/GLints/dict_16_192_64_0p5_0p02_0016_0004" 5976
"/Engine/EngineMaterials/Substrate/GLints/dict_16_192_64_0p5_0p02_0016_0003" 5977
"../../../Engine/Content/EngineMaterials/Substrate/GLints/dict_16_192_64_0p5_0p02_0018_0007.uasset" 5978
"../../../Engine/Content/EngineMaterials/Substrate/GLints/dict_16_192_64_0p5_0p02_0018_0004.uasset" 5979
"../../../Engine/Content/EngineMaterials/Substrate/GLints/dict_16_192_64_0p5_0p02_0018_0014.uasset" 5980
"../../../Engine/Content/EngineMaterials/Substrate/GLints/dict_16_192_64_0p5_0p02_0018_0006.uasset" 5981
"../../../Engine/Content/EngineMaterials/Substrate/GLints/dict_16_192_64_0p5_0p02_0018_0003.uasset" 5982
"../../../Engine/Content/EngineMaterials/Substrate/GLints/dict_16_192_64_0p5_0p02_0019_0001.uasset" 5983
"../../../Engine/Content/EngineMaterials/Substrate/GLints/dict_16_192_64_0p5_0p02_0018_0008.uasset" 5984
"../../../Engine/Content/EngineMaterials/Substrate/GLints/dict_16_192_64_0p5_0p02_0018_0012.uasset" 5985
"../../../Engine/Content/EngineMaterials/Substrate/GLints/dict_16_192_64_0p5_0p02_0018_0009.uasset" 5986
"../../../Engine/Content/EngineMaterials/Substrate/GLints/dict_16_192_64_0p5_0p02_0018_0010.uasset" 5987
"../../../Engine/Content/EngineMaterials/Substrate/GLints/dict_16_192_64_0p5_0p02_0018_0013.uasset" 5988
"/Engine/EngineMaterials/Substrate/GLints/dict_16_192_64_0p5_0p02_0018_0002" 5989
"../../../Engine/Content/EngineMaterials/Substrate/GLints/dict_16_192_64_0p5_0p02_0018_0011.uasset" 5990
"../../../Engine/Content/EngineMaterials/Substrate/GLints/dict_16_192_64_0p5_0p02_0019_0004.uasset" 5991
"../../../Engine/Content/EngineMaterials/Substrate/GLints/dict_16_192_64_0p5_0p02_0018_0005.uasset" 5992
"../../../Engine/Content/EngineMaterials/Substrate/GLints/dict_16_192_64_0p5_0p02_0018_0015.uasset" 5993
"../../../Engine/Content/EngineMaterials/Substrate/GLints/dict_16_192_64_0p5_0p02_0019_0002.uasset" 5994
"../../../Engine/Content/EngineMaterials/Substrate/GLints/dict_16_192_64_0p5_0p02_0019_0003.uasset" 5995
"../../../Engine/Content/EngineMaterials/Substrate/GLints/dict_16_192_64_0p5_0p02_0019_0000.uasset" 5996
"../../../Engine/Content/EngineMaterials/Substrate/GLints/dict_16_192_64_0p5_0p02_0019_0006.uasset" 5997
"../../../Engine/Content/EngineMaterials/Substrate/GLints/dict_16_192_64_0p5_0p02_0019_0007.uasset" 5998
"../../../Engine/Content/EngineMaterials/Substrate/GLints/dict_16_192_64_0p5_0p02_0019_0008.uasset" 5999
"../../../Engine/Content/EngineMaterials/Substrate/GLints/dict_16_192_64_0p5_0p02_0019_0012.uasset" 6000
"../../../Engine/Content/EngineMaterials/Substrate/GLints/dict_16_192_64_0p5_0p02_0019_0009.uasset" 6001
"../../../Engine/Content/EngineMaterials/Substrate/GLints/dict_16_192_64_0p5_0p02_0019_0010.uasset" 6002
"../../../Engine/Content/EngineMaterials/Substrate/GLints/dict_16_192_64_0p5_0p02_0019_0005.uasset" 6003
"../../../Engine/Content/EngineMaterials/Substrate/GLints/dict_16_192_64_0p5_0p02_0019_0011.uasset" 6004
"../../../Engine/Content/EngineMaterials/Substrate/GLints/dict_16_192_64_0p5_0p02_0019_0013.uasset" 6005
"/Engine/EngineMaterials/Substrate/GLints/dict_16_192_64_0p5_0p02_0018_0001" 6006
"/Engine/EngineMaterials/Substrate/GLints/dict_16_192_64_0p5_0p02_0018_0000" 6007
"/Engine/EngineMaterials/Substrate/GLints/dict_16_192_64_0p5_0p02_0017_0015" 6008
"/Engine/EngineMaterials/Substrate/GLints/dict_16_192_64_0p5_0p02_0017_0014" 6009
"../../../Engine/Content/EngineMaterials/Substrate/GLints/dict_16_192_64_0p5_0p02_0019_0015.uasset" 6010
"../../../Engine/Content/EngineMaterials/Substrate/GLints/dict_16_192_64_0p5_0p02_0020_0000.uasset" 6011
"../../../Engine/Content/EngineMaterials/Substrate/GLints/dict_16_192_64_0p5_0p02_0020_0002.uasset" 6012
"../../../Engine/Content/EngineMaterials/Substrate/GLints/dict_16_192_64_0p5_0p02_0019_0014.uasset" 6013
"/Engine/EngineMaterials/Substrate/GLints/dict_16_192_64_0p5_0p02_0019_0013" 6014
"../../../Engine/Content/EngineMaterials/Substrate/GLints/dict_16_192_64_0p5_0p02_0020_0001.uasset" 6015
"/Engine/EngineMaterials/Substrate/GLints/dict_16_192_64_0p5_0p02_0019_0012" 6016
"/Engine/EngineMaterials/Substrate/GLints/dict_16_192_64_0p5_0p02_0019_0011" 6017
"/Engine/EngineMaterials/Substrate/GLints/dict_16_192_64_0p5_0p02_0019_0010" 6018
"/Engine/EngineMaterials/Substrate/GLints/dict_16_192_64_0p5_0p02_0019_0009" 6019
"/Engine/EngineMaterials/Substrate/GLints/dict_16_192_64_0p5_0p02_0019_0008" 6020
"/Engine/EngineMaterials/Substrate/GLints/dict_16_192_64_0p5_0p02_0019_0007" 6021
"/Engine/EngineMaterials/Substrate/GLints/dict_16_192_64_0p5_0p02_0019_0006" 6022
"/Engine/EngineMaterials/Substrate/GLints/dict_16_192_64_0p5_0p02_0019_0005" 6023
"/Engine/EngineMaterials/Substrate/GLints/dict_16_192_64_0p5_0p02_0019_0004" 6024
"/Engine/EngineMaterials/Substrate/GLints/dict_16_192_64_0p5_0p02_0019_0003" 6025
"/Engine/EngineMaterials/Substrate/GLints/dict_16_192_64_0p5_0p02_0019_0002" 6026
"/Engine/EngineMaterials/Substrate/GLints/dict_16_192_64_0p5_0p02_0019_0001" 6027
"/Engine/EngineMaterials/Substrate/GLints/dict_16_192_64_0p5_0p02_0019_0000" 6028
"/Engine/EngineMaterials/Substrate/GLints/dict_16_192_64_0p5_0p02_0018_0015" 6029
"/Engine/EngineMaterials/Substrate/GLints/dict_16_192_64_0p5_0p02_0018_0014" 6030
"/Engine/EngineMaterials/Substrate/GLints/dict_16_192_64_0p5_0p02_0018_0013" 6031
"/Engine/EngineMaterials/Substrate/GLints/dict_16_192_64_0p5_0p02_0018_0012" 6032
"/Engine/EngineMaterials/Substrate/GLints/dict_16_192_64_0p5_0p02_0018_0011" 6033
"/Engine/EngineMaterials/Substrate/GLints/dict_16_192_64_0p5_0p02_0018_0010" 6034
"/Engine/EngineMaterials/Substrate/GLints/dict_16_192_64_0p5_0p02_0018_0009" 6035
"/Engine/EngineMaterials/Substrate/GLints/dict_16_192_64_0p5_0p02_0018_0008" 6036
"/Engine/EngineMaterials/Substrate/GLints/dict_16_192_64_0p5_0p02_0018_0007" 6037
"/Engine/EngineMaterials/Substrate/GLints/dict_16_192_64_0p5_0p02_0018_0006" 6038
"/Engine/EngineMaterials/Substrate/GLints/dict_16_192_64_0p5_0p02_0018_0005" 6039
"/Engine/EngineMaterials/Substrate/GLints/dict_16_192_64_0p5_0p02_0018_0004" 6040
"/Engine/EngineMaterials/Substrate/GLints/dict_16_192_64_0p5_0p02_0018_0003" 6041
"../../../Engine/Content/EngineMaterials/Substrate/GLints/dict_16_192_64_0p5_0p02_0020_0006.uasset" 6042
"../../../Engine/Content/EngineMaterials/Substrate/GLints/dict_16_192_64_0p5_0p02_0020_0007.uasset" 6043
"../../../Engine/Content/EngineMaterials/Substrate/GLints/dict_16_192_64_0p5_0p02_0020_0008.uasset" 6044
"../../../Engine/Content/EngineMaterials/Substrate/GLints/dict_16_192_64_0p5_0p02_0020_0003.uasset" 6045
"../../../Engine/Content/EngineMaterials/Substrate/GLints/dict_16_192_64_0p5_0p02_0020_0011.uasset" 6046
"../../../Engine/Content/EngineMaterials/Substrate/GLints/dict_16_192_64_0p5_0p02_0020_0013.uasset" 6047
"../../../Engine/Content/EngineMaterials/Substrate/GLints/dict_16_192_64_0p5_0p02_0021_0000.uasset" 6048
"/Engine/EngineMaterials/Substrate/GLints/dict_16_192_64_0p5_0p02_0020_0002" 6049
"../../../Engine/Content/EngineMaterials/Substrate/GLints/dict_16_192_64_0p5_0p02_0021_0001.uasset" 6050
"../../../Engine/Content/EngineMaterials/Substrate/GLints/dict_16_192_64_0p5_0p02_0021_0004.uasset" 6051
"../../../Engine/Content/EngineMaterials/Substrate/GLints/dict_16_192_64_0p5_0p02_0020_0014.uasset" 6052
"../../../Engine/Content/EngineMaterials/Substrate/GLints/dict_16_192_64_0p5_0p02_0020_0005.uasset" 6053
"../../../Engine/Content/EngineMaterials/Substrate/GLints/dict_16_192_64_0p5_0p02_0020_0015.uasset" 6054
"../../../Engine/Content/EngineMaterials/Substrate/GLints/dict_16_192_64_0p5_0p02_0020_0012.uasset" 6055
"../../../Engine/Content/EngineMaterials/Substrate/GLints/dict_16_192_64_0p5_0p02_0020_0009.uasset" 6056
"../../../Engine/Content/EngineMaterials/Substrate/GLints/dict_16_192_64_0p5_0p02_0021_0003.uasset" 6057
"../../../Engine/Content/EngineMaterials/Substrate/GLints/dict_16_192_64_0p5_0p02_0020_0010.uasset" 6058
"../../../Engine/Content/EngineMaterials/Substrate/GLints/dict_16_192_64_0p5_0p02_0021_0002.uasset" 6059
"../../../Engine/Content/EngineMaterials/Substrate/GLints/dict_16_192_64_0p5_0p02_0020_0004.uasset" 6060
"../../../Engine/Content/EngineMaterials/Substrate/GLints/dict_16_192_64_0p5_0p02_0021_0006.uasset" 6061
"../../../Engine/Content/EngineMaterials/Substrate/GLints/dict_16_192_64_0p5_0p02_0021_0005.uasset" 6062
"../../../Engine/Content/EngineMaterials/Substrate/GLints/dict_16_192_64_0p5_0p02_0021_0007.uasset" 6063
"../../../Engine/Content/EngineMaterials/Substrate/GLints/dict_16_192_64_0p5_0p02_0021_0008.uasset" 6064
"../../../Engine/Content/EngineMaterials/Substrate/GLints/dict_16_192_64_0p5_0p02_0021_0010.uasset" 6065
"../../../Engine/Content/EngineMaterials/Substrate/GLints/dict_16_192_64_0p5_0p02_0021_0011.uasset" 6066
"../../../Engine/Content/EngineMaterials/Substrate/GLints/dict_16_192_64_0p5_0p02_0021_0012.uasset" 6067
"../../../Engine/Content/EngineMaterials/Substrate/GLints/dict_16_192_64_0p5_0p02_0021_0009.uasset" 6068
"../../../Engine/Content/EngineMaterials/Substrate/GLints/dict_16_192_64_0p5_0p02_0021_0013.uasset" 6069
"/Engine/EngineMaterials/Substrate/GLints/dict_16_192_64_0p5_0p02_0020_0001" 6070
"/Engine/EngineMaterials/Substrate/GLints/dict_16_192_64_0p5_0p02_0020_0000" 6071
"/Engine/EngineMaterials/Substrate/GLints/dict_16_192_64_0p5_0p02_0019_0015" 6072
"/Engine/EngineMaterials/Substrate/GLints/dict_16_192_64_0p5_0p02_0019_0014" 6073
"../../../Engine/Content/EngineMaterials/Substrate/GLints/dict_16_192_64_0p5_0p02_0021_0014.uasset" 6074
"../../../Engine/Content/EngineMaterials/Substrate/GLints/dict_16_192_64_0p5_0p02_0022_0000.uasset" 6075
"../../../Engine/Content/EngineMaterials/Substrate/GLints/dict_16_192_64_0p5_0p02_0022_0001.uasset" 6076
"/Engine/EngineMaterials/Substrate/GLints/dict_16_192_64_0p5_0p02_0021_0013" 6077
"../../../Engine/Content/EngineMaterials/Substrate/GLints/dict_16_192_64_0p5_0p02_0021_0015.uasset" 6078
"../../../Engine/Content/EngineMaterials/Substrate/GLints/dict_16_192_64_0p5_0p02_0022_0002.uasset" 6079
"/Engine/EngineMaterials/Substrate/GLints/dict_16_192_64_0p5_0p02_0021_0012" 6080
"/Engine/EngineMaterials/Substrate/GLints/dict_16_192_64_0p5_0p02_0021_0011" 6081
"/Engine/EngineMaterials/Substrate/GLints/dict_16_192_64_0p5_0p02_0021_0010" 6082
"/Engine/EngineMaterials/Substrate/GLints/dict_16_192_64_0p5_0p02_0021_0009" 6083
"/Engine/EngineMaterials/Substrate/GLints/dict_16_192_64_0p5_0p02_0021_0008" 6084
"/Engine/EngineMaterials/Substrate/GLints/dict_16_192_64_0p5_0p02_0021_0007" 6085
"/Engine/EngineMaterials/Substrate/GLints/dict_16_192_64_0p5_0p02_0021_0006" 6086
"/Engine/EngineMaterials/Substrate/GLints/dict_16_192_64_0p5_0p02_0021_0005" 6087
"/Engine/EngineMaterials/Substrate/GLints/dict_16_192_64_0p5_0p02_0021_0004" 6088
"/Engine/EngineMaterials/Substrate/GLints/dict_16_192_64_0p5_0p02_0021_0003" 6089
"/Engine/EngineMaterials/Substrate/GLints/dict_16_192_64_0p5_0p02_0021_0002" 6090
"/Engine/EngineMaterials/Substrate/GLints/dict_16_192_64_0p5_0p02_0021_0001" 6091
"/Engine/EngineMaterials/Substrate/GLints/dict_16_192_64_0p5_0p02_0021_0000" 6092
"/Engine/EngineMaterials/Substrate/GLints/dict_16_192_64_0p5_0p02_0020_0015" 6093
"/Engine/EngineMaterials/Substrate/GLints/dict_16_192_64_0p5_0p02_0020_0014" 6094
"/Engine/EngineMaterials/Substrate/GLints/dict_16_192_64_0p5_0p02_0020_0013" 6095
"/Engine/EngineMaterials/Substrate/GLints/dict_16_192_64_0p5_0p02_0020_0012" 6096
"/Engine/EngineMaterials/Substrate/GLints/dict_16_192_64_0p5_0p02_0020_0011" 6097
"/Engine/EngineMaterials/Substrate/GLints/dict_16_192_64_0p5_0p02_0020_0010" 6098
"/Engine/EngineMaterials/Substrate/GLints/dict_16_192_64_0p5_0p02_0020_0009" 6099
"/Engine/EngineMaterials/Substrate/GLints/dict_16_192_64_0p5_0p02_0020_0008" 6100
"/Engine/EngineMaterials/Substrate/GLints/dict_16_192_64_0p5_0p02_0020_0007" 6101
"/Engine/EngineMaterials/Substrate/GLints/dict_16_192_64_0p5_0p02_0020_0006" 6102
"/Engine/EngineMaterials/Substrate/GLints/dict_16_192_64_0p5_0p02_0020_0005" 6103
"/Engine/EngineMaterials/Substrate/GLints/dict_16_192_64_0p5_0p02_0020_0004" 6104
"/Engine/EngineMaterials/Substrate/GLints/dict_16_192_64_0p5_0p02_0020_0003" 6105
"../../../Engine/Content/EngineMaterials/Substrate/GLints/dict_16_192_64_0p5_0p02_0022_0004.uasset" 6106
"../../../Engine/Content/EngineMaterials/Substrate/GLints/dict_16_192_64_0p5_0p02_0022_0010.uasset" 6107
"../../../Engine/Content/EngineMaterials/Substrate/GLints/dict_16_192_64_0p5_0p02_0022_0012.uasset" 6108
"../../../Engine/Content/EngineMaterials/Substrate/GLints/dict_16_192_64_0p5_0p02_0022_0005.uasset" 6109
"../../../Engine/Content/EngineMaterials/Substrate/GLints/dict_16_192_64_0p5_0p02_0022_0015.uasset" 6110
"/Engine/EngineMaterials/Substrate/GLints/dict_16_192_64_0p5_0p02_0022_0002" 6111
"../../../Engine/Content/EngineMaterials/Substrate/GLints/dict_16_192_64_0p5_0p02_0022_0003.uasset" 6112
"../../../Engine/Content/EngineMaterials/Substrate/GLints/dict_16_192_64_0p5_0p02_0022_0007.uasset" 6113
"../../../Engine/Content/EngineMaterials/Substrate/GLints/dict_16_192_64_0p5_0p02_0022_0009.uasset" 6114
"../../../Engine/Content/EngineMaterials/Substrate/GLints/dict_16_192_64_0p5_0p02_0023_0001.uasset" 6115
"../../../Engine/Content/EngineMaterials/Substrate/GLints/dict_16_192_64_0p5_0p02_0023_0003.uasset" 6116
"../../../Engine/Content/EngineMaterials/Substrate/GLints/dict_16_192_64_0p5_0p02_0022_0008.uasset" 6117
"../../../Engine/Content/EngineMaterials/Substrate/GLints/dict_16_192_64_0p5_0p02_0023_0000.uasset" 6118
"../../../Engine/Content/EngineMaterials/Substrate/GLints/dict_16_192_64_0p5_0p02_0023_0002.uasset" 6119
"../../../Engine/Content/EngineMaterials/Substrate/GLints/dict_16_192_64_0p5_0p02_0023_0004.uasset" 6120
"../../../Engine/Content/EngineMaterials/Substrate/GLints/dict_16_192_64_0p5_0p02_0022_0014.uasset" 6121
"../../../Engine/Content/EngineMaterials/Substrate/GLints/dict_16_192_64_0p5_0p02_0022_0006.uasset" 6122
"../../../Engine/Content/EngineMaterials/Substrate/GLints/dict_16_192_64_0p5_0p02_0022_0013.uasset" 6123
"../../../Engine/Content/EngineMaterials/Substrate/GLints/dict_16_192_64_0p5_0p02_0022_0011.uasset" 6124
"../../../Engine/Content/EngineMaterials/Substrate/GLints/dict_16_192_64_0p5_0p02_0023_0005.uasset" 6125
"../../../Engine/Content/EngineMaterials/Substrate/GLints/dict_16_192_64_0p5_0p02_0023_0006.uasset" 6126
"../../../Engine/Content/EngineMaterials/Substrate/GLints/dict_16_192_64_0p5_0p02_0023_0007.uasset" 6127
"../../../Engine/Content/EngineMaterials/Substrate/GLints/dict_16_192_64_0p5_0p02_0023_0008.uasset" 6128
"../../../Engine/Content/EngineMaterials/Substrate/GLints/dict_16_192_64_0p5_0p02_0023_0010.uasset" 6129
"../../../Engine/Content/EngineMaterials/Substrate/GLints/dict_16_192_64_0p5_0p02_0023_0011.uasset" 6130
"../../../Engine/Content/EngineMaterials/Substrate/GLints/dict_16_192_64_0p5_0p02_0023_0012.uasset" 6131
"../../../Engine/Content/EngineMaterials/Substrate/GLints/dict_16_192_64_0p5_0p02_0023_0009.uasset" 6132
"/Engine/EngineMaterials/Substrate/GLints/dict_16_192_64_0p5_0p02_0022_0001" 6133
"../../../Engine/Content/EngineMaterials/Substrate/GLints/dict_16_192_64_0p5_0p02_0023_0013.uasset" 6134
"/Engine/EngineMaterials/Substrate/GLints/dict_16_192_64_0p5_0p02_0022_0000" 6135
"/Engine/EngineMaterials/Substrate/GLints/dict_16_192_64_0p5_0p02_0021_0015" 6136
"/Engine/EngineMaterials/Substrate/GLints/dict_16_192_64_0p5_0p02_0021_0014" 6137
"../../../Engine/Content/EngineMaterials/Substrate/GLints/dict_16_192_64_0p5_0p02_0024_0002.uasset" 6138
"../../../Engine/Content/EngineMaterials/Substrate/GLints/dict_16_192_64_0p5_0p02_0024_0001.uasset" 6139
"../../../Engine/Content/EngineMaterials/Substrate/GLints/dict_16_192_64_0p5_0p02_0023_0015.uasset" 6140
"../../../Engine/Content/EngineMaterials/Substrate/GLints/dict_16_192_64_0p5_0p02_0023_0014.uasset" 6141
"../../../Engine/Content/EngineMaterials/Substrate/GLints/dict_16_192_64_0p5_0p02_0024_0000.uasset" 6142
"/Engine/EngineMaterials/Substrate/GLints/dict_16_192_64_0p5_0p02_0023_0013" 6143
"/Engine/EngineMaterials/Substrate/GLints/dict_16_192_64_0p5_0p02_0023_0012" 6144
"/Engine/EngineMaterials/Substrate/GLints/dict_16_192_64_0p5_0p02_0023_0011" 6145
"/Engine/EngineMaterials/Substrate/GLints/dict_16_192_64_0p5_0p02_0023_0010" 6146
"/Engine/EngineMaterials/Substrate/GLints/dict_16_192_64_0p5_0p02_0023_0009" 6147
"/Engine/EngineMaterials/Substrate/GLints/dict_16_192_64_0p5_0p02_0023_0008" 6148
"/Engine/EngineMaterials/Substrate/GLints/dict_16_192_64_0p5_0p02_0023_0007" 6149
"/Engine/EngineMaterials/Substrate/GLints/dict_16_192_64_0p5_0p02_0023_0006" 6150
"/Engine/EngineMaterials/Substrate/GLints/dict_16_192_64_0p5_0p02_0023_0005" 6151
"/Engine/EngineMaterials/Substrate/GLints/dict_16_192_64_0p5_0p02_0023_0004" 6152
"/Engine/EngineMaterials/Substrate/GLints/dict_16_192_64_0p5_0p02_0023_0003" 6153
"/Engine/EngineMaterials/Substrate/GLints/dict_16_192_64_0p5_0p02_0023_0002" 6154
"/Engine/EngineMaterials/Substrate/GLints/dict_16_192_64_0p5_0p02_0023_0001" 6155
"/Engine/EngineMaterials/Substrate/GLints/dict_16_192_64_0p5_0p02_0023_0000" 6156
"/Engine/EngineMaterials/Substrate/GLints/dict_16_192_64_0p5_0p02_0022_0015" 6157
"/Engine/EngineMaterials/Substrate/GLints/dict_16_192_64_0p5_0p02_0022_0014" 6158
"/Engine/EngineMaterials/Substrate/GLints/dict_16_192_64_0p5_0p02_0022_0013" 6159
"/Engine/EngineMaterials/Substrate/GLints/dict_16_192_64_0p5_0p02_0022_0012" 6160
"/Engine/EngineMaterials/Substrate/GLints/dict_16_192_64_0p5_0p02_0022_0011" 6161
"/Engine/EngineMaterials/Substrate/GLints/dict_16_192_64_0p5_0p02_0022_0010" 6162
"/Engine/EngineMaterials/Substrate/GLints/dict_16_192_64_0p5_0p02_0022_0009" 6163
"/Engine/EngineMaterials/Substrate/GLints/dict_16_192_64_0p5_0p02_0022_0008" 6164
"/Engine/EngineMaterials/Substrate/GLints/dict_16_192_64_0p5_0p02_0022_0007" 6165
"/Engine/EngineMaterials/Substrate/GLints/dict_16_192_64_0p5_0p02_0022_0006" 6166
"/Engine/EngineMaterials/Substrate/GLints/dict_16_192_64_0p5_0p02_0022_0005" 6167
"/Engine/EngineMaterials/Substrate/GLints/dict_16_192_64_0p5_0p02_0022_0004" 6168
"/Engine/EngineMaterials/Substrate/GLints/dict_16_192_64_0p5_0p02_0022_0003" 6169
"../../../Engine/Content/EngineMaterials/Substrate/GLints/dict_16_192_64_0p5_0p02_0024_0009.uasset" 6170
"../../../Engine/Content/EngineMaterials/Substrate/GLints/dict_16_192_64_0p5_0p02_0024_0012.uasset" 6171
"../../../Engine/Content/EngineMaterials/Substrate/GLints/dict_16_192_64_0p5_0p02_0024_0007.uasset" 6172
"/Engine/EngineMaterials/Substrate/GLints/dict_16_192_64_0p5_0p02_0024_0002" 6173
"../../../Engine/Content/EngineMaterials/Substrate/GLints/dict_16_192_64_0p5_0p02_0024_0006.uasset" 6174
"../../../Engine/Content/EngineMaterials/Substrate/GLints/dict_16_192_64_0p5_0p02_0024_0004.uasset" 6175
"../../../Engine/Content/EngineMaterials/Substrate/GLints/dict_16_192_64_0p5_0p02_0024_0005.uasset" 6176
"../../../Engine/Content/EngineMaterials/Substrate/GLints/dict_16_192_64_0p5_0p02_0024_0010.uasset" 6177
"../../../Engine/Content/EngineMaterials/Substrate/GLints/dict_16_192_64_0p5_0p02_0024_0014.uasset" 6178
"../../../Engine/Content/EngineMaterials/Substrate/GLints/dict_16_192_64_0p5_0p02_0024_0013.uasset" 6179
"../../../Engine/Content/EngineMaterials/Substrate/GLints/dict_16_192_64_0p5_0p02_0025_0004.uasset" 6180
"../../../Engine/Content/EngineMaterials/Substrate/GLints/dict_16_192_64_0p5_0p02_0024_0015.uasset" 6181
"../../../Engine/Content/EngineMaterials/Substrate/GLints/dict_16_192_64_0p5_0p02_0025_0000.uasset" 6182
"../../../Engine/Content/EngineMaterials/Substrate/GLints/dict_16_192_64_0p5_0p02_0024_0011.uasset" 6183
"../../../Engine/Content/EngineMaterials/Substrate/GLints/dict_16_192_64_0p5_0p02_0025_0003.uasset" 6184
"../../../Engine/Content/EngineMaterials/Substrate/GLints/dict_16_192_64_0p5_0p02_0025_0001.uasset" 6185
"../../../Engine/Content/EngineMaterials/Substrate/GLints/dict_16_192_64_0p5_0p02_0024_0008.uasset" 6186
"../../../Engine/Content/EngineMaterials/Substrate/GLints/dict_16_192_64_0p5_0p02_0024_0003.uasset" 6187
"../../../Engine/Content/EngineMaterials/Substrate/GLints/dict_16_192_64_0p5_0p02_0025_0002.uasset" 6188
"../../../Engine/Content/EngineMaterials/Substrate/GLints/dict_16_192_64_0p5_0p02_0025_0006.uasset" 6189
"../../../Engine/Content/EngineMaterials/Substrate/GLints/dict_16_192_64_0p5_0p02_0025_0007.uasset" 6190
"../../../Engine/Content/EngineMaterials/Substrate/GLints/dict_16_192_64_0p5_0p02_0025_0005.uasset" 6191
"../../../Engine/Content/EngineMaterials/Substrate/GLints/dict_16_192_64_0p5_0p02_0025_0010.uasset" 6192
"../../../Engine/Content/EngineMaterials/Substrate/GLints/dict_16_192_64_0p5_0p02_0025_0009.uasset" 6193
"../../../Engine/Content/EngineMaterials/Substrate/GLints/dict_16_192_64_0p5_0p02_0025_0008.uasset" 6194
"../../../Engine/Content/EngineMaterials/Substrate/GLints/dict_16_192_64_0p5_0p02_0025_0011.uasset" 6195
"../../../Engine/Content/EngineMaterials/Substrate/GLints/dict_16_192_64_0p5_0p02_0025_0012.uasset" 6196
"../../../Engine/Content/EngineMaterials/Substrate/GLints/dict_16_192_64_0p5_0p02_0025_0013.uasset" 6197
"/Engine/EngineMaterials/Substrate/GLints/dict_16_192_64_0p5_0p02_0024_0001" 6198
"/Engine/EngineMaterials/Substrate/GLints/dict_16_192_64_0p5_0p02_0024_0000" 6199
"/Engine/EngineMaterials/Substrate/GLints/dict_16_192_64_0p5_0p02_0023_0015" 6200
"/Engine/EngineMaterials/Substrate/GLints/dict_16_192_64_0p5_0p02_0023_0014" 6201
"/Engine/EngineMaterials/Substrate/GLints/dict_16_192_64_0p5_0p02_0025_0013" 6202
"../../../Engine/Content/EngineMaterials/Substrate/GLints/dict_16_192_64_0p5_0p02_0026_0002.uasset" 6203
"../../../Engine/Content/EngineMaterials/Substrate/GLints/dict_16_192_64_0p5_0p02_0025_0014.uasset" 6204
"../../../Engine/Content/EngineMaterials/Substrate/GLints/dict_16_192_64_0p5_0p02_0026_0001.uasset" 6205
"../../../Engine/Content/EngineMaterials/Substrate/GLints/dict_16_192_64_0p5_0p02_0025_0015.uasset" 6206
"../../../Engine/Content/EngineMaterials/Substrate/GLints/dict_16_192_64_0p5_0p02_0026_0000.uasset" 6207
"/Engine/EngineMaterials/Substrate/GLints/dict_16_192_64_0p5_0p02_0025_0012" 6208
"/Engine/EngineMaterials/Substrate/GLints/dict_16_192_64_0p5_0p02_0025_0011" 6209
"/Engine/EngineMaterials/Substrate/GLints/dict_16_192_64_0p5_0p02_0025_0010" 6210
"/Engine/EngineMaterials/Substrate/GLints/dict_16_192_64_0p5_0p02_0025_0009" 6211
"/Engine/EngineMaterials/Substrate/GLints/dict_16_192_64_0p5_0p02_0025_0008" 6212
"/Engine/EngineMaterials/Substrate/GLints/dict_16_192_64_0p5_0p02_0025_0007" 6213
"/Engine/EngineMaterials/Substrate/GLints/dict_16_192_64_0p5_0p02_0025_0006" 6214
"/Engine/EngineMaterials/Substrate/GLints/dict_16_192_64_0p5_0p02_0025_0005" 6215
"/Engine/EngineMaterials/Substrate/GLints/dict_16_192_64_0p5_0p02_0025_0004" 6216
"/Engine/EngineMaterials/Substrate/GLints/dict_16_192_64_0p5_0p02_0025_0003" 6217
"/Engine/EngineMaterials/Substrate/GLints/dict_16_192_64_0p5_0p02_0025_0002" 6218
"/Engine/EngineMaterials/Substrate/GLints/dict_16_192_64_0p5_0p02_0025_0001" 6219
"/Engine/EngineMaterials/Substrate/GLints/dict_16_192_64_0p5_0p02_0025_0000" 6220
"/Engine/EngineMaterials/Substrate/GLints/dict_16_192_64_0p5_0p02_0024_0015" 6221
"/Engine/EngineMaterials/Substrate/GLints/dict_16_192_64_0p5_0p02_0024_0014" 6222
"/Engine/EngineMaterials/Substrate/GLints/dict_16_192_64_0p5_0p02_0024_0013" 6223
"/Engine/EngineMaterials/Substrate/GLints/dict_16_192_64_0p5_0p02_0024_0012" 6224
"/Engine/EngineMaterials/Substrate/GLints/dict_16_192_64_0p5_0p02_0024_0011" 6225
"/Engine/EngineMaterials/Substrate/GLints/dict_16_192_64_0p5_0p02_0024_0010" 6226
"/Engine/EngineMaterials/Substrate/GLints/dict_16_192_64_0p5_0p02_0024_0009" 6227
"/Engine/EngineMaterials/Substrate/GLints/dict_16_192_64_0p5_0p02_0024_0008" 6228
"/Engine/EngineMaterials/Substrate/GLints/dict_16_192_64_0p5_0p02_0024_0007" 6229
"/Engine/EngineMaterials/Substrate/GLints/dict_16_192_64_0p5_0p02_0024_0006" 6230
"/Engine/EngineMaterials/Substrate/GLints/dict_16_192_64_0p5_0p02_0024_0005" 6231
"/Engine/EngineMaterials/Substrate/GLints/dict_16_192_64_0p5_0p02_0024_0004" 6232
"/Engine/EngineMaterials/Substrate/GLints/dict_16_192_64_0p5_0p02_0024_0003" 6233
"../../../Engine/Content/EngineMaterials/Substrate/GLints/dict_16_192_64_0p5_0p02_0026_0007.uasset" 6234
"../../../Engine/Content/EngineMaterials/Substrate/GLints/dict_16_192_64_0p5_0p02_0026_0005.uasset" 6235
"../../../Engine/Content/EngineMaterials/Substrate/GLints/dict_16_192_64_0p5_0p02_0026_0009.uasset" 6236
"../../../Engine/Content/EngineMaterials/Substrate/GLints/dict_16_192_64_0p5_0p02_0026_0011.uasset" 6237
"../../../Engine/Content/EngineMaterials/Substrate/GLints/dict_16_192_64_0p5_0p02_0026_0012.uasset" 6238
"../../../Engine/Content/EngineMaterials/Substrate/GLints/dict_16_192_64_0p5_0p02_0026_0013.uasset" 6239
"../../../Engine/Content/EngineMaterials/Substrate/GLints/dict_16_192_64_0p5_0p02_0027_0000.uasset" 6240
"/Engine/EngineMaterials/Substrate/GLints/dict_16_192_64_0p5_0p02_0026_0002" 6241
"../../../Engine/Content/EngineMaterials/Substrate/GLints/dict_16_192_64_0p5_0p02_0026_0006.uasset" 6242
"../../../Engine/Content/EngineMaterials/Substrate/GLints/dict_16_192_64_0p5_0p02_0026_0004.uasset" 6243
"../../../Engine/Content/EngineMaterials/Substrate/GLints/dict_16_192_64_0p5_0p02_0026_0010.uasset" 6244
"../../../Engine/Content/EngineMaterials/Substrate/GLints/dict_16_192_64_0p5_0p02_0026_0014.uasset" 6245
"../../../Engine/Content/EngineMaterials/Substrate/GLints/dict_16_192_64_0p5_0p02_0026_0015.uasset" 6246
"../../../Engine/Content/EngineMaterials/Substrate/GLints/dict_16_192_64_0p5_0p02_0027_0002.uasset" 6247
"../../../Engine/Content/EngineMaterials/Substrate/GLints/dict_16_192_64_0p5_0p02_0026_0003.uasset" 6248
"../../../Engine/Content/EngineMaterials/Substrate/GLints/dict_16_192_64_0p5_0p02_0027_0004.uasset" 6249
"../../../Engine/Content/EngineMaterials/Substrate/GLints/dict_16_192_64_0p5_0p02_0027_0001.uasset" 6250
"../../../Engine/Content/EngineMaterials/Substrate/GLints/dict_16_192_64_0p5_0p02_0026_0008.uasset" 6251
"../../../Engine/Content/EngineMaterials/Substrate/GLints/dict_16_192_64_0p5_0p02_0027_0003.uasset" 6252
"../../../Engine/Content/EngineMaterials/Substrate/GLints/dict_16_192_64_0p5_0p02_0027_0005.uasset" 6253
"../../../Engine/Content/EngineMaterials/Substrate/GLints/dict_16_192_64_0p5_0p02_0027_0006.uasset" 6254
"../../../Engine/Content/EngineMaterials/Substrate/GLints/dict_16_192_64_0p5_0p02_0027_0007.uasset" 6255
"../../../Engine/Content/EngineMaterials/Substrate/GLints/dict_16_192_64_0p5_0p02_0027_0010.uasset" 6256
"../../../Engine/Content/EngineMaterials/Substrate/GLints/dict_16_192_64_0p5_0p02_0027_0008.uasset" 6257
"../../../Engine/Content/EngineMaterials/Substrate/GLints/dict_16_192_64_0p5_0p02_0027_0009.uasset" 6258
"../../../Engine/Content/EngineMaterials/Substrate/GLints/dict_16_192_64_0p5_0p02_0027_0012.uasset" 6259
"../../../Engine/Content/EngineMaterials/Substrate/GLints/dict_16_192_64_0p5_0p02_0027_0013.uasset" 6260
"/Engine/EngineMaterials/Substrate/GLints/dict_16_192_64_0p5_0p02_0026_0001" 6261
"../../../Engine/Content/EngineMaterials/Substrate/GLints/dict_16_192_64_0p5_0p02_0027_0011.uasset" 6262
"/Engine/EngineMaterials/Substrate/GLints/dict_16_192_64_0p5_0p02_0026_0000" 6263
"/Engine/EngineMaterials/Substrate/GLints/dict_16_192_64_0p5_0p02_0025_0015" 6264
"/Engine/EngineMaterials/Substrate/GLints/dict_16_192_64_0p5_0p02_0025_0014" 6265
"/Engine/EngineMaterials/Substrate/GLints/dict_16_192_64_0p5_0p02_0027_0013" 6266
"../../../Engine/Content/EngineMaterials/Substrate/GLints/dict_16_192_64_0p5_0p02_0028_0001.uasset" 6267
"../../../Engine/Content/EngineMaterials/Substrate/GLints/dict_16_192_64_0p5_0p02_0027_0014.uasset" 6268
"../../../Engine/Content/EngineMaterials/Substrate/GLints/dict_16_192_64_0p5_0p02_0027_0015.uasset" 6269
"../../../Engine/Content/EngineMaterials/Substrate/GLints/dict_16_192_64_0p5_0p02_0028_0000.uasset" 6270
"../../../Engine/Content/EngineMaterials/Substrate/GLints/dict_16_192_64_0p5_0p02_0028_0002.uasset" 6271
"/Engine/EngineMaterials/Substrate/GLints/dict_16_192_64_0p5_0p02_0027_0012" 6272
"/Engine/EngineMaterials/Substrate/GLints/dict_16_192_64_0p5_0p02_0027_0011" 6273
"/Engine/EngineMaterials/Substrate/GLints/dict_16_192_64_0p5_0p02_0027_0010" 6274
"/Engine/EngineMaterials/Substrate/GLints/dict_16_192_64_0p5_0p02_0027_0009" 6275
"/Engine/EngineMaterials/Substrate/GLints/dict_16_192_64_0p5_0p02_0027_0008" 6276
"/Engine/EngineMaterials/Substrate/GLints/dict_16_192_64_0p5_0p02_0027_0007" 6277
"/Engine/EngineMaterials/Substrate/GLints/dict_16_192_64_0p5_0p02_0027_0006" 6278
"/Engine/EngineMaterials/Substrate/GLints/dict_16_192_64_0p5_0p02_0027_0005" 6279
"/Engine/EngineMaterials/Substrate/GLints/dict_16_192_64_0p5_0p02_0027_0004" 6280
"/Engine/EngineMaterials/Substrate/GLints/dict_16_192_64_0p5_0p02_0027_0003" 6281
"/Engine/EngineMaterials/Substrate/GLints/dict_16_192_64_0p5_0p02_0027_0002" 6282
"/Engine/EngineMaterials/Substrate/GLints/dict_16_192_64_0p5_0p02_0027_0001" 6283
"/Engine/EngineMaterials/Substrate/GLints/dict_16_192_64_0p5_0p02_0027_0000" 6284
"/Engine/EngineMaterials/Substrate/GLints/dict_16_192_64_0p5_0p02_0026_0015" 6285
"/Engine/EngineMaterials/Substrate/GLints/dict_16_192_64_0p5_0p02_0026_0014" 6286
"/Engine/EngineMaterials/Substrate/GLints/dict_16_192_64_0p5_0p02_0026_0013" 6287
"/Engine/EngineMaterials/Substrate/GLints/dict_16_192_64_0p5_0p02_0026_0012" 6288
"/Engine/EngineMaterials/Substrate/GLints/dict_16_192_64_0p5_0p02_0026_0011" 6289
"/Engine/EngineMaterials/Substrate/GLints/dict_16_192_64_0p5_0p02_0026_0010" 6290
"/Engine/EngineMaterials/Substrate/GLints/dict_16_192_64_0p5_0p02_0026_0009" 6291
"/Engine/EngineMaterials/Substrate/GLints/dict_16_192_64_0p5_0p02_0026_0008" 6292
"/Engine/EngineMaterials/Substrate/GLints/dict_16_192_64_0p5_0p02_0026_0007" 6293
"/Engine/EngineMaterials/Substrate/GLints/dict_16_192_64_0p5_0p02_0026_0006" 6294
"/Engine/EngineMaterials/Substrate/GLints/dict_16_192_64_0p5_0p02_0026_0005" 6295
"/Engine/EngineMaterials/Substrate/GLints/dict_16_192_64_0p5_0p02_0026_0004" 6296
"/Engine/EngineMaterials/Substrate/GLints/dict_16_192_64_0p5_0p02_0026_0003" 6297
"/Engine/EngineMaterials/Substrate/GLints/dict_16_192_64_0p5_0p02_0028_0002" 6298
"../../../Engine/Content/EngineMaterials/Substrate/GLints/dict_16_192_64_0p5_0p02_0028_0008.uasset" 6299
"../../../Engine/Content/EngineMaterials/Substrate/GLints/dict_16_192_64_0p5_0p02_0028_0014.uasset" 6300
"../../../Engine/Content/EngineMaterials/Substrate/GLints/dict_16_192_64_0p5_0p02_0028_0006.uasset" 6301
"../../../Engine/Content/EngineMaterials/Substrate/GLints/dict_16_192_64_0p5_0p02_0028_0009.uasset" 6302
"../../../Engine/Content/EngineMaterials/Substrate/GLints/dict_16_192_64_0p5_0p02_0028_0007.uasset" 6303
"../../../Engine/Content/EngineMaterials/Substrate/GLints/dict_16_192_64_0p5_0p02_0028_0012.uasset" 6304
"../../../Engine/Content/EngineMaterials/Substrate/GLints/dict_16_192_64_0p5_0p02_0028_0010.uasset" 6305
"../../../Engine/Content/EngineMaterials/Substrate/GLints/dict_16_192_64_0p5_0p02_0029_0001.uasset" 6306
"../../../Engine/Content/EngineMaterials/Substrate/GLints/dict_16_192_64_0p5_0p02_0028_0013.uasset" 6307
"../../../Engine/Content/EngineMaterials/Substrate/GLints/dict_16_192_64_0p5_0p02_0028_0005.uasset" 6308
"../../../Engine/Content/EngineMaterials/Substrate/GLints/dict_16_192_64_0p5_0p02_0028_0003.uasset" 6309
"../../../Engine/Content/EngineMaterials/Substrate/GLints/dict_16_192_64_0p5_0p02_0028_0015.uasset" 6310
"../../../Engine/Content/EngineMaterials/Substrate/GLints/dict_16_192_64_0p5_0p02_0029_0002.uasset" 6311
"../../../Engine/Content/EngineMaterials/Substrate/GLints/dict_16_192_64_0p5_0p02_0028_0011.uasset" 6312
"../../../Engine/Content/EngineMaterials/Substrate/GLints/dict_16_192_64_0p5_0p02_0029_0000.uasset" 6313
"../../../Engine/Content/EngineMaterials/Substrate/GLints/dict_16_192_64_0p5_0p02_0029_0004.uasset" 6314
"../../../Engine/Content/EngineMaterials/Substrate/GLints/dict_16_192_64_0p5_0p02_0028_0004.uasset" 6315
"../../../Engine/Content/EngineMaterials/Substrate/GLints/dict_16_192_64_0p5_0p02_0029_0003.uasset" 6316
"/Engine/EngineMaterials/Substrate/GLints/dict_16_192_64_0p5_0p02_0028_0001" 6317
"../../../Engine/Content/EngineMaterials/Substrate/GLints/dict_16_192_64_0p5_0p02_0029_0005.uasset" 6318
"../../../Engine/Content/EngineMaterials/Substrate/GLints/dict_16_192_64_0p5_0p02_0029_0007.uasset" 6319
"../../../Engine/Content/EngineMaterials/Substrate/GLints/dict_16_192_64_0p5_0p02_0029_0006.uasset" 6320
"../../../Engine/Content/EngineMaterials/Substrate/GLints/dict_16_192_64_0p5_0p02_0029_0009.uasset" 6321
"../../../Engine/Content/EngineMaterials/Substrate/GLints/dict_16_192_64_0p5_0p02_0029_0008.uasset" 6322
"../../../Engine/Content/EngineMaterials/Substrate/GLints/dict_16_192_64_0p5_0p02_0029_0010.uasset" 6323
"../../../Engine/Content/EngineMaterials/Substrate/GLints/dict_16_192_64_0p5_0p02_0029_0011.uasset" 6324
"../../../Engine/Content/EngineMaterials/Substrate/GLints/dict_16_192_64_0p5_0p02_0029_0012.uasset" 6325
"/Engine/EngineMaterials/Substrate/GLints/dict_16_192_64_0p5_0p02_0028_0000" 6326
"../../../Engine/Content/EngineMaterials/Substrate/GLints/dict_16_192_64_0p5_0p02_0029_0013.uasset" 6327
"/Engine/EngineMaterials/Substrate/GLints/dict_16_192_64_0p5_0p02_0027_0015" 6328
"/Engine/EngineMaterials/Substrate/GLints/dict_16_192_64_0p5_0p02_0027_0014" 6329
"../../../Engine/Content/EngineMaterials/Substrate/GLints/dict_16_192_64_0p5_0p02_0030_0002.uasset" 6330
"../../../Engine/Content/EngineMaterials/Substrate/GLints/dict_16_192_64_0p5_0p02_0029_0015.uasset" 6331
"../../../Engine/Content/EngineMaterials/Substrate/GLints/dict_16_192_64_0p5_0p02_0029_0014.uasset" 6332
"../../../Engine/Content/EngineMaterials/Substrate/GLints/dict_16_192_64_0p5_0p02_0030_0001.uasset" 6333
"../../../Engine/Content/EngineMaterials/Substrate/GLints/dict_16_192_64_0p5_0p02_0030_0000.uasset" 6334
"/Engine/EngineMaterials/Substrate/GLints/dict_16_192_64_0p5_0p02_0029_0013" 6335
"/Engine/EngineMaterials/Substrate/GLints/dict_16_192_64_0p5_0p02_0029_0012" 6336
"/Engine/EngineMaterials/Substrate/GLints/dict_16_192_64_0p5_0p02_0029_0011" 6337
"/Engine/EngineMaterials/Substrate/GLints/dict_16_192_64_0p5_0p02_0029_0010" 6338
"/Engine/EngineMaterials/Substrate/GLints/dict_16_192_64_0p5_0p02_0029_0009" 6339
"/Engine/EngineMaterials/Substrate/GLints/dict_16_192_64_0p5_0p02_0029_0008" 6340
"/Engine/EngineMaterials/Substrate/GLints/dict_16_192_64_0p5_0p02_0029_0007" 6341
"/Engine/EngineMaterials/Substrate/GLints/dict_16_192_64_0p5_0p02_0029_0006" 6342
"/Engine/EngineMaterials/Substrate/GLints/dict_16_192_64_0p5_0p02_0029_0005" 6343
"/Engine/EngineMaterials/Substrate/GLints/dict_16_192_64_0p5_0p02_0029_0004" 6344
"/Engine/EngineMaterials/Substrate/GLints/dict_16_192_64_0p5_0p02_0029_0003" 6345
"/Engine/EngineMaterials/Substrate/GLints/dict_16_192_64_0p5_0p02_0029_0002" 6346
"/Engine/EngineMaterials/Substrate/GLints/dict_16_192_64_0p5_0p02_0029_0001" 6347
"/Engine/EngineMaterials/Substrate/GLints/dict_16_192_64_0p5_0p02_0029_0000" 6348
"/Engine/EngineMaterials/Substrate/GLints/dict_16_192_64_0p5_0p02_0028_0015" 6349
"/Engine/EngineMaterials/Substrate/GLints/dict_16_192_64_0p5_0p02_0028_0014" 6350
"/Engine/EngineMaterials/Substrate/GLints/dict_16_192_64_0p5_0p02_0028_0013" 6351
"/Engine/EngineMaterials/Substrate/GLints/dict_16_192_64_0p5_0p02_0028_0012" 6352
"/Engine/EngineMaterials/Substrate/GLints/dict_16_192_64_0p5_0p02_0028_0011" 6353
"/Engine/EngineMaterials/Substrate/GLints/dict_16_192_64_0p5_0p02_0028_0010" 6354
"/Engine/EngineMaterials/Substrate/GLints/dict_16_192_64_0p5_0p02_0028_0009" 6355
"/Engine/EngineMaterials/Substrate/GLints/dict_16_192_64_0p5_0p02_0028_0008" 6356
"/Engine/EngineMaterials/Substrate/GLints/dict_16_192_64_0p5_0p02_0028_0007" 6357
"/Engine/EngineMaterials/Substrate/GLints/dict_16_192_64_0p5_0p02_0028_0006" 6358
"/Engine/EngineMaterials/Substrate/GLints/dict_16_192_64_0p5_0p02_0028_0005" 6359
"/Engine/EngineMaterials/Substrate/GLints/dict_16_192_64_0p5_0p02_0028_0004" 6360
"/Engine/EngineMaterials/Substrate/GLints/dict_16_192_64_0p5_0p02_0028_0003" 6361
"../../../Engine/Content/EngineMaterials/Substrate/GLints/dict_16_192_64_0p5_0p02_0030_0008.uasset" 6362
"../../../Engine/Content/EngineMaterials/Substrate/GLints/dict_16_192_64_0p5_0p02_0030_0012.uasset" 6363
"../../../Engine/Content/EngineMaterials/Substrate/GLints/dict_16_192_64_0p5_0p02_0030_0006.uasset" 6364
"../../../Engine/Content/EngineMaterials/Substrate/GLints/dict_16_192_64_0p5_0p02_0030_0015.uasset" 6365
"../../../Engine/Content/EngineMaterials/Substrate/GLints/dict_16_192_64_0p5_0p02_0030_0011.uasset" 6366
"/Engine/EngineMaterials/Substrate/GLints/dict_16_192_64_0p5_0p02_0030_0002" 6367
"../../../Engine/Content/EngineMaterials/Substrate/GLints/dict_16_192_64_0p5_0p02_0031_0000.uasset" 6368
"../../../Engine/Content/EngineMaterials/Substrate/GLints/dict_16_192_64_0p5_0p02_0030_0009.uasset" 6369
"../../../Engine/Content/EngineMaterials/Substrate/GLints/dict_16_192_64_0p5_0p02_0030_0007.uasset" 6370
"../../../Engine/Content/EngineMaterials/Substrate/GLints/dict_16_192_64_0p5_0p02_0030_0010.uasset" 6371
"../../../Engine/Content/EngineMaterials/Substrate/GLints/dict_16_192_64_0p5_0p02_0030_0014.uasset" 6372
"../../../Engine/Content/EngineMaterials/Substrate/GLints/dict_16_192_64_0p5_0p02_0031_0002.uasset" 6373
"../../../Engine/Content/EngineMaterials/Substrate/GLints/dict_16_192_64_0p5_0p02_0030_0004.uasset" 6374
"../../../Engine/Content/EngineMaterials/Substrate/GLints/dict_16_192_64_0p5_0p02_0031_0001.uasset" 6375
"../../../Engine/Content/EngineMaterials/Substrate/GLints/dict_16_192_64_0p5_0p02_0030_0005.uasset" 6376
"../../../Engine/Content/EngineMaterials/Substrate/GLints/dict_16_192_64_0p5_0p02_0030_0013.uasset" 6377
"../../../Engine/Content/EngineMaterials/Substrate/GLints/dict_16_192_64_0p5_0p02_0031_0003.uasset" 6378
"../../../Engine/Content/EngineMaterials/Substrate/GLints/dict_16_192_64_0p5_0p02_0030_0003.uasset" 6379
"../../../Engine/Content/EngineMaterials/Substrate/GLints/dict_16_192_64_0p5_0p02_0031_0005.uasset" 6380
"../../../Engine/Content/EngineMaterials/Substrate/GLints/dict_16_192_64_0p5_0p02_0031_0004.uasset" 6381
"../../../Engine/Content/EngineMaterials/Substrate/GLints/dict_16_192_64_0p5_0p02_0031_0006.uasset" 6382
"../../../Engine/Content/EngineMaterials/Substrate/GLints/dict_16_192_64_0p5_0p02_0031_0007.uasset" 6383
"../../../Engine/Content/EngineMaterials/Substrate/GLints/dict_16_192_64_0p5_0p02_0031_0008.uasset" 6384
"/Engine/EngineMaterials/Substrate/GLints/dict_16_192_64_0p5_0p02_0030_0001" 6385
"../../../Engine/Content/EngineMaterials/Substrate/GLints/dict_16_192_64_0p5_0p02_0031_0011.uasset" 6386
"../../../Engine/Content/EngineMaterials/Substrate/GLints/dict_16_192_64_0p5_0p02_0031_0009.uasset" 6387
"../../../Engine/Content/EngineMaterials/Substrate/GLints/dict_16_192_64_0p5_0p02_0031_0010.uasset" 6388
"../../../Engine/Content/EngineMaterials/Substrate/GLints/dict_16_192_64_0p5_0p02_0031_0012.uasset" 6389
"../../../Engine/Content/EngineMaterials/Substrate/GLints/dict_16_192_64_0p5_0p02_0031_0013.uasset" 6390
"/Engine/EngineMaterials/Substrate/GLints/dict_16_192_64_0p5_0p02_0030_0000" 6391
"/Engine/EngineMaterials/Substrate/GLints/dict_16_192_64_0p5_0p02_0029_0015" 6392
"/Engine/EngineMaterials/Substrate/GLints/dict_16_192_64_0p5_0p02_0029_0014" 6393
"../../../Engine/Content/EngineMaterials/Substrate/GLints/dict_16_192_64_0p5_0p02_0031_0015.uasset" 6394
"../../../Engine/Content/EngineMaterials/Substrate/GLints/dict_16_192_64_0p5_0p02_0032_0002.uasset" 6395
"../../../Engine/Content/EngineMaterials/Substrate/GLints/dict_16_192_64_0p5_0p02_0031_0014.uasset" 6396
"/Engine/EngineMaterials/Substrate/GLints/dict_16_192_64_0p5_0p02_0031_0013" 6397
"../../../Engine/Content/EngineMaterials/Substrate/GLints/dict_16_192_64_0p5_0p02_0032_0000.uasset" 6398
"../../../Engine/Content/EngineMaterials/Substrate/GLints/dict_16_192_64_0p5_0p02_0032_0001.uasset" 6399
"/Engine/EngineMaterials/Substrate/GLints/dict_16_192_64_0p5_0p02_0031_0012" 6400
"/Engine/EngineMaterials/Substrate/GLints/dict_16_192_64_0p5_0p02_0031_0011" 6401
"/Engine/EngineMaterials/Substrate/GLints/dict_16_192_64_0p5_0p02_0031_0010" 6402
"/Engine/EngineMaterials/Substrate/GLints/dict_16_192_64_0p5_0p02_0031_0009" 6403
"/Engine/EngineMaterials/Substrate/GLints/dict_16_192_64_0p5_0p02_0031_0008" 6404
"/Engine/EngineMaterials/Substrate/GLints/dict_16_192_64_0p5_0p02_0031_0007" 6405
"/Engine/EngineMaterials/Substrate/GLints/dict_16_192_64_0p5_0p02_0031_0006" 6406
"/Engine/EngineMaterials/Substrate/GLints/dict_16_192_64_0p5_0p02_0031_0005" 6407
"/Engine/EngineMaterials/Substrate/GLints/dict_16_192_64_0p5_0p02_0031_0004" 6408
"/Engine/EngineMaterials/Substrate/GLints/dict_16_192_64_0p5_0p02_0031_0003" 6409
"/Engine/EngineMaterials/Substrate/GLints/dict_16_192_64_0p5_0p02_0031_0002" 6410
"/Engine/EngineMaterials/Substrate/GLints/dict_16_192_64_0p5_0p02_0031_0001" 6411
"/Engine/EngineMaterials/Substrate/GLints/dict_16_192_64_0p5_0p02_0031_0000" 6412
"/Engine/EngineMaterials/Substrate/GLints/dict_16_192_64_0p5_0p02_0030_0015" 6413
"/Engine/EngineMaterials/Substrate/GLints/dict_16_192_64_0p5_0p02_0030_0014" 6414
"/Engine/EngineMaterials/Substrate/GLints/dict_16_192_64_0p5_0p02_0030_0013" 6415
"/Engine/EngineMaterials/Substrate/GLints/dict_16_192_64_0p5_0p02_0030_0012" 6416
"/Engine/EngineMaterials/Substrate/GLints/dict_16_192_64_0p5_0p02_0030_0011" 6417
"/Engine/EngineMaterials/Substrate/GLints/dict_16_192_64_0p5_0p02_0030_0010" 6418
"/Engine/EngineMaterials/Substrate/GLints/dict_16_192_64_0p5_0p02_0030_0009" 6419
"/Engine/EngineMaterials/Substrate/GLints/dict_16_192_64_0p5_0p02_0030_0008" 6420
"/Engine/EngineMaterials/Substrate/GLints/dict_16_192_64_0p5_0p02_0030_0007" 6421
"/Engine/EngineMaterials/Substrate/GLints/dict_16_192_64_0p5_0p02_0030_0006" 6422
"/Engine/EngineMaterials/Substrate/GLints/dict_16_192_64_0p5_0p02_0030_0005" 6423
"/Engine/EngineMaterials/Substrate/GLints/dict_16_192_64_0p5_0p02_0030_0004" 6424
"/Engine/EngineMaterials/Substrate/GLints/dict_16_192_64_0p5_0p02_0030_0003" 6425
"/Engine/EngineMaterials/Substrate/GLints/dict_16_192_64_0p5_0p02_0032_0002" 6426
"../../../Engine/Content/EngineMaterials/Substrate/GLints/dict_16_192_64_0p5_0p02_0032_0003.uasset" 6427
"../../../Engine/Content/EngineMaterials/Substrate/GLints/dict_16_192_64_0p5_0p02_0032_0008.uasset" 6428
"../../../Engine/Content/EngineMaterials/Substrate/GLints/dict_16_192_64_0p5_0p02_0032_0010.uasset" 6429
"../../../Engine/Content/EngineMaterials/Substrate/GLints/dict_16_192_64_0p5_0p02_0033_0001.uasset" 6430
"../../../Engine/Content/EngineMaterials/Substrate/GLints/dict_16_192_64_0p5_0p02_0032_0004.uasset" 6431
"../../../Engine/Content/EngineMaterials/Substrate/GLints/dict_16_192_64_0p5_0p02_0032_0006.uasset" 6432
"../../../Engine/Content/EngineMaterials/Substrate/GLints/dict_16_192_64_0p5_0p02_0032_0013.uasset" 6433
"../../../Engine/Content/EngineMaterials/Substrate/GLints/dict_16_192_64_0p5_0p02_0032_0015.uasset" 6434
"../../../Engine/Content/EngineMaterials/Substrate/GLints/dict_16_192_64_0p5_0p02_0032_0011.uasset" 6435
"../../../Engine/Content/EngineMaterials/Substrate/GLints/dict_16_192_64_0p5_0p02_0033_0000.uasset" 6436
"../../../Engine/Content/EngineMaterials/Substrate/GLints/dict_16_192_64_0p5_0p02_0032_0014.uasset" 6437
"../../../Engine/Content/EngineMaterials/Substrate/GLints/dict_16_192_64_0p5_0p02_0032_0007.uasset" 6438
"../../../Engine/Content/EngineMaterials/Substrate/GLints/dict_16_192_64_0p5_0p02_0032_0009.uasset" 6439
"../../../Engine/Content/EngineMaterials/Substrate/GLints/dict_16_192_64_0p5_0p02_0032_0012.uasset" 6440
"../../../Engine/Content/EngineMaterials/Substrate/GLints/dict_16_192_64_0p5_0p02_0033_0002.uasset" 6441
"../../../Engine/Content/EngineMaterials/Substrate/GLints/dict_16_192_64_0p5_0p02_0032_0005.uasset" 6442
"../../../Engine/Content/EngineMaterials/Substrate/GLints/dict_16_192_64_0p5_0p02_0033_0003.uasset" 6443
"../../../Engine/Content/EngineMaterials/Substrate/GLints/dict_16_192_64_0p5_0p02_0033_0004.uasset" 6444
"../../../Engine/Content/EngineMaterials/Substrate/GLints/dict_16_192_64_0p5_0p02_0033_0005.uasset" 6445
"../../../Engine/Content/EngineMaterials/Substrate/GLints/dict_16_192_64_0p5_0p02_0033_0006.uasset" 6446
"../../../Engine/Content/EngineMaterials/Substrate/GLints/dict_16_192_64_0p5_0p02_0033_0008.uasset" 6447
"../../../Engine/Content/EngineMaterials/Substrate/GLints/dict_16_192_64_0p5_0p02_0033_0007.uasset" 6448
"/Engine/EngineMaterials/Substrate/GLints/dict_16_192_64_0p5_0p02_0032_0001" 6449
"../../../Engine/Content/EngineMaterials/Substrate/GLints/dict_16_192_64_0p5_0p02_0033_0009.uasset" 6450
"../../../Engine/Content/EngineMaterials/Substrate/GLints/dict_16_192_64_0p5_0p02_0033_0010.uasset" 6451
"../../../Engine/Content/EngineMaterials/Substrate/GLints/dict_16_192_64_0p5_0p02_0033_0012.uasset" 6452
"../../../Engine/Content/EngineMaterials/Substrate/GLints/dict_16_192_64_0p5_0p02_0033_0013.uasset" 6453
"../../../Engine/Content/EngineMaterials/Substrate/GLints/dict_16_192_64_0p5_0p02_0033_0011.uasset" 6454
"/Engine/EngineMaterials/Substrate/GLints/dict_16_192_64_0p5_0p02_0032_0000" 6455
"/Engine/EngineMaterials/Substrate/GLints/dict_16_192_64_0p5_0p02_0031_0015" 6456
"/Engine/EngineMaterials/Substrate/GLints/dict_16_192_64_0p5_0p02_0031_0014" 6457
"../../../Engine/Content/EngineMaterials/Substrate/GLints/dict_16_192_64_0p5_0p02_0034_0000.uasset" 6458
"/Engine/EngineMaterials/Substrate/GLints/dict_16_192_64_0p5_0p02_0033_0013" 6459
"../../../Engine/Content/EngineMaterials/Substrate/GLints/dict_16_192_64_0p5_0p02_0034_0001.uasset" 6460
"../../../Engine/Content/EngineMaterials/Substrate/GLints/dict_16_192_64_0p5_0p02_0034_0002.uasset" 6461
"../../../Engine/Content/EngineMaterials/Substrate/GLints/dict_16_192_64_0p5_0p02_0033_0014.uasset" 6462
"../../../Engine/Content/EngineMaterials/Substrate/GLints/dict_16_192_64_0p5_0p02_0033_0015.uasset" 6463
"/Engine/EngineMaterials/Substrate/GLints/dict_16_192_64_0p5_0p02_0033_0012" 6464
"/Engine/EngineMaterials/Substrate/GLints/dict_16_192_64_0p5_0p02_0033_0011" 6465
"/Engine/EngineMaterials/Substrate/GLints/dict_16_192_64_0p5_0p02_0033_0010" 6466
"/Engine/EngineMaterials/Substrate/GLints/dict_16_192_64_0p5_0p02_0033_0009" 6467
"/Engine/EngineMaterials/Substrate/GLints/dict_16_192_64_0p5_0p02_0033_0008" 6468
"/Engine/EngineMaterials/Substrate/GLints/dict_16_192_64_0p5_0p02_0033_0007" 6469
"/Engine/EngineMaterials/Substrate/GLints/dict_16_192_64_0p5_0p02_0033_0006" 6470
"/Engine/EngineMaterials/Substrate/GLints/dict_16_192_64_0p5_0p02_0033_0005" 6471
"/Engine/EngineMaterials/Substrate/GLints/dict_16_192_64_0p5_0p02_0033_0004" 6472
"/Engine/EngineMaterials/Substrate/GLints/dict_16_192_64_0p5_0p02_0033_0003" 6473
"/Engine/EngineMaterials/Substrate/GLints/dict_16_192_64_0p5_0p02_0033_0002" 6474
"/Engine/EngineMaterials/Substrate/GLints/dict_16_192_64_0p5_0p02_0033_0001" 6475
"/Engine/EngineMaterials/Substrate/GLints/dict_16_192_64_0p5_0p02_0033_0000" 6476
"/Engine/EngineMaterials/Substrate/GLints/dict_16_192_64_0p5_0p02_0032_0015" 6477
"/Engine/EngineMaterials/Substrate/GLints/dict_16_192_64_0p5_0p02_0032_0014" 6478
"/Engine/EngineMaterials/Substrate/GLints/dict_16_192_64_0p5_0p02_0032_0013" 6479
"/Engine/EngineMaterials/Substrate/GLints/dict_16_192_64_0p5_0p02_0032_0012" 6480
"/Engine/EngineMaterials/Substrate/GLints/dict_16_192_64_0p5_0p02_0032_0011" 6481
"/Engine/EngineMaterials/Substrate/GLints/dict_16_192_64_0p5_0p02_0032_0010" 6482
"/Engine/EngineMaterials/Substrate/GLints/dict_16_192_64_0p5_0p02_0032_0009" 6483
"/Engine/EngineMaterials/Substrate/GLints/dict_16_192_64_0p5_0p02_0032_0008" 6484
"/Engine/EngineMaterials/Substrate/GLints/dict_16_192_64_0p5_0p02_0032_0007" 6485
"/Engine/EngineMaterials/Substrate/GLints/dict_16_192_64_0p5_0p02_0032_0006" 6486
"/Engine/EngineMaterials/Substrate/GLints/dict_16_192_64_0p5_0p02_0032_0005" 6487
"/Engine/EngineMaterials/Substrate/GLints/dict_16_192_64_0p5_0p02_0032_0004" 6488
"/Engine/EngineMaterials/Substrate/GLints/dict_16_192_64_0p5_0p02_0032_0003" 6489
"../../../Engine/Content/EngineMaterials/Substrate/GLints/dict_16_192_64_0p5_0p02_0034_0003.uasset" 6490
"/Engine/EngineMaterials/Substrate/GLints/dict_16_192_64_0p5_0p02_0034_0002" 6491
"../../../Engine/Content/EngineMaterials/Substrate/GLints/dict_16_192_64_0p5_0p02_0034_0005.uasset" 6492
"../../../Engine/Content/EngineMaterials/Substrate/GLints/dict_16_192_64_0p5_0p02_0034_0013.uasset" 6493
"../../../Engine/Content/EngineMaterials/Substrate/GLints/dict_16_192_64_0p5_0p02_0034_0009.uasset" 6494
"../../../Engine/Content/EngineMaterials/Substrate/GLints/dict_16_192_64_0p5_0p02_0034_0004.uasset" 6495
"../../../Engine/Content/EngineMaterials/Substrate/GLints/dict_16_192_64_0p5_0p02_0034_0011.uasset" 6496
"../../../Engine/Content/EngineMaterials/Substrate/GLints/dict_16_192_64_0p5_0p02_0034_0014.uasset" 6497
"../../../Engine/Content/EngineMaterials/Substrate/GLints/dict_16_192_64_0p5_0p02_0034_0007.uasset" 6498
"../../../Engine/Content/EngineMaterials/Substrate/GLints/dict_16_192_64_0p5_0p02_0034_0012.uasset" 6499
"../../../Engine/Content/EngineMaterials/Substrate/GLints/dict_16_192_64_0p5_0p02_0035_0001.uasset" 6500
"../../../Engine/Content/EngineMaterials/Substrate/GLints/dict_16_192_64_0p5_0p02_0034_0008.uasset" 6501
"../../../Engine/Content/EngineMaterials/Substrate/GLints/dict_16_192_64_0p5_0p02_0034_0006.uasset" 6502
"../../../Engine/Content/EngineMaterials/Substrate/GLints/dict_16_192_64_0p5_0p02_0035_0002.uasset" 6503
"../../../Engine/Content/EngineMaterials/Substrate/GLints/dict_16_192_64_0p5_0p02_0034_0010.uasset" 6504
"../../../Engine/Content/EngineMaterials/Substrate/GLints/dict_16_192_64_0p5_0p02_0035_0004.uasset" 6505
"../../../Engine/Content/EngineMaterials/Substrate/GLints/dict_16_192_64_0p5_0p02_0035_0003.uasset" 6506
"../../../Engine/Content/EngineMaterials/Substrate/GLints/dict_16_192_64_0p5_0p02_0034_0015.uasset" 6507
"../../../Engine/Content/EngineMaterials/Substrate/GLints/dict_16_192_64_0p5_0p02_0035_0000.uasset" 6508
"../../../Engine/Content/EngineMaterials/Substrate/GLints/dict_16_192_64_0p5_0p02_0035_0005.uasset" 6509
"../../../Engine/Content/EngineMaterials/Substrate/GLints/dict_16_192_64_0p5_0p02_0035_0006.uasset" 6510
"../../../Engine/Content/EngineMaterials/Substrate/GLints/dict_16_192_64_0p5_0p02_0035_0007.uasset" 6511
"../../../Engine/Content/EngineMaterials/Substrate/GLints/dict_16_192_64_0p5_0p02_0035_0008.uasset" 6512
"/Engine/EngineMaterials/Substrate/GLints/dict_16_192_64_0p5_0p02_0034_0001" 6513
"../../../Engine/Content/EngineMaterials/Substrate/GLints/dict_16_192_64_0p5_0p02_0035_0009.uasset" 6514
"../../../Engine/Content/EngineMaterials/Substrate/GLints/dict_16_192_64_0p5_0p02_0035_0010.uasset" 6515
"../../../Engine/Content/EngineMaterials/Substrate/GLints/dict_16_192_64_0p5_0p02_0035_0012.uasset" 6516
"../../../Engine/Content/EngineMaterials/Substrate/GLints/dict_16_192_64_0p5_0p02_0035_0013.uasset" 6517
"../../../Engine/Content/EngineMaterials/Substrate/GLints/dict_16_192_64_0p5_0p02_0035_0011.uasset" 6518
"/Engine/EngineMaterials/Substrate/GLints/dict_16_192_64_0p5_0p02_0034_0000" 6519
"/Engine/EngineMaterials/Substrate/GLints/dict_16_192_64_0p5_0p02_0033_0015" 6520
"/Engine/EngineMaterials/Substrate/GLints/dict_16_192_64_0p5_0p02_0033_0014" 6521
"/Engine/EngineMaterials/Substrate/GLints/dict_16_192_64_0p5_0p02_0035_0013" 6522
"../../../Engine/Content/EngineMaterials/Substrate/GLints/dict_16_192_64_0p5_0p02_0036_0002.uasset" 6523
"../../../Engine/Content/EngineMaterials/Substrate/GLints/dict_16_192_64_0p5_0p02_0035_0015.uasset" 6524
"../../../Engine/Content/EngineMaterials/Substrate/GLints/dict_16_192_64_0p5_0p02_0036_0001.uasset" 6525
"../../../Engine/Content/EngineMaterials/Substrate/GLints/dict_16_192_64_0p5_0p02_0036_0000.uasset" 6526
"../../../Engine/Content/EngineMaterials/Substrate/GLints/dict_16_192_64_0p5_0p02_0035_0014.uasset" 6527
"/Engine/EngineMaterials/Substrate/GLints/dict_16_192_64_0p5_0p02_0035_0012" 6528
"/Engine/EngineMaterials/Substrate/GLints/dict_16_192_64_0p5_0p02_0035_0011" 6529
"/Engine/EngineMaterials/Substrate/GLints/dict_16_192_64_0p5_0p02_0035_0010" 6530
"/Engine/EngineMaterials/Substrate/GLints/dict_16_192_64_0p5_0p02_0035_0009" 6531
"/Engine/EngineMaterials/Substrate/GLints/dict_16_192_64_0p5_0p02_0035_0008" 6532
"/Engine/EngineMaterials/Substrate/GLints/dict_16_192_64_0p5_0p02_0035_0007" 6533
"/Engine/EngineMaterials/Substrate/GLints/dict_16_192_64_0p5_0p02_0035_0006" 6534
"/Engine/EngineMaterials/Substrate/GLints/dict_16_192_64_0p5_0p02_0035_0005" 6535
"/Engine/EngineMaterials/Substrate/GLints/dict_16_192_64_0p5_0p02_0035_0004" 6536
"/Engine/EngineMaterials/Substrate/GLints/dict_16_192_64_0p5_0p02_0035_0003" 6537
"/Engine/EngineMaterials/Substrate/GLints/dict_16_192_64_0p5_0p02_0035_0002" 6538
"/Engine/EngineMaterials/Substrate/GLints/dict_16_192_64_0p5_0p02_0035_0001" 6539
"/Engine/EngineMaterials/Substrate/GLints/dict_16_192_64_0p5_0p02_0035_0000" 6540
"/Engine/EngineMaterials/Substrate/GLints/dict_16_192_64_0p5_0p02_0034_0015" 6541
"/Engine/EngineMaterials/Substrate/GLints/dict_16_192_64_0p5_0p02_0034_0014" 6542
"/Engine/EngineMaterials/Substrate/GLints/dict_16_192_64_0p5_0p02_0034_0013" 6543
"/Engine/EngineMaterials/Substrate/GLints/dict_16_192_64_0p5_0p02_0034_0012" 6544
"/Engine/EngineMaterials/Substrate/GLints/dict_16_192_64_0p5_0p02_0034_0011" 6545
"/Engine/EngineMaterials/Substrate/GLints/dict_16_192_64_0p5_0p02_0034_0010" 6546
"/Engine/EngineMaterials/Substrate/GLints/dict_16_192_64_0p5_0p02_0034_0009" 6547
"/Engine/EngineMaterials/Substrate/GLints/dict_16_192_64_0p5_0p02_0034_0008" 6548
"/Engine/EngineMaterials/Substrate/GLints/dict_16_192_64_0p5_0p02_0034_0007" 6549
"/Engine/EngineMaterials/Substrate/GLints/dict_16_192_64_0p5_0p02_0034_0006" 6550
"/Engine/EngineMaterials/Substrate/GLints/dict_16_192_64_0p5_0p02_0034_0005" 6551
"/Engine/EngineMaterials/Substrate/GLints/dict_16_192_64_0p5_0p02_0034_0004" 6552
"/Engine/EngineMaterials/Substrate/GLints/dict_16_192_64_0p5_0p02_0034_0003" 6553
"../../../Engine/Content/EngineMaterials/Substrate/GLints/dict_16_192_64_0p5_0p02_0036_0009.uasset" 6554
"../../../Engine/Content/EngineMaterials/Substrate/GLints/dict_16_192_64_0p5_0p02_0036_0005.uasset" 6555
"/Engine/EngineMaterials/Substrate/GLints/dict_16_192_64_0p5_0p02_0036_0002" 6556
"../../../Engine/Content/EngineMaterials/Substrate/GLints/dict_16_192_64_0p5_0p02_0036_0003.uasset" 6557
"../../../Engine/Content/EngineMaterials/Substrate/GLints/dict_16_192_64_0p5_0p02_0036_0008.uasset" 6558
"../../../Engine/Content/EngineMaterials/Substrate/GLints/dict_16_192_64_0p5_0p02_0036_0007.uasset" 6559
"../../../Engine/Content/EngineMaterials/Substrate/GLints/dict_16_192_64_0p5_0p02_0036_0013.uasset" 6560
"../../../Engine/Content/EngineMaterials/Substrate/GLints/dict_16_192_64_0p5_0p02_0036_0006.uasset" 6561
"../../../Engine/Content/EngineMaterials/Substrate/GLints/dict_16_192_64_0p5_0p02_0036_0004.uasset" 6562
"../../../Engine/Content/EngineMaterials/Substrate/GLints/dict_16_192_64_0p5_0p02_0036_0011.uasset" 6563
"../../../Engine/Content/EngineMaterials/Substrate/GLints/dict_16_192_64_0p5_0p02_0037_0002.uasset" 6564
"../../../Engine/Content/EngineMaterials/Substrate/GLints/dict_16_192_64_0p5_0p02_0036_0012.uasset" 6565
"../../../Engine/Content/EngineMaterials/Substrate/GLints/dict_16_192_64_0p5_0p02_0037_0000.uasset" 6566
"../../../Engine/Content/EngineMaterials/Substrate/GLints/dict_16_192_64_0p5_0p02_0036_0014.uasset" 6567
"../../../Engine/Content/EngineMaterials/Substrate/GLints/dict_16_192_64_0p5_0p02_0036_0015.uasset" 6568
"../../../Engine/Content/EngineMaterials/Substrate/GLints/dict_16_192_64_0p5_0p02_0037_0005.uasset" 6569
"../../../Engine/Content/EngineMaterials/Substrate/GLints/dict_16_192_64_0p5_0p02_0037_0006.uasset" 6570
"../../../Engine/Content/EngineMaterials/Substrate/GLints/dict_16_192_64_0p5_0p02_0037_0003.uasset" 6571
"../../../Engine/Content/EngineMaterials/Substrate/GLints/dict_16_192_64_0p5_0p02_0037_0007.uasset" 6572
"../../../Engine/Content/EngineMaterials/Substrate/GLints/dict_16_192_64_0p5_0p02_0037_0001.uasset" 6573
"../../../Engine/Content/EngineMaterials/Substrate/GLints/dict_16_192_64_0p5_0p02_0037_0010.uasset" 6574
"../../../Engine/Content/EngineMaterials/Substrate/GLints/dict_16_192_64_0p5_0p02_0037_0008.uasset" 6575
"../../../Engine/Content/EngineMaterials/Substrate/GLints/dict_16_192_64_0p5_0p02_0037_0004.uasset" 6576
"../../../Engine/Content/EngineMaterials/Substrate/GLints/dict_16_192_64_0p5_0p02_0037_0011.uasset" 6577
"../../../Engine/Content/EngineMaterials/Substrate/GLints/dict_16_192_64_0p5_0p02_0036_0010.uasset" 6578
"../../../Engine/Content/EngineMaterials/Substrate/GLints/dict_16_192_64_0p5_0p02_0037_0013.uasset" 6579
"../../../Engine/Content/EngineMaterials/Substrate/GLints/dict_16_192_64_0p5_0p02_0037_0009.uasset" 6580
"/Engine/EngineMaterials/Substrate/GLints/dict_16_192_64_0p5_0p02_0036_0001" 6581
"../../../Engine/Content/EngineMaterials/Substrate/GLints/dict_16_192_64_0p5_0p02_0037_0012.uasset" 6582
"/Engine/EngineMaterials/Substrate/GLints/dict_16_192_64_0p5_0p02_0036_0000" 6583
"/Engine/EngineMaterials/Substrate/GLints/dict_16_192_64_0p5_0p02_0035_0015" 6584
"/Engine/EngineMaterials/Substrate/GLints/dict_16_192_64_0p5_0p02_0035_0014" 6585
"../../../Engine/Content/EngineMaterials/Substrate/GLints/dict_16_192_64_0p5_0p02_0038_0000.uasset" 6586
"../../../Engine/Content/EngineMaterials/Substrate/GLints/dict_16_192_64_0p5_0p02_0037_0015.uasset" 6587
"../../../Engine/Content/EngineMaterials/Substrate/GLints/dict_16_192_64_0p5_0p02_0037_0014.uasset" 6588
"../../../Engine/Content/EngineMaterials/Substrate/GLints/dict_16_192_64_0p5_0p02_0038_0001.uasset" 6589
"/Engine/EngineMaterials/Substrate/GLints/dict_16_192_64_0p5_0p02_0037_0013" 6590
"../../../Engine/Content/EngineMaterials/Substrate/GLints/dict_16_192_64_0p5_0p02_0038_0002.uasset" 6591
"/Engine/EngineMaterials/Substrate/GLints/dict_16_192_64_0p5_0p02_0037_0012" 6592
"/Engine/EngineMaterials/Substrate/GLints/dict_16_192_64_0p5_0p02_0037_0011" 6593
"/Engine/EngineMaterials/Substrate/GLints/dict_16_192_64_0p5_0p02_0037_0010" 6594
"/Engine/EngineMaterials/Substrate/GLints/dict_16_192_64_0p5_0p02_0037_0009" 6595
"/Engine/EngineMaterials/Substrate/GLints/dict_16_192_64_0p5_0p02_0037_0008" 6596
"/Engine/EngineMaterials/Substrate/GLints/dict_16_192_64_0p5_0p02_0037_0007" 6597
"/Engine/EngineMaterials/Substrate/GLints/dict_16_192_64_0p5_0p02_0037_0006" 6598
"/Engine/EngineMaterials/Substrate/GLints/dict_16_192_64_0p5_0p02_0037_0005" 6599
"/Engine/EngineMaterials/Substrate/GLints/dict_16_192_64_0p5_0p02_0037_0004" 6600
"/Engine/EngineMaterials/Substrate/GLints/dict_16_192_64_0p5_0p02_0037_0003" 6601
"/Engine/EngineMaterials/Substrate/GLints/dict_16_192_64_0p5_0p02_0037_0002" 6602
"/Engine/EngineMaterials/Substrate/GLints/dict_16_192_64_0p5_0p02_0037_0001" 6603
"/Engine/EngineMaterials/Substrate/GLints/dict_16_192_64_0p5_0p02_0037_0000" 6604
"/Engine/EngineMaterials/Substrate/GLints/dict_16_192_64_0p5_0p02_0036_0015" 6605
"/Engine/EngineMaterials/Substrate/GLints/dict_16_192_64_0p5_0p02_0036_0014" 6606
"/Engine/EngineMaterials/Substrate/GLints/dict_16_192_64_0p5_0p02_0036_0013" 6607
"/Engine/EngineMaterials/Substrate/GLints/dict_16_192_64_0p5_0p02_0036_0012" 6608
"/Engine/EngineMaterials/Substrate/GLints/dict_16_192_64_0p5_0p02_0036_0011" 6609
"/Engine/EngineMaterials/Substrate/GLints/dict_16_192_64_0p5_0p02_0036_0010" 6610
"/Engine/EngineMaterials/Substrate/GLints/dict_16_192_64_0p5_0p02_0036_0009" 6611
"/Engine/EngineMaterials/Substrate/GLints/dict_16_192_64_0p5_0p02_0036_0008" 6612
"/Engine/EngineMaterials/Substrate/GLints/dict_16_192_64_0p5_0p02_0036_0007" 6613
"/Engine/EngineMaterials/Substrate/GLints/dict_16_192_64_0p5_0p02_0036_0006" 6614
"/Engine/EngineMaterials/Substrate/GLints/dict_16_192_64_0p5_0p02_0036_0005" 6615
"/Engine/EngineMaterials/Substrate/GLints/dict_16_192_64_0p5_0p02_0036_0004" 6616
"/Engine/EngineMaterials/Substrate/GLints/dict_16_192_64_0p5_0p02_0036_0003" 6617
"../../../Engine/Content/EngineMaterials/Substrate/GLints/dict_16_192_64_0p5_0p02_0038_0010.uasset" 6618
"../../../Engine/Content/EngineMaterials/Substrate/GLints/dict_16_192_64_0p5_0p02_0038_0013.uasset" 6619
"../../../Engine/Content/EngineMaterials/Substrate/GLints/dict_16_192_64_0p5_0p02_0039_0000.uasset" 6620
"../../../Engine/Content/EngineMaterials/Substrate/GLints/dict_16_192_64_0p5_0p02_0038_0006.uasset" 6621
"../../../Engine/Content/EngineMaterials/Substrate/GLints/dict_16_192_64_0p5_0p02_0038_0005.uasset" 6622
"../../../Engine/Content/EngineMaterials/Substrate/GLints/dict_16_192_64_0p5_0p02_0038_0012.uasset" 6623
"../../../Engine/Content/EngineMaterials/Substrate/GLints/dict_16_192_64_0p5_0p02_0038_0015.uasset" 6624
"../../../Engine/Content/EngineMaterials/Substrate/GLints/dict_16_192_64_0p5_0p02_0038_0008.uasset" 6625
"../../../Engine/Content/EngineMaterials/Substrate/GLints/dict_16_192_64_0p5_0p02_0039_0002.uasset" 6626
"../../../Engine/Content/EngineMaterials/Substrate/GLints/dict_16_192_64_0p5_0p02_0038_0014.uasset" 6627
"../../../Engine/Content/EngineMaterials/Substrate/GLints/dict_16_192_64_0p5_0p02_0038_0011.uasset" 6628
"../../../Engine/Content/EngineMaterials/Substrate/GLints/dict_16_192_64_0p5_0p02_0038_0007.uasset" 6629
"../../../Engine/Content/EngineMaterials/Substrate/GLints/dict_16_192_64_0p5_0p02_0038_0009.uasset" 6630
"../../../Engine/Content/EngineMaterials/Substrate/GLints/dict_16_192_64_0p5_0p02_0038_0004.uasset" 6631
"/Engine/EngineMaterials/Substrate/GLints/dict_16_192_64_0p5_0p02_0038_0002" 6632
"../../../Engine/Content/EngineMaterials/Substrate/GLints/dict_16_192_64_0p5_0p02_0038_0003.uasset" 6633
"../../../Engine/Content/EngineMaterials/Substrate/GLints/dict_16_192_64_0p5_0p02_0039_0004.uasset" 6634
"../../../Engine/Content/EngineMaterials/Substrate/GLints/dict_16_192_64_0p5_0p02_0039_0003.uasset" 6635
"../../../Engine/Content/EngineMaterials/Substrate/GLints/dict_16_192_64_0p5_0p02_0039_0001.uasset" 6636
"../../../Engine/Content/EngineMaterials/Substrate/GLints/dict_16_192_64_0p5_0p02_0039_0006.uasset" 6637
"../../../Engine/Content/EngineMaterials/Substrate/GLints/dict_16_192_64_0p5_0p02_0039_0008.uasset" 6638
"../../../Engine/Content/EngineMaterials/Substrate/GLints/dict_16_192_64_0p5_0p02_0039_0007.uasset" 6639
"../../../Engine/Content/EngineMaterials/Substrate/GLints/dict_16_192_64_0p5_0p02_0039_0005.uasset" 6640
"../../../Engine/Content/EngineMaterials/Substrate/GLints/dict_16_192_64_0p5_0p02_0039_0009.uasset" 6641
"../../../Engine/Content/EngineMaterials/Substrate/GLints/dict_16_192_64_0p5_0p02_0039_0010.uasset" 6642
"../../../Engine/Content/EngineMaterials/Substrate/GLints/dict_16_192_64_0p5_0p02_0039_0011.uasset" 6643
"../../../Engine/Content/EngineMaterials/Substrate/GLints/dict_16_192_64_0p5_0p02_0039_0012.uasset" 6644
"../../../Engine/Content/EngineMaterials/Substrate/GLints/dict_16_192_64_0p5_0p02_0039_0013.uasset" 6645
"/Engine/EngineMaterials/Substrate/GLints/dict_16_192_64_0p5_0p02_0038_0001" 6646
"/Engine/EngineMaterials/Substrate/GLints/dict_16_192_64_0p5_0p02_0038_0000" 6647
"/Engine/EngineMaterials/Substrate/GLints/dict_16_192_64_0p5_0p02_0037_0015" 6648
"/Engine/EngineMaterials/Substrate/GLints/dict_16_192_64_0p5_0p02_0037_0014" 6649
"/Engine/EngineMaterials/Substrate/GLints/dict_16_192_64_0p5_0p02_0039_0013" 6650
"../../../Engine/Content/EngineMaterials/Substrate/GLints/dict_16_192_64_0p5_0p02_0040_0000.uasset" 6651
"../../../Engine/Content/EngineMaterials/Substrate/GLints/dict_16_192_64_0p5_0p02_0040_0001.uasset" 6652
"../../../Engine/Content/EngineMaterials/Substrate/GLints/dict_16_192_64_0p5_0p02_0039_0014.uasset" 6653
"../../../Engine/Content/EngineMaterials/Substrate/GLints/dict_16_192_64_0p5_0p02_0039_0015.uasset" 6654
"../../../Engine/Content/EngineMaterials/Substrate/GLints/dict_16_192_64_0p5_0p02_0040_0002.uasset" 6655
"/Engine/EngineMaterials/Substrate/GLints/dict_16_192_64_0p5_0p02_0039_0012" 6656
"/Engine/EngineMaterials/Substrate/GLints/dict_16_192_64_0p5_0p02_0039_0011" 6657
"/Engine/EngineMaterials/Substrate/GLints/dict_16_192_64_0p5_0p02_0039_0010" 6658
"/Engine/EngineMaterials/Substrate/GLints/dict_16_192_64_0p5_0p02_0039_0009" 6659
"/Engine/EngineMaterials/Substrate/GLints/dict_16_192_64_0p5_0p02_0039_0008" 6660
"/Engine/EngineMaterials/Substrate/GLints/dict_16_192_64_0p5_0p02_0039_0007" 6661
"/Engine/EngineMaterials/Substrate/GLints/dict_16_192_64_0p5_0p02_0039_0006" 6662
"/Engine/EngineMaterials/Substrate/GLints/dict_16_192_64_0p5_0p02_0039_0005" 6663
"/Engine/EngineMaterials/Substrate/GLints/dict_16_192_64_0p5_0p02_0039_0004" 6664
"/Engine/EngineMaterials/Substrate/GLints/dict_16_192_64_0p5_0p02_0039_0003" 6665
"/Engine/EngineMaterials/Substrate/GLints/dict_16_192_64_0p5_0p02_0039_0002" 6666
"/Engine/EngineMaterials/Substrate/GLints/dict_16_192_64_0p5_0p02_0039_0001" 6667
"/Engine/EngineMaterials/Substrate/GLints/dict_16_192_64_0p5_0p02_0039_0000" 6668
"/Engine/EngineMaterials/Substrate/GLints/dict_16_192_64_0p5_0p02_0038_0015" 6669
"/Engine/EngineMaterials/Substrate/GLints/dict_16_192_64_0p5_0p02_0038_0014" 6670
"/Engine/EngineMaterials/Substrate/GLints/dict_16_192_64_0p5_0p02_0038_0013" 6671
"/Engine/EngineMaterials/Substrate/GLints/dict_16_192_64_0p5_0p02_0038_0012" 6672
"/Engine/EngineMaterials/Substrate/GLints/dict_16_192_64_0p5_0p02_0038_0011" 6673
"/Engine/EngineMaterials/Substrate/GLints/dict_16_192_64_0p5_0p02_0038_0010" 6674
"/Engine/EngineMaterials/Substrate/GLints/dict_16_192_64_0p5_0p02_0038_0009" 6675
"/Engine/EngineMaterials/Substrate/GLints/dict_16_192_64_0p5_0p02_0038_0008" 6676
"/Engine/EngineMaterials/Substrate/GLints/dict_16_192_64_0p5_0p02_0038_0007" 6677
"/Engine/EngineMaterials/Substrate/GLints/dict_16_192_64_0p5_0p02_0038_0006" 6678
"/Engine/EngineMaterials/Substrate/GLints/dict_16_192_64_0p5_0p02_0038_0005" 6679
"/Engine/EngineMaterials/Substrate/GLints/dict_16_192_64_0p5_0p02_0038_0004" 6680
"/Engine/EngineMaterials/Substrate/GLints/dict_16_192_64_0p5_0p02_0038_0003" 6681
"../../../Engine/Content/EngineMaterials/Substrate/GLints/dict_16_192_64_0p5_0p02_0040_0011.uasset" 6682
"../../../Engine/Content/EngineMaterials/Substrate/GLints/dict_16_192_64_0p5_0p02_0040_0005.uasset" 6683
"../../../Engine/Content/EngineMaterials/Substrate/GLints/dict_16_192_64_0p5_0p02_0040_0006.uasset" 6684
"../../../Engine/Content/EngineMaterials/Substrate/GLints/dict_16_192_64_0p5_0p02_0040_0010.uasset" 6685
"../../../Engine/Content/EngineMaterials/Substrate/GLints/dict_16_192_64_0p5_0p02_0040_0009.uasset" 6686
"../../../Engine/Content/EngineMaterials/Substrate/GLints/dict_16_192_64_0p5_0p02_0040_0003.uasset" 6687
"../../../Engine/Content/EngineMaterials/Substrate/GLints/dict_16_192_64_0p5_0p02_0040_0015.uasset" 6688
"/Engine/EngineMaterials/Substrate/GLints/dict_16_192_64_0p5_0p02_0040_0002" 6689
"../../../Engine/Content/EngineMaterials/Substrate/GLints/dict_16_192_64_0p5_0p02_0040_0012.uasset" 6690
"../../../Engine/Content/EngineMaterials/Substrate/GLints/dict_16_192_64_0p5_0p02_0040_0014.uasset" 6691
"../../../Engine/Content/EngineMaterials/Substrate/GLints/dict_16_192_64_0p5_0p02_0040_0008.uasset" 6692
"../../../Engine/Content/EngineMaterials/Substrate/GLints/dict_16_192_64_0p5_0p02_0040_0007.uasset" 6693
"../../../Engine/Content/EngineMaterials/Substrate/GLints/dict_16_192_64_0p5_0p02_0041_0003.uasset" 6694
"../../../Engine/Content/EngineMaterials/Substrate/GLints/dict_16_192_64_0p5_0p02_0041_0000.uasset" 6695
"../../../Engine/Content/EngineMaterials/Substrate/GLints/dict_16_192_64_0p5_0p02_0040_0013.uasset" 6696
"../../../Engine/Content/EngineMaterials/Substrate/GLints/dict_16_192_64_0p5_0p02_0041_0002.uasset" 6697
"../../../Engine/Content/EngineMaterials/Substrate/GLints/dict_16_192_64_0p5_0p02_0041_0001.uasset" 6698
"../../../Engine/Content/EngineMaterials/Substrate/GLints/dict_16_192_64_0p5_0p02_0040_0004.uasset" 6699
"../../../Engine/Content/EngineMaterials/Substrate/GLints/dict_16_192_64_0p5_0p02_0041_0006.uasset" 6700
"../../../Engine/Content/EngineMaterials/Substrate/GLints/dict_16_192_64_0p5_0p02_0041_0005.uasset" 6701
"../../../Engine/Content/EngineMaterials/Substrate/GLints/dict_16_192_64_0p5_0p02_0041_0004.uasset" 6702
"../../../Engine/Content/EngineMaterials/Substrate/GLints/dict_16_192_64_0p5_0p02_0041_0007.uasset" 6703
"../../../Engine/Content/EngineMaterials/Substrate/GLints/dict_16_192_64_0p5_0p02_0041_0010.uasset" 6704
"../../../Engine/Content/EngineMaterials/Substrate/GLints/dict_16_192_64_0p5_0p02_0041_0008.uasset" 6705
"../../../Engine/Content/EngineMaterials/Substrate/GLints/dict_16_192_64_0p5_0p02_0041_0009.uasset" 6706
"../../../Engine/Content/EngineMaterials/Substrate/GLints/dict_16_192_64_0p5_0p02_0041_0013.uasset" 6707
"../../../Engine/Content/EngineMaterials/Substrate/GLints/dict_16_192_64_0p5_0p02_0041_0011.uasset" 6708
"../../../Engine/Content/EngineMaterials/Substrate/GLints/dict_16_192_64_0p5_0p02_0041_0012.uasset" 6709
"/Engine/EngineMaterials/Substrate/GLints/dict_16_192_64_0p5_0p02_0040_0001" 6710
"/Engine/EngineMaterials/Substrate/GLints/dict_16_192_64_0p5_0p02_0040_0000" 6711
"/Engine/EngineMaterials/Substrate/GLints/dict_16_192_64_0p5_0p02_0039_0015" 6712
"/Engine/EngineMaterials/Substrate/GLints/dict_16_192_64_0p5_0p02_0039_0014" 6713
"/Engine/EngineMaterials/Substrate/GLints/dict_16_192_64_0p5_0p02_0041_0013" 6714
"../../../Engine/Content/EngineMaterials/Substrate/GLints/dict_16_192_64_0p5_0p02_0042_0002.uasset" 6715
"../../../Engine/Content/EngineMaterials/Substrate/GLints/dict_16_192_64_0p5_0p02_0042_0000.uasset" 6716
"../../../Engine/Content/EngineMaterials/Substrate/GLints/dict_16_192_64_0p5_0p02_0042_0001.uasset" 6717
"../../../Engine/Content/EngineMaterials/Substrate/GLints/dict_16_192_64_0p5_0p02_0041_0015.uasset" 6718
"../../../Engine/Content/EngineMaterials/Substrate/GLints/dict_16_192_64_0p5_0p02_0041_0014.uasset" 6719
"/Engine/EngineMaterials/Substrate/GLints/dict_16_192_64_0p5_0p02_0041_0012" 6720
"/Engine/EngineMaterials/Substrate/GLints/dict_16_192_64_0p5_0p02_0041_0011" 6721
"/Engine/EngineMaterials/Substrate/GLints/dict_16_192_64_0p5_0p02_0041_0010" 6722
"/Engine/EngineMaterials/Substrate/GLints/dict_16_192_64_0p5_0p02_0041_0009" 6723
"/Engine/EngineMaterials/Substrate/GLints/dict_16_192_64_0p5_0p02_0041_0008" 6724
"/Engine/EngineMaterials/Substrate/GLints/dict_16_192_64_0p5_0p02_0041_0007" 6725
"/Engine/EngineMaterials/Substrate/GLints/dict_16_192_64_0p5_0p02_0041_0006" 6726
"/Engine/EngineMaterials/Substrate/GLints/dict_16_192_64_0p5_0p02_0041_0005" 6727
"/Engine/EngineMaterials/Substrate/GLints/dict_16_192_64_0p5_0p02_0041_0004" 6728
"/Engine/EngineMaterials/Substrate/GLints/dict_16_192_64_0p5_0p02_0041_0003" 6729
"/Engine/EngineMaterials/Substrate/GLints/dict_16_192_64_0p5_0p02_0041_0002" 6730
"/Engine/EngineMaterials/Substrate/GLints/dict_16_192_64_0p5_0p02_0041_0001" 6731
"/Engine/EngineMaterials/Substrate/GLints/dict_16_192_64_0p5_0p02_0041_0000" 6732
"/Engine/EngineMaterials/Substrate/GLints/dict_16_192_64_0p5_0p02_0040_0015" 6733
"/Engine/EngineMaterials/Substrate/GLints/dict_16_192_64_0p5_0p02_0040_0014" 6734
"/Engine/EngineMaterials/Substrate/GLints/dict_16_192_64_0p5_0p02_0040_0013" 6735
"/Engine/EngineMaterials/Substrate/GLints/dict_16_192_64_0p5_0p02_0040_0012" 6736
"/Engine/EngineMaterials/Substrate/GLints/dict_16_192_64_0p5_0p02_0040_0011" 6737
"/Engine/EngineMaterials/Substrate/GLints/dict_16_192_64_0p5_0p02_0040_0010" 6738
"/Engine/EngineMaterials/Substrate/GLints/dict_16_192_64_0p5_0p02_0040_0009" 6739
"/Engine/EngineMaterials/Substrate/GLints/dict_16_192_64_0p5_0p02_0040_0008" 6740
"/Engine/EngineMaterials/Substrate/GLints/dict_16_192_64_0p5_0p02_0040_0007" 6741
"/Engine/EngineMaterials/Substrate/GLints/dict_16_192_64_0p5_0p02_0040_0006" 6742
"/Engine/EngineMaterials/Substrate/GLints/dict_16_192_64_0p5_0p02_0040_0005" 6743
"/Engine/EngineMaterials/Substrate/GLints/dict_16_192_64_0p5_0p02_0040_0004" 6744
"/Engine/EngineMaterials/Substrate/GLints/dict_16_192_64_0p5_0p02_0040_0003" 6745
"../../../Engine/Content/EngineMaterials/Substrate/GLints/dict_16_192_64_0p5_0p02_0042_0005.uasset" 6746
"../../../Engine/Content/EngineMaterials/Substrate/GLints/dict_16_192_64_0p5_0p02_0042_0004.uasset" 6747
"../../../Engine/Content/EngineMaterials/Substrate/GLints/dict_16_192_64_0p5_0p02_0042_0007.uasset" 6748
"../../../Engine/Content/EngineMaterials/Substrate/GLints/dict_16_192_64_0p5_0p02_0042_0003.uasset" 6749
"../../../Engine/Content/EngineMaterials/Substrate/GLints/dict_16_192_64_0p5_0p02_0042_0008.uasset" 6750
"../../../Engine/Content/EngineMaterials/Substrate/GLints/dict_16_192_64_0p5_0p02_0042_0013.uasset" 6751
"/Engine/EngineMaterials/Substrate/GLints/dict_16_192_64_0p5_0p02_0042_0002" 6752
"../../../Engine/Content/EngineMaterials/Substrate/GLints/dict_16_192_64_0p5_0p02_0042_0014.uasset" 6753
"../../../Engine/Content/EngineMaterials/Substrate/GLints/dict_16_192_64_0p5_0p02_0042_0015.uasset" 6754
"../../../Engine/Content/EngineMaterials/Substrate/GLints/dict_16_192_64_0p5_0p02_0043_0000.uasset" 6755
"../../../Engine/Content/EngineMaterials/Substrate/GLints/dict_16_192_64_0p5_0p02_0042_0006.uasset" 6756
"../../../Engine/Content/EngineMaterials/Substrate/GLints/dict_16_192_64_0p5_0p02_0042_0012.uasset" 6757
"../../../Engine/Content/EngineMaterials/Substrate/GLints/dict_16_192_64_0p5_0p02_0042_0009.uasset" 6758
"../../../Engine/Content/EngineMaterials/Substrate/GLints/dict_16_192_64_0p5_0p02_0042_0010.uasset" 6759
"../../../Engine/Content/EngineMaterials/Substrate/GLints/dict_16_192_64_0p5_0p02_0042_0011.uasset" 6760
"../../../Engine/Content/EngineMaterials/Substrate/GLints/dict_16_192_64_0p5_0p02_0043_0001.uasset" 6761
"../../../Engine/Content/EngineMaterials/Substrate/GLints/dict_16_192_64_0p5_0p02_0043_0004.uasset" 6762
"../../../Engine/Content/EngineMaterials/Substrate/GLints/dict_16_192_64_0p5_0p02_0043_0003.uasset" 6763
"../../../Engine/Content/EngineMaterials/Substrate/GLints/dict_16_192_64_0p5_0p02_0043_0002.uasset" 6764
"../../../Engine/Content/EngineMaterials/Substrate/GLints/dict_16_192_64_0p5_0p02_0043_0006.uasset" 6765
"../../../Engine/Content/EngineMaterials/Substrate/GLints/dict_16_192_64_0p5_0p02_0043_0005.uasset" 6766
"../../../Engine/Content/EngineMaterials/Substrate/GLints/dict_16_192_64_0p5_0p02_0043_0010.uasset" 6767
"../../../Engine/Content/EngineMaterials/Substrate/GLints/dict_16_192_64_0p5_0p02_0043_0011.uasset" 6768
"../../../Engine/Content/EngineMaterials/Substrate/GLints/dict_16_192_64_0p5_0p02_0043_0007.uasset" 6769
"../../../Engine/Content/EngineMaterials/Substrate/GLints/dict_16_192_64_0p5_0p02_0043_0008.uasset" 6770
"../../../Engine/Content/EngineMaterials/Substrate/GLints/dict_16_192_64_0p5_0p02_0043_0012.uasset" 6771
"../../../Engine/Content/EngineMaterials/Substrate/GLints/dict_16_192_64_0p5_0p02_0043_0009.uasset" 6772
"../../../Engine/Content/EngineMaterials/Substrate/GLints/dict_16_192_64_0p5_0p02_0043_0013.uasset" 6773
"/Engine/EngineMaterials/Substrate/GLints/dict_16_192_64_0p5_0p02_0042_0001" 6774
"/Engine/EngineMaterials/Substrate/GLints/dict_16_192_64_0p5_0p02_0042_0000" 6775
"/Engine/EngineMaterials/Substrate/GLints/dict_16_192_64_0p5_0p02_0041_0015" 6776
"/Engine/EngineMaterials/Substrate/GLints/dict_16_192_64_0p5_0p02_0041_0014" 6777
"/Engine/EngineMaterials/Substrate/GLints/dict_16_192_64_0p5_0p02_0043_0013" 6778
"../../../Engine/Content/EngineMaterials/Substrate/GLints/dict_16_192_64_0p5_0p02_0043_0014.uasset" 6779
"../../../Engine/Content/EngineMaterials/Substrate/GLints/dict_16_192_64_0p5_0p02_0044_0000.uasset" 6780
"../../../Engine/Content/EngineMaterials/Substrate/GLints/dict_16_192_64_0p5_0p02_0043_0015.uasset" 6781
"../../../Engine/Content/EngineMaterials/Substrate/GLints/dict_16_192_64_0p5_0p02_0044_0001.uasset" 6782
"../../../Engine/Content/EngineMaterials/Substrate/GLints/dict_16_192_64_0p5_0p02_0044_0002.uasset" 6783
"/Engine/EngineMaterials/Substrate/GLints/dict_16_192_64_0p5_0p02_0043_0012" 6784
"/Engine/EngineMaterials/Substrate/GLints/dict_16_192_64_0p5_0p02_0043_0011" 6785
"/Engine/EngineMaterials/Substrate/GLints/dict_16_192_64_0p5_0p02_0043_0010" 6786
"/Engine/EngineMaterials/Substrate/GLints/dict_16_192_64_0p5_0p02_0043_0009" 6787
"/Engine/EngineMaterials/Substrate/GLints/dict_16_192_64_0p5_0p02_0043_0008" 6788
"/Engine/EngineMaterials/Substrate/GLints/dict_16_192_64_0p5_0p02_0043_0007" 6789
"/Engine/EngineMaterials/Substrate/GLints/dict_16_192_64_0p5_0p02_0043_0006" 6790
"/Engine/EngineMaterials/Substrate/GLints/dict_16_192_64_0p5_0p02_0043_0005" 6791
"/Engine/EngineMaterials/Substrate/GLints/dict_16_192_64_0p5_0p02_0043_0004" 6792
"/Engine/EngineMaterials/Substrate/GLints/dict_16_192_64_0p5_0p02_0043_0003" 6793
"/Engine/EngineMaterials/Substrate/GLints/dict_16_192_64_0p5_0p02_0043_0002" 6794
"/Engine/EngineMaterials/Substrate/GLints/dict_16_192_64_0p5_0p02_0043_0001" 6795
"/Engine/EngineMaterials/Substrate/GLints/dict_16_192_64_0p5_0p02_0043_0000" 6796
"/Engine/EngineMaterials/Substrate/GLints/dict_16_192_64_0p5_0p02_0042_0015" 6797
"/Engine/EngineMaterials/Substrate/GLints/dict_16_192_64_0p5_0p02_0042_0014" 6798
"/Engine/EngineMaterials/Substrate/GLints/dict_16_192_64_0p5_0p02_0042_0013" 6799
"/Engine/EngineMaterials/Substrate/GLints/dict_16_192_64_0p5_0p02_0042_0012" 6800
"/Engine/EngineMaterials/Substrate/GLints/dict_16_192_64_0p5_0p02_0042_0011" 6801
"/Engine/EngineMaterials/Substrate/GLints/dict_16_192_64_0p5_0p02_0042_0010" 6802
"/Engine/EngineMaterials/Substrate/GLints/dict_16_192_64_0p5_0p02_0042_0009" 6803
"/Engine/EngineMaterials/Substrate/GLints/dict_16_192_64_0p5_0p02_0042_0008" 6804
"/Engine/EngineMaterials/Substrate/GLints/dict_16_192_64_0p5_0p02_0042_0007" 6805
"/Engine/EngineMaterials/Substrate/GLints/dict_16_192_64_0p5_0p02_0042_0006" 6806
"/Engine/EngineMaterials/Substrate/GLints/dict_16_192_64_0p5_0p02_0042_0005" 6807
"/Engine/EngineMaterials/Substrate/GLints/dict_16_192_64_0p5_0p02_0042_0004" 6808
"/Engine/EngineMaterials/Substrate/GLints/dict_16_192_64_0p5_0p02_0042_0003" 6809
"../../../Engine/Content/EngineMaterials/Substrate/GLints/dict_16_192_64_0p5_0p02_0044_0004.uasset" 6810
"../../../Engine/Content/EngineMaterials/Substrate/GLints/dict_16_192_64_0p5_0p02_0044_0003.uasset" 6811
"/Engine/EngineMaterials/Substrate/GLints/dict_16_192_64_0p5_0p02_0044_0002" 6812
"../../../Engine/Content/EngineMaterials/Substrate/GLints/dict_16_192_64_0p5_0p02_0044_0015.uasset" 6813
"../../../Engine/Content/EngineMaterials/Substrate/GLints/dict_16_192_64_0p5_0p02_0044_0007.uasset" 6814
"../../../Engine/Content/EngineMaterials/Substrate/GLints/dict_16_192_64_0p5_0p02_0044_0008.uasset" 6815
"../../../Engine/Content/EngineMaterials/Substrate/GLints/dict_16_192_64_0p5_0p02_0044_0010.uasset" 6816
"../../../Engine/Content/EngineMaterials/Substrate/GLints/dict_16_192_64_0p5_0p02_0044_0005.uasset" 6817
"../../../Engine/Content/EngineMaterials/Substrate/GLints/dict_16_192_64_0p5_0p02_0044_0011.uasset" 6818
"../../../Engine/Content/EngineMaterials/Substrate/GLints/dict_16_192_64_0p5_0p02_0044_0006.uasset" 6819
"../../../Engine/Content/EngineMaterials/Substrate/GLints/dict_16_192_64_0p5_0p02_0044_0009.uasset" 6820
"../../../Engine/Content/EngineMaterials/Substrate/GLints/dict_16_192_64_0p5_0p02_0044_0013.uasset" 6821
"../../../Engine/Content/EngineMaterials/Substrate/GLints/dict_16_192_64_0p5_0p02_0045_0000.uasset" 6822
"../../../Engine/Content/EngineMaterials/Substrate/GLints/dict_16_192_64_0p5_0p02_0044_0012.uasset" 6823
"../../../Engine/Content/EngineMaterials/Substrate/GLints/dict_16_192_64_0p5_0p02_0045_0002.uasset" 6824
"../../../Engine/Content/EngineMaterials/Substrate/GLints/dict_16_192_64_0p5_0p02_0045_0004.uasset" 6825
"../../../Engine/Content/EngineMaterials/Substrate/GLints/dict_16_192_64_0p5_0p02_0044_0014.uasset" 6826
"../../../Engine/Content/EngineMaterials/Substrate/GLints/dict_16_192_64_0p5_0p02_0045_0003.uasset" 6827
"/Engine/EngineMaterials/Substrate/GLints/dict_16_192_64_0p5_0p02_0044_0001" 6828
"../../../Engine/Content/EngineMaterials/Substrate/GLints/dict_16_192_64_0p5_0p02_0045_0001.uasset" 6829
"../../../Engine/Content/EngineMaterials/Substrate/GLints/dict_16_192_64_0p5_0p02_0045_0006.uasset" 6830
"../../../Engine/Content/EngineMaterials/Substrate/GLints/dict_16_192_64_0p5_0p02_0045_0005.uasset" 6831
"../../../Engine/Content/EngineMaterials/Substrate/GLints/dict_16_192_64_0p5_0p02_0045_0007.uasset" 6832
"../../../Engine/Content/EngineMaterials/Substrate/GLints/dict_16_192_64_0p5_0p02_0045_0008.uasset" 6833
"../../../Engine/Content/EngineMaterials/Substrate/GLints/dict_16_192_64_0p5_0p02_0045_0011.uasset" 6834
"../../../Engine/Content/EngineMaterials/Substrate/GLints/dict_16_192_64_0p5_0p02_0045_0009.uasset" 6835
"../../../Engine/Content/EngineMaterials/Substrate/GLints/dict_16_192_64_0p5_0p02_0045_0012.uasset" 6836
"../../../Engine/Content/EngineMaterials/Substrate/GLints/dict_16_192_64_0p5_0p02_0045_0013.uasset" 6837
"/Engine/EngineMaterials/Substrate/GLints/dict_16_192_64_0p5_0p02_0044_0000" 6838
"../../../Engine/Content/EngineMaterials/Substrate/GLints/dict_16_192_64_0p5_0p02_0045_0010.uasset" 6839
"/Engine/EngineMaterials/Substrate/GLints/dict_16_192_64_0p5_0p02_0043_0015" 6840
"/Engine/EngineMaterials/Substrate/GLints/dict_16_192_64_0p5_0p02_0043_0014" 6841
"../../../Engine/Content/EngineMaterials/Substrate/GLints/dict_16_192_64_0p5_0p02_0046_0000.uasset" 6842
"../../../Engine/Content/EngineMaterials/Substrate/GLints/dict_16_192_64_0p5_0p02_0045_0014.uasset" 6843
"../../../Engine/Content/EngineMaterials/Substrate/GLints/dict_16_192_64_0p5_0p02_0045_0015.uasset" 6844
"/Engine/EngineMaterials/Substrate/GLints/dict_16_192_64_0p5_0p02_0045_0013" 6845
"../../../Engine/Content/EngineMaterials/Substrate/GLints/dict_16_192_64_0p5_0p02_0046_0001.uasset" 6846
"../../../Engine/Content/EngineMaterials/Substrate/GLints/dict_16_192_64_0p5_0p02_0046_0002.uasset" 6847
"/Engine/EngineMaterials/Substrate/GLints/dict_16_192_64_0p5_0p02_0045_0012" 6848
"/Engine/EngineMaterials/Substrate/GLints/dict_16_192_64_0p5_0p02_0045_0011" 6849
"/Engine/EngineMaterials/Substrate/GLints/dict_16_192_64_0p5_0p02_0045_0010" 6850
"/Engine/EngineMaterials/Substrate/GLints/dict_16_192_64_0p5_0p02_0045_0009" 6851
"/Engine/EngineMaterials/Substrate/GLints/dict_16_192_64_0p5_0p02_0045_0008" 6852
"/Engine/EngineMaterials/Substrate/GLints/dict_16_192_64_0p5_0p02_0045_0007" 6853
"/Engine/EngineMaterials/Substrate/GLints/dict_16_192_64_0p5_0p02_0045_0006" 6854
"/Engine/EngineMaterials/Substrate/GLints/dict_16_192_64_0p5_0p02_0045_0005" 6855
"/Engine/EngineMaterials/Substrate/GLints/dict_16_192_64_0p5_0p02_0045_0004" 6856
"/Engine/EngineMaterials/Substrate/GLints/dict_16_192_64_0p5_0p02_0045_0003" 6857
"/Engine/EngineMaterials/Substrate/GLints/dict_16_192_64_0p5_0p02_0045_0002" 6858
"/Engine/EngineMaterials/Substrate/GLints/dict_16_192_64_0p5_0p02_0045_0001" 6859
"/Engine/EngineMaterials/Substrate/GLints/dict_16_192_64_0p5_0p02_0045_0000" 6860
"/Engine/EngineMaterials/Substrate/GLints/dict_16_192_64_0p5_0p02_0044_0015" 6861
"/Engine/EngineMaterials/Substrate/GLints/dict_16_192_64_0p5_0p02_0044_0014" 6862
"/Engine/EngineMaterials/Substrate/GLints/dict_16_192_64_0p5_0p02_0044_0013" 6863
"/Engine/EngineMaterials/Substrate/GLints/dict_16_192_64_0p5_0p02_0044_0012" 6864
"/Engine/EngineMaterials/Substrate/GLints/dict_16_192_64_0p5_0p02_0044_0011" 6865
"/Engine/EngineMaterials/Substrate/GLints/dict_16_192_64_0p5_0p02_0044_0010" 6866
"/Engine/EngineMaterials/Substrate/GLints/dict_16_192_64_0p5_0p02_0044_0009" 6867
"/Engine/EngineMaterials/Substrate/GLints/dict_16_192_64_0p5_0p02_0044_0008" 6868
"/Engine/EngineMaterials/Substrate/GLints/dict_16_192_64_0p5_0p02_0044_0007" 6869
"/Engine/EngineMaterials/Substrate/GLints/dict_16_192_64_0p5_0p02_0044_0006" 6870
"/Engine/EngineMaterials/Substrate/GLints/dict_16_192_64_0p5_0p02_0044_0005" 6871
"/Engine/EngineMaterials/Substrate/GLints/dict_16_192_64_0p5_0p02_0044_0004" 6872
"/Engine/EngineMaterials/Substrate/GLints/dict_16_192_64_0p5_0p02_0044_0003" 6873
"../../../Engine/Content/EngineMaterials/Substrate/GLints/dict_16_192_64_0p5_0p02_0046_0004.uasset" 6874
"../../../Engine/Content/EngineMaterials/Substrate/GLints/dict_16_192_64_0p5_0p02_0046_0003.uasset" 6875
"/Engine/EngineMaterials/Substrate/GLints/dict_16_192_64_0p5_0p02_0046_0002" 6876
"../../../Engine/Content/EngineMaterials/Substrate/GLints/dict_16_192_64_0p5_0p02_0046_0013.uasset" 6877
"../../../Engine/Content/EngineMaterials/Substrate/GLints/dict_16_192_64_0p5_0p02_0046_0010.uasset" 6878
"../../../Engine/Content/EngineMaterials/Substrate/GLints/dict_16_192_64_0p5_0p02_0046_0005.uasset" 6879
"../../../Engine/Content/EngineMaterials/Substrate/GLints/dict_16_192_64_0p5_0p02_0046_0006.uasset" 6880
"../../../Engine/Content/EngineMaterials/Substrate/GLints/dict_16_192_64_0p5_0p02_0047_0000.uasset" 6881
"../../../Engine/Content/EngineMaterials/Substrate/GLints/dict_16_192_64_0p5_0p02_0046_0008.uasset" 6882
"../../../Engine/Content/EngineMaterials/Substrate/GLints/dict_16_192_64_0p5_0p02_0046_0012.uasset" 6883
"../../../Engine/Content/EngineMaterials/Substrate/GLints/dict_16_192_64_0p5_0p02_0046_0015.uasset" 6884
"../../../Engine/Content/EngineMaterials/Substrate/GLints/dict_16_192_64_0p5_0p02_0046_0009.uasset" 6885
"../../../Engine/Content/EngineMaterials/Substrate/GLints/dict_16_192_64_0p5_0p02_0046_0011.uasset" 6886
"../../../Engine/Content/EngineMaterials/Substrate/GLints/dict_16_192_64_0p5_0p02_0046_0007.uasset" 6887
"../../../Engine/Content/EngineMaterials/Substrate/GLints/dict_16_192_64_0p5_0p02_0046_0014.uasset" 6888
"../../../Engine/Content/EngineMaterials/Substrate/GLints/dict_16_192_64_0p5_0p02_0047_0003.uasset" 6889
"../../../Engine/Content/EngineMaterials/Substrate/GLints/dict_16_192_64_0p5_0p02_0047_0001.uasset" 6890
"../../../Engine/Content/EngineMaterials/Substrate/GLints/dict_16_192_64_0p5_0p02_0047_0002.uasset" 6891
"../../../Engine/Content/EngineMaterials/Substrate/GLints/dict_16_192_64_0p5_0p02_0047_0004.uasset" 6892
"/Engine/EngineMaterials/Substrate/GLints/dict_16_192_64_0p5_0p02_0046_0001" 6893
"../../../Engine/Content/EngineMaterials/Substrate/GLints/dict_16_192_64_0p5_0p02_0047_0005.uasset" 6894
"../../../Engine/Content/EngineMaterials/Substrate/GLints/dict_16_192_64_0p5_0p02_0047_0008.uasset" 6895
"../../../Engine/Content/EngineMaterials/Substrate/GLints/dict_16_192_64_0p5_0p02_0047_0006.uasset" 6896
"../../../Engine/Content/EngineMaterials/Substrate/GLints/dict_16_192_64_0p5_0p02_0047_0007.uasset" 6897
"../../../Engine/Content/EngineMaterials/Substrate/GLints/dict_16_192_64_0p5_0p02_0047_0010.uasset" 6898
"../../../Engine/Content/EngineMaterials/Substrate/GLints/dict_16_192_64_0p5_0p02_0047_0009.uasset" 6899
"../../../Engine/Content/EngineMaterials/Substrate/GLints/dict_16_192_64_0p5_0p02_0047_0011.uasset" 6900
"../../../Engine/Content/EngineMaterials/Substrate/GLints/dict_16_192_64_0p5_0p02_0047_0013.uasset" 6901
"../../../Engine/Content/EngineMaterials/Substrate/GLints/dict_16_192_64_0p5_0p02_0047_0012.uasset" 6902
"/Engine/EngineMaterials/Substrate/GLints/dict_16_192_64_0p5_0p02_0046_0000" 6903
"/Engine/EngineMaterials/Substrate/GLints/dict_16_192_64_0p5_0p02_0045_0015" 6904
"/Engine/EngineMaterials/Substrate/GLints/dict_16_192_64_0p5_0p02_0045_0014" 6905
"../../../Engine/Content/EngineMaterials/Substrate/GLints/dict_16_192_64_0p5_0p02_0047_0015.uasset" 6906
"../../../Engine/Content/EngineMaterials/Substrate/GLints/dict_16_192_64_0p5_0p02_0047_0014.uasset" 6907
"../../../Engine/Content/EngineMaterials/Substrate/GLints/dict_16_192_64_0p5_0p02_0048_0000.uasset" 6908
"/Engine/EngineMaterials/Substrate/GLints/dict_16_192_64_0p5_0p02_0047_0013" 6909
"../../../Engine/Content/EngineMaterials/Substrate/GLints/dict_16_192_64_0p5_0p02_0048_0001.uasset" 6910
"../../../Engine/Content/EngineMaterials/Substrate/GLints/dict_16_192_64_0p5_0p02_0048_0002.uasset" 6911
"/Engine/EngineMaterials/Substrate/GLints/dict_16_192_64_0p5_0p02_0047_0012" 6912
"/Engine/EngineMaterials/Substrate/GLints/dict_16_192_64_0p5_0p02_0047_0011" 6913
"/Engine/EngineMaterials/Substrate/GLints/dict_16_192_64_0p5_0p02_0047_0010" 6914
"/Engine/EngineMaterials/Substrate/GLints/dict_16_192_64_0p5_0p02_0047_0009" 6915
"/Engine/EngineMaterials/Substrate/GLints/dict_16_192_64_0p5_0p02_0047_0008" 6916
"/Engine/EngineMaterials/Substrate/GLints/dict_16_192_64_0p5_0p02_0047_0007" 6917
"/Engine/EngineMaterials/Substrate/GLints/dict_16_192_64_0p5_0p02_0047_0006" 6918
"/Engine/EngineMaterials/Substrate/GLints/dict_16_192_64_0p5_0p02_0047_0005" 6919
"/Engine/EngineMaterials/Substrate/GLints/dict_16_192_64_0p5_0p02_0047_0004" 6920
"/Engine/EngineMaterials/Substrate/GLints/dict_16_192_64_0p5_0p02_0047_0003" 6921
"/Engine/EngineMaterials/Substrate/GLints/dict_16_192_64_0p5_0p02_0047_0002" 6922
"/Engine/EngineMaterials/Substrate/GLints/dict_16_192_64_0p5_0p02_0047_0001" 6923
"/Engine/EngineMaterials/Substrate/GLints/dict_16_192_64_0p5_0p02_0047_0000" 6924
"/Engine/EngineMaterials/Substrate/GLints/dict_16_192_64_0p5_0p02_0046_0015" 6925
"/Engine/EngineMaterials/Substrate/GLints/dict_16_192_64_0p5_0p02_0046_0014" 6926
"/Engine/EngineMaterials/Substrate/GLints/dict_16_192_64_0p5_0p02_0046_0013" 6927
"/Engine/EngineMaterials/Substrate/GLints/dict_16_192_64_0p5_0p02_0046_0012" 6928
"/Engine/EngineMaterials/Substrate/GLints/dict_16_192_64_0p5_0p02_0046_0011" 6929
"/Engine/EngineMaterials/Substrate/GLints/dict_16_192_64_0p5_0p02_0046_0010" 6930
"/Engine/EngineMaterials/Substrate/GLints/dict_16_192_64_0p5_0p02_0046_0009" 6931
"/Engine/EngineMaterials/Substrate/GLints/dict_16_192_64_0p5_0p02_0046_0008" 6932
"/Engine/EngineMaterials/Substrate/GLints/dict_16_192_64_0p5_0p02_0046_0007" 6933
"/Engine/EngineMaterials/Substrate/GLints/dict_16_192_64_0p5_0p02_0046_0006" 6934
"/Engine/EngineMaterials/Substrate/GLints/dict_16_192_64_0p5_0p02_0046_0005" 6935
"/Engine/EngineMaterials/Substrate/GLints/dict_16_192_64_0p5_0p02_0046_0004" 6936
"/Engine/EngineMaterials/Substrate/GLints/dict_16_192_64_0p5_0p02_0046_0003" 6937
"../../../Engine/Content/EngineMaterials/Substrate/GLints/dict_16_192_64_0p5_0p02_0048_0004.uasset" 6938
"../../../Engine/Content/EngineMaterials/Substrate/GLints/dict_16_192_64_0p5_0p02_0048_0003.uasset" 6939
"/Engine/EngineMaterials/Substrate/GLints/dict_16_192_64_0p5_0p02_0048_0002" 6940
"../../../Engine/Content/EngineMaterials/Substrate/GLints/dict_16_192_64_0p5_0p02_0048_0008.uasset" 6941
"../../../Engine/Content/EngineMaterials/Substrate/GLints/dict_16_192_64_0p5_0p02_0048_0005.uasset" 6942
"../../../Engine/Content/EngineMaterials/Substrate/GLints/dict_16_192_64_0p5_0p02_0048_0012.uasset" 6943
"../../../Engine/Content/EngineMaterials/Substrate/GLints/dict_16_192_64_0p5_0p02_0048_0010.uasset" 6944
"../../../Engine/Content/EngineMaterials/Substrate/GLints/dict_16_192_64_0p5_0p02_0048_0007.uasset" 6945
"../../../Engine/Content/EngineMaterials/Substrate/GLints/dict_16_192_64_0p5_0p02_0049_0001.uasset" 6946
"../../../Engine/Content/EngineMaterials/Substrate/GLints/dict_16_192_64_0p5_0p02_0049_0003.uasset" 6947
"../../../Engine/Content/EngineMaterials/Substrate/GLints/dict_16_192_64_0p5_0p02_0048_0015.uasset" 6948
"../../../Engine/Content/EngineMaterials/Substrate/GLints/dict_16_192_64_0p5_0p02_0048_0011.uasset" 6949
"../../../Engine/Content/EngineMaterials/Substrate/GLints/dict_16_192_64_0p5_0p02_0048_0014.uasset" 6950
"../../../Engine/Content/EngineMaterials/Substrate/GLints/dict_16_192_64_0p5_0p02_0049_0002.uasset" 6951
"../../../Engine/Content/EngineMaterials/Substrate/GLints/dict_16_192_64_0p5_0p02_0049_0004.uasset" 6952
"../../../Engine/Content/EngineMaterials/Substrate/GLints/dict_16_192_64_0p5_0p02_0049_0000.uasset" 6953
"../../../Engine/Content/EngineMaterials/Substrate/GLints/dict_16_192_64_0p5_0p02_0048_0013.uasset" 6954
"../../../Engine/Content/EngineMaterials/Substrate/GLints/dict_16_192_64_0p5_0p02_0048_0006.uasset" 6955
"../../../Engine/Content/EngineMaterials/Substrate/GLints/dict_16_192_64_0p5_0p02_0049_0005.uasset" 6956
"../../../Engine/Content/EngineMaterials/Substrate/GLints/dict_16_192_64_0p5_0p02_0048_0009.uasset" 6957
"../../../Engine/Content/EngineMaterials/Substrate/GLints/dict_16_192_64_0p5_0p02_0049_0007.uasset" 6958
"../../../Engine/Content/EngineMaterials/Substrate/GLints/dict_16_192_64_0p5_0p02_0049_0006.uasset" 6959
"../../../Engine/Content/EngineMaterials/Substrate/GLints/dict_16_192_64_0p5_0p02_0049_0008.uasset" 6960
"/Engine/EngineMaterials/Substrate/GLints/dict_16_192_64_0p5_0p02_0048_0001" 6961
"../../../Engine/Content/EngineMaterials/Substrate/GLints/dict_16_192_64_0p5_0p02_0049_0011.uasset" 6962
"../../../Engine/Content/EngineMaterials/Substrate/GLints/dict_16_192_64_0p5_0p02_0049_0010.uasset" 6963
"../../../Engine/Content/EngineMaterials/Substrate/GLints/dict_16_192_64_0p5_0p02_0049_0009.uasset" 6964
"../../../Engine/Content/EngineMaterials/Substrate/GLints/dict_16_192_64_0p5_0p02_0049_0012.uasset" 6965
"../../../Engine/Content/EngineMaterials/Substrate/GLints/dict_16_192_64_0p5_0p02_0049_0013.uasset" 6966
"/Engine/EngineMaterials/Substrate/GLints/dict_16_192_64_0p5_0p02_0048_0000" 6967
"/Engine/EngineMaterials/Substrate/GLints/dict_16_192_64_0p5_0p02_0047_0015" 6968
"/Engine/EngineMaterials/Substrate/GLints/dict_16_192_64_0p5_0p02_0047_0014" 6969
"../../../Engine/Content/EngineMaterials/Substrate/GLints/dict_16_192_64_0p5_0p02_0049_0015.uasset" 6970
"../../../Engine/Content/EngineMaterials/Substrate/GLints/dict_16_192_64_0p5_0p02_0049_0014.uasset" 6971
"/Engine/EngineMaterials/Substrate/GLints/dict_16_192_64_0p5_0p02_0049_0013" 6972
"../../../Engine/Content/EngineMaterials/Substrate/GLints/dict_16_192_64_0p5_0p02_0050_0000.uasset" 6973
"../../../Engine/Content/EngineMaterials/Substrate/GLints/dict_16_192_64_0p5_0p02_0050_0001.uasset" 6974
"../../../Engine/Content/EngineMaterials/Substrate/GLints/dict_16_192_64_0p5_0p02_0050_0002.uasset" 6975
"/Engine/EngineMaterials/Substrate/GLints/dict_16_192_64_0p5_0p02_0049_0012" 6976
"/Engine/EngineMaterials/Substrate/GLints/dict_16_192_64_0p5_0p02_0049_0011" 6977
"/Engine/EngineMaterials/Substrate/GLints/dict_16_192_64_0p5_0p02_0049_0010" 6978
"/Engine/EngineMaterials/Substrate/GLints/dict_16_192_64_0p5_0p02_0049_0009" 6979
"/Engine/EngineMaterials/Substrate/GLints/dict_16_192_64_0p5_0p02_0049_0008" 6980
"/Engine/EngineMaterials/Substrate/GLints/dict_16_192_64_0p5_0p02_0049_0007" 6981
"/Engine/EngineMaterials/Substrate/GLints/dict_16_192_64_0p5_0p02_0049_0006" 6982
"/Engine/EngineMaterials/Substrate/GLints/dict_16_192_64_0p5_0p02_0049_0005" 6983
"/Engine/EngineMaterials/Substrate/GLints/dict_16_192_64_0p5_0p02_0049_0004" 6984
"/Engine/EngineMaterials/Substrate/GLints/dict_16_192_64_0p5_0p02_0049_0003" 6985
"/Engine/EngineMaterials/Substrate/GLints/dict_16_192_64_0p5_0p02_0049_0002" 6986
"/Engine/EngineMaterials/Substrate/GLints/dict_16_192_64_0p5_0p02_0049_0001" 6987
"/Engine/EngineMaterials/Substrate/GLints/dict_16_192_64_0p5_0p02_0049_0000" 6988
"/Engine/EngineMaterials/Substrate/GLints/dict_16_192_64_0p5_0p02_0048_0015" 6989
"/Engine/EngineMaterials/Substrate/GLints/dict_16_192_64_0p5_0p02_0048_0014" 6990
"/Engine/EngineMaterials/Substrate/GLints/dict_16_192_64_0p5_0p02_0048_0013" 6991
"/Engine/EngineMaterials/Substrate/GLints/dict_16_192_64_0p5_0p02_0048_0012" 6992
"/Engine/EngineMaterials/Substrate/GLints/dict_16_192_64_0p5_0p02_0048_0011" 6993
"/Engine/EngineMaterials/Substrate/GLints/dict_16_192_64_0p5_0p02_0048_0010" 6994
"/Engine/EngineMaterials/Substrate/GLints/dict_16_192_64_0p5_0p02_0048_0009" 6995
"/Engine/EngineMaterials/Substrate/GLints/dict_16_192_64_0p5_0p02_0048_0008" 6996
"/Engine/EngineMaterials/Substrate/GLints/dict_16_192_64_0p5_0p02_0048_0007" 6997
"/Engine/EngineMaterials/Substrate/GLints/dict_16_192_64_0p5_0p02_0048_0006" 6998
"/Engine/EngineMaterials/Substrate/GLints/dict_16_192_64_0p5_0p02_0048_0005" 6999
"/Engine/EngineMaterials/Substrate/GLints/dict_16_192_64_0p5_0p02_0048_0004" 7000
"/Engine/EngineMaterials/Substrate/GLints/dict_16_192_64_0p5_0p02_0048_0003" 7001
"../../../Engine/Content/EngineMaterials/Substrate/GLints/dict_16_192_64_0p5_0p02_0050_0003.uasset" 7002
"/Engine/EngineMaterials/Substrate/GLints/dict_16_192_64_0p5_0p02_0050_0002" 7003
"../../../Engine/Content/EngineMaterials/Substrate/GLints/dict_16_192_64_0p5_0p02_0050_0004.uasset" 7004
"../../../Engine/Content/EngineMaterials/Substrate/GLints/dict_16_192_64_0p5_0p02_0050_0007.uasset" 7005
"../../../Engine/Content/EngineMaterials/Substrate/GLints/dict_16_192_64_0p5_0p02_0050_0009.uasset" 7006
"../../../Engine/Content/EngineMaterials/Substrate/GLints/dict_16_192_64_0p5_0p02_0050_0008.uasset" 7007
"../../../Engine/Content/EngineMaterials/Substrate/GLints/dict_16_192_64_0p5_0p02_0050_0011.uasset" 7008
"../../../Engine/Content/EngineMaterials/Substrate/GLints/dict_16_192_64_0p5_0p02_0050_0005.uasset" 7009
"../../../Engine/Content/EngineMaterials/Substrate/GLints/dict_16_192_64_0p5_0p02_0050_0006.uasset" 7010
"../../../Engine/Content/EngineMaterials/Substrate/GLints/dict_16_192_64_0p5_0p02_0050_0012.uasset" 7011
"../../../Engine/Content/EngineMaterials/Substrate/GLints/dict_16_192_64_0p5_0p02_0050_0015.uasset" 7012
"../../../Engine/Content/EngineMaterials/Substrate/GLints/dict_16_192_64_0p5_0p02_0050_0013.uasset" 7013
"../../../Engine/Content/EngineMaterials/Substrate/GLints/dict_16_192_64_0p5_0p02_0050_0014.uasset" 7014
"../../../Engine/Content/EngineMaterials/Substrate/GLints/dict_16_192_64_0p5_0p02_0051_0000.uasset" 7015
"../../../Engine/Content/EngineMaterials/Substrate/GLints/dict_16_192_64_0p5_0p02_0051_0001.uasset" 7016
"../../../Engine/Content/EngineMaterials/Substrate/GLints/dict_16_192_64_0p5_0p02_0051_0002.uasset" 7017
"../../../Engine/Content/EngineMaterials/Substrate/GLints/dict_16_192_64_0p5_0p02_0050_0010.uasset" 7018
"../../../Engine/Content/EngineMaterials/Substrate/GLints/dict_16_192_64_0p5_0p02_0051_0004.uasset" 7019
"../../../Engine/Content/EngineMaterials/Substrate/GLints/dict_16_192_64_0p5_0p02_0051_0003.uasset" 7020
"/Engine/EngineMaterials/Substrate/GLints/dict_16_192_64_0p5_0p02_0050_0001" 7021
"../../../Engine/Content/EngineMaterials/Substrate/GLints/dict_16_192_64_0p5_0p02_0051_0005.uasset" 7022
"../../../Engine/Content/EngineMaterials/Substrate/GLints/dict_16_192_64_0p5_0p02_0051_0007.uasset" 7023
"../../../Engine/Content/EngineMaterials/Substrate/GLints/dict_16_192_64_0p5_0p02_0051_0008.uasset" 7024
"../../../Engine/Content/EngineMaterials/Substrate/GLints/dict_16_192_64_0p5_0p02_0051_0006.uasset" 7025
"../../../Engine/Content/EngineMaterials/Substrate/GLints/dict_16_192_64_0p5_0p02_0051_0012.uasset" 7026
"../../../Engine/Content/EngineMaterials/Substrate/GLints/dict_16_192_64_0p5_0p02_0051_0010.uasset" 7027
"../../../Engine/Content/EngineMaterials/Substrate/GLints/dict_16_192_64_0p5_0p02_0051_0009.uasset" 7028
"../../../Engine/Content/EngineMaterials/Substrate/GLints/dict_16_192_64_0p5_0p02_0051_0011.uasset" 7029
"../../../Engine/Content/EngineMaterials/Substrate/GLints/dict_16_192_64_0p5_0p02_0051_0013.uasset" 7030
"/Engine/EngineMaterials/Substrate/GLints/dict_16_192_64_0p5_0p02_0050_0000" 7031
"/Engine/EngineMaterials/Substrate/GLints/dict_16_192_64_0p5_0p02_0049_0015" 7032
"/Engine/EngineMaterials/Substrate/GLints/dict_16_192_64_0p5_0p02_0049_0014" 7033
"/Engine/EngineMaterials/Substrate/GLints/dict_16_192_64_0p5_0p02_0051_0013" 7034
"../../../Engine/Content/EngineMaterials/Substrate/GLints/dict_16_192_64_0p5_0p02_0052_0000.uasset" 7035
"../../../Engine/Content/EngineMaterials/Substrate/GLints/dict_16_192_64_0p5_0p02_0051_0014.uasset" 7036
"../../../Engine/Content/EngineMaterials/Substrate/GLints/dict_16_192_64_0p5_0p02_0051_0015.uasset" 7037
"../../../Engine/Content/EngineMaterials/Substrate/GLints/dict_16_192_64_0p5_0p02_0052_0001.uasset" 7038
"../../../Engine/Content/EngineMaterials/Substrate/GLints/dict_16_192_64_0p5_0p02_0052_0002.uasset" 7039
"/Engine/EngineMaterials/Substrate/GLints/dict_16_192_64_0p5_0p02_0051_0012" 7040
"/Engine/EngineMaterials/Substrate/GLints/dict_16_192_64_0p5_0p02_0051_0011" 7041
"/Engine/EngineMaterials/Substrate/GLints/dict_16_192_64_0p5_0p02_0051_0010" 7042
"/Engine/EngineMaterials/Substrate/GLints/dict_16_192_64_0p5_0p02_0051_0009" 7043
"/Engine/EngineMaterials/Substrate/GLints/dict_16_192_64_0p5_0p02_0051_0008" 7044
"/Engine/EngineMaterials/Substrate/GLints/dict_16_192_64_0p5_0p02_0051_0007" 7045
"/Engine/EngineMaterials/Substrate/GLints/dict_16_192_64_0p5_0p02_0051_0006" 7046
"/Engine/EngineMaterials/Substrate/GLints/dict_16_192_64_0p5_0p02_0051_0005" 7047
"/Engine/EngineMaterials/Substrate/GLints/dict_16_192_64_0p5_0p02_0051_0004" 7048
"/Engine/EngineMaterials/Substrate/GLints/dict_16_192_64_0p5_0p02_0051_0003" 7049
"/Engine/EngineMaterials/Substrate/GLints/dict_16_192_64_0p5_0p02_0051_0002" 7050
"/Engine/EngineMaterials/Substrate/GLints/dict_16_192_64_0p5_0p02_0051_0001" 7051
"/Engine/EngineMaterials/Substrate/GLints/dict_16_192_64_0p5_0p02_0051_0000" 7052
"/Engine/EngineMaterials/Substrate/GLints/dict_16_192_64_0p5_0p02_0050_0015" 7053
"/Engine/EngineMaterials/Substrate/GLints/dict_16_192_64_0p5_0p02_0050_0014" 7054
"/Engine/EngineMaterials/Substrate/GLints/dict_16_192_64_0p5_0p02_0050_0013" 7055
"/Engine/EngineMaterials/Substrate/GLints/dict_16_192_64_0p5_0p02_0050_0012" 7056
"/Engine/EngineMaterials/Substrate/GLints/dict_16_192_64_0p5_0p02_0050_0011" 7057
"/Engine/EngineMaterials/Substrate/GLints/dict_16_192_64_0p5_0p02_0050_0010" 7058
"/Engine/EngineMaterials/Substrate/GLints/dict_16_192_64_0p5_0p02_0050_0009" 7059
"/Engine/EngineMaterials/Substrate/GLints/dict_16_192_64_0p5_0p02_0050_0008" 7060
"/Engine/EngineMaterials/Substrate/GLints/dict_16_192_64_0p5_0p02_0050_0007" 7061
"/Engine/EngineMaterials/Substrate/GLints/dict_16_192_64_0p5_0p02_0050_0006" 7062
"/Engine/EngineMaterials/Substrate/GLints/dict_16_192_64_0p5_0p02_0050_0005" 7063
"/Engine/EngineMaterials/Substrate/GLints/dict_16_192_64_0p5_0p02_0050_0004" 7064
"/Engine/EngineMaterials/Substrate/GLints/dict_16_192_64_0p5_0p02_0050_0003" 7065
"../../../Engine/Content/EngineMaterials/Substrate/GLints/dict_16_192_64_0p5_0p02_0052_0004.uasset" 7066
"../../../Engine/Content/EngineMaterials/Substrate/GLints/dict_16_192_64_0p5_0p02_0052_0003.uasset" 7067
"/Engine/EngineMaterials/Substrate/GLints/dict_16_192_64_0p5_0p02_0052_0002" 7068
"../../../Engine/Content/EngineMaterials/Substrate/GLints/dict_16_192_64_0p5_0p02_0052_0009.uasset" 7069
"../../../Engine/Content/EngineMaterials/Substrate/GLints/dict_16_192_64_0p5_0p02_0052_0005.uasset" 7070
"../../../Engine/Content/EngineMaterials/Substrate/GLints/dict_16_192_64_0p5_0p02_0052_0006.uasset" 7071
"../../../Engine/Content/EngineMaterials/Substrate/GLints/dict_16_192_64_0p5_0p02_0052_0012.uasset" 7072
"../../../Engine/Content/EngineMaterials/Substrate/GLints/dict_16_192_64_0p5_0p02_0052_0010.uasset" 7073
"../../../Engine/Content/EngineMaterials/Substrate/GLints/dict_16_192_64_0p5_0p02_0052_0007.uasset" 7074
"../../../Engine/Content/EngineMaterials/Substrate/GLints/dict_16_192_64_0p5_0p02_0052_0013.uasset" 7075
"../../../Engine/Content/EngineMaterials/Substrate/GLints/dict_16_192_64_0p5_0p02_0052_0015.uasset" 7076
"../../../Engine/Content/EngineMaterials/Substrate/GLints/dict_16_192_64_0p5_0p02_0052_0008.uasset" 7077
"../../../Engine/Content/EngineMaterials/Substrate/GLints/dict_16_192_64_0p5_0p02_0052_0014.uasset" 7078
"../../../Engine/Content/EngineMaterials/Substrate/GLints/dict_16_192_64_0p5_0p02_0053_0000.uasset" 7079
"../../../Engine/Content/EngineMaterials/Substrate/GLints/dict_16_192_64_0p5_0p02_0053_0003.uasset" 7080
"../../../Engine/Content/EngineMaterials/Substrate/GLints/dict_16_192_64_0p5_0p02_0053_0002.uasset" 7081
"../../../Engine/Content/EngineMaterials/Substrate/GLints/dict_16_192_64_0p5_0p02_0052_0011.uasset" 7082
"../../../Engine/Content/EngineMaterials/Substrate/GLints/dict_16_192_64_0p5_0p02_0053_0004.uasset" 7083
"../../../Engine/Content/EngineMaterials/Substrate/GLints/dict_16_192_64_0p5_0p02_0053_0001.uasset" 7084
"../../../Engine/Content/EngineMaterials/Substrate/GLints/dict_16_192_64_0p5_0p02_0053_0005.uasset" 7085
"../../../Engine/Content/EngineMaterials/Substrate/GLints/dict_16_192_64_0p5_0p02_0053_0007.uasset" 7086
"../../../Engine/Content/EngineMaterials/Substrate/GLints/dict_16_192_64_0p5_0p02_0053_0008.uasset" 7087
"../../../Engine/Content/EngineMaterials/Substrate/GLints/dict_16_192_64_0p5_0p02_0053_0006.uasset" 7088
"../../../Engine/Content/EngineMaterials/Substrate/GLints/dict_16_192_64_0p5_0p02_0053_0010.uasset" 7089
"../../../Engine/Content/EngineMaterials/Substrate/GLints/dict_16_192_64_0p5_0p02_0053_0012.uasset" 7090
"/Engine/EngineMaterials/Substrate/GLints/dict_16_192_64_0p5_0p02_0052_0001" 7091
"../../../Engine/Content/EngineMaterials/Substrate/GLints/dict_16_192_64_0p5_0p02_0053_0009.uasset" 7092
"../../../Engine/Content/EngineMaterials/Substrate/GLints/dict_16_192_64_0p5_0p02_0053_0011.uasset" 7093
"../../../Engine/Content/EngineMaterials/Substrate/GLints/dict_16_192_64_0p5_0p02_0053_0013.uasset" 7094
"/Engine/EngineMaterials/Substrate/GLints/dict_16_192_64_0p5_0p02_0052_0000" 7095
"/Engine/EngineMaterials/Substrate/GLints/dict_16_192_64_0p5_0p02_0051_0015" 7096
"/Engine/EngineMaterials/Substrate/GLints/dict_16_192_64_0p5_0p02_0051_0014" 7097
"../../../Engine/Content/EngineMaterials/Substrate/GLints/dict_16_192_64_0p5_0p02_0053_0015.uasset" 7098
"../../../Engine/Content/EngineMaterials/Substrate/GLints/dict_16_192_64_0p5_0p02_0054_0000.uasset" 7099
"../../../Engine/Content/EngineMaterials/Substrate/GLints/dict_16_192_64_0p5_0p02_0053_0014.uasset" 7100
"/Engine/EngineMaterials/Substrate/GLints/dict_16_192_64_0p5_0p02_0053_0013" 7101
"../../../Engine/Content/EngineMaterials/Substrate/GLints/dict_16_192_64_0p5_0p02_0054_0001.uasset" 7102
"../../../Engine/Content/EngineMaterials/Substrate/GLints/dict_16_192_64_0p5_0p02_0054_0002.uasset" 7103
"/Engine/EngineMaterials/Substrate/GLints/dict_16_192_64_0p5_0p02_0053_0012" 7104
"/Engine/EngineMaterials/Substrate/GLints/dict_16_192_64_0p5_0p02_0053_0011" 7105
"/Engine/EngineMaterials/Substrate/GLints/dict_16_192_64_0p5_0p02_0053_0010" 7106
"/Engine/EngineMaterials/Substrate/GLints/dict_16_192_64_0p5_0p02_0053_0009" 7107
"/Engine/EngineMaterials/Substrate/GLints/dict_16_192_64_0p5_0p02_0053_0008" 7108
"/Engine/EngineMaterials/Substrate/GLints/dict_16_192_64_0p5_0p02_0053_0007" 7109
"/Engine/EngineMaterials/Substrate/GLints/dict_16_192_64_0p5_0p02_0053_0006" 7110
"/Engine/EngineMaterials/Substrate/GLints/dict_16_192_64_0p5_0p02_0053_0005" 7111
"/Engine/EngineMaterials/Substrate/GLints/dict_16_192_64_0p5_0p02_0053_0004" 7112
"/Engine/EngineMaterials/Substrate/GLints/dict_16_192_64_0p5_0p02_0053_0003" 7113
"/Engine/EngineMaterials/Substrate/GLints/dict_16_192_64_0p5_0p02_0053_0002" 7114
"/Engine/EngineMaterials/Substrate/GLints/dict_16_192_64_0p5_0p02_0053_0001" 7115
"/Engine/EngineMaterials/Substrate/GLints/dict_16_192_64_0p5_0p02_0053_0000" 7116
"/Engine/EngineMaterials/Substrate/GLints/dict_16_192_64_0p5_0p02_0052_0015" 7117
"/Engine/EngineMaterials/Substrate/GLints/dict_16_192_64_0p5_0p02_0052_0014" 7118
"/Engine/EngineMaterials/Substrate/GLints/dict_16_192_64_0p5_0p02_0052_0013" 7119
"/Engine/EngineMaterials/Substrate/GLints/dict_16_192_64_0p5_0p02_0052_0012" 7120
"/Engine/EngineMaterials/Substrate/GLints/dict_16_192_64_0p5_0p02_0052_0011" 7121
"/Engine/EngineMaterials/Substrate/GLints/dict_16_192_64_0p5_0p02_0052_0010" 7122
"/Engine/EngineMaterials/Substrate/GLints/dict_16_192_64_0p5_0p02_0052_0009" 7123
"/Engine/EngineMaterials/Substrate/GLints/dict_16_192_64_0p5_0p02_0052_0008" 7124
"/Engine/EngineMaterials/Substrate/GLints/dict_16_192_64_0p5_0p02_0052_0007" 7125
"/Engine/EngineMaterials/Substrate/GLints/dict_16_192_64_0p5_0p02_0052_0006" 7126
"/Engine/EngineMaterials/Substrate/GLints/dict_16_192_64_0p5_0p02_0052_0005" 7127
"/Engine/EngineMaterials/Substrate/GLints/dict_16_192_64_0p5_0p02_0052_0004" 7128
"/Engine/EngineMaterials/Substrate/GLints/dict_16_192_64_0p5_0p02_0052_0003" 7129
"../../../Engine/Content/EngineMaterials/Substrate/GLints/dict_16_192_64_0p5_0p02_0054_0003.uasset" 7130
"../../../Engine/Content/EngineMaterials/Substrate/GLints/dict_16_192_64_0p5_0p02_0054_0004.uasset" 7131
"/Engine/EngineMaterials/Substrate/GLints/dict_16_192_64_0p5_0p02_0054_0002" 7132
"../../../Engine/Content/EngineMaterials/Substrate/GLints/dict_16_192_64_0p5_0p02_0054_0009.uasset" 7133
"../../../Engine/Content/EngineMaterials/Substrate/GLints/dict_16_192_64_0p5_0p02_0054_0007.uasset" 7134
"../../../Engine/Content/EngineMaterials/Substrate/GLints/dict_16_192_64_0p5_0p02_0054_0013.uasset" 7135
"../../../Engine/Content/EngineMaterials/Substrate/GLints/dict_16_192_64_0p5_0p02_0054_0010.uasset" 7136
"../../../Engine/Content/EngineMaterials/Substrate/GLints/dict_16_192_64_0p5_0p02_0054_0006.uasset" 7137
"../../../Engine/Content/EngineMaterials/Substrate/GLints/dict_16_192_64_0p5_0p02_0054_0011.uasset" 7138
"../../../Engine/Content/EngineMaterials/Substrate/GLints/dict_16_192_64_0p5_0p02_0054_0005.uasset" 7139
"../../../Engine/Content/EngineMaterials/Substrate/GLints/dict_16_192_64_0p5_0p02_0054_0008.uasset" 7140
"../../../Engine/Content/EngineMaterials/Substrate/GLints/dict_16_192_64_0p5_0p02_0054_0012.uasset" 7141
"../../../Engine/Content/EngineMaterials/Substrate/GLints/dict_16_192_64_0p5_0p02_0054_0014.uasset" 7142
"../../../Engine/Content/EngineMaterials/Substrate/GLints/dict_16_192_64_0p5_0p02_0054_0015.uasset" 7143
"/Engine/EngineMaterials/Substrate/GLints/dict_16_192_64_0p5_0p02_0054_0001" 7144
"../../../Engine/Content/EngineMaterials/Substrate/GLints/dict_16_192_64_0p5_0p02_0055_0000.uasset" 7145
"../../../Engine/Content/EngineMaterials/Substrate/GLints/dict_16_192_64_0p5_0p02_0055_0004.uasset" 7146
"../../../Engine/Content/EngineMaterials/Substrate/GLints/dict_16_192_64_0p5_0p02_0055_0002.uasset" 7147
"../../../Engine/Content/EngineMaterials/Substrate/GLints/dict_16_192_64_0p5_0p02_0055_0003.uasset" 7148
"../../../Engine/Content/EngineMaterials/Substrate/GLints/dict_16_192_64_0p5_0p02_0055_0001.uasset" 7149
"../../../Engine/Content/EngineMaterials/Substrate/GLints/dict_16_192_64_0p5_0p02_0055_0005.uasset" 7150
"../../../Engine/Content/EngineMaterials/Substrate/GLints/dict_16_192_64_0p5_0p02_0055_0007.uasset" 7151
"../../../Engine/Content/EngineMaterials/Substrate/GLints/dict_16_192_64_0p5_0p02_0055_0008.uasset" 7152
"../../../Engine/Content/EngineMaterials/Substrate/GLints/dict_16_192_64_0p5_0p02_0055_0009.uasset" 7153
"/Engine/EngineMaterials/Substrate/GLints/dict_16_192_64_0p5_0p02_0054_0000" 7154
"../../../Engine/Content/EngineMaterials/Substrate/GLints/dict_16_192_64_0p5_0p02_0055_0010.uasset" 7155
"../../../Engine/Content/EngineMaterials/Substrate/GLints/dict_16_192_64_0p5_0p02_0055_0012.uasset" 7156
"../../../Engine/Content/EngineMaterials/Substrate/GLints/dict_16_192_64_0p5_0p02_0055_0011.uasset" 7157
"../../../Engine/Content/EngineMaterials/Substrate/GLints/dict_16_192_64_0p5_0p02_0055_0006.uasset" 7158
"../../../Engine/Content/EngineMaterials/Substrate/GLints/dict_16_192_64_0p5_0p02_0055_0013.uasset" 7159
"/Engine/EngineMaterials/Substrate/GLints/dict_16_192_64_0p5_0p02_0053_0015" 7160
"/Engine/EngineMaterials/Substrate/GLints/dict_16_192_64_0p5_0p02_0053_0014" 7161
"../../../Engine/Content/EngineMaterials/Substrate/GLints/dict_16_192_64_0p5_0p02_0055_0015.uasset" 7162
"../../../Engine/Content/EngineMaterials/Substrate/GLints/dict_16_192_64_0p5_0p02_0056_0000.uasset" 7163
"../../../Engine/Content/EngineMaterials/Substrate/GLints/dict_16_192_64_0p5_0p02_0055_0014.uasset" 7164
"/Engine/EngineMaterials/Substrate/GLints/dict_16_192_64_0p5_0p02_0055_0013" 7165
"../../../Engine/Content/EngineMaterials/Substrate/GLints/dict_16_192_64_0p5_0p02_0056_0001.uasset" 7166
"../../../Engine/Content/EngineMaterials/Substrate/GLints/dict_16_192_64_0p5_0p02_0056_0002.uasset" 7167
"/Engine/EngineMaterials/Substrate/GLints/dict_16_192_64_0p5_0p02_0055_0012" 7168
"/Engine/EngineMaterials/Substrate/GLints/dict_16_192_64_0p5_0p02_0055_0011" 7169
"/Engine/EngineMaterials/Substrate/GLints/dict_16_192_64_0p5_0p02_0055_0010" 7170
"/Engine/EngineMaterials/Substrate/GLints/dict_16_192_64_0p5_0p02_0055_0009" 7171
"/Engine/EngineMaterials/Substrate/GLints/dict_16_192_64_0p5_0p02_0055_0008" 7172
"/Engine/EngineMaterials/Substrate/GLints/dict_16_192_64_0p5_0p02_0055_0007" 7173
"/Engine/EngineMaterials/Substrate/GLints/dict_16_192_64_0p5_0p02_0055_0006" 7174
"/Engine/EngineMaterials/Substrate/GLints/dict_16_192_64_0p5_0p02_0055_0005" 7175
"/Engine/EngineMaterials/Substrate/GLints/dict_16_192_64_0p5_0p02_0055_0004" 7176
"/Engine/EngineMaterials/Substrate/GLints/dict_16_192_64_0p5_0p02_0055_0003" 7177
"/Engine/EngineMaterials/Substrate/GLints/dict_16_192_64_0p5_0p02_0055_0002" 7178
"/Engine/EngineMaterials/Substrate/GLints/dict_16_192_64_0p5_0p02_0055_0001" 7179
"/Engine/EngineMaterials/Substrate/GLints/dict_16_192_64_0p5_0p02_0055_0000" 7180
"/Engine/EngineMaterials/Substrate/GLints/dict_16_192_64_0p5_0p02_0054_0015" 7181
"/Engine/EngineMaterials/Substrate/GLints/dict_16_192_64_0p5_0p02_0054_0014" 7182
"/Engine/EngineMaterials/Substrate/GLints/dict_16_192_64_0p5_0p02_0054_0013" 7183
"/Engine/EngineMaterials/Substrate/GLints/dict_16_192_64_0p5_0p02_0054_0012" 7184
"/Engine/EngineMaterials/Substrate/GLints/dict_16_192_64_0p5_0p02_0054_0011" 7185
"/Engine/EngineMaterials/Substrate/GLints/dict_16_192_64_0p5_0p02_0054_0010" 7186
"/Engine/EngineMaterials/Substrate/GLints/dict_16_192_64_0p5_0p02_0054_0009" 7187
"/Engine/EngineMaterials/Substrate/GLints/dict_16_192_64_0p5_0p02_0054_0008" 7188
"/Engine/EngineMaterials/Substrate/GLints/dict_16_192_64_0p5_0p02_0054_0007" 7189
"/Engine/EngineMaterials/Substrate/GLints/dict_16_192_64_0p5_0p02_0054_0006" 7190
"/Engine/EngineMaterials/Substrate/GLints/dict_16_192_64_0p5_0p02_0054_0005" 7191
"/Engine/EngineMaterials/Substrate/GLints/dict_16_192_64_0p5_0p02_0054_0004" 7192
"/Engine/EngineMaterials/Substrate/GLints/dict_16_192_64_0p5_0p02_0054_0003" 7193
"/Engine/EngineMaterials/Substrate/GLints/dict_16_192_64_0p5_0p02_0056_0002" 7194
"../../../Engine/Content/EngineMaterials/Substrate/GLints/dict_16_192_64_0p5_0p02_0056_0004.uasset" 7195
"../../../Engine/Content/EngineMaterials/Substrate/GLints/dict_16_192_64_0p5_0p02_0056_0003.uasset" 7196
"../../../Engine/Content/EngineMaterials/Substrate/GLints/dict_16_192_64_0p5_0p02_0056_0008.uasset" 7197
"../../../Engine/Content/EngineMaterials/Substrate/GLints/dict_16_192_64_0p5_0p02_0056_0010.uasset" 7198
"../../../Engine/Content/EngineMaterials/Substrate/GLints/dict_16_192_64_0p5_0p02_0056_0006.uasset" 7199
"../../../Engine/Content/EngineMaterials/Substrate/GLints/dict_16_192_64_0p5_0p02_0056_0005.uasset" 7200
"../../../Engine/Content/EngineMaterials/Substrate/GLints/dict_16_192_64_0p5_0p02_0056_0007.uasset" 7201
"/Engine/EngineMaterials/Substrate/GLints/dict_16_192_64_0p5_0p02_0056_0001" 7202
"../../../Engine/Content/EngineMaterials/Substrate/GLints/dict_16_192_64_0p5_0p02_0056_0011.uasset" 7203
"../../../Engine/Content/EngineMaterials/Substrate/GLints/dict_16_192_64_0p5_0p02_0056_0012.uasset" 7204
"../../../Engine/Content/EngineMaterials/Substrate/GLints/dict_16_192_64_0p5_0p02_0056_0009.uasset" 7205
"../../../Engine/Content/EngineMaterials/Substrate/GLints/dict_16_192_64_0p5_0p02_0056_0014.uasset" 7206
"../../../Engine/Content/EngineMaterials/Substrate/GLints/dict_16_192_64_0p5_0p02_0056_0013.uasset" 7207
"../../../Engine/Content/EngineMaterials/Substrate/GLints/dict_16_192_64_0p5_0p02_0056_0015.uasset" 7208
"../../../Engine/Content/EngineMaterials/Substrate/GLints/dict_16_192_64_0p5_0p02_0057_0000.uasset" 7209
"/Engine/EngineMaterials/Substrate/GLints/dict_16_192_64_0p5_0p02_0056_0000" 7210
"../../../Engine/Content/EngineMaterials/Substrate/GLints/dict_16_192_64_0p5_0p02_0057_0001.uasset" 7211
"../../../Engine/Content/EngineMaterials/Substrate/GLints/dict_16_192_64_0p5_0p02_0057_0002.uasset" 7212
"../../../Engine/Content/EngineMaterials/Substrate/GLints/dict_16_192_64_0p5_0p02_0057_0004.uasset" 7213
"../../../Engine/Content/EngineMaterials/Substrate/GLints/dict_16_192_64_0p5_0p02_0057_0003.uasset" 7214
"../../../Engine/Content/EngineMaterials/Substrate/GLints/dict_16_192_64_0p5_0p02_0057_0008.uasset" 7215
"../../../Engine/Content/EngineMaterials/Substrate/GLints/dict_16_192_64_0p5_0p02_0057_0005.uasset" 7216
"../../../Engine/Content/EngineMaterials/Substrate/GLints/dict_16_192_64_0p5_0p02_0057_0007.uasset" 7217
"../../../Engine/Content/EngineMaterials/Substrate/GLints/dict_16_192_64_0p5_0p02_0057_0006.uasset" 7218
"/Engine/EngineMaterials/Substrate/GLints/dict_16_192_64_0p5_0p02_0055_0015" 7219
"../../../Engine/Content/EngineMaterials/Substrate/GLints/dict_16_192_64_0p5_0p02_0057_0009.uasset" 7220
"../../../Engine/Content/EngineMaterials/Substrate/GLints/dict_16_192_64_0p5_0p02_0057_0010.uasset" 7221
"../../../Engine/Content/EngineMaterials/Substrate/GLints/dict_16_192_64_0p5_0p02_0057_0011.uasset" 7222
"../../../Engine/Content/EngineMaterials/Substrate/GLints/dict_16_192_64_0p5_0p02_0057_0012.uasset" 7223
"/Engine/EngineMaterials/Substrate/GLints/dict_16_192_64_0p5_0p02_0055_0014" 7224
"../../../Engine/Content/EngineMaterials/Substrate/GLints/dict_16_192_64_0p5_0p02_0057_0013.uasset" 7225
"../../../Engine/Content/EngineMaterials/Substrate/GLints/dict_16_192_64_0p5_0p02_0058_0000.uasset" 7226
"../../../Engine/Content/EngineMaterials/Substrate/GLints/dict_16_192_64_0p5_0p02_0057_0014.uasset" 7227
"../../../Engine/Content/EngineMaterials/Substrate/GLints/dict_16_192_64_0p5_0p02_0057_0015.uasset" 7228
"/Engine/EngineMaterials/Substrate/GLints/dict_16_192_64_0p5_0p02_0057_0013" 7229
"../../../Engine/Content/EngineMaterials/Substrate/GLints/dict_16_192_64_0p5_0p02_0058_0002.uasset" 7230
"../../../Engine/Content/EngineMaterials/Substrate/GLints/dict_16_192_64_0p5_0p02_0058_0001.uasset" 7231
"/Engine/EngineMaterials/Substrate/GLints/dict_16_192_64_0p5_0p02_0057_0012" 7232
"/Engine/EngineMaterials/Substrate/GLints/dict_16_192_64_0p5_0p02_0057_0011" 7233
"/Engine/EngineMaterials/Substrate/GLints/dict_16_192_64_0p5_0p02_0057_0010" 7234
"/Engine/EngineMaterials/Substrate/GLints/dict_16_192_64_0p5_0p02_0057_0009" 7235
"/Engine/EngineMaterials/Substrate/GLints/dict_16_192_64_0p5_0p02_0057_0008" 7236
"/Engine/EngineMaterials/Substrate/GLints/dict_16_192_64_0p5_0p02_0057_0007" 7237
"/Engine/EngineMaterials/Substrate/GLints/dict_16_192_64_0p5_0p02_0057_0006" 7238
"/Engine/EngineMaterials/Substrate/GLints/dict_16_192_64_0p5_0p02_0057_0005" 7239
"/Engine/EngineMaterials/Substrate/GLints/dict_16_192_64_0p5_0p02_0057_0004" 7240
"/Engine/EngineMaterials/Substrate/GLints/dict_16_192_64_0p5_0p02_0057_0003" 7241
"/Engine/EngineMaterials/Substrate/GLints/dict_16_192_64_0p5_0p02_0057_0002" 7242
"/Engine/EngineMaterials/Substrate/GLints/dict_16_192_64_0p5_0p02_0057_0001" 7243
"/Engine/EngineMaterials/Substrate/GLints/dict_16_192_64_0p5_0p02_0057_0000" 7244
"/Engine/EngineMaterials/Substrate/GLints/dict_16_192_64_0p5_0p02_0056_0015" 7245
"/Engine/EngineMaterials/Substrate/GLints/dict_16_192_64_0p5_0p02_0056_0014" 7246
"/Engine/EngineMaterials/Substrate/GLints/dict_16_192_64_0p5_0p02_0056_0013" 7247
"/Engine/EngineMaterials/Substrate/GLints/dict_16_192_64_0p5_0p02_0056_0012" 7248
"/Engine/EngineMaterials/Substrate/GLints/dict_16_192_64_0p5_0p02_0056_0011" 7249
"/Engine/EngineMaterials/Substrate/GLints/dict_16_192_64_0p5_0p02_0056_0010" 7250
"/Engine/EngineMaterials/Substrate/GLints/dict_16_192_64_0p5_0p02_0056_0009" 7251
"/Engine/EngineMaterials/Substrate/GLints/dict_16_192_64_0p5_0p02_0056_0008" 7252
"/Engine/EngineMaterials/Substrate/GLints/dict_16_192_64_0p5_0p02_0056_0007" 7253
"/Engine/EngineMaterials/Substrate/GLints/dict_16_192_64_0p5_0p02_0056_0006" 7254
"/Engine/EngineMaterials/Substrate/GLints/dict_16_192_64_0p5_0p02_0056_0005" 7255
"/Engine/EngineMaterials/Substrate/GLints/dict_16_192_64_0p5_0p02_0056_0004" 7256
"/Engine/EngineMaterials/Substrate/GLints/dict_16_192_64_0p5_0p02_0056_0003" 7257
"../../../Engine/Content/EngineMaterials/Substrate/GLints/dict_16_192_64_0p5_0p02_0058_0003.uasset" 7258
"../../../Engine/Content/EngineMaterials/Substrate/GLints/dict_16_192_64_0p5_0p02_0058_0004.uasset" 7259
"/Engine/EngineMaterials/Substrate/GLints/dict_16_192_64_0p5_0p02_0058_0002" 7260
"../../../Engine/Content/EngineMaterials/Substrate/GLints/dict_16_192_64_0p5_0p02_0058_0009.uasset" 7261
"../../../Engine/Content/EngineMaterials/Substrate/GLints/dict_16_192_64_0p5_0p02_0058_0011.uasset" 7262
"../../../Engine/Content/EngineMaterials/Substrate/GLints/dict_16_192_64_0p5_0p02_0058_0006.uasset" 7263
"../../../Engine/Content/EngineMaterials/Substrate/GLints/dict_16_192_64_0p5_0p02_0058_0013.uasset" 7264
"../../../Engine/Content/EngineMaterials/Substrate/GLints/dict_16_192_64_0p5_0p02_0058_0007.uasset" 7265
"../../../Engine/Content/EngineMaterials/Substrate/GLints/dict_16_192_64_0p5_0p02_0058_0005.uasset" 7266
"../../../Engine/Content/EngineMaterials/Substrate/GLints/dict_16_192_64_0p5_0p02_0058_0014.uasset" 7267
"../../../Engine/Content/EngineMaterials/Substrate/GLints/dict_16_192_64_0p5_0p02_0058_0012.uasset" 7268
"../../../Engine/Content/EngineMaterials/Substrate/GLints/dict_16_192_64_0p5_0p02_0058_0010.uasset" 7269
"../../../Engine/Content/EngineMaterials/Substrate/GLints/dict_16_192_64_0p5_0p02_0059_0000.uasset" 7270
"../../../Engine/Content/EngineMaterials/Substrate/GLints/dict_16_192_64_0p5_0p02_0059_0003.uasset" 7271
"../../../Engine/Content/EngineMaterials/Substrate/GLints/dict_16_192_64_0p5_0p02_0058_0015.uasset" 7272
"../../../Engine/Content/EngineMaterials/Substrate/GLints/dict_16_192_64_0p5_0p02_0058_0008.uasset" 7273
"../../../Engine/Content/EngineMaterials/Substrate/GLints/dict_16_192_64_0p5_0p02_0059_0004.uasset" 7274
"../../../Engine/Content/EngineMaterials/Substrate/GLints/dict_16_192_64_0p5_0p02_0059_0005.uasset" 7275
"/Engine/EngineMaterials/Substrate/GLints/dict_16_192_64_0p5_0p02_0058_0001" 7276
"../../../Engine/Content/EngineMaterials/Substrate/GLints/dict_16_192_64_0p5_0p02_0059_0002.uasset" 7277
"../../../Engine/Content/EngineMaterials/Substrate/GLints/dict_16_192_64_0p5_0p02_0059_0001.uasset" 7278
"../../../Engine/Content/EngineMaterials/Substrate/GLints/dict_16_192_64_0p5_0p02_0059_0010.uasset" 7279
"../../../Engine/Content/EngineMaterials/Substrate/GLints/dict_16_192_64_0p5_0p02_0059_0006.uasset" 7280
"../../../Engine/Content/EngineMaterials/Substrate/GLints/dict_16_192_64_0p5_0p02_0059_0008.uasset" 7281
"../../../Engine/Content/EngineMaterials/Substrate/GLints/dict_16_192_64_0p5_0p02_0059_0007.uasset" 7282
"../../../Engine/Content/EngineMaterials/Substrate/GLints/dict_16_192_64_0p5_0p02_0059_0009.uasset" 7283
"../../../Engine/Content/EngineMaterials/Substrate/GLints/dict_16_192_64_0p5_0p02_0059_0011.uasset" 7284
"../../../Engine/Content/EngineMaterials/Substrate/GLints/dict_16_192_64_0p5_0p02_0059_0012.uasset" 7285
"../../../Engine/Content/EngineMaterials/Substrate/GLints/dict_16_192_64_0p5_0p02_0059_0013.uasset" 7286
"/Engine/EngineMaterials/Substrate/GLints/dict_16_192_64_0p5_0p02_0058_0000" 7287
"/Engine/EngineMaterials/Substrate/GLints/dict_16_192_64_0p5_0p02_0057_0015" 7288
"/Engine/EngineMaterials/Substrate/GLints/dict_16_192_64_0p5_0p02_0057_0014" 7289
"/Engine/EngineMaterials/Substrate/GLints/dict_16_192_64_0p5_0p02_0059_0013" 7290
"../../../Engine/Content/EngineMaterials/Substrate/GLints/dict_16_192_64_0p5_0p02_0059_0014.uasset" 7291
"../../../Engine/Content/EngineMaterials/Substrate/GLints/dict_16_192_64_0p5_0p02_0059_0015.uasset" 7292
"../../../Engine/Content/EngineMaterials/Substrate/GLints/dict_16_192_64_0p5_0p02_0060_0000.uasset" 7293
"../../../Engine/Content/EngineMaterials/Substrate/GLints/dict_16_192_64_0p5_0p02_0060_0001.uasset" 7294
"../../../Engine/Content/EngineMaterials/Substrate/GLints/dict_16_192_64_0p5_0p02_0060_0002.uasset" 7295
"/Engine/EngineMaterials/Substrate/GLints/dict_16_192_64_0p5_0p02_0059_0012" 7296
"/Engine/EngineMaterials/Substrate/GLints/dict_16_192_64_0p5_0p02_0059_0011" 7297
"/Engine/EngineMaterials/Substrate/GLints/dict_16_192_64_0p5_0p02_0059_0010" 7298
"/Engine/EngineMaterials/Substrate/GLints/dict_16_192_64_0p5_0p02_0059_0009" 7299
"/Engine/EngineMaterials/Substrate/GLints/dict_16_192_64_0p5_0p02_0059_0008" 7300
"/Engine/EngineMaterials/Substrate/GLints/dict_16_192_64_0p5_0p02_0059_0007" 7301
"/Engine/EngineMaterials/Substrate/GLints/dict_16_192_64_0p5_0p02_0059_0006" 7302
"/Engine/EngineMaterials/Substrate/GLints/dict_16_192_64_0p5_0p02_0059_0005" 7303
"/Engine/EngineMaterials/Substrate/GLints/dict_16_192_64_0p5_0p02_0059_0004" 7304
"/Engine/EngineMaterials/Substrate/GLints/dict_16_192_64_0p5_0p02_0059_0003" 7305
"/Engine/EngineMaterials/Substrate/GLints/dict_16_192_64_0p5_0p02_0059_0002" 7306
"/Engine/EngineMaterials/Substrate/GLints/dict_16_192_64_0p5_0p02_0059_0001" 7307
"/Engine/EngineMaterials/Substrate/GLints/dict_16_192_64_0p5_0p02_0059_0000" 7308
"/Engine/EngineMaterials/Substrate/GLints/dict_16_192_64_0p5_0p02_0058_0015" 7309
"/Engine/EngineMaterials/Substrate/GLints/dict_16_192_64_0p5_0p02_0058_0014" 7310
"/Engine/EngineMaterials/Substrate/GLints/dict_16_192_64_0p5_0p02_0058_0013" 7311
"/Engine/EngineMaterials/Substrate/GLints/dict_16_192_64_0p5_0p02_0058_0012" 7312
"/Engine/EngineMaterials/Substrate/GLints/dict_16_192_64_0p5_0p02_0058_0011" 7313
"/Engine/EngineMaterials/Substrate/GLints/dict_16_192_64_0p5_0p02_0058_0010" 7314
"/Engine/EngineMaterials/Substrate/GLints/dict_16_192_64_0p5_0p02_0058_0009" 7315
"/Engine/EngineMaterials/Substrate/GLints/dict_16_192_64_0p5_0p02_0058_0008" 7316
"/Engine/EngineMaterials/Substrate/GLints/dict_16_192_64_0p5_0p02_0058_0007" 7317
"/Engine/EngineMaterials/Substrate/GLints/dict_16_192_64_0p5_0p02_0058_0006" 7318
"/Engine/EngineMaterials/Substrate/GLints/dict_16_192_64_0p5_0p02_0058_0005" 7319
"/Engine/EngineMaterials/Substrate/GLints/dict_16_192_64_0p5_0p02_0058_0004" 7320
"/Engine/EngineMaterials/Substrate/GLints/dict_16_192_64_0p5_0p02_0058_0003" 7321
"../../../Engine/Content/EngineMaterials/Substrate/GLints/dict_16_192_64_0p5_0p02_0060_0004.uasset" 7322
"../../../Engine/Content/EngineMaterials/Substrate/GLints/dict_16_192_64_0p5_0p02_0060_0003.uasset" 7323
"/Engine/EngineMaterials/Substrate/GLints/dict_16_192_64_0p5_0p02_0060_0002" 7324
"../../../Engine/Content/EngineMaterials/Substrate/GLints/dict_16_192_64_0p5_0p02_0060_0006.uasset" 7325
"../../../Engine/Content/EngineMaterials/Substrate/GLints/dict_16_192_64_0p5_0p02_0060_0015.uasset" 7326
"../../../Engine/Content/EngineMaterials/Substrate/GLints/dict_16_192_64_0p5_0p02_0060_0005.uasset" 7327
"../../../Engine/Content/EngineMaterials/Substrate/GLints/dict_16_192_64_0p5_0p02_0061_0001.uasset" 7328
"../../../Engine/Content/EngineMaterials/Substrate/GLints/dict_16_192_64_0p5_0p02_0060_0011.uasset" 7329
"../../../Engine/Content/EngineMaterials/Substrate/GLints/dict_16_192_64_0p5_0p02_0060_0008.uasset" 7330
"../../../Engine/Content/EngineMaterials/Substrate/GLints/dict_16_192_64_0p5_0p02_0060_0009.uasset" 7331
"../../../Engine/Content/EngineMaterials/Substrate/GLints/dict_16_192_64_0p5_0p02_0060_0007.uasset" 7332
"../../../Engine/Content/EngineMaterials/Substrate/GLints/dict_16_192_64_0p5_0p02_0060_0014.uasset" 7333
"../../../Engine/Content/EngineMaterials/Substrate/GLints/dict_16_192_64_0p5_0p02_0060_0013.uasset" 7334
"../../../Engine/Content/EngineMaterials/Substrate/GLints/dict_16_192_64_0p5_0p02_0061_0003.uasset" 7335
"../../../Engine/Content/EngineMaterials/Substrate/GLints/dict_16_192_64_0p5_0p02_0061_0004.uasset" 7336
"../../../Engine/Content/EngineMaterials/Substrate/GLints/dict_16_192_64_0p5_0p02_0061_0002.uasset" 7337
"../../../Engine/Content/EngineMaterials/Substrate/GLints/dict_16_192_64_0p5_0p02_0060_0012.uasset" 7338
"../../../Engine/Content/EngineMaterials/Substrate/GLints/dict_16_192_64_0p5_0p02_0061_0000.uasset" 7339
"../../../Engine/Content/EngineMaterials/Substrate/GLints/dict_16_192_64_0p5_0p02_0060_0010.uasset" 7340
"/Engine/EngineMaterials/Substrate/GLints/dict_16_192_64_0p5_0p02_0060_0001" 7341
"../../../Engine/Content/EngineMaterials/Substrate/GLints/dict_16_192_64_0p5_0p02_0061_0005.uasset" 7342
"../../../Engine/Content/EngineMaterials/Substrate/GLints/dict_16_192_64_0p5_0p02_0061_0008.uasset" 7343
"../../../Engine/Content/EngineMaterials/Substrate/GLints/dict_16_192_64_0p5_0p02_0061_0007.uasset" 7344
"../../../Engine/Content/EngineMaterials/Substrate/GLints/dict_16_192_64_0p5_0p02_0061_0009.uasset" 7345
"../../../Engine/Content/EngineMaterials/Substrate/GLints/dict_16_192_64_0p5_0p02_0061_0010.uasset" 7346
"../../../Engine/Content/EngineMaterials/Substrate/GLints/dict_16_192_64_0p5_0p02_0061_0006.uasset" 7347
"../../../Engine/Content/EngineMaterials/Substrate/GLints/dict_16_192_64_0p5_0p02_0061_0011.uasset" 7348
"../../../Engine/Content/EngineMaterials/Substrate/GLints/dict_16_192_64_0p5_0p02_0061_0012.uasset" 7349
"../../../Engine/Content/EngineMaterials/Substrate/GLints/dict_16_192_64_0p5_0p02_0061_0013.uasset" 7350
"/Engine/EngineMaterials/Substrate/GLints/dict_16_192_64_0p5_0p02_0060_0000" 7351
"/Engine/EngineMaterials/Substrate/GLints/dict_16_192_64_0p5_0p02_0059_0015" 7352
"/Engine/EngineMaterials/Substrate/GLints/dict_16_192_64_0p5_0p02_0059_0014" 7353
"../../../Engine/Content/EngineMaterials/Substrate/GLints/dict_16_192_64_0p5_0p02_0062_0000.uasset" 7354
"../../../Engine/Content/EngineMaterials/Substrate/GLints/dict_16_192_64_0p5_0p02_0061_0015.uasset" 7355
"../../../Engine/Content/EngineMaterials/Substrate/GLints/dict_16_192_64_0p5_0p02_0061_0014.uasset" 7356
"/Engine/EngineMaterials/Substrate/GLints/dict_16_192_64_0p5_0p02_0061_0013" 7357
"../../../Engine/Content/EngineMaterials/Substrate/GLints/dict_16_192_64_0p5_0p02_0062_0002.uasset" 7358
"../../../Engine/Content/EngineMaterials/Substrate/GLints/dict_16_192_64_0p5_0p02_0062_0001.uasset" 7359
"/Engine/EngineMaterials/Substrate/GLints/dict_16_192_64_0p5_0p02_0061_0012" 7360
"/Engine/EngineMaterials/Substrate/GLints/dict_16_192_64_0p5_0p02_0061_0011" 7361
"/Engine/EngineMaterials/Substrate/GLints/dict_16_192_64_0p5_0p02_0061_0010" 7362
"/Engine/EngineMaterials/Substrate/GLints/dict_16_192_64_0p5_0p02_0061_0009" 7363
"/Engine/EngineMaterials/Substrate/GLints/dict_16_192_64_0p5_0p02_0061_0008" 7364
"/Engine/EngineMaterials/Substrate/GLints/dict_16_192_64_0p5_0p02_0061_0007" 7365
"/Engine/EngineMaterials/Substrate/GLints/dict_16_192_64_0p5_0p02_0061_0006" 7366
"/Engine/EngineMaterials/Substrate/GLints/dict_16_192_64_0p5_0p02_0061_0005" 7367
"/Engine/EngineMaterials/Substrate/GLints/dict_16_192_64_0p5_0p02_0061_0004" 7368
"/Engine/EngineMaterials/Substrate/GLints/dict_16_192_64_0p5_0p02_0061_0003" 7369
"/Engine/EngineMaterials/Substrate/GLints/dict_16_192_64_0p5_0p02_0061_0002" 7370
"/Engine/EngineMaterials/Substrate/GLints/dict_16_192_64_0p5_0p02_0061_0001" 7371
"/Engine/EngineMaterials/Substrate/GLints/dict_16_192_64_0p5_0p02_0061_0000" 7372
"/Engine/EngineMaterials/Substrate/GLints/dict_16_192_64_0p5_0p02_0060_0015" 7373
"/Engine/EngineMaterials/Substrate/GLints/dict_16_192_64_0p5_0p02_0060_0014" 7374
"/Engine/EngineMaterials/Substrate/GLints/dict_16_192_64_0p5_0p02_0060_0013" 7375
"/Engine/EngineMaterials/Substrate/GLints/dict_16_192_64_0p5_0p02_0060_0012" 7376
"/Engine/EngineMaterials/Substrate/GLints/dict_16_192_64_0p5_0p02_0060_0011" 7377
"/Engine/EngineMaterials/Substrate/GLints/dict_16_192_64_0p5_0p02_0060_0010" 7378
"/Engine/EngineMaterials/Substrate/GLints/dict_16_192_64_0p5_0p02_0060_0009" 7379
"/Engine/EngineMaterials/Substrate/GLints/dict_16_192_64_0p5_0p02_0060_0008" 7380
"/Engine/EngineMaterials/Substrate/GLints/dict_16_192_64_0p5_0p02_0060_0007" 7381
"/Engine/EngineMaterials/Substrate/GLints/dict_16_192_64_0p5_0p02_0060_0006" 7382
"/Engine/EngineMaterials/Substrate/GLints/dict_16_192_64_0p5_0p02_0060_0005" 7383
"/Engine/EngineMaterials/Substrate/GLints/dict_16_192_64_0p5_0p02_0060_0004" 7384
"/Engine/EngineMaterials/Substrate/GLints/dict_16_192_64_0p5_0p02_0060_0003" 7385
"/Engine/EngineMaterials/Substrate/GLints/dict_16_192_64_0p5_0p02_0062_0002" 7386
"../../../Engine/Content/EngineMaterials/Substrate/GLints/dict_16_192_64_0p5_0p02_0062_0004.uasset" 7387
"../../../Engine/Content/EngineMaterials/Substrate/GLints/dict_16_192_64_0p5_0p02_0062_0003.uasset" 7388
"../../../Engine/Content/EngineMaterials/Substrate/GLints/dict_16_192_64_0p5_0p02_0062_0008.uasset" 7389
"../../../Engine/Content/EngineMaterials/Substrate/GLints/dict_16_192_64_0p5_0p02_0062_0006.uasset" 7390
"../../../Engine/Content/EngineMaterials/Substrate/GLints/dict_16_192_64_0p5_0p02_0062_0007.uasset" 7391
"../../../Engine/Content/EngineMaterials/Substrate/GLints/dict_16_192_64_0p5_0p02_0062_0013.uasset" 7392
"../../../Engine/Content/EngineMaterials/Substrate/GLints/dict_16_192_64_0p5_0p02_0062_0014.uasset" 7393
"../../../Engine/Content/EngineMaterials/Substrate/GLints/dict_16_192_64_0p5_0p02_0063_0000.uasset" 7394
"../../../Engine/Content/EngineMaterials/Substrate/GLints/dict_16_192_64_0p5_0p02_0063_0001.uasset" 7395
"../../../Engine/Content/EngineMaterials/Substrate/GLints/dict_16_192_64_0p5_0p02_0063_0003.uasset" 7396
"/Engine/EngineMaterials/Substrate/GLints/dict_16_192_64_0p5_0p02_0062_0001" 7397
"../../../Engine/Content/EngineMaterials/Substrate/GLints/dict_16_192_64_0p5_0p02_0062_0010.uasset" 7398
"../../../Engine/Content/EngineMaterials/Substrate/GLints/dict_16_192_64_0p5_0p02_0062_0011.uasset" 7399
"../../../Engine/Content/EngineMaterials/Substrate/GLints/dict_16_192_64_0p5_0p02_0062_0005.uasset" 7400
"../../../Engine/Content/EngineMaterials/Substrate/GLints/dict_16_192_64_0p5_0p02_0063_0002.uasset" 7401
"../../../Engine/Content/EngineMaterials/Substrate/GLints/dict_16_192_64_0p5_0p02_0062_0015.uasset" 7402
"../../../Engine/Content/EngineMaterials/Substrate/GLints/dict_16_192_64_0p5_0p02_0062_0009.uasset" 7403
"../../../Engine/Content/EngineMaterials/Substrate/GLints/dict_16_192_64_0p5_0p02_0063_0004.uasset" 7404
"../../../Engine/Content/EngineMaterials/Substrate/GLints/dict_16_192_64_0p5_0p02_0062_0012.uasset" 7405
"../../../Engine/Content/EngineMaterials/Substrate/GLints/dict_16_192_64_0p5_0p02_0063_0005.uasset" 7406
"../../../Engine/Content/EngineMaterials/Substrate/GLints/dict_16_192_64_0p5_0p02_0063_0006.uasset" 7407
"../../../Engine/Content/EngineMaterials/Substrate/GLints/dict_16_192_64_0p5_0p02_0063_0007.uasset" 7408
"../../../Engine/Content/EngineMaterials/Substrate/GLints/dict_16_192_64_0p5_0p02_0063_0008.uasset" 7409
"../../../Engine/Content/EngineMaterials/Substrate/GLints/dict_16_192_64_0p5_0p02_0063_0010.uasset" 7410
"../../../Engine/Content/EngineMaterials/Substrate/GLints/dict_16_192_64_0p5_0p02_0063_0009.uasset" 7411
"/Engine/EngineMaterials/Substrate/GLints/dict_16_192_64_0p5_0p02_0062_0000" 7412
"../../../Engine/Content/EngineMaterials/Substrate/GLints/dict_16_192_64_0p5_0p02_0063_0013.uasset" 7413
"../../../Engine/Content/EngineMaterials/Substrate/GLints/dict_16_192_64_0p5_0p02_0063_0011.uasset" 7414
"../../../Engine/Content/EngineMaterials/Substrate/GLints/dict_16_192_64_0p5_0p02_0063_0012.uasset" 7415
"/Engine/EngineMaterials/Substrate/GLints/dict_16_192_64_0p5_0p02_0061_0015" 7416
"/Engine/EngineMaterials/Substrate/GLints/dict_16_192_64_0p5_0p02_0061_0014" 7417
"../../../Engine/Content/EngineMaterials/Substrate/GLints/dict_16_192_64_0p5_0p02_0063_0014.uasset" 7418
"../../../Engine/Content/EngineMaterials/Substrate/GLints/dict_16_192_64_0p5_0p02_0063_0015.uasset" 7419
"../../../Engine/Content/EngineMaterials/Substrate/GLints/AGlintTex2dArray.uasset" 7420
"/Engine/EngineMaterials/Substrate/GLints/dict_16_192_64_0p5_0p02_0063_0013" 7421
"../../../Engine/Content/EngineMaterials/Substrate/Glints2/dict_0000_0001.uasset" 7422
"../../../Engine/Content/EngineMaterials/Substrate/Glints2/dict_0000_0000.uasset" 7423
"/Engine/EngineMaterials/Substrate/GLints/dict_16_192_64_0p5_0p02_0063_0012" 7424
"/Engine/EngineMaterials/Substrate/GLints/dict_16_192_64_0p5_0p02_0063_0011" 7425
"/Engine/EngineMaterials/Substrate/GLints/dict_16_192_64_0p5_0p02_0063_0010" 7426
"/Engine/EngineMaterials/Substrate/GLints/dict_16_192_64_0p5_0p02_0063_0009" 7427
"/Engine/EngineMaterials/Substrate/GLints/dict_16_192_64_0p5_0p02_0063_0008" 7428
"/Engine/EngineMaterials/Substrate/GLints/dict_16_192_64_0p5_0p02_0063_0007" 7429
"/Engine/EngineMaterials/Substrate/GLints/dict_16_192_64_0p5_0p02_0063_0006" 7430
"/Engine/EngineMaterials/Substrate/GLints/dict_16_192_64_0p5_0p02_0063_0005" 7431
"/Engine/EngineMaterials/Substrate/GLints/dict_16_192_64_0p5_0p02_0063_0004" 7432
"/Engine/EngineMaterials/Substrate/GLints/dict_16_192_64_0p5_0p02_0063_0003" 7433
"/Engine/EngineMaterials/Substrate/GLints/dict_16_192_64_0p5_0p02_0063_0002" 7434
"/Engine/EngineMaterials/Substrate/GLints/dict_16_192_64_0p5_0p02_0063_0001" 7435
"/Engine/EngineMaterials/Substrate/GLints/dict_16_192_64_0p5_0p02_0063_0000" 7436
"/Engine/EngineMaterials/Substrate/GLints/dict_16_192_64_0p5_0p02_0062_0015" 7437
"/Engine/EngineMaterials/Substrate/GLints/dict_16_192_64_0p5_0p02_0062_0014" 7438
"/Engine/EngineMaterials/Substrate/GLints/dict_16_192_64_0p5_0p02_0062_0013" 7439
"/Engine/EngineMaterials/Substrate/GLints/dict_16_192_64_0p5_0p02_0062_0012" 7440
"/Engine/EngineMaterials/Substrate/GLints/dict_16_192_64_0p5_0p02_0062_0011" 7441
"/Engine/EngineMaterials/Substrate/GLints/dict_16_192_64_0p5_0p02_0062_0010" 7442
"/Engine/EngineMaterials/Substrate/GLints/dict_16_192_64_0p5_0p02_0062_0009" 7443
"/Engine/EngineMaterials/Substrate/GLints/dict_16_192_64_0p5_0p02_0062_0008" 7444
"/Engine/EngineMaterials/Substrate/GLints/dict_16_192_64_0p5_0p02_0062_0007" 7445
"/Engine/EngineMaterials/Substrate/GLints/dict_16_192_64_0p5_0p02_0062_0006" 7446
"/Engine/EngineMaterials/Substrate/GLints/dict_16_192_64_0p5_0p02_0062_0005" 7447
"/Engine/EngineMaterials/Substrate/GLints/dict_16_192_64_0p5_0p02_0062_0004" 7448
"/Engine/EngineMaterials/Substrate/GLints/dict_16_192_64_0p5_0p02_0062_0003" 7449
"../../../Engine/Content/EngineMaterials/Substrate/Glints2/dict_0000_0002.uasset" 7450
"/Engine/EngineMaterials/Substrate/Glints2/dict_0000_0001" 7451
"../../../Engine/Content/EngineMaterials/Substrate/Glints2/dict_0000_0011.uasset" 7452
"../../../Engine/Content/EngineMaterials/Substrate/Glints2/dict_0000_0003.uasset" 7453
"../../../Engine/Content/EngineMaterials/Substrate/Glints2/dict_0000_0008.uasset" 7454
"../../../Engine/Content/EngineMaterials/Substrate/Glints2/dict_0000_0014.uasset" 7455
"../../../Engine/Content/EngineMaterials/Substrate/Glints2/dict_0000_0010.uasset" 7456
"../../../Engine/Content/EngineMaterials/Substrate/Glints2/dict_0000_0007.uasset" 7457
"../../../Engine/Content/EngineMaterials/Substrate/Glints2/dict_0000_0015.uasset" 7458
"../../../Engine/Content/EngineMaterials/Substrate/Glints2/dict_0000_0004.uasset" 7459
"../../../Engine/Content/EngineMaterials/Substrate/Glints2/dict_0000_0013.uasset" 7460
"../../../Engine/Content/EngineMaterials/Substrate/Glints2/dict_0000_0018.uasset" 7461
"../../../Engine/Content/EngineMaterials/Substrate/Glints2/dict_0000_0016.uasset" 7462
"../../../Engine/Content/EngineMaterials/Substrate/Glints2/dict_0000_0012.uasset" 7463
"../../../Engine/Content/EngineMaterials/Substrate/Glints2/dict_0000_0005.uasset" 7464
"../../../Engine/Content/EngineMaterials/Substrate/Glints2/dict_0000_0009.uasset" 7465
"../../../Engine/Content/EngineMaterials/Substrate/Glints2/dict_0000_0019.uasset" 7466
"../../../Engine/Content/EngineMaterials/Substrate/Glints2/dict_0000_0006.uasset" 7467
"../../../Engine/Content/EngineMaterials/Substrate/Glints2/dict_0000_0021.uasset" 7468
"../../../Engine/Content/EngineMaterials/Substrate/Glints2/dict_0000_0017.uasset" 7469
"../../../Engine/Content/EngineMaterials/Substrate/Glints2/dict_0000_0020.uasset" 7470
"../../../Engine/Content/EngineMaterials/Substrate/Glints2/dict_0000_0022.uasset" 7471
"/Engine/EngineMaterials/Substrate/Glints2/dict_0000_0000" 7472
"../../../Engine/Content/EngineMaterials/Substrate/Glints2/dict_0000_0025.uasset" 7473
"../../../Engine/Content/EngineMaterials/Substrate/Glints2/dict_0000_0023.uasset" 7474
"../../../Engine/Content/EngineMaterials/Substrate/Glints2/dict_0000_0026.uasset" 7475
"../../../Engine/Content/EngineMaterials/Substrate/Glints2/dict_0000_0024.uasset" 7476
"../../../Engine/Content/EngineMaterials/Substrate/Glints2/dict_0000_0027.uasset" 7477
"../../../Engine/Content/EngineMaterials/Substrate/Glints2/dict_0000_0028.uasset" 7478
"/Engine/EngineMaterials/Substrate/GLints/AGlintTex2dArray" 7479
"../../../Engine/Content/EngineMaterials/Substrate/Glints2/dict_0000_0029.uasset" 7480
"/Engine/EngineMaterials/Substrate/Glints2/dict_0000_0028" 7481
"../../../Engine/Content/EngineMaterials/Substrate/Glints2/dict_0000_0030.uasset" 7482
"/Engine/EngineMaterials/Substrate/Glints2/dict_0000_0027" 7483
"/Engine/EngineMaterials/Substrate/Glints2/dict_0000_0026" 7484
"/Engine/EngineMaterials/Substrate/Glints2/dict_0000_0025" 7485
"../../../Engine/Content/EngineMaterials/Substrate/Glints2/dict_0000_0033.uasset" 7486
"../../../Engine/Content/EngineMaterials/Substrate/Glints2/dict_0000_0032.uasset" 7487
"../../../Engine/Content/EngineMaterials/Substrate/Glints2/dict_0000_0031.uasset" 7488
"/Engine/EngineMaterials/Substrate/Glints2/dict_0000_0024" 7489
"/Engine/EngineMaterials/Substrate/Glints2/dict_0000_0023" 7490
"/Engine/EngineMaterials/Substrate/Glints2/dict_0000_0022" 7491
"/Engine/EngineMaterials/Substrate/Glints2/dict_0000_0021" 7492
"/Engine/EngineMaterials/Substrate/Glints2/dict_0000_0020" 7493
"/Engine/EngineMaterials/Substrate/Glints2/dict_0000_0019" 7494
"/Engine/EngineMaterials/Substrate/Glints2/dict_0000_0018" 7495
"/Engine/EngineMaterials/Substrate/Glints2/dict_0000_0017" 7496
"/Engine/EngineMaterials/Substrate/Glints2/dict_0000_0016" 7497
"/Engine/EngineMaterials/Substrate/Glints2/dict_0000_0015" 7498
"/Engine/EngineMaterials/Substrate/Glints2/dict_0000_0014" 7499
"/Engine/EngineMaterials/Substrate/Glints2/dict_0000_0013" 7500
"/Engine/EngineMaterials/Substrate/Glints2/dict_0000_0012" 7501
"/Engine/EngineMaterials/Substrate/Glints2/dict_0000_0011" 7502
"/Engine/EngineMaterials/Substrate/Glints2/dict_0000_0010" 7503
"/Engine/EngineMaterials/Substrate/Glints2/dict_0000_0009" 7504
"/Engine/EngineMaterials/Substrate/Glints2/dict_0000_0008" 7505
"/Engine/EngineMaterials/Substrate/Glints2/dict_0000_0007" 7506
"/Engine/EngineMaterials/Substrate/Glints2/dict_0000_0006" 7507
"/Engine/EngineMaterials/Substrate/Glints2/dict_0000_0005" 7508
"/Engine/EngineMaterials/Substrate/Glints2/dict_0000_0004" 7509
"/Engine/EngineMaterials/Substrate/Glints2/dict_0000_0003" 7510
"/Engine/EngineMaterials/Substrate/Glints2/dict_0000_0002" 7511
"/Engine/EngineMaterials/Substrate/Glints2/dict_0000_0033" 7512
"../../../Engine/Content/EngineMaterials/Substrate/Glints2/dict_0000_0034.uasset" 7513
"../../../Engine/Content/EngineMaterials/Substrate/Glints2/dict_0000_0042.uasset" 7514
"../../../Engine/Content/EngineMaterials/Substrate/Glints2/dict_0000_0036.uasset" 7515
"../../../Engine/Content/EngineMaterials/Substrate/Glints2/dict_0000_0046.uasset" 7516
"../../../Engine/Content/EngineMaterials/Substrate/Glints2/dict_0000_0043.uasset" 7517
"../../../Engine/Content/EngineMaterials/Substrate/Glints2/dict_0000_0037.uasset" 7518
"../../../Engine/Content/EngineMaterials/Substrate/Glints2/dict_0000_0041.uasset" 7519
"../../../Engine/Content/EngineMaterials/Substrate/Glints2/dict_0000_0044.uasset" 7520
"../../../Engine/Content/EngineMaterials/Substrate/Glints2/dict_0000_0038.uasset" 7521
"../../../Engine/Content/EngineMaterials/Substrate/Glints2/dict_0000_0047.uasset" 7522
"../../../Engine/Content/EngineMaterials/Substrate/Glints2/dict_0000_0035.uasset" 7523
"../../../Engine/Content/EngineMaterials/Substrate/Glints2/dict_0000_0040.uasset" 7524
"../../../Engine/Content/EngineMaterials/Substrate/Glints2/dict_0000_0049.uasset" 7525
"../../../Engine/Content/EngineMaterials/Substrate/Glints2/dict_0000_0051.uasset" 7526
"../../../Engine/Content/EngineMaterials/Substrate/Glints2/dict_0000_0045.uasset" 7527
"../../../Engine/Content/EngineMaterials/Substrate/Glints2/dict_0000_0048.uasset" 7528
"../../../Engine/Content/EngineMaterials/Substrate/Glints2/dict_0000_0039.uasset" 7529
"../../../Engine/Content/EngineMaterials/Substrate/Glints2/dict_0000_0052.uasset" 7530
"/Engine/EngineMaterials/Substrate/Glints2/dict_0000_0032" 7531
"../../../Engine/Content/EngineMaterials/Substrate/Glints2/dict_0000_0054.uasset" 7532
"../../../Engine/Content/EngineMaterials/Substrate/Glints2/dict_0000_0053.uasset" 7533
"../../../Engine/Content/EngineMaterials/Substrate/Glints2/dict_0000_0050.uasset" 7534
"../../../Engine/Content/EngineMaterials/Substrate/Glints2/dict_0000_0055.uasset" 7535
"../../../Engine/Content/EngineMaterials/Substrate/Glints2/dict_0000_0056.uasset" 7536
"../../../Engine/Content/EngineMaterials/Substrate/Glints2/dict_0000_0057.uasset" 7537
"../../../Engine/Content/EngineMaterials/Substrate/Glints2/dict_0000_0058.uasset" 7538
"../../../Engine/Content/EngineMaterials/Substrate/Glints2/dict_0000_0059.uasset" 7539
"../../../Engine/Content/EngineMaterials/Substrate/Glints2/dict_0000_0060.uasset" 7540
"/Engine/EngineMaterials/Substrate/Glints2/dict_0000_0031" 7541
"/Engine/EngineMaterials/Substrate/Glints2/dict_0000_0030" 7542
"/Engine/EngineMaterials/Substrate/Glints2/dict_0000_0029" 7543
"/Engine/EngineMaterials/Substrate/Glints2/dict_0000_0060" 7544
"../../../Engine/Content/EngineMaterials/Substrate/Glints2/dict_0000_0062.uasset" 7545
"../../../Engine/Content/EngineMaterials/Substrate/Glints2/dict_0000_0061.uasset" 7546
"../../../Engine/Content/EngineMaterials/Substrate/Glints2/dict_0000_0065.uasset" 7547
"../../../Engine/Content/EngineMaterials/Substrate/Glints2/dict_0000_0064.uasset" 7548
"../../../Engine/Content/EngineMaterials/Substrate/Glints2/dict_0000_0063.uasset" 7549
"/Engine/EngineMaterials/Substrate/Glints2/dict_0000_0059" 7550
"/Engine/EngineMaterials/Substrate/Glints2/dict_0000_0058" 7551
"/Engine/EngineMaterials/Substrate/Glints2/dict_0000_0057" 7552
"/Engine/EngineMaterials/Substrate/Glints2/dict_0000_0056" 7553
"/Engine/EngineMaterials/Substrate/Glints2/dict_0000_0055" 7554
"/Engine/EngineMaterials/Substrate/Glints2/dict_0000_0054" 7555
"/Engine/EngineMaterials/Substrate/Glints2/dict_0000_0053" 7556
"/Engine/EngineMaterials/Substrate/Glints2/dict_0000_0052" 7557
"/Engine/EngineMaterials/Substrate/Glints2/dict_0000_0051" 7558
"/Engine/EngineMaterials/Substrate/Glints2/dict_0000_0050" 7559
"/Engine/EngineMaterials/Substrate/Glints2/dict_0000_0049" 7560
"/Engine/EngineMaterials/Substrate/Glints2/dict_0000_0048" 7561
"/Engine/EngineMaterials/Substrate/Glints2/dict_0000_0047" 7562
"/Engine/EngineMaterials/Substrate/Glints2/dict_0000_0046" 7563
"/Engine/EngineMaterials/Substrate/Glints2/dict_0000_0045" 7564
"/Engine/EngineMaterials/Substrate/Glints2/dict_0000_0044" 7565
"/Engine/EngineMaterials/Substrate/Glints2/dict_0000_0043" 7566
"/Engine/EngineMaterials/Substrate/Glints2/dict_0000_0042" 7567
"/Engine/EngineMaterials/Substrate/Glints2/dict_0000_0041" 7568
"/Engine/EngineMaterials/Substrate/Glints2/dict_0000_0040" 7569
"/Engine/EngineMaterials/Substrate/Glints2/dict_0000_0039" 7570
"/Engine/EngineMaterials/Substrate/Glints2/dict_0000_0038" 7571
"/Engine/EngineMaterials/Substrate/Glints2/dict_0000_0037" 7572
"/Engine/EngineMaterials/Substrate/Glints2/dict_0000_0036" 7573
"/Engine/EngineMaterials/Substrate/Glints2/dict_0000_0035" 7574
"/Engine/EngineMaterials/Substrate/Glints2/dict_0000_0034" 7575
"/Engine/EngineMaterials/Substrate/Glints2/dict_0000_0065" 7576
"../../../Engine/Content/EngineMaterials/Substrate/Glints2/dict_0000_0066.uasset" 7577
"../../../Engine/Content/EngineMaterials/Substrate/Glints2/dict_0000_0075.uasset" 7578
"../../../Engine/Content/EngineMaterials/Substrate/Glints2/dict_0000_0068.uasset" 7579
"../../../Engine/Content/EngineMaterials/Substrate/Glints2/dict_0000_0069.uasset" 7580
"../../../Engine/Content/EngineMaterials/Substrate/Glints2/dict_0000_0077.uasset" 7581
"../../../Engine/Content/EngineMaterials/Substrate/Glints2/dict_0000_0072.uasset" 7582
"../../../Engine/Content/EngineMaterials/Substrate/Glints2/dict_0000_0076.uasset" 7583
"../../../Engine/Content/EngineMaterials/Substrate/Glints2/dict_0000_0080.uasset" 7584
"../../../Engine/Content/EngineMaterials/Substrate/Glints2/dict_0000_0070.uasset" 7585
"../../../Engine/Content/EngineMaterials/Substrate/Glints2/dict_0000_0078.uasset" 7586
"../../../Engine/Content/EngineMaterials/Substrate/Glints2/dict_0000_0074.uasset" 7587
"../../../Engine/Content/EngineMaterials/Substrate/Glints2/dict_0000_0079.uasset" 7588
"../../../Engine/Content/EngineMaterials/Substrate/Glints2/dict_0000_0083.uasset" 7589
"../../../Engine/Content/EngineMaterials/Substrate/Glints2/dict_0000_0081.uasset" 7590
"../../../Engine/Content/EngineMaterials/Substrate/Glints2/dict_0000_0071.uasset" 7591
"../../../Engine/Content/EngineMaterials/Substrate/Glints2/dict_0000_0082.uasset" 7592
"../../../Engine/Content/EngineMaterials/Substrate/Glints2/dict_0000_0073.uasset" 7593
"/Engine/EngineMaterials/Substrate/Glints2/dict_0000_0064" 7594
"../../../Engine/Content/EngineMaterials/Substrate/Glints2/dict_0000_0067.uasset" 7595
"../../../Engine/Content/EngineMaterials/Substrate/Glints2/dict_0000_0084.uasset" 7596
"../../../Engine/Content/EngineMaterials/Substrate/Glints2/dict_0000_0086.uasset" 7597
"../../../Engine/Content/EngineMaterials/Substrate/Glints2/dict_0000_0085.uasset" 7598
"../../../Engine/Content/EngineMaterials/Substrate/Glints2/dict_0000_0087.uasset" 7599
"../../../Engine/Content/EngineMaterials/Substrate/Glints2/dict_0000_0088.uasset" 7600
"../../../Engine/Content/EngineMaterials/Substrate/Glints2/dict_0000_0089.uasset" 7601
"../../../Engine/Content/EngineMaterials/Substrate/Glints2/dict_0000_0090.uasset" 7602
"../../../Engine/Content/EngineMaterials/Substrate/Glints2/dict_0000_0092.uasset" 7603
"../../../Engine/Content/EngineMaterials/Substrate/Glints2/dict_0000_0091.uasset" 7604
"/Engine/EngineMaterials/Substrate/Glints2/dict_0000_0063" 7605
"/Engine/EngineMaterials/Substrate/Glints2/dict_0000_0062" 7606
"/Engine/EngineMaterials/Substrate/Glints2/dict_0000_0061" 7607
"../../../Engine/Content/EngineMaterials/Substrate/Glints2/dict_0000_0093.uasset" 7608
"../../../Engine/Content/EngineMaterials/Substrate/Glints2/dict_0000_0094.uasset" 7609
"/Engine/EngineMaterials/Substrate/Glints2/dict_0000_0092" 7610
"../../../Engine/Content/EngineMaterials/Substrate/Glints2/dict_0000_0095.uasset" 7611
"../../../Engine/Content/EngineMaterials/Substrate/Glints2/dict_0000_0096.uasset" 7612
"../../../Engine/Content/EngineMaterials/Substrate/Glints2/dict_0000_0097.uasset" 7613
"/Engine/EngineMaterials/Substrate/Glints2/dict_0000_0091" 7614
"/Engine/EngineMaterials/Substrate/Glints2/dict_0000_0090" 7615
"/Engine/EngineMaterials/Substrate/Glints2/dict_0000_0089" 7616
"/Engine/EngineMaterials/Substrate/Glints2/dict_0000_0088" 7617
"/Engine/EngineMaterials/Substrate/Glints2/dict_0000_0087" 7618
"/Engine/EngineMaterials/Substrate/Glints2/dict_0000_0086" 7619
"/Engine/EngineMaterials/Substrate/Glints2/dict_0000_0085" 7620
"/Engine/EngineMaterials/Substrate/Glints2/dict_0000_0084" 7621
"/Engine/EngineMaterials/Substrate/Glints2/dict_0000_0083" 7622
"/Engine/EngineMaterials/Substrate/Glints2/dict_0000_0082" 7623
"/Engine/EngineMaterials/Substrate/Glints2/dict_0000_0081" 7624
"/Engine/EngineMaterials/Substrate/Glints2/dict_0000_0080" 7625
"/Engine/EngineMaterials/Substrate/Glints2/dict_0000_0079" 7626
"/Engine/EngineMaterials/Substrate/Glints2/dict_0000_0078" 7627
"/Engine/EngineMaterials/Substrate/Glints2/dict_0000_0077" 7628
"/Engine/EngineMaterials/Substrate/Glints2/dict_0000_0076" 7629
"/Engine/EngineMaterials/Substrate/Glints2/dict_0000_0075" 7630
"/Engine/EngineMaterials/Substrate/Glints2/dict_0000_0074" 7631
"/Engine/EngineMaterials/Substrate/Glints2/dict_0000_0073" 7632
"/Engine/EngineMaterials/Substrate/Glints2/dict_0000_0072" 7633
"/Engine/EngineMaterials/Substrate/Glints2/dict_0000_0071" 7634
"/Engine/EngineMaterials/Substrate/Glints2/dict_0000_0070" 7635
"/Engine/EngineMaterials/Substrate/Glints2/dict_0000_0069" 7636
"/Engine/EngineMaterials/Substrate/Glints2/dict_0000_0068" 7637
"/Engine/EngineMaterials/Substrate/Glints2/dict_0000_0067" 7638
"/Engine/EngineMaterials/Substrate/Glints2/dict_0000_0066" 7639
"../../../Engine/Content/EngineMaterials/Substrate/Glints2/dict_0000_0098.uasset" 7640
"/Engine/EngineMaterials/Substrate/Glints2/dict_0000_0097" 7641
"../../../Engine/Content/EngineMaterials/Substrate/Glints2/dict_0000_0109.uasset" 7642
"../../../Engine/Content/EngineMaterials/Substrate/Glints2/dict_0000_0099.uasset" 7643
"../../../Engine/Content/EngineMaterials/Substrate/Glints2/dict_0000_0105.uasset" 7644
"../../../Engine/Content/EngineMaterials/Substrate/Glints2/dict_0000_0101.uasset" 7645
"../../../Engine/Content/EngineMaterials/Substrate/Glints2/dict_0000_0100.uasset" 7646
"../../../Engine/Content/EngineMaterials/Substrate/Glints2/dict_0000_0104.uasset" 7647
"../../../Engine/Content/EngineMaterials/Substrate/Glints2/dict_0000_0102.uasset" 7648
"../../../Engine/Content/EngineMaterials/Substrate/Glints2/dict_0000_0107.uasset" 7649
"../../../Engine/Content/EngineMaterials/Substrate/Glints2/dict_0000_0108.uasset" 7650
"../../../Engine/Content/EngineMaterials/Substrate/Glints2/dict_0000_0115.uasset" 7651
"../../../Engine/Content/EngineMaterials/Substrate/Glints2/dict_0000_0110.uasset" 7652
"../../../Engine/Content/EngineMaterials/Substrate/Glints2/dict_0000_0106.uasset" 7653
"../../../Engine/Content/EngineMaterials/Substrate/Glints2/dict_0000_0103.uasset" 7654
"../../../Engine/Content/EngineMaterials/Substrate/Glints2/dict_0000_0111.uasset" 7655
"../../../Engine/Content/EngineMaterials/Substrate/Glints2/dict_0000_0116.uasset" 7656
"../../../Engine/Content/EngineMaterials/Substrate/Glints2/dict_0000_0117.uasset" 7657
"/Engine/EngineMaterials/Substrate/Glints2/dict_0000_0096" 7658
"../../../Engine/Content/EngineMaterials/Substrate/Glints2/dict_0000_0114.uasset" 7659
"../../../Engine/Content/EngineMaterials/Substrate/Glints2/dict_0000_0113.uasset" 7660
"../../../Engine/Content/EngineMaterials/Substrate/Glints2/dict_0000_0118.uasset" 7661
"../../../Engine/Content/EngineMaterials/Substrate/Glints2/dict_0000_0112.uasset" 7662
"../../../Engine/Content/EngineMaterials/Substrate/Glints2/dict_0000_0122.uasset" 7663
"../../../Engine/Content/EngineMaterials/Substrate/Glints2/dict_0000_0121.uasset" 7664
"../../../Engine/Content/EngineMaterials/Substrate/Glints2/dict_0000_0119.uasset" 7665
"../../../Engine/Content/EngineMaterials/Substrate/Glints2/dict_0000_0120.uasset" 7666
"/Engine/EngineMaterials/Substrate/Glints2/dict_0000_0095" 7667
"../../../Engine/Content/EngineMaterials/Substrate/Glints2/dict_0000_0123.uasset" 7668
"../../../Engine/Content/EngineMaterials/Substrate/Glints2/dict_0000_0124.uasset" 7669
"/Engine/EngineMaterials/Substrate/Glints2/dict_0000_0094" 7670
"/Engine/EngineMaterials/Substrate/Glints2/dict_0000_0093" 7671
"../../../Engine/Content/EngineMaterials/Substrate/Glints2/dict_0000_0125.uasset" 7672
"../../../Engine/Content/EngineMaterials/Substrate/Glints2/dict_0000_0126.uasset" 7673
"/Engine/EngineMaterials/Substrate/Glints2/dict_0000_0124" 7674
"../../../Engine/Content/EngineMaterials/Substrate/Glints2/dict_0000_0129.uasset" 7675
"../../../Engine/Content/EngineMaterials/Substrate/Glints2/dict_0000_0128.uasset" 7676
"../../../Engine/Content/EngineMaterials/Substrate/Glints2/dict_0000_0127.uasset" 7677
"/Engine/EngineMaterials/Substrate/Glints2/dict_0000_0123" 7678
"/Engine/EngineMaterials/Substrate/Glints2/dict_0000_0122" 7679
"/Engine/EngineMaterials/Substrate/Glints2/dict_0000_0121" 7680
"/Engine/EngineMaterials/Substrate/Glints2/dict_0000_0120" 7681
"/Engine/EngineMaterials/Substrate/Glints2/dict_0000_0119" 7682
"/Engine/EngineMaterials/Substrate/Glints2/dict_0000_0118" 7683
"/Engine/EngineMaterials/Substrate/Glints2/dict_0000_0117" 7684
"/Engine/EngineMaterials/Substrate/Glints2/dict_0000_0116" 7685
"/Engine/EngineMaterials/Substrate/Glints2/dict_0000_0115" 7686
"/Engine/EngineMaterials/Substrate/Glints2/dict_0000_0114" 7687
"/Engine/EngineMaterials/Substrate/Glints2/dict_0000_0113" 7688
"/Engine/EngineMaterials/Substrate/Glints2/dict_0000_0112" 7689
"/Engine/EngineMaterials/Substrate/Glints2/dict_0000_0111" 7690
"/Engine/EngineMaterials/Substrate/Glints2/dict_0000_0110" 7691
"/Engine/EngineMaterials/Substrate/Glints2/dict_0000_0109" 7692
"/Engine/EngineMaterials/Substrate/Glints2/dict_0000_0108" 7693
"/Engine/EngineMaterials/Substrate/Glints2/dict_0000_0107" 7694
"/Engine/EngineMaterials/Substrate/Glints2/dict_0000_0106" 7695
"/Engine/EngineMaterials/Substrate/Glints2/dict_0000_0105" 7696
"/Engine/EngineMaterials/Substrate/Glints2/dict_0000_0104" 7697
"/Engine/EngineMaterials/Substrate/Glints2/dict_0000_0103" 7698
"/Engine/EngineMaterials/Substrate/Glints2/dict_0000_0102" 7699
"/Engine/EngineMaterials/Substrate/Glints2/dict_0000_0101" 7700
"/Engine/EngineMaterials/Substrate/Glints2/dict_0000_0100" 7701
"/Engine/EngineMaterials/Substrate/Glints2/dict_0000_0099" 7702
"/Engine/EngineMaterials/Substrate/Glints2/dict_0000_0098" 7703
"/Engine/EngineMaterials/Substrate/Glints2/dict_0000_0129" 7704
"../../../Engine/Content/EngineMaterials/Substrate/Glints2/dict_0000_0130.uasset" 7705
"../../../Engine/Content/EngineMaterials/Substrate/Glints2/dict_0000_0132.uasset" 7706
"../../../Engine/Content/EngineMaterials/Substrate/Glints2/dict_0000_0135.uasset" 7707
"../../../Engine/Content/EngineMaterials/Substrate/Glints2/dict_0000_0137.uasset" 7708
"../../../Engine/Content/EngineMaterials/Substrate/Glints2/dict_0000_0131.uasset" 7709
"../../../Engine/Content/EngineMaterials/Substrate/Glints2/dict_0000_0139.uasset" 7710
"../../../Engine/Content/EngineMaterials/Substrate/Glints2/dict_0000_0142.uasset" 7711
"../../../Engine/Content/EngineMaterials/Substrate/Glints2/dict_0000_0134.uasset" 7712
"../../../Engine/Content/EngineMaterials/Substrate/Glints2/dict_0000_0141.uasset" 7713
"../../../Engine/Content/EngineMaterials/Substrate/Glints2/dict_0000_0133.uasset" 7714
"../../../Engine/Content/EngineMaterials/Substrate/Glints2/dict_0000_0138.uasset" 7715
"../../../Engine/Content/EngineMaterials/Substrate/Glints2/dict_0000_0143.uasset" 7716
"../../../Engine/Content/EngineMaterials/Substrate/Glints2/dict_0000_0144.uasset" 7717
"../../../Engine/Content/EngineMaterials/Substrate/Glints2/dict_0000_0147.uasset" 7718
"../../../Engine/Content/EngineMaterials/Substrate/Glints2/dict_0000_0136.uasset" 7719
"/Engine/EngineMaterials/Substrate/Glints2/dict_0000_0128" 7720
"../../../Engine/Content/EngineMaterials/Substrate/Glints2/dict_0000_0149.uasset" 7721
"../../../Engine/Content/EngineMaterials/Substrate/Glints2/dict_0000_0146.uasset" 7722
"../../../Engine/Content/EngineMaterials/Substrate/Glints2/dict_0000_0148.uasset" 7723
"../../../Engine/Content/EngineMaterials/Substrate/Glints2/dict_0000_0150.uasset" 7724
"../../../Engine/Content/EngineMaterials/Substrate/Glints2/dict_0000_0140.uasset" 7725
"../../../Engine/Content/EngineMaterials/Substrate/Glints2/dict_0000_0145.uasset" 7726
"../../../Engine/Content/EngineMaterials/Substrate/Glints2/dict_0000_0153.uasset" 7727
"../../../Engine/Content/EngineMaterials/Substrate/Glints2/dict_0000_0154.uasset" 7728
"../../../Engine/Content/EngineMaterials/Substrate/Glints2/dict_0000_0151.uasset" 7729
"../../../Engine/Content/EngineMaterials/Substrate/Glints2/dict_0000_0152.uasset" 7730
"../../../Engine/Content/EngineMaterials/Substrate/Glints2/dict_0000_0155.uasset" 7731
"../../../Engine/Content/EngineMaterials/Substrate/Glints2/dict_0000_0156.uasset" 7732
"/Engine/EngineMaterials/Substrate/Glints2/dict_0000_0127" 7733
"/Engine/EngineMaterials/Substrate/Glints2/dict_0000_0126" 7734
"/Engine/EngineMaterials/Substrate/Glints2/dict_0000_0125" 7735
"../../../Engine/Content/EngineMaterials/Substrate/Glints2/dict_0000_0158.uasset" 7736
"../../../Engine/Content/EngineMaterials/Substrate/Glints2/dict_0000_0157.uasset" 7737
"/Engine/EngineMaterials/Substrate/Glints2/dict_0000_0156" 7738
"../../../Engine/Content/EngineMaterials/Substrate/Glints2/dict_0000_0160.uasset" 7739
"../../../Engine/Content/EngineMaterials/Substrate/Glints2/dict_0000_0159.uasset" 7740
"../../../Engine/Content/EngineMaterials/Substrate/Glints2/dict_0000_0161.uasset" 7741
"/Engine/EngineMaterials/Substrate/Glints2/dict_0000_0155" 7742
"/Engine/EngineMaterials/Substrate/Glints2/dict_0000_0154" 7743
"/Engine/EngineMaterials/Substrate/Glints2/dict_0000_0153" 7744
"/Engine/EngineMaterials/Substrate/Glints2/dict_0000_0152" 7745
"/Engine/EngineMaterials/Substrate/Glints2/dict_0000_0151" 7746
"/Engine/EngineMaterials/Substrate/Glints2/dict_0000_0150" 7747
"/Engine/EngineMaterials/Substrate/Glints2/dict_0000_0149" 7748
"/Engine/EngineMaterials/Substrate/Glints2/dict_0000_0148" 7749
"/Engine/EngineMaterials/Substrate/Glints2/dict_0000_0147" 7750
"/Engine/EngineMaterials/Substrate/Glints2/dict_0000_0146" 7751
"/Engine/EngineMaterials/Substrate/Glints2/dict_0000_0145" 7752
"/Engine/EngineMaterials/Substrate/Glints2/dict_0000_0144" 7753
"/Engine/EngineMaterials/Substrate/Glints2/dict_0000_0143" 7754
"/Engine/EngineMaterials/Substrate/Glints2/dict_0000_0142" 7755
"/Engine/EngineMaterials/Substrate/Glints2/dict_0000_0141" 7756
"/Engine/EngineMaterials/Substrate/Glints2/dict_0000_0140" 7757
"/Engine/EngineMaterials/Substrate/Glints2/dict_0000_0139" 7758
"/Engine/EngineMaterials/Substrate/Glints2/dict_0000_0138" 7759
"/Engine/EngineMaterials/Substrate/Glints2/dict_0000_0137" 7760
"/Engine/EngineMaterials/Substrate/Glints2/dict_0000_0136" 7761
"/Engine/EngineMaterials/Substrate/Glints2/dict_0000_0135" 7762
"/Engine/EngineMaterials/Substrate/Glints2/dict_0000_0134" 7763
"/Engine/EngineMaterials/Substrate/Glints2/dict_0000_0133" 7764
"/Engine/EngineMaterials/Substrate/Glints2/dict_0000_0132" 7765
"/Engine/EngineMaterials/Substrate/Glints2/dict_0000_0131" 7766
"/Engine/EngineMaterials/Substrate/Glints2/dict_0000_0130" 7767
"/Engine/EngineMaterials/Substrate/Glints2/dict_0000_0161" 7768
"../../../Engine/Content/EngineMaterials/Substrate/Glints2/dict_0000_0162.uasset" 7769
"../../../Engine/Content/EngineMaterials/Substrate/Glints2/dict_0000_0179.uasset" 7770
"../../../Engine/Content/EngineMaterials/Substrate/Glints2/dict_0000_0170.uasset" 7771
"../../../Engine/Content/EngineMaterials/Substrate/Glints2/dict_0000_0169.uasset" 7772
"../../../Engine/Content/EngineMaterials/Substrate/Glints2/dict_0000_0176.uasset" 7773
"../../../Engine/Content/EngineMaterials/Substrate/Glints2/dict_0000_0172.uasset" 7774
"../../../Engine/Content/EngineMaterials/Substrate/Glints2/dict_0000_0163.uasset" 7775
"../../../Engine/Content/EngineMaterials/Substrate/Glints2/dict_0000_0168.uasset" 7776
"../../../Engine/Content/EngineMaterials/Substrate/Glints2/dict_0000_0166.uasset" 7777
"../../../Engine/Content/EngineMaterials/Substrate/Glints2/dict_0000_0165.uasset" 7778
"../../../Engine/Content/EngineMaterials/Substrate/Glints2/dict_0000_0164.uasset" 7779
"../../../Engine/Content/EngineMaterials/Substrate/Glints2/dict_0000_0173.uasset" 7780
"../../../Engine/Content/EngineMaterials/Substrate/Glints2/dict_0000_0180.uasset" 7781
"../../../Engine/Content/EngineMaterials/Substrate/Glints2/dict_0000_0174.uasset" 7782
"../../../Engine/Content/EngineMaterials/Substrate/Glints2/dict_0000_0167.uasset" 7783
"../../../Engine/Content/EngineMaterials/Substrate/Glints2/dict_0000_0175.uasset" 7784
"/Engine/EngineMaterials/Substrate/Glints2/dict_0000_0160" 7785
"../../../Engine/Content/EngineMaterials/Substrate/Glints2/dict_0000_0178.uasset" 7786
"../../../Engine/Content/EngineMaterials/Substrate/Glints2/dict_0000_0171.uasset" 7787
"../../../Engine/Content/EngineMaterials/Substrate/Glints2/dict_0000_0177.uasset" 7788
"../../../Engine/Content/EngineMaterials/Substrate/Glints2/dict_0000_0182.uasset" 7789
"../../../Engine/Content/EngineMaterials/Substrate/Glints2/dict_0000_0181.uasset" 7790
"../../../Engine/Content/EngineMaterials/Substrate/Glints2/dict_0000_0183.uasset" 7791
"../../../Engine/Content/EngineMaterials/Substrate/Glints2/dict_0000_0184.uasset" 7792
"../../../Engine/Content/EngineMaterials/Substrate/Glints2/dict_0000_0186.uasset" 7793
"../../../Engine/Content/EngineMaterials/Substrate/Glints2/dict_0000_0185.uasset" 7794
"../../../Engine/Content/EngineMaterials/Substrate/Glints2/dict_0000_0187.uasset" 7795
"../../../Engine/Content/EngineMaterials/Substrate/Glints2/dict_0000_0188.uasset" 7796
"/Engine/EngineMaterials/Substrate/Glints2/dict_0000_0159" 7797
"/Engine/EngineMaterials/Substrate/Glints2/dict_0000_0158" 7798
"/Engine/EngineMaterials/Substrate/Glints2/dict_0000_0157" 7799
"/Engine/EngineMaterials/Substrate/Glints2/dict_0000_0188" 7800
"../../../Engine/Content/EngineMaterials/Substrate/Glints2/dict_0000_0190.uasset" 7801
"../../../Engine/Content/EngineMaterials/Substrate/Glints2/dict_0000_0189.uasset" 7802
"../../../Engine/Content/EngineMaterials/Substrate/Glints2/dict_0000_0192.uasset" 7803
"../../../Engine/Content/EngineMaterials/Substrate/Glints2/dict_0000_0191.uasset" 7804
"../../../Engine/Content/EngineMaterials/Substrate/Glints2/dict_0000_0193.uasset" 7805
"/Engine/EngineMaterials/Substrate/Glints2/dict_0000_0187" 7806
"/Engine/EngineMaterials/Substrate/Glints2/dict_0000_0186" 7807
"/Engine/EngineMaterials/Substrate/Glints2/dict_0000_0185" 7808
"/Engine/EngineMaterials/Substrate/Glints2/dict_0000_0184" 7809
"/Engine/EngineMaterials/Substrate/Glints2/dict_0000_0183" 7810
"/Engine/EngineMaterials/Substrate/Glints2/dict_0000_0182" 7811
"/Engine/EngineMaterials/Substrate/Glints2/dict_0000_0181" 7812
"/Engine/EngineMaterials/Substrate/Glints2/dict_0000_0180" 7813
"/Engine/EngineMaterials/Substrate/Glints2/dict_0000_0179" 7814
"/Engine/EngineMaterials/Substrate/Glints2/dict_0000_0178" 7815
"/Engine/EngineMaterials/Substrate/Glints2/dict_0000_0177" 7816
"/Engine/EngineMaterials/Substrate/Glints2/dict_0000_0176" 7817
"/Engine/EngineMaterials/Substrate/Glints2/dict_0000_0175" 7818
"/Engine/EngineMaterials/Substrate/Glints2/dict_0000_0174" 7819
"/Engine/EngineMaterials/Substrate/Glints2/dict_0000_0173" 7820
"/Engine/EngineMaterials/Substrate/Glints2/dict_0000_0172" 7821
"/Engine/EngineMaterials/Substrate/Glints2/dict_0000_0171" 7822
"/Engine/EngineMaterials/Substrate/Glints2/dict_0000_0170" 7823
"/Engine/EngineMaterials/Substrate/Glints2/dict_0000_0169" 7824
"/Engine/EngineMaterials/Substrate/Glints2/dict_0000_0168" 7825
"/Engine/EngineMaterials/Substrate/Glints2/dict_0000_0167" 7826
"/Engine/EngineMaterials/Substrate/Glints2/dict_0000_0166" 7827
"/Engine/EngineMaterials/Substrate/Glints2/dict_0000_0165" 7828
"/Engine/EngineMaterials/Substrate/Glints2/dict_0000_0164" 7829
"/Engine/EngineMaterials/Substrate/Glints2/dict_0000_0163" 7830
"/Engine/EngineMaterials/Substrate/Glints2/dict_0000_0162" 7831
"../../../Engine/Content/EngineMaterials/Substrate/Glints2/dict_0000_0194.uasset" 7832
"/Engine/EngineMaterials/Substrate/Glints2/dict_0000_0193" 7833
"../../../Engine/Content/EngineMaterials/Substrate/Glints2/dict_0000_0201.uasset" 7834
"../../../Engine/Content/EngineMaterials/Substrate/Glints2/dict_0000_0198.uasset" 7835
"../../../Engine/Content/EngineMaterials/Substrate/Glints2/dict_0000_0211.uasset" 7836
"../../../Engine/Content/EngineMaterials/Substrate/Glints2/dict_0000_0197.uasset" 7837
"../../../Engine/Content/EngineMaterials/Substrate/Glints2/dict_0000_0205.uasset" 7838
"../../../Engine/Content/EngineMaterials/Substrate/Glints2/dict_0000_0202.uasset" 7839
"../../../Engine/Content/EngineMaterials/Substrate/Glints2/dict_0000_0196.uasset" 7840
"../../../Engine/Content/EngineMaterials/Substrate/Glints2/dict_0000_0199.uasset" 7841
"../../../Engine/Content/EngineMaterials/Substrate/Glints2/dict_0000_0203.uasset" 7842
"../../../Engine/Content/EngineMaterials/Substrate/Glints2/dict_0000_0212.uasset" 7843
"../../../Engine/Content/EngineMaterials/Substrate/Glints2/dict_0000_0200.uasset" 7844
"../../../Engine/Content/EngineMaterials/Substrate/Glints2/dict_0000_0206.uasset" 7845
"../../../Engine/Content/EngineMaterials/Substrate/Glints2/dict_0000_0195.uasset" 7846
"../../../Engine/Content/EngineMaterials/Substrate/Glints2/dict_0000_0210.uasset" 7847
"../../../Engine/Content/EngineMaterials/Substrate/Glints2/dict_0000_0213.uasset" 7848
"../../../Engine/Content/EngineMaterials/Substrate/Glints2/dict_0000_0209.uasset" 7849
"../../../Engine/Content/EngineMaterials/Substrate/Glints2/dict_0000_0214.uasset" 7850
"../../../Engine/Content/EngineMaterials/Substrate/Glints2/dict_0000_0208.uasset" 7851
"/Engine/EngineMaterials/Substrate/Glints2/dict_0000_0192" 7852
"../../../Engine/Content/EngineMaterials/Substrate/Glints2/dict_0000_0207.uasset" 7853
"../../../Engine/Content/EngineMaterials/Substrate/Glints2/dict_0000_0204.uasset" 7854
"../../../Engine/Content/EngineMaterials/Substrate/Glints2/dict_0000_0217.uasset" 7855
"../../../Engine/Content/EngineMaterials/Substrate/Glints2/dict_0000_0216.uasset" 7856
"../../../Engine/Content/EngineMaterials/Substrate/Glints2/dict_0000_0215.uasset" 7857
"../../../Engine/Content/EngineMaterials/Substrate/Glints2/dict_0000_0218.uasset" 7858
"../../../Engine/Content/EngineMaterials/Substrate/Glints2/dict_0000_0220.uasset" 7859
"../../../Engine/Content/EngineMaterials/Substrate/Glints2/dict_0000_0219.uasset" 7860
"/Engine/EngineMaterials/Substrate/Glints2/dict_0000_0191" 7861
"/Engine/EngineMaterials/Substrate/Glints2/dict_0000_0190" 7862
"/Engine/EngineMaterials/Substrate/Glints2/dict_0000_0189" 7863
"../../../Engine/Content/EngineMaterials/Substrate/Glints2/dict_0000_0221.uasset" 7864
"../../../Engine/Content/EngineMaterials/Substrate/Glints2/dict_0000_0222.uasset" 7865
"/Engine/EngineMaterials/Substrate/Glints2/dict_0000_0220" 7866
"../../../Engine/Content/EngineMaterials/Substrate/Glints2/dict_0000_0225.uasset" 7867
"../../../Engine/Content/EngineMaterials/Substrate/Glints2/dict_0000_0224.uasset" 7868
"../../../Engine/Content/EngineMaterials/Substrate/Glints2/dict_0000_0223.uasset" 7869
"/Engine/EngineMaterials/Substrate/Glints2/dict_0000_0219" 7870
"/Engine/EngineMaterials/Substrate/Glints2/dict_0000_0218" 7871
"/Engine/EngineMaterials/Substrate/Glints2/dict_0000_0217" 7872
"/Engine/EngineMaterials/Substrate/Glints2/dict_0000_0216" 7873
"/Engine/EngineMaterials/Substrate/Glints2/dict_0000_0215" 7874
"/Engine/EngineMaterials/Substrate/Glints2/dict_0000_0214" 7875
"/Engine/EngineMaterials/Substrate/Glints2/dict_0000_0213" 7876
"/Engine/EngineMaterials/Substrate/Glints2/dict_0000_0212" 7877
"/Engine/EngineMaterials/Substrate/Glints2/dict_0000_0211" 7878
"/Engine/EngineMaterials/Substrate/Glints2/dict_0000_0210" 7879
"/Engine/EngineMaterials/Substrate/Glints2/dict_0000_0209" 7880
"/Engine/EngineMaterials/Substrate/Glints2/dict_0000_0208" 7881
"/Engine/EngineMaterials/Substrate/Glints2/dict_0000_0207" 7882
"/Engine/EngineMaterials/Substrate/Glints2/dict_0000_0206" 7883
"/Engine/EngineMaterials/Substrate/Glints2/dict_0000_0205" 7884
"/Engine/EngineMaterials/Substrate/Glints2/dict_0000_0204" 7885
"/Engine/EngineMaterials/Substrate/Glints2/dict_0000_0203" 7886
"/Engine/EngineMaterials/Substrate/Glints2/dict_0000_0202" 7887
"/Engine/EngineMaterials/Substrate/Glints2/dict_0000_0201" 7888
"/Engine/EngineMaterials/Substrate/Glints2/dict_0000_0200" 7889
"/Engine/EngineMaterials/Substrate/Glints2/dict_0000_0199" 7890
"/Engine/EngineMaterials/Substrate/Glints2/dict_0000_0198" 7891
"/Engine/EngineMaterials/Substrate/Glints2/dict_0000_0197" 7892
"/Engine/EngineMaterials/Substrate/Glints2/dict_0000_0196" 7893
"/Engine/EngineMaterials/Substrate/Glints2/dict_0000_0195" 7894
"/Engine/EngineMaterials/Substrate/Glints2/dict_0000_0194" 7895
"../../../Engine/Content/EngineMaterials/Substrate/Glints2/dict_0000_0226.uasset" 7896
"/Engine/EngineMaterials/Substrate/Glints2/dict_0000_0225" 7897
"../../../Engine/Content/EngineMaterials/Substrate/Glints2/dict_0000_0231.uasset" 7898
"../../../Engine/Content/EngineMaterials/Substrate/Glints2/dict_0000_0228.uasset" 7899
"../../../Engine/Content/EngineMaterials/Substrate/Glints2/dict_0000_0235.uasset" 7900
"../../../Engine/Content/EngineMaterials/Substrate/Glints2/dict_0000_0232.uasset" 7901
"../../../Engine/Content/EngineMaterials/Substrate/Glints2/dict_0000_0227.uasset" 7902
"../../../Engine/Content/EngineMaterials/Substrate/Glints2/dict_0000_0234.uasset" 7903
"../../../Engine/Content/EngineMaterials/Substrate/Glints2/dict_0000_0233.uasset" 7904
"../../../Engine/Content/EngineMaterials/Substrate/Glints2/dict_0000_0230.uasset" 7905
"../../../Engine/Content/EngineMaterials/Substrate/Glints2/dict_0000_0229.uasset" 7906
"../../../Engine/Content/EngineMaterials/Substrate/Glints2/dict_0000_0236.uasset" 7907
"../../../Engine/Content/EngineMaterials/Substrate/Glints2/dict_0000_0244.uasset" 7908
"../../../Engine/Content/EngineMaterials/Substrate/Glints2/dict_0000_0243.uasset" 7909
"../../../Engine/Content/EngineMaterials/Substrate/Glints2/dict_0000_0238.uasset" 7910
"../../../Engine/Content/EngineMaterials/Substrate/Glints2/dict_0000_0239.uasset" 7911
"/Engine/EngineMaterials/Substrate/Glints2/dict_0000_0224" 7912
"../../../Engine/Content/EngineMaterials/Substrate/Glints2/dict_0000_0240.uasset" 7913
"../../../Engine/Content/EngineMaterials/Substrate/Glints2/dict_0000_0237.uasset" 7914
"../../../Engine/Content/EngineMaterials/Substrate/Glints2/dict_0000_0246.uasset" 7915
"../../../Engine/Content/EngineMaterials/Substrate/Glints2/dict_0000_0242.uasset" 7916
"../../../Engine/Content/EngineMaterials/Substrate/Glints2/dict_0000_0241.uasset" 7917
"../../../Engine/Content/EngineMaterials/Substrate/Glints2/dict_0000_0245.uasset" 7918
"/Engine/EngineMaterials/Substrate/Glints2/dict_0000_0223" 7919
"../../../Engine/Content/EngineMaterials/Substrate/Glints2/dict_0000_0250.uasset" 7920
"../../../Engine/Content/EngineMaterials/Substrate/Glints2/dict_0000_0249.uasset" 7921
"../../../Engine/Content/EngineMaterials/Substrate/Glints2/dict_0000_0252.uasset" 7922
"../../../Engine/Content/EngineMaterials/Substrate/Glints2/dict_0000_0247.uasset" 7923
"../../../Engine/Content/EngineMaterials/Substrate/Glints2/dict_0000_0248.uasset" 7924
"../../../Engine/Content/EngineMaterials/Substrate/Glints2/dict_0000_0251.uasset" 7925
"/Engine/EngineMaterials/Substrate/Glints2/dict_0000_0222" 7926
"/Engine/EngineMaterials/Substrate/Glints2/dict_0000_0221" 7927
"../../../Engine/Content/EngineMaterials/Substrate/Glints2/dict_0000_0253.uasset" 7928
"../../../Engine/Content/EngineMaterials/Substrate/Glints2/dict_0000_0254.uasset" 7929
"/Engine/EngineMaterials/Substrate/Glints2/dict_0000_0252" 7930
"../../../Engine/Content/EngineMaterials/Substrate/Glints2/dict_0001_0000.uasset" 7931
"../../../Engine/Content/EngineMaterials/Substrate/Glints2/dict_0000_0255.uasset" 7932
"../../../Engine/Content/EngineMaterials/Substrate/Glints2/dict_0001_0001.uasset" 7933
"/Engine/EngineMaterials/Substrate/Glints2/dict_0000_0251" 7934
"/Engine/EngineMaterials/Substrate/Glints2/dict_0000_0250" 7935
"/Engine/EngineMaterials/Substrate/Glints2/dict_0000_0249" 7936
"/Engine/EngineMaterials/Substrate/Glints2/dict_0000_0248" 7937
"/Engine/EngineMaterials/Substrate/Glints2/dict_0000_0247" 7938
"/Engine/EngineMaterials/Substrate/Glints2/dict_0000_0246" 7939
"/Engine/EngineMaterials/Substrate/Glints2/dict_0000_0245" 7940
"/Engine/EngineMaterials/Substrate/Glints2/dict_0000_0244" 7941
"/Engine/EngineMaterials/Substrate/Glints2/dict_0000_0243" 7942
"/Engine/EngineMaterials/Substrate/Glints2/dict_0000_0242" 7943
"/Engine/EngineMaterials/Substrate/Glints2/dict_0000_0241" 7944
"/Engine/EngineMaterials/Substrate/Glints2/dict_0000_0240" 7945
"/Engine/EngineMaterials/Substrate/Glints2/dict_0000_0239" 7946
"/Engine/EngineMaterials/Substrate/Glints2/dict_0000_0238" 7947
"/Engine/EngineMaterials/Substrate/Glints2/dict_0000_0237" 7948
"/Engine/EngineMaterials/Substrate/Glints2/dict_0000_0236" 7949
"/Engine/EngineMaterials/Substrate/Glints2/dict_0000_0235" 7950
"/Engine/EngineMaterials/Substrate/Glints2/dict_0000_0234" 7951
"/Engine/EngineMaterials/Substrate/Glints2/dict_0000_0233" 7952
"/Engine/EngineMaterials/Substrate/Glints2/dict_0000_0232" 7953
"/Engine/EngineMaterials/Substrate/Glints2/dict_0000_0231" 7954
"/Engine/EngineMaterials/Substrate/Glints2/dict_0000_0230" 7955
"/Engine/EngineMaterials/Substrate/Glints2/dict_0000_0229" 7956
"/Engine/EngineMaterials/Substrate/Glints2/dict_0000_0228" 7957
"/Engine/EngineMaterials/Substrate/Glints2/dict_0000_0227" 7958
"/Engine/EngineMaterials/Substrate/Glints2/dict_0000_0226" 7959
"/Engine/EngineMaterials/Substrate/Glints2/dict_0001_0001" 7960
"../../../Engine/Content/EngineMaterials/Substrate/Glints2/dict_0001_0002.uasset" 7961
"../../../Engine/Content/EngineMaterials/Substrate/Glints2/dict_0001_0015.uasset" 7962
"../../../Engine/Content/EngineMaterials/Substrate/Glints2/dict_0001_0007.uasset" 7963
"../../../Engine/Content/EngineMaterials/Substrate/Glints2/dict_0001_0011.uasset" 7964
"../../../Engine/Content/EngineMaterials/Substrate/Glints2/dict_0001_0016.uasset" 7965
"../../../Engine/Content/EngineMaterials/Substrate/Glints2/dict_0001_0004.uasset" 7966
"../../../Engine/Content/EngineMaterials/Substrate/Glints2/dict_0001_0019.uasset" 7967
"../../../Engine/Content/EngineMaterials/Substrate/Glints2/dict_0001_0010.uasset" 7968
"../../../Engine/Content/EngineMaterials/Substrate/Glints2/dict_0001_0008.uasset" 7969
"../../../Engine/Content/EngineMaterials/Substrate/Glints2/dict_0001_0014.uasset" 7970
"../../../Engine/Content/EngineMaterials/Substrate/Glints2/dict_0001_0012.uasset" 7971
"../../../Engine/Content/EngineMaterials/Substrate/Glints2/dict_0001_0006.uasset" 7972
"../../../Engine/Content/EngineMaterials/Substrate/Glints2/dict_0001_0013.uasset" 7973
"../../../Engine/Content/EngineMaterials/Substrate/Glints2/dict_0001_0005.uasset" 7974
"../../../Engine/Content/EngineMaterials/Substrate/Glints2/dict_0001_0009.uasset" 7975
"../../../Engine/Content/EngineMaterials/Substrate/Glints2/dict_0001_0003.uasset" 7976
"../../../Engine/Content/EngineMaterials/Substrate/Glints2/dict_0001_0017.uasset" 7977
"../../../Engine/Content/EngineMaterials/Substrate/Glints2/dict_0001_0018.uasset" 7978
"../../../Engine/Content/EngineMaterials/Substrate/Glints2/dict_0001_0021.uasset" 7979
"../../../Engine/Content/EngineMaterials/Substrate/Glints2/dict_0001_0020.uasset" 7980
"../../../Engine/Content/EngineMaterials/Substrate/Glints2/dict_0001_0022.uasset" 7981
"/Engine/EngineMaterials/Substrate/Glints2/dict_0001_0000" 7982
"../../../Engine/Content/EngineMaterials/Substrate/Glints2/dict_0001_0023.uasset" 7983
"../../../Engine/Content/EngineMaterials/Substrate/Glints2/dict_0001_0024.uasset" 7984
"../../../Engine/Content/EngineMaterials/Substrate/Glints2/dict_0001_0025.uasset" 7985
"../../../Engine/Content/EngineMaterials/Substrate/Glints2/dict_0001_0026.uasset" 7986
"../../../Engine/Content/EngineMaterials/Substrate/Glints2/dict_0001_0027.uasset" 7987
"/Engine/EngineMaterials/Substrate/Glints2/dict_0000_0255" 7988
"../../../Engine/Content/EngineMaterials/Substrate/Glints2/dict_0001_0028.uasset" 7989
"/Engine/EngineMaterials/Substrate/Glints2/dict_0000_0254" 7990
"/Engine/EngineMaterials/Substrate/Glints2/dict_0000_0253" 7991
"../../../Engine/Content/EngineMaterials/Substrate/Glints2/dict_0001_0030.uasset" 7992
"../../../Engine/Content/EngineMaterials/Substrate/Glints2/dict_0001_0029.uasset" 7993
"/Engine/EngineMaterials/Substrate/Glints2/dict_0001_0028" 7994
"../../../Engine/Content/EngineMaterials/Substrate/Glints2/dict_0001_0031.uasset" 7995
"../../../Engine/Content/EngineMaterials/Substrate/Glints2/dict_0001_0032.uasset" 7996
"../../../Engine/Content/EngineMaterials/Substrate/Glints2/dict_0001_0033.uasset" 7997
"/Engine/EngineMaterials/Substrate/Glints2/dict_0001_0027" 7998
"/Engine/EngineMaterials/Substrate/Glints2/dict_0001_0026" 7999
"/Engine/EngineMaterials/Substrate/Glints2/dict_0001_0025" 8000
"/Engine/EngineMaterials/Substrate/Glints2/dict_0001_0024" 8001
"/Engine/EngineMaterials/Substrate/Glints2/dict_0001_0023" 8002
"/Engine/EngineMaterials/Substrate/Glints2/dict_0001_0022" 8003
"/Engine/EngineMaterials/Substrate/Glints2/dict_0001_0021" 8004
"/Engine/EngineMaterials/Substrate/Glints2/dict_0001_0020" 8005
"/Engine/EngineMaterials/Substrate/Glints2/dict_0001_0019" 8006
"/Engine/EngineMaterials/Substrate/Glints2/dict_0001_0018" 8007
"/Engine/EngineMaterials/Substrate/Glints2/dict_0001_0017" 8008
"/Engine/EngineMaterials/Substrate/Glints2/dict_0001_0016" 8009
"/Engine/EngineMaterials/Substrate/Glints2/dict_0001_0015" 8010
"/Engine/EngineMaterials/Substrate/Glints2/dict_0001_0014" 8011
"/Engine/EngineMaterials/Substrate/Glints2/dict_0001_0013" 8012
"/Engine/EngineMaterials/Substrate/Glints2/dict_0001_0012" 8013
"/Engine/EngineMaterials/Substrate/Glints2/dict_0001_0011" 8014
"/Engine/EngineMaterials/Substrate/Glints2/dict_0001_0010" 8015
"/Engine/EngineMaterials/Substrate/Glints2/dict_0001_0009" 8016
"/Engine/EngineMaterials/Substrate/Glints2/dict_0001_0008" 8017
"/Engine/EngineMaterials/Substrate/Glints2/dict_0001_0007" 8018
"/Engine/EngineMaterials/Substrate/Glints2/dict_0001_0006" 8019
"/Engine/EngineMaterials/Substrate/Glints2/dict_0001_0005" 8020
"/Engine/EngineMaterials/Substrate/Glints2/dict_0001_0004" 8021
"/Engine/EngineMaterials/Substrate/Glints2/dict_0001_0003" 8022
"/Engine/EngineMaterials/Substrate/Glints2/dict_0001_0002" 8023
"../../../Engine/Content/EngineMaterials/Substrate/Glints2/dict_0001_0034.uasset" 8024
"/Engine/EngineMaterials/Substrate/Glints2/dict_0001_0033" 8025
"../../../Engine/Content/EngineMaterials/Substrate/Glints2/dict_0001_0038.uasset" 8026
"../../../Engine/Content/EngineMaterials/Substrate/Glints2/dict_0001_0044.uasset" 8027
"../../../Engine/Content/EngineMaterials/Substrate/Glints2/dict_0001_0035.uasset" 8028
"../../../Engine/Content/EngineMaterials/Substrate/Glints2/dict_0001_0051.uasset" 8029
"../../../Engine/Content/EngineMaterials/Substrate/Glints2/dict_0001_0042.uasset" 8030
"../../../Engine/Content/EngineMaterials/Substrate/Glints2/dict_0001_0041.uasset" 8031
"../../../Engine/Content/EngineMaterials/Substrate/Glints2/dict_0001_0039.uasset" 8032
"../../../Engine/Content/EngineMaterials/Substrate/Glints2/dict_0001_0040.uasset" 8033
"../../../Engine/Content/EngineMaterials/Substrate/Glints2/dict_0001_0045.uasset" 8034
"../../../Engine/Content/EngineMaterials/Substrate/Glints2/dict_0001_0037.uasset" 8035
"../../../Engine/Content/EngineMaterials/Substrate/Glints2/dict_0001_0043.uasset" 8036
"../../../Engine/Content/EngineMaterials/Substrate/Glints2/dict_0001_0036.uasset" 8037
"../../../Engine/Content/EngineMaterials/Substrate/Glints2/dict_0001_0050.uasset" 8038
"../../../Engine/Content/EngineMaterials/Substrate/Glints2/dict_0001_0048.uasset" 8039
"../../../Engine/Content/EngineMaterials/Substrate/Glints2/dict_0001_0049.uasset" 8040
"../../../Engine/Content/EngineMaterials/Substrate/Glints2/dict_0001_0046.uasset" 8041
"../../../Engine/Content/EngineMaterials/Substrate/Glints2/dict_0001_0054.uasset" 8042
"../../../Engine/Content/EngineMaterials/Substrate/Glints2/dict_0001_0053.uasset" 8043
"/Engine/EngineMaterials/Substrate/Glints2/dict_0001_0032" 8044
"../../../Engine/Content/EngineMaterials/Substrate/Glints2/dict_0001_0052.uasset" 8045
"../../../Engine/Content/EngineMaterials/Substrate/Glints2/dict_0001_0047.uasset" 8046
"../../../Engine/Content/EngineMaterials/Substrate/Glints2/dict_0001_0056.uasset" 8047
"../../../Engine/Content/EngineMaterials/Substrate/Glints2/dict_0001_0057.uasset" 8048
"../../../Engine/Content/EngineMaterials/Substrate/Glints2/dict_0001_0058.uasset" 8049
"../../../Engine/Content/EngineMaterials/Substrate/Glints2/dict_0001_0055.uasset" 8050
"../../../Engine/Content/EngineMaterials/Substrate/Glints2/dict_0001_0059.uasset" 8051
"../../../Engine/Content/EngineMaterials/Substrate/Glints2/dict_0001_0060.uasset" 8052
"/Engine/EngineMaterials/Substrate/Glints2/dict_0001_0031" 8053
"/Engine/EngineMaterials/Substrate/Glints2/dict_0001_0030" 8054
"/Engine/EngineMaterials/Substrate/Glints2/dict_0001_0029" 8055
"../../../Engine/Content/EngineMaterials/Substrate/Glints2/dict_0001_0061.uasset" 8056
"../../../Engine/Content/EngineMaterials/Substrate/Glints2/dict_0001_0062.uasset" 8057
"/Engine/EngineMaterials/Substrate/Glints2/dict_0001_0060" 8058
"../../../Engine/Content/EngineMaterials/Substrate/Glints2/dict_0001_0064.uasset" 8059
"../../../Engine/Content/EngineMaterials/Substrate/Glints2/dict_0001_0063.uasset" 8060
"../../../Engine/Content/EngineMaterials/Substrate/Glints2/dict_0001_0065.uasset" 8061
"/Engine/EngineMaterials/Substrate/Glints2/dict_0001_0059" 8062
"/Engine/EngineMaterials/Substrate/Glints2/dict_0001_0058" 8063
"/Engine/EngineMaterials/Substrate/Glints2/dict_0001_0057" 8064
"/Engine/EngineMaterials/Substrate/Glints2/dict_0001_0056" 8065
"/Engine/EngineMaterials/Substrate/Glints2/dict_0001_0055" 8066
"/Engine/EngineMaterials/Substrate/Glints2/dict_0001_0054" 8067
"/Engine/EngineMaterials/Substrate/Glints2/dict_0001_0053" 8068
"/Engine/EngineMaterials/Substrate/Glints2/dict_0001_0052" 8069
"/Engine/EngineMaterials/Substrate/Glints2/dict_0001_0051" 8070
"/Engine/EngineMaterials/Substrate/Glints2/dict_0001_0050" 8071
"/Engine/EngineMaterials/Substrate/Glints2/dict_0001_0049" 8072
"/Engine/EngineMaterials/Substrate/Glints2/dict_0001_0048" 8073
"/Engine/EngineMaterials/Substrate/Glints2/dict_0001_0047" 8074
"/Engine/EngineMaterials/Substrate/Glints2/dict_0001_0046" 8075
"/Engine/EngineMaterials/Substrate/Glints2/dict_0001_0045" 8076
"/Engine/EngineMaterials/Substrate/Glints2/dict_0001_0044" 8077
"/Engine/EngineMaterials/Substrate/Glints2/dict_0001_0043" 8078
"/Engine/EngineMaterials/Substrate/Glints2/dict_0001_0042" 8079
"/Engine/EngineMaterials/Substrate/Glints2/dict_0001_0041" 8080
"/Engine/EngineMaterials/Substrate/Glints2/dict_0001_0040" 8081
"/Engine/EngineMaterials/Substrate/Glints2/dict_0001_0039" 8082
"/Engine/EngineMaterials/Substrate/Glints2/dict_0001_0038" 8083
"/Engine/EngineMaterials/Substrate/Glints2/dict_0001_0037" 8084
"/Engine/EngineMaterials/Substrate/Glints2/dict_0001_0036" 8085
"/Engine/EngineMaterials/Substrate/Glints2/dict_0001_0035" 8086
"/Engine/EngineMaterials/Substrate/Glints2/dict_0001_0034" 8087
"../../../Engine/Content/EngineMaterials/Substrate/Glints2/dict_0001_0066.uasset" 8088
"/Engine/EngineMaterials/Substrate/Glints2/dict_0001_0065" 8089
"../../../Engine/Content/EngineMaterials/Substrate/Glints2/dict_0001_0075.uasset" 8090
"../../../Engine/Content/EngineMaterials/Substrate/Glints2/dict_0001_0069.uasset" 8091
"../../../Engine/Content/EngineMaterials/Substrate/Glints2/dict_0001_0076.uasset" 8092
"../../../Engine/Content/EngineMaterials/Substrate/Glints2/dict_0001_0070.uasset" 8093
"../../../Engine/Content/EngineMaterials/Substrate/Glints2/dict_0001_0074.uasset" 8094
"../../../Engine/Content/EngineMaterials/Substrate/Glints2/dict_0001_0067.uasset" 8095
"../../../Engine/Content/EngineMaterials/Substrate/Glints2/dict_0001_0078.uasset" 8096
"../../../Engine/Content/EngineMaterials/Substrate/Glints2/dict_0001_0083.uasset" 8097
"../../../Engine/Content/EngineMaterials/Substrate/Glints2/dict_0001_0071.uasset" 8098
"../../../Engine/Content/EngineMaterials/Substrate/Glints2/dict_0001_0072.uasset" 8099
"../../../Engine/Content/EngineMaterials/Substrate/Glints2/dict_0001_0081.uasset" 8100
"../../../Engine/Content/EngineMaterials/Substrate/Glints2/dict_0001_0073.uasset" 8101
"../../../Engine/Content/EngineMaterials/Substrate/Glints2/dict_0001_0080.uasset" 8102
"../../../Engine/Content/EngineMaterials/Substrate/Glints2/dict_0001_0082.uasset" 8103
"../../../Engine/Content/EngineMaterials/Substrate/Glints2/dict_0001_0077.uasset" 8104
"../../../Engine/Content/EngineMaterials/Substrate/Glints2/dict_0001_0068.uasset" 8105
"../../../Engine/Content/EngineMaterials/Substrate/Glints2/dict_0001_0084.uasset" 8106
"/Engine/EngineMaterials/Substrate/Glints2/dict_0001_0064" 8107
"../../../Engine/Content/EngineMaterials/Substrate/Glints2/dict_0001_0086.uasset" 8108
"../../../Engine/Content/EngineMaterials/Substrate/Glints2/dict_0001_0079.uasset" 8109
"../../../Engine/Content/EngineMaterials/Substrate/Glints2/dict_0001_0085.uasset" 8110
"../../../Engine/Content/EngineMaterials/Substrate/Glints2/dict_0001_0087.uasset" 8111
"/Engine/EngineMaterials/Substrate/Glints2/dict_0001_0063" 8112
"../../../Engine/Content/EngineMaterials/Substrate/Glints2/dict_0001_0089.uasset" 8113
"../../../Engine/Content/EngineMaterials/Substrate/Glints2/dict_0001_0088.uasset" 8114
"../../../Engine/Content/EngineMaterials/Substrate/Glints2/dict_0001_0090.uasset" 8115
"../../../Engine/Content/EngineMaterials/Substrate/Glints2/dict_0001_0091.uasset" 8116
"../../../Engine/Content/EngineMaterials/Substrate/Glints2/dict_0001_0092.uasset" 8117
"/Engine/EngineMaterials/Substrate/Glints2/dict_0001_0062" 8118
"/Engine/EngineMaterials/Substrate/Glints2/dict_0001_0061" 8119
"../../../Engine/Content/EngineMaterials/Substrate/Glints2/dict_0001_0094.uasset" 8120
"../../../Engine/Content/EngineMaterials/Substrate/Glints2/dict_0001_0093.uasset" 8121
"/Engine/EngineMaterials/Substrate/Glints2/dict_0001_0092" 8122
"../../../Engine/Content/EngineMaterials/Substrate/Glints2/dict_0001_0095.uasset" 8123
"../../../Engine/Content/EngineMaterials/Substrate/Glints2/dict_0001_0096.uasset" 8124
"../../../Engine/Content/EngineMaterials/Substrate/Glints2/dict_0001_0097.uasset" 8125
"/Engine/EngineMaterials/Substrate/Glints2/dict_0001_0091" 8126
"/Engine/EngineMaterials/Substrate/Glints2/dict_0001_0090" 8127
"/Engine/EngineMaterials/Substrate/Glints2/dict_0001_0089" 8128
"/Engine/EngineMaterials/Substrate/Glints2/dict_0001_0088" 8129
"/Engine/EngineMaterials/Substrate/Glints2/dict_0001_0087" 8130
"/Engine/EngineMaterials/Substrate/Glints2/dict_0001_0086" 8131
"/Engine/EngineMaterials/Substrate/Glints2/dict_0001_0085" 8132
"/Engine/EngineMaterials/Substrate/Glints2/dict_0001_0084" 8133
"/Engine/EngineMaterials/Substrate/Glints2/dict_0001_0083" 8134
"/Engine/EngineMaterials/Substrate/Glints2/dict_0001_0082" 8135
"/Engine/EngineMaterials/Substrate/Glints2/dict_0001_0081" 8136
"/Engine/EngineMaterials/Substrate/Glints2/dict_0001_0080" 8137
"/Engine/EngineMaterials/Substrate/Glints2/dict_0001_0079" 8138
"/Engine/EngineMaterials/Substrate/Glints2/dict_0001_0078" 8139
"/Engine/EngineMaterials/Substrate/Glints2/dict_0001_0077" 8140
"/Engine/EngineMaterials/Substrate/Glints2/dict_0001_0076" 8141
"/Engine/EngineMaterials/Substrate/Glints2/dict_0001_0075" 8142
"/Engine/EngineMaterials/Substrate/Glints2/dict_0001_0074" 8143
"/Engine/EngineMaterials/Substrate/Glints2/dict_0001_0073" 8144
"/Engine/EngineMaterials/Substrate/Glints2/dict_0001_0072" 8145
"/Engine/EngineMaterials/Substrate/Glints2/dict_0001_0071" 8146
"/Engine/EngineMaterials/Substrate/Glints2/dict_0001_0070" 8147
"/Engine/EngineMaterials/Substrate/Glints2/dict_0001_0069" 8148
"/Engine/EngineMaterials/Substrate/Glints2/dict_0001_0068" 8149
"/Engine/EngineMaterials/Substrate/Glints2/dict_0001_0067" 8150
"/Engine/EngineMaterials/Substrate/Glints2/dict_0001_0066" 8151
"../../../Engine/Content/EngineMaterials/Substrate/Glints2/dict_0001_0098.uasset" 8152
"/Engine/EngineMaterials/Substrate/Glints2/dict_0001_0097" 8153
"../../../Engine/Content/EngineMaterials/Substrate/Glints2/dict_0001_0100.uasset" 8154
"../../../Engine/Content/EngineMaterials/Substrate/Glints2/dict_0001_0101.uasset" 8155
"../../../Engine/Content/EngineMaterials/Substrate/Glints2/dict_0001_0106.uasset" 8156
"../../../Engine/Content/EngineMaterials/Substrate/Glints2/dict_0001_0102.uasset" 8157
"../../../Engine/Content/EngineMaterials/Substrate/Glints2/dict_0001_0103.uasset" 8158
"../../../Engine/Content/EngineMaterials/Substrate/Glints2/dict_0001_0099.uasset" 8159
"../../../Engine/Content/EngineMaterials/Substrate/Glints2/dict_0001_0115.uasset" 8160
"../../../Engine/Content/EngineMaterials/Substrate/Glints2/dict_0001_0109.uasset" 8161
"../../../Engine/Content/EngineMaterials/Substrate/Glints2/dict_0001_0108.uasset" 8162
"../../../Engine/Content/EngineMaterials/Substrate/Glints2/dict_0001_0113.uasset" 8163
"../../../Engine/Content/EngineMaterials/Substrate/Glints2/dict_0001_0105.uasset" 8164
"../../../Engine/Content/EngineMaterials/Substrate/Glints2/dict_0001_0107.uasset" 8165
"../../../Engine/Content/EngineMaterials/Substrate/Glints2/dict_0001_0104.uasset" 8166
"../../../Engine/Content/EngineMaterials/Substrate/Glints2/dict_0001_0114.uasset" 8167
"../../../Engine/Content/EngineMaterials/Substrate/Glints2/dict_0001_0112.uasset" 8168
"../../../Engine/Content/EngineMaterials/Substrate/Glints2/dict_0001_0111.uasset" 8169
"../../../Engine/Content/EngineMaterials/Substrate/Glints2/dict_0001_0116.uasset" 8170
"../../../Engine/Content/EngineMaterials/Substrate/Glints2/dict_0001_0110.uasset" 8171
"../../../Engine/Content/EngineMaterials/Substrate/Glints2/dict_0001_0117.uasset" 8172
"../../../Engine/Content/EngineMaterials/Substrate/Glints2/dict_0001_0118.uasset" 8173
"/Engine/EngineMaterials/Substrate/Glints2/dict_0001_0096" 8174
"../../../Engine/Content/EngineMaterials/Substrate/Glints2/dict_0001_0119.uasset" 8175
"../../../Engine/Content/EngineMaterials/Substrate/Glints2/dict_0001_0120.uasset" 8176
"../../../Engine/Content/EngineMaterials/Substrate/Glints2/dict_0001_0122.uasset" 8177
"../../../Engine/Content/EngineMaterials/Substrate/Glints2/dict_0001_0124.uasset" 8178
"/Engine/EngineMaterials/Substrate/Glints2/dict_0001_0095" 8179
"../../../Engine/Content/EngineMaterials/Substrate/Glints2/dict_0001_0121.uasset" 8180
"../../../Engine/Content/EngineMaterials/Substrate/Glints2/dict_0001_0123.uasset" 8181
"/Engine/EngineMaterials/Substrate/Glints2/dict_0001_0094" 8182
"/Engine/EngineMaterials/Substrate/Glints2/dict_0001_0093" 8183
"../../../Engine/Content/EngineMaterials/Substrate/Glints2/dict_0001_0126.uasset" 8184
"/Engine/EngineMaterials/Substrate/Glints2/dict_0001_0124" 8185
"../../../Engine/Content/EngineMaterials/Substrate/Glints2/dict_0001_0127.uasset" 8186
"../../../Engine/Content/EngineMaterials/Substrate/Glints2/dict_0001_0128.uasset" 8187
"../../../Engine/Content/EngineMaterials/Substrate/Glints2/dict_0001_0129.uasset" 8188
"../../../Engine/Content/EngineMaterials/Substrate/Glints2/dict_0001_0125.uasset" 8189
"/Engine/EngineMaterials/Substrate/Glints2/dict_0001_0123" 8190
"/Engine/EngineMaterials/Substrate/Glints2/dict_0001_0122" 8191
"/Engine/EngineMaterials/Substrate/Glints2/dict_0001_0121" 8192
"/Engine/EngineMaterials/Substrate/Glints2/dict_0001_0120" 8193
"/Engine/EngineMaterials/Substrate/Glints2/dict_0001_0119" 8194
"/Engine/EngineMaterials/Substrate/Glints2/dict_0001_0118" 8195
"/Engine/EngineMaterials/Substrate/Glints2/dict_0001_0117" 8196
"/Engine/EngineMaterials/Substrate/Glints2/dict_0001_0116" 8197
"/Engine/EngineMaterials/Substrate/Glints2/dict_0001_0115" 8198
"/Engine/EngineMaterials/Substrate/Glints2/dict_0001_0114" 8199
"/Engine/EngineMaterials/Substrate/Glints2/dict_0001_0113" 8200
"/Engine/EngineMaterials/Substrate/Glints2/dict_0001_0112" 8201
"/Engine/EngineMaterials/Substrate/Glints2/dict_0001_0111" 8202
"/Engine/EngineMaterials/Substrate/Glints2/dict_0001_0110" 8203
"/Engine/EngineMaterials/Substrate/Glints2/dict_0001_0109" 8204
"/Engine/EngineMaterials/Substrate/Glints2/dict_0001_0108" 8205
"/Engine/EngineMaterials/Substrate/Glints2/dict_0001_0107" 8206
"/Engine/EngineMaterials/Substrate/Glints2/dict_0001_0106" 8207
"/Engine/EngineMaterials/Substrate/Glints2/dict_0001_0105" 8208
"/Engine/EngineMaterials/Substrate/Glints2/dict_0001_0104" 8209
"/Engine/EngineMaterials/Substrate/Glints2/dict_0001_0103" 8210
"/Engine/EngineMaterials/Substrate/Glints2/dict_0001_0102" 8211
"/Engine/EngineMaterials/Substrate/Glints2/dict_0001_0101" 8212
"/Engine/EngineMaterials/Substrate/Glints2/dict_0001_0100" 8213
"/Engine/EngineMaterials/Substrate/Glints2/dict_0001_0099" 8214
"/Engine/EngineMaterials/Substrate/Glints2/dict_0001_0098" 8215
"../../../Engine/Content/EngineMaterials/Substrate/Glints2/dict_0001_0130.uasset" 8216
"/Engine/EngineMaterials/Substrate/Glints2/dict_0001_0129" 8217
"../../../Engine/Content/EngineMaterials/Substrate/Glints2/dict_0001_0134.uasset" 8218
"../../../Engine/Content/EngineMaterials/Substrate/Glints2/dict_0001_0138.uasset" 8219
"../../../Engine/Content/EngineMaterials/Substrate/Glints2/dict_0001_0139.uasset" 8220
"../../../Engine/Content/EngineMaterials/Substrate/Glints2/dict_0001_0136.uasset" 8221
"../../../Engine/Content/EngineMaterials/Substrate/Glints2/dict_0001_0135.uasset" 8222
"../../../Engine/Content/EngineMaterials/Substrate/Glints2/dict_0001_0133.uasset" 8223
"../../../Engine/Content/EngineMaterials/Substrate/Glints2/dict_0001_0131.uasset" 8224
"../../../Engine/Content/EngineMaterials/Substrate/Glints2/dict_0001_0132.uasset" 8225
"../../../Engine/Content/EngineMaterials/Substrate/Glints2/dict_0001_0147.uasset" 8226
"../../../Engine/Content/EngineMaterials/Substrate/Glints2/dict_0001_0140.uasset" 8227
"../../../Engine/Content/EngineMaterials/Substrate/Glints2/dict_0001_0142.uasset" 8228
"../../../Engine/Content/EngineMaterials/Substrate/Glints2/dict_0001_0137.uasset" 8229
"../../../Engine/Content/EngineMaterials/Substrate/Glints2/dict_0001_0148.uasset" 8230
"../../../Engine/Content/EngineMaterials/Substrate/Glints2/dict_0001_0144.uasset" 8231
"../../../Engine/Content/EngineMaterials/Substrate/Glints2/dict_0001_0141.uasset" 8232
"../../../Engine/Content/EngineMaterials/Substrate/Glints2/dict_0001_0150.uasset" 8233
"/Engine/EngineMaterials/Substrate/Glints2/dict_0001_0128" 8234
"../../../Engine/Content/EngineMaterials/Substrate/Glints2/dict_0001_0143.uasset" 8235
"../../../Engine/Content/EngineMaterials/Substrate/Glints2/dict_0001_0146.uasset" 8236
"../../../Engine/Content/EngineMaterials/Substrate/Glints2/dict_0001_0153.uasset" 8237
"../../../Engine/Content/EngineMaterials/Substrate/Glints2/dict_0001_0151.uasset" 8238
"../../../Engine/Content/EngineMaterials/Substrate/Glints2/dict_0001_0154.uasset" 8239
"../../../Engine/Content/EngineMaterials/Substrate/Glints2/dict_0001_0152.uasset" 8240
"../../../Engine/Content/EngineMaterials/Substrate/Glints2/dict_0001_0156.uasset" 8241
"../../../Engine/Content/EngineMaterials/Substrate/Glints2/dict_0001_0149.uasset" 8242
"../../../Engine/Content/EngineMaterials/Substrate/Glints2/dict_0001_0145.uasset" 8243
"../../../Engine/Content/EngineMaterials/Substrate/Glints2/dict_0001_0155.uasset" 8244
"/Engine/EngineMaterials/Substrate/Glints2/dict_0001_0127" 8245
"/Engine/EngineMaterials/Substrate/Glints2/dict_0001_0126" 8246
"/Engine/EngineMaterials/Substrate/Glints2/dict_0001_0125" 8247
"../../../Engine/Content/EngineMaterials/Substrate/Glints2/dict_0001_0157.uasset" 8248
"../../../Engine/Content/EngineMaterials/Substrate/Glints2/dict_0001_0158.uasset" 8249
"/Engine/EngineMaterials/Substrate/Glints2/dict_0001_0156" 8250
"../../../Engine/Content/EngineMaterials/Substrate/Glints2/dict_0001_0159.uasset" 8251
"../../../Engine/Content/EngineMaterials/Substrate/Glints2/dict_0001_0161.uasset" 8252
"../../../Engine/Content/EngineMaterials/Substrate/Glints2/dict_0001_0160.uasset" 8253
"/Engine/EngineMaterials/Substrate/Glints2/dict_0001_0155" 8254
"/Engine/EngineMaterials/Substrate/Glints2/dict_0001_0154" 8255
"/Engine/EngineMaterials/Substrate/Glints2/dict_0001_0153" 8256
"/Engine/EngineMaterials/Substrate/Glints2/dict_0001_0152" 8257
"/Engine/EngineMaterials/Substrate/Glints2/dict_0001_0151" 8258
"/Engine/EngineMaterials/Substrate/Glints2/dict_0001_0150" 8259
"/Engine/EngineMaterials/Substrate/Glints2/dict_0001_0149" 8260
"/Engine/EngineMaterials/Substrate/Glints2/dict_0001_0148" 8261
"/Engine/EngineMaterials/Substrate/Glints2/dict_0001_0147" 8262
"/Engine/EngineMaterials/Substrate/Glints2/dict_0001_0146" 8263
"/Engine/EngineMaterials/Substrate/Glints2/dict_0001_0145" 8264
"/Engine/EngineMaterials/Substrate/Glints2/dict_0001_0144" 8265
"/Engine/EngineMaterials/Substrate/Glints2/dict_0001_0143" 8266
"/Engine/EngineMaterials/Substrate/Glints2/dict_0001_0142" 8267
"/Engine/EngineMaterials/Substrate/Glints2/dict_0001_0141" 8268
"/Engine/EngineMaterials/Substrate/Glints2/dict_0001_0140" 8269
"/Engine/EngineMaterials/Substrate/Glints2/dict_0001_0139" 8270
"/Engine/EngineMaterials/Substrate/Glints2/dict_0001_0138" 8271
"/Engine/EngineMaterials/Substrate/Glints2/dict_0001_0137" 8272
"/Engine/EngineMaterials/Substrate/Glints2/dict_0001_0136" 8273
"/Engine/EngineMaterials/Substrate/Glints2/dict_0001_0135" 8274
"/Engine/EngineMaterials/Substrate/Glints2/dict_0001_0134" 8275
"/Engine/EngineMaterials/Substrate/Glints2/dict_0001_0133" 8276
"/Engine/EngineMaterials/Substrate/Glints2/dict_0001_0132" 8277
"/Engine/EngineMaterials/Substrate/Glints2/dict_0001_0131" 8278
"/Engine/EngineMaterials/Substrate/Glints2/dict_0001_0130" 8279
"../../../Engine/Content/EngineMaterials/Substrate/Glints2/dict_0001_0162.uasset" 8280
"/Engine/EngineMaterials/Substrate/Glints2/dict_0001_0161" 8281
"../../../Engine/Content/EngineMaterials/Substrate/Glints2/dict_0001_0172.uasset" 8282
"../../../Engine/Content/EngineMaterials/Substrate/Glints2/dict_0001_0167.uasset" 8283
"../../../Engine/Content/EngineMaterials/Substrate/Glints2/dict_0001_0165.uasset" 8284
"../../../Engine/Content/EngineMaterials/Substrate/Glints2/dict_0001_0166.uasset" 8285
"../../../Engine/Content/EngineMaterials/Substrate/Glints2/dict_0001_0176.uasset" 8286
"../../../Engine/Content/EngineMaterials/Substrate/Glints2/dict_0001_0164.uasset" 8287
"../../../Engine/Content/EngineMaterials/Substrate/Glints2/dict_0001_0163.uasset" 8288
"../../../Engine/Content/EngineMaterials/Substrate/Glints2/dict_0001_0175.uasset" 8289
"../../../Engine/Content/EngineMaterials/Substrate/Glints2/dict_0001_0170.uasset" 8290
"../../../Engine/Content/EngineMaterials/Substrate/Glints2/dict_0001_0174.uasset" 8291
"../../../Engine/Content/EngineMaterials/Substrate/Glints2/dict_0001_0169.uasset" 8292
"../../../Engine/Content/EngineMaterials/Substrate/Glints2/dict_0001_0171.uasset" 8293
"../../../Engine/Content/EngineMaterials/Substrate/Glints2/dict_0001_0180.uasset" 8294
"../../../Engine/Content/EngineMaterials/Substrate/Glints2/dict_0001_0173.uasset" 8295
"../../../Engine/Content/EngineMaterials/Substrate/Glints2/dict_0001_0179.uasset" 8296
"../../../Engine/Content/EngineMaterials/Substrate/Glints2/dict_0001_0168.uasset" 8297
"../../../Engine/Content/EngineMaterials/Substrate/Glints2/dict_0001_0178.uasset" 8298
"../../../Engine/Content/EngineMaterials/Substrate/Glints2/dict_0001_0177.uasset" 8299
"../../../Engine/Content/EngineMaterials/Substrate/Glints2/dict_0001_0181.uasset" 8300
"/Engine/EngineMaterials/Substrate/Glints2/dict_0001_0160" 8301
"../../../Engine/Content/EngineMaterials/Substrate/Glints2/dict_0001_0182.uasset" 8302
"../../../Engine/Content/EngineMaterials/Substrate/Glints2/dict_0001_0183.uasset" 8303
"../../../Engine/Content/EngineMaterials/Substrate/Glints2/dict_0001_0185.uasset" 8304
"../../../Engine/Content/EngineMaterials/Substrate/Glints2/dict_0001_0186.uasset" 8305
"../../../Engine/Content/EngineMaterials/Substrate/Glints2/dict_0001_0187.uasset" 8306
"../../../Engine/Content/EngineMaterials/Substrate/Glints2/dict_0001_0184.uasset" 8307
"../../../Engine/Content/EngineMaterials/Substrate/Glints2/dict_0001_0188.uasset" 8308
"/Engine/EngineMaterials/Substrate/Glints2/dict_0001_0159" 8309
"/Engine/EngineMaterials/Substrate/Glints2/dict_0001_0158" 8310
"/Engine/EngineMaterials/Substrate/Glints2/dict_0001_0157" 8311
"../../../Engine/Content/EngineMaterials/Substrate/Glints2/dict_0001_0190.uasset" 8312
"/Engine/EngineMaterials/Substrate/Glints2/dict_0001_0188" 8313
"../../../Engine/Content/EngineMaterials/Substrate/Glints2/dict_0001_0189.uasset" 8314
"../../../Engine/Content/EngineMaterials/Substrate/Glints2/dict_0001_0191.uasset" 8315
"../../../Engine/Content/EngineMaterials/Substrate/Glints2/dict_0001_0193.uasset" 8316
"../../../Engine/Content/EngineMaterials/Substrate/Glints2/dict_0001_0192.uasset" 8317
"/Engine/EngineMaterials/Substrate/Glints2/dict_0001_0187" 8318
"/Engine/EngineMaterials/Substrate/Glints2/dict_0001_0186" 8319
"/Engine/EngineMaterials/Substrate/Glints2/dict_0001_0185" 8320
"/Engine/EngineMaterials/Substrate/Glints2/dict_0001_0184" 8321
"/Engine/EngineMaterials/Substrate/Glints2/dict_0001_0183" 8322
"/Engine/EngineMaterials/Substrate/Glints2/dict_0001_0182" 8323
"/Engine/EngineMaterials/Substrate/Glints2/dict_0001_0181" 8324
"/Engine/EngineMaterials/Substrate/Glints2/dict_0001_0180" 8325
"/Engine/EngineMaterials/Substrate/Glints2/dict_0001_0179" 8326
"/Engine/EngineMaterials/Substrate/Glints2/dict_0001_0178" 8327
"/Engine/EngineMaterials/Substrate/Glints2/dict_0001_0177" 8328
"/Engine/EngineMaterials/Substrate/Glints2/dict_0001_0176" 8329
"/Engine/EngineMaterials/Substrate/Glints2/dict_0001_0175" 8330
"/Engine/EngineMaterials/Substrate/Glints2/dict_0001_0174" 8331
"/Engine/EngineMaterials/Substrate/Glints2/dict_0001_0173" 8332
"/Engine/EngineMaterials/Substrate/Glints2/dict_0001_0172" 8333
"/Engine/EngineMaterials/Substrate/Glints2/dict_0001_0171" 8334
"/Engine/EngineMaterials/Substrate/Glints2/dict_0001_0170" 8335
"/Engine/EngineMaterials/Substrate/Glints2/dict_0001_0169" 8336
"/Engine/EngineMaterials/Substrate/Glints2/dict_0001_0168" 8337
"/Engine/EngineMaterials/Substrate/Glints2/dict_0001_0167" 8338
"/Engine/EngineMaterials/Substrate/Glints2/dict_0001_0166" 8339
"/Engine/EngineMaterials/Substrate/Glints2/dict_0001_0165" 8340
"/Engine/EngineMaterials/Substrate/Glints2/dict_0001_0164" 8341
"/Engine/EngineMaterials/Substrate/Glints2/dict_0001_0163" 8342
"/Engine/EngineMaterials/Substrate/Glints2/dict_0001_0162" 8343
"../../../Engine/Content/EngineMaterials/Substrate/Glints2/dict_0001_0194.uasset" 8344
"/Engine/EngineMaterials/Substrate/Glints2/dict_0001_0193" 8345
"../../../Engine/Content/EngineMaterials/Substrate/Glints2/dict_0001_0211.uasset" 8346
"../../../Engine/Content/EngineMaterials/Substrate/Glints2/dict_0001_0206.uasset" 8347
"../../../Engine/Content/EngineMaterials/Substrate/Glints2/dict_0001_0198.uasset" 8348
"../../../Engine/Content/EngineMaterials/Substrate/Glints2/dict_0001_0195.uasset" 8349
"../../../Engine/Content/EngineMaterials/Substrate/Glints2/dict_0001_0197.uasset" 8350
"../../../Engine/Content/EngineMaterials/Substrate/Glints2/dict_0001_0202.uasset" 8351
"../../../Engine/Content/EngineMaterials/Substrate/Glints2/dict_0001_0207.uasset" 8352
"../../../Engine/Content/EngineMaterials/Substrate/Glints2/dict_0001_0199.uasset" 8353
"../../../Engine/Content/EngineMaterials/Substrate/Glints2/dict_0001_0196.uasset" 8354
"../../../Engine/Content/EngineMaterials/Substrate/Glints2/dict_0001_0208.uasset" 8355
"../../../Engine/Content/EngineMaterials/Substrate/Glints2/dict_0001_0201.uasset" 8356
"../../../Engine/Content/EngineMaterials/Substrate/Glints2/dict_0001_0200.uasset" 8357
"../../../Engine/Content/EngineMaterials/Substrate/Glints2/dict_0001_0203.uasset" 8358
"../../../Engine/Content/EngineMaterials/Substrate/Glints2/dict_0001_0205.uasset" 8359
"../../../Engine/Content/EngineMaterials/Substrate/Glints2/dict_0001_0210.uasset" 8360
"../../../Engine/Content/EngineMaterials/Substrate/Glints2/dict_0001_0209.uasset" 8361
"../../../Engine/Content/EngineMaterials/Substrate/Glints2/dict_0001_0212.uasset" 8362
"../../../Engine/Content/EngineMaterials/Substrate/Glints2/dict_0001_0204.uasset" 8363
"/Engine/EngineMaterials/Substrate/Glints2/dict_0001_0192" 8364
"../../../Engine/Content/EngineMaterials/Substrate/Glints2/dict_0001_0213.uasset" 8365
"../../../Engine/Content/EngineMaterials/Substrate/Glints2/dict_0001_0214.uasset" 8366
"../../../Engine/Content/EngineMaterials/Substrate/Glints2/dict_0001_0215.uasset" 8367
"../../../Engine/Content/EngineMaterials/Substrate/Glints2/dict_0001_0216.uasset" 8368
"../../../Engine/Content/EngineMaterials/Substrate/Glints2/dict_0001_0218.uasset" 8369
"../../../Engine/Content/EngineMaterials/Substrate/Glints2/dict_0001_0217.uasset" 8370
"../../../Engine/Content/EngineMaterials/Substrate/Glints2/dict_0001_0220.uasset" 8371
"../../../Engine/Content/EngineMaterials/Substrate/Glints2/dict_0001_0219.uasset" 8372
"/Engine/EngineMaterials/Substrate/Glints2/dict_0001_0191" 8373
"/Engine/EngineMaterials/Substrate/Glints2/dict_0001_0190" 8374
"/Engine/EngineMaterials/Substrate/Glints2/dict_0001_0189" 8375
"../../../Engine/Content/EngineMaterials/Substrate/Glints2/dict_0001_0221.uasset" 8376
"../../../Engine/Content/EngineMaterials/Substrate/Glints2/dict_0001_0222.uasset" 8377
"/Engine/EngineMaterials/Substrate/Glints2/dict_0001_0220" 8378
"../../../Engine/Content/EngineMaterials/Substrate/Glints2/dict_0001_0224.uasset" 8379
"../../../Engine/Content/EngineMaterials/Substrate/Glints2/dict_0001_0225.uasset" 8380
"../../../Engine/Content/EngineMaterials/Substrate/Glints2/dict_0001_0223.uasset" 8381
"/Engine/EngineMaterials/Substrate/Glints2/dict_0001_0219" 8382
"/Engine/EngineMaterials/Substrate/Glints2/dict_0001_0218" 8383
"/Engine/EngineMaterials/Substrate/Glints2/dict_0001_0217" 8384
"/Engine/EngineMaterials/Substrate/Glints2/dict_0001_0216" 8385
"/Engine/EngineMaterials/Substrate/Glints2/dict_0001_0215" 8386
"/Engine/EngineMaterials/Substrate/Glints2/dict_0001_0214" 8387
"/Engine/EngineMaterials/Substrate/Glints2/dict_0001_0213" 8388
"/Engine/EngineMaterials/Substrate/Glints2/dict_0001_0212" 8389
"/Engine/EngineMaterials/Substrate/Glints2/dict_0001_0211" 8390
"/Engine/EngineMaterials/Substrate/Glints2/dict_0001_0210" 8391
"/Engine/EngineMaterials/Substrate/Glints2/dict_0001_0209" 8392
"/Engine/EngineMaterials/Substrate/Glints2/dict_0001_0208" 8393
"/Engine/EngineMaterials/Substrate/Glints2/dict_0001_0207" 8394
"/Engine/EngineMaterials/Substrate/Glints2/dict_0001_0206" 8395
"/Engine/EngineMaterials/Substrate/Glints2/dict_0001_0205" 8396
"/Engine/EngineMaterials/Substrate/Glints2/dict_0001_0204" 8397
"/Engine/EngineMaterials/Substrate/Glints2/dict_0001_0203" 8398
"/Engine/EngineMaterials/Substrate/Glints2/dict_0001_0202" 8399
"/Engine/EngineMaterials/Substrate/Glints2/dict_0001_0201" 8400
"/Engine/EngineMaterials/Substrate/Glints2/dict_0001_0200" 8401
"/Engine/EngineMaterials/Substrate/Glints2/dict_0001_0199" 8402
"/Engine/EngineMaterials/Substrate/Glints2/dict_0001_0198" 8403
"/Engine/EngineMaterials/Substrate/Glints2/dict_0001_0197" 8404
"/Engine/EngineMaterials/Substrate/Glints2/dict_0001_0196" 8405
"/Engine/EngineMaterials/Substrate/Glints2/dict_0001_0195" 8406
"/Engine/EngineMaterials/Substrate/Glints2/dict_0001_0194" 8407
"../../../Engine/Content/EngineMaterials/Substrate/Glints2/dict_0001_0226.uasset" 8408
"/Engine/EngineMaterials/Substrate/Glints2/dict_0001_0225" 8409
"../../../Engine/Content/EngineMaterials/Substrate/Glints2/dict_0001_0229.uasset" 8410
"../../../Engine/Content/EngineMaterials/Substrate/Glints2/dict_0001_0237.uasset" 8411
"../../../Engine/Content/EngineMaterials/Substrate/Glints2/dict_0001_0243.uasset" 8412
"../../../Engine/Content/EngineMaterials/Substrate/Glints2/dict_0001_0236.uasset" 8413
"../../../Engine/Content/EngineMaterials/Substrate/Glints2/dict_0001_0231.uasset" 8414
"../../../Engine/Content/EngineMaterials/Substrate/Glints2/dict_0001_0234.uasset" 8415
"../../../Engine/Content/EngineMaterials/Substrate/Glints2/dict_0001_0238.uasset" 8416
"../../../Engine/Content/EngineMaterials/Substrate/Glints2/dict_0001_0230.uasset" 8417
"../../../Engine/Content/EngineMaterials/Substrate/Glints2/dict_0001_0228.uasset" 8418
"../../../Engine/Content/EngineMaterials/Substrate/Glints2/dict_0001_0235.uasset" 8419
"../../../Engine/Content/EngineMaterials/Substrate/Glints2/dict_0001_0239.uasset" 8420
"../../../Engine/Content/EngineMaterials/Substrate/Glints2/dict_0001_0233.uasset" 8421
"../../../Engine/Content/EngineMaterials/Substrate/Glints2/dict_0001_0227.uasset" 8422
"../../../Engine/Content/EngineMaterials/Substrate/Glints2/dict_0001_0232.uasset" 8423
"../../../Engine/Content/EngineMaterials/Substrate/Glints2/dict_0001_0240.uasset" 8424
"../../../Engine/Content/EngineMaterials/Substrate/Glints2/dict_0001_0242.uasset" 8425
"../../../Engine/Content/EngineMaterials/Substrate/Glints2/dict_0001_0244.uasset" 8426
"../../../Engine/Content/EngineMaterials/Substrate/Glints2/dict_0001_0241.uasset" 8427
"../../../Engine/Content/EngineMaterials/Substrate/Glints2/dict_0001_0245.uasset" 8428
"/Engine/EngineMaterials/Substrate/Glints2/dict_0001_0224" 8429
"../../../Engine/Content/EngineMaterials/Substrate/Glints2/dict_0001_0246.uasset" 8430
"../../../Engine/Content/EngineMaterials/Substrate/Glints2/dict_0001_0247.uasset" 8431
"../../../Engine/Content/EngineMaterials/Substrate/Glints2/dict_0001_0249.uasset" 8432
"../../../Engine/Content/EngineMaterials/Substrate/Glints2/dict_0001_0250.uasset" 8433
"../../../Engine/Content/EngineMaterials/Substrate/Glints2/dict_0001_0248.uasset" 8434
"../../../Engine/Content/EngineMaterials/Substrate/Glints2/dict_0001_0252.uasset" 8435
"../../../Engine/Content/EngineMaterials/Substrate/Glints2/dict_0001_0251.uasset" 8436
"/Engine/EngineMaterials/Substrate/Glints2/dict_0001_0223" 8437
"/Engine/EngineMaterials/Substrate/Glints2/dict_0001_0222" 8438
"/Engine/EngineMaterials/Substrate/Glints2/dict_0001_0221" 8439
"../../../Engine/Content/EngineMaterials/Substrate/Glints2/dict_0001_0253.uasset" 8440
"/Engine/EngineMaterials/Substrate/Glints2/dict_0001_0252" 8441
"../../../Engine/Content/EngineMaterials/Substrate/Glints2/dict_0001_0254.uasset" 8442
"../../../Engine/Content/EngineMaterials/Substrate/Glints2/dict_0002_0001.uasset" 8443
"../../../Engine/Content/EngineMaterials/Substrate/Glints2/dict_0002_0000.uasset" 8444
"../../../Engine/Content/EngineMaterials/Substrate/Glints2/dict_0001_0255.uasset" 8445
"/Engine/EngineMaterials/Substrate/Glints2/dict_0001_0251" 8446
"/Engine/EngineMaterials/Substrate/Glints2/dict_0001_0250" 8447
"/Engine/EngineMaterials/Substrate/Glints2/dict_0001_0249" 8448
"/Engine/EngineMaterials/Substrate/Glints2/dict_0001_0248" 8449
"/Engine/EngineMaterials/Substrate/Glints2/dict_0001_0247" 8450
"/Engine/EngineMaterials/Substrate/Glints2/dict_0001_0246" 8451
"/Engine/EngineMaterials/Substrate/Glints2/dict_0001_0245" 8452
"/Engine/EngineMaterials/Substrate/Glints2/dict_0001_0244" 8453
"/Engine/EngineMaterials/Substrate/Glints2/dict_0001_0243" 8454
"/Engine/EngineMaterials/Substrate/Glints2/dict_0001_0242" 8455
"/Engine/EngineMaterials/Substrate/Glints2/dict_0001_0241" 8456
"/Engine/EngineMaterials/Substrate/Glints2/dict_0001_0240" 8457
"/Engine/EngineMaterials/Substrate/Glints2/dict_0001_0239" 8458
"/Engine/EngineMaterials/Substrate/Glints2/dict_0001_0238" 8459
"/Engine/EngineMaterials/Substrate/Glints2/dict_0001_0237" 8460
"/Engine/EngineMaterials/Substrate/Glints2/dict_0001_0236" 8461
"/Engine/EngineMaterials/Substrate/Glints2/dict_0001_0235" 8462
"/Engine/EngineMaterials/Substrate/Glints2/dict_0001_0234" 8463
"/Engine/EngineMaterials/Substrate/Glints2/dict_0001_0233" 8464
"/Engine/EngineMaterials/Substrate/Glints2/dict_0001_0232" 8465
"/Engine/EngineMaterials/Substrate/Glints2/dict_0001_0231" 8466
"/Engine/EngineMaterials/Substrate/Glints2/dict_0001_0230" 8467
"/Engine/EngineMaterials/Substrate/Glints2/dict_0001_0229" 8468
"/Engine/EngineMaterials/Substrate/Glints2/dict_0001_0228" 8469
"/Engine/EngineMaterials/Substrate/Glints2/dict_0001_0227" 8470
"/Engine/EngineMaterials/Substrate/Glints2/dict_0001_0226" 8471
"../../../Engine/Content/EngineMaterials/Substrate/Glints2/dict_0002_0002.uasset" 8472
"/Engine/EngineMaterials/Substrate/Glints2/dict_0002_0001" 8473
"../../../Engine/Content/EngineMaterials/Substrate/Glints2/dict_0002_0005.uasset" 8474
"../../../Engine/Content/EngineMaterials/Substrate/Glints2/dict_0002_0007.uasset" 8475
"../../../Engine/Content/EngineMaterials/Substrate/Glints2/dict_0002_0008.uasset" 8476
"../../../Engine/Content/EngineMaterials/Substrate/Glints2/dict_0002_0010.uasset" 8477
"../../../Engine/Content/EngineMaterials/Substrate/Glints2/dict_0002_0006.uasset" 8478
"../../../Engine/Content/EngineMaterials/Substrate/Glints2/dict_0002_0012.uasset" 8479
"../../../Engine/Content/EngineMaterials/Substrate/Glints2/dict_0002_0009.uasset" 8480
"../../../Engine/Content/EngineMaterials/Substrate/Glints2/dict_0002_0003.uasset" 8481
"../../../Engine/Content/EngineMaterials/Substrate/Glints2/dict_0002_0018.uasset" 8482
"../../../Engine/Content/EngineMaterials/Substrate/Glints2/dict_0002_0015.uasset" 8483
"../../../Engine/Content/EngineMaterials/Substrate/Glints2/dict_0002_0019.uasset" 8484
"../../../Engine/Content/EngineMaterials/Substrate/Glints2/dict_0002_0004.uasset" 8485
"../../../Engine/Content/EngineMaterials/Substrate/Glints2/dict_0002_0016.uasset" 8486
"../../../Engine/Content/EngineMaterials/Substrate/Glints2/dict_0002_0013.uasset" 8487
"../../../Engine/Content/EngineMaterials/Substrate/Glints2/dict_0002_0020.uasset" 8488
"../../../Engine/Content/EngineMaterials/Substrate/Glints2/dict_0002_0021.uasset" 8489
"../../../Engine/Content/EngineMaterials/Substrate/Glints2/dict_0002_0022.uasset" 8490
"../../../Engine/Content/EngineMaterials/Substrate/Glints2/dict_0002_0014.uasset" 8491
"/Engine/EngineMaterials/Substrate/Glints2/dict_0002_0000" 8492
"../../../Engine/Content/EngineMaterials/Substrate/Glints2/dict_0002_0011.uasset" 8493
"../../../Engine/Content/EngineMaterials/Substrate/Glints2/dict_0002_0017.uasset" 8494
"../../../Engine/Content/EngineMaterials/Substrate/Glints2/dict_0002_0024.uasset" 8495
"../../../Engine/Content/EngineMaterials/Substrate/Glints2/dict_0002_0026.uasset" 8496
"../../../Engine/Content/EngineMaterials/Substrate/Glints2/dict_0002_0023.uasset" 8497
"../../../Engine/Content/EngineMaterials/Substrate/Glints2/dict_0002_0027.uasset" 8498
"/Engine/EngineMaterials/Substrate/Glints2/dict_0001_0255" 8499
"../../../Engine/Content/EngineMaterials/Substrate/Glints2/dict_0002_0028.uasset" 8500
"../../../Engine/Content/EngineMaterials/Substrate/Glints2/dict_0002_0025.uasset" 8501
"/Engine/EngineMaterials/Substrate/Glints2/dict_0001_0254" 8502
"/Engine/EngineMaterials/Substrate/Glints2/dict_0001_0253" 8503
"../../../Engine/Content/EngineMaterials/Substrate/Glints2/dict_0002_0030.uasset" 8504
"../../../Engine/Content/EngineMaterials/Substrate/Glints2/dict_0002_0029.uasset" 8505
"/Engine/EngineMaterials/Substrate/Glints2/dict_0002_0028" 8506
"../../../Engine/Content/EngineMaterials/Substrate/Glints2/dict_0002_0033.uasset" 8507
"../../../Engine/Content/EngineMaterials/Substrate/Glints2/dict_0002_0032.uasset" 8508
"../../../Engine/Content/EngineMaterials/Substrate/Glints2/dict_0002_0031.uasset" 8509
"/Engine/EngineMaterials/Substrate/Glints2/dict_0002_0027" 8510
"/Engine/EngineMaterials/Substrate/Glints2/dict_0002_0026" 8511
"/Engine/EngineMaterials/Substrate/Glints2/dict_0002_0025" 8512
"/Engine/EngineMaterials/Substrate/Glints2/dict_0002_0024" 8513
"/Engine/EngineMaterials/Substrate/Glints2/dict_0002_0023" 8514
"/Engine/EngineMaterials/Substrate/Glints2/dict_0002_0022" 8515
"/Engine/EngineMaterials/Substrate/Glints2/dict_0002_0021" 8516
"/Engine/EngineMaterials/Substrate/Glints2/dict_0002_0020" 8517
"/Engine/EngineMaterials/Substrate/Glints2/dict_0002_0019" 8518
"/Engine/EngineMaterials/Substrate/Glints2/dict_0002_0018" 8519
"/Engine/EngineMaterials/Substrate/Glints2/dict_0002_0017" 8520
"/Engine/EngineMaterials/Substrate/Glints2/dict_0002_0016" 8521
"/Engine/EngineMaterials/Substrate/Glints2/dict_0002_0015" 8522
"/Engine/EngineMaterials/Substrate/Glints2/dict_0002_0014" 8523
"/Engine/EngineMaterials/Substrate/Glints2/dict_0002_0013" 8524
"/Engine/EngineMaterials/Substrate/Glints2/dict_0002_0012" 8525
"/Engine/EngineMaterials/Substrate/Glints2/dict_0002_0011" 8526
"/Engine/EngineMaterials/Substrate/Glints2/dict_0002_0010" 8527
"/Engine/EngineMaterials/Substrate/Glints2/dict_0002_0009" 8528
"/Engine/EngineMaterials/Substrate/Glints2/dict_0002_0008" 8529
"/Engine/EngineMaterials/Substrate/Glints2/dict_0002_0007" 8530
"/Engine/EngineMaterials/Substrate/Glints2/dict_0002_0006" 8531
"/Engine/EngineMaterials/Substrate/Glints2/dict_0002_0005" 8532
"/Engine/EngineMaterials/Substrate/Glints2/dict_0002_0004" 8533
"/Engine/EngineMaterials/Substrate/Glints2/dict_0002_0003" 8534
"/Engine/EngineMaterials/Substrate/Glints2/dict_0002_0002" 8535
"../../../Engine/Content/EngineMaterials/Substrate/Glints2/dict_0002_0034.uasset" 8536
"/Engine/EngineMaterials/Substrate/Glints2/dict_0002_0033" 8537
"../../../Engine/Content/EngineMaterials/Substrate/Glints2/dict_0002_0037.uasset" 8538
"../../../Engine/Content/EngineMaterials/Substrate/Glints2/dict_0002_0046.uasset" 8539
"../../../Engine/Content/EngineMaterials/Substrate/Glints2/dict_0002_0043.uasset" 8540
"../../../Engine/Content/EngineMaterials/Substrate/Glints2/dict_0002_0036.uasset" 8541
"../../../Engine/Content/EngineMaterials/Substrate/Glints2/dict_0002_0044.uasset" 8542
"../../../Engine/Content/EngineMaterials/Substrate/Glints2/dict_0002_0042.uasset" 8543
"../../../Engine/Content/EngineMaterials/Substrate/Glints2/dict_0002_0048.uasset" 8544
"../../../Engine/Content/EngineMaterials/Substrate/Glints2/dict_0002_0035.uasset" 8545
"../../../Engine/Content/EngineMaterials/Substrate/Glints2/dict_0002_0040.uasset" 8546
"../../../Engine/Content/EngineMaterials/Substrate/Glints2/dict_0002_0038.uasset" 8547
"../../../Engine/Content/EngineMaterials/Substrate/Glints2/dict_0002_0045.uasset" 8548
"../../../Engine/Content/EngineMaterials/Substrate/Glints2/dict_0002_0041.uasset" 8549
"../../../Engine/Content/EngineMaterials/Substrate/Glints2/dict_0002_0049.uasset" 8550
"../../../Engine/Content/EngineMaterials/Substrate/Glints2/dict_0002_0039.uasset" 8551
"../../../Engine/Content/EngineMaterials/Substrate/Glints2/dict_0002_0051.uasset" 8552
"../../../Engine/Content/EngineMaterials/Substrate/Glints2/dict_0002_0050.uasset" 8553
"../../../Engine/Content/EngineMaterials/Substrate/Glints2/dict_0002_0047.uasset" 8554
"/Engine/EngineMaterials/Substrate/Glints2/dict_0002_0032" 8555
"../../../Engine/Content/EngineMaterials/Substrate/Glints2/dict_0002_0053.uasset" 8556
"../../../Engine/Content/EngineMaterials/Substrate/Glints2/dict_0002_0054.uasset" 8557
"../../../Engine/Content/EngineMaterials/Substrate/Glints2/dict_0002_0052.uasset" 8558
"../../../Engine/Content/EngineMaterials/Substrate/Glints2/dict_0002_0058.uasset" 8559
"../../../Engine/Content/EngineMaterials/Substrate/Glints2/dict_0002_0056.uasset" 8560
"../../../Engine/Content/EngineMaterials/Substrate/Glints2/dict_0002_0057.uasset" 8561
"../../../Engine/Content/EngineMaterials/Substrate/Glints2/dict_0002_0055.uasset" 8562
"../../../Engine/Content/EngineMaterials/Substrate/Glints2/dict_0002_0059.uasset" 8563
"../../../Engine/Content/EngineMaterials/Substrate/Glints2/dict_0002_0060.uasset" 8564
"/Engine/EngineMaterials/Substrate/Glints2/dict_0002_0031" 8565
"/Engine/EngineMaterials/Substrate/Glints2/dict_0002_0030" 8566
"/Engine/EngineMaterials/Substrate/Glints2/dict_0002_0029" 8567
"../../../Engine/Content/EngineMaterials/Substrate/Glints2/dict_0002_0061.uasset" 8568
"../../../Engine/Content/EngineMaterials/Substrate/Glints2/dict_0002_0062.uasset" 8569
"/Engine/EngineMaterials/Substrate/Glints2/dict_0002_0060" 8570
"../../../Engine/Content/EngineMaterials/Substrate/Glints2/dict_0002_0065.uasset" 8571
"../../../Engine/Content/EngineMaterials/Substrate/Glints2/dict_0002_0064.uasset" 8572
"../../../Engine/Content/EngineMaterials/Substrate/Glints2/dict_0002_0063.uasset" 8573
"/Engine/EngineMaterials/Substrate/Glints2/dict_0002_0059" 8574
"/Engine/EngineMaterials/Substrate/Glints2/dict_0002_0058" 8575
"/Engine/EngineMaterials/Substrate/Glints2/dict_0002_0057" 8576
"/Engine/EngineMaterials/Substrate/Glints2/dict_0002_0056" 8577
"/Engine/EngineMaterials/Substrate/Glints2/dict_0002_0055" 8578
"/Engine/EngineMaterials/Substrate/Glints2/dict_0002_0054" 8579
"/Engine/EngineMaterials/Substrate/Glints2/dict_0002_0053" 8580
"/Engine/EngineMaterials/Substrate/Glints2/dict_0002_0052" 8581
"/Engine/EngineMaterials/Substrate/Glints2/dict_0002_0051" 8582
"/Engine/EngineMaterials/Substrate/Glints2/dict_0002_0050" 8583
"/Engine/EngineMaterials/Substrate/Glints2/dict_0002_0049" 8584
"/Engine/EngineMaterials/Substrate/Glints2/dict_0002_0048" 8585
"/Engine/EngineMaterials/Substrate/Glints2/dict_0002_0047" 8586
"/Engine/EngineMaterials/Substrate/Glints2/dict_0002_0046" 8587
"/Engine/EngineMaterials/Substrate/Glints2/dict_0002_0045" 8588
"/Engine/EngineMaterials/Substrate/Glints2/dict_0002_0044" 8589
"/Engine/EngineMaterials/Substrate/Glints2/dict_0002_0043" 8590
"/Engine/EngineMaterials/Substrate/Glints2/dict_0002_0042" 8591
"/Engine/EngineMaterials/Substrate/Glints2/dict_0002_0041" 8592
"/Engine/EngineMaterials/Substrate/Glints2/dict_0002_0040" 8593
"/Engine/EngineMaterials/Substrate/Glints2/dict_0002_0039" 8594
"/Engine/EngineMaterials/Substrate/Glints2/dict_0002_0038" 8595
"/Engine/EngineMaterials/Substrate/Glints2/dict_0002_0037" 8596
"/Engine/EngineMaterials/Substrate/Glints2/dict_0002_0036" 8597
"/Engine/EngineMaterials/Substrate/Glints2/dict_0002_0035" 8598
"/Engine/EngineMaterials/Substrate/Glints2/dict_0002_0034" 8599
"../../../Engine/Content/EngineMaterials/Substrate/Glints2/dict_0002_0066.uasset" 8600
"/Engine/EngineMaterials/Substrate/Glints2/dict_0002_0065" 8601
"../../../Engine/Content/EngineMaterials/Substrate/Glints2/dict_0002_0071.uasset" 8602
"../../../Engine/Content/EngineMaterials/Substrate/Glints2/dict_0002_0073.uasset" 8603
"../../../Engine/Content/EngineMaterials/Substrate/Glints2/dict_0002_0070.uasset" 8604
"../../../Engine/Content/EngineMaterials/Substrate/Glints2/dict_0002_0072.uasset" 8605
"../../../Engine/Content/EngineMaterials/Substrate/Glints2/dict_0002_0069.uasset" 8606
"../../../Engine/Content/EngineMaterials/Substrate/Glints2/dict_0002_0074.uasset" 8607
"../../../Engine/Content/EngineMaterials/Substrate/Glints2/dict_0002_0078.uasset" 8608
"../../../Engine/Content/EngineMaterials/Substrate/Glints2/dict_0002_0068.uasset" 8609
"../../../Engine/Content/EngineMaterials/Substrate/Glints2/dict_0002_0076.uasset" 8610
"../../../Engine/Content/EngineMaterials/Substrate/Glints2/dict_0002_0067.uasset" 8611
"../../../Engine/Content/EngineMaterials/Substrate/Glints2/dict_0002_0080.uasset" 8612
"../../../Engine/Content/EngineMaterials/Substrate/Glints2/dict_0002_0079.uasset" 8613
"../../../Engine/Content/EngineMaterials/Substrate/Glints2/dict_0002_0075.uasset" 8614
"../../../Engine/Content/EngineMaterials/Substrate/Glints2/dict_0002_0077.uasset" 8615
"../../../Engine/Content/EngineMaterials/Substrate/Glints2/dict_0002_0082.uasset" 8616
"../../../Engine/Content/EngineMaterials/Substrate/Glints2/dict_0002_0081.uasset" 8617
"../../../Engine/Content/EngineMaterials/Substrate/Glints2/dict_0002_0083.uasset" 8618
"/Engine/EngineMaterials/Substrate/Glints2/dict_0002_0064" 8619
"../../../Engine/Content/EngineMaterials/Substrate/Glints2/dict_0002_0085.uasset" 8620
"../../../Engine/Content/EngineMaterials/Substrate/Glints2/dict_0002_0084.uasset" 8621
"../../../Engine/Content/EngineMaterials/Substrate/Glints2/dict_0002_0086.uasset" 8622
"../../../Engine/Content/EngineMaterials/Substrate/Glints2/dict_0002_0088.uasset" 8623
"../../../Engine/Content/EngineMaterials/Substrate/Glints2/dict_0002_0090.uasset" 8624
"../../../Engine/Content/EngineMaterials/Substrate/Glints2/dict_0002_0087.uasset" 8625
"../../../Engine/Content/EngineMaterials/Substrate/Glints2/dict_0002_0089.uasset" 8626
"../../../Engine/Content/EngineMaterials/Substrate/Glints2/dict_0002_0091.uasset" 8627
"../../../Engine/Content/EngineMaterials/Substrate/Glints2/dict_0002_0092.uasset" 8628
"/Engine/EngineMaterials/Substrate/Glints2/dict_0002_0063" 8629
"/Engine/EngineMaterials/Substrate/Glints2/dict_0002_0062" 8630
"/Engine/EngineMaterials/Substrate/Glints2/dict_0002_0061" 8631
"../../../Engine/Content/EngineMaterials/Substrate/Glints2/dict_0002_0094.uasset" 8632
"/Engine/EngineMaterials/Substrate/Glints2/dict_0002_0092" 8633
"../../../Engine/Content/EngineMaterials/Substrate/Glints2/dict_0002_0097.uasset" 8634
"../../../Engine/Content/EngineMaterials/Substrate/Glints2/dict_0002_0095.uasset" 8635
"../../../Engine/Content/EngineMaterials/Substrate/Glints2/dict_0002_0096.uasset" 8636
"../../../Engine/Content/EngineMaterials/Substrate/Glints2/dict_0002_0093.uasset" 8637
"/Engine/EngineMaterials/Substrate/Glints2/dict_0002_0091" 8638
"/Engine/EngineMaterials/Substrate/Glints2/dict_0002_0090" 8639
"/Engine/EngineMaterials/Substrate/Glints2/dict_0002_0089" 8640
"/Engine/EngineMaterials/Substrate/Glints2/dict_0002_0088" 8641
"/Engine/EngineMaterials/Substrate/Glints2/dict_0002_0087" 8642
"/Engine/EngineMaterials/Substrate/Glints2/dict_0002_0086" 8643
"/Engine/EngineMaterials/Substrate/Glints2/dict_0002_0085" 8644
"/Engine/EngineMaterials/Substrate/Glints2/dict_0002_0084" 8645
"/Engine/EngineMaterials/Substrate/Glints2/dict_0002_0083" 8646
"/Engine/EngineMaterials/Substrate/Glints2/dict_0002_0082" 8647
"/Engine/EngineMaterials/Substrate/Glints2/dict_0002_0081" 8648
"/Engine/EngineMaterials/Substrate/Glints2/dict_0002_0080" 8649
"/Engine/EngineMaterials/Substrate/Glints2/dict_0002_0079" 8650
"/Engine/EngineMaterials/Substrate/Glints2/dict_0002_0078" 8651
"/Engine/EngineMaterials/Substrate/Glints2/dict_0002_0077" 8652
"/Engine/EngineMaterials/Substrate/Glints2/dict_0002_0076" 8653
"/Engine/EngineMaterials/Substrate/Glints2/dict_0002_0075" 8654
"/Engine/EngineMaterials/Substrate/Glints2/dict_0002_0074" 8655
"/Engine/EngineMaterials/Substrate/Glints2/dict_0002_0073" 8656
"/Engine/EngineMaterials/Substrate/Glints2/dict_0002_0072" 8657
"/Engine/EngineMaterials/Substrate/Glints2/dict_0002_0071" 8658
"/Engine/EngineMaterials/Substrate/Glints2/dict_0002_0070" 8659
"/Engine/EngineMaterials/Substrate/Glints2/dict_0002_0069" 8660
"/Engine/EngineMaterials/Substrate/Glints2/dict_0002_0068" 8661
"/Engine/EngineMaterials/Substrate/Glints2/dict_0002_0067" 8662
"/Engine/EngineMaterials/Substrate/Glints2/dict_0002_0066" 8663
"../../../Engine/Content/EngineMaterials/Substrate/Glints2/dict_0002_0098.uasset" 8664
"/Engine/EngineMaterials/Substrate/Glints2/dict_0002_0097" 8665
"../../../Engine/Content/EngineMaterials/Substrate/Glints2/dict_0002_0099.uasset" 8666
"../../../Engine/Content/EngineMaterials/Substrate/Glints2/dict_0002_0106.uasset" 8667
"../../../Engine/Content/EngineMaterials/Substrate/Glints2/dict_0002_0101.uasset" 8668
"../../../Engine/Content/EngineMaterials/Substrate/Glints2/dict_0002_0100.uasset" 8669
"../../../Engine/Content/EngineMaterials/Substrate/Glints2/dict_0002_0103.uasset" 8670
"../../../Engine/Content/EngineMaterials/Substrate/Glints2/dict_0002_0102.uasset" 8671
"../../../Engine/Content/EngineMaterials/Substrate/Glints2/dict_0002_0107.uasset" 8672
"../../../Engine/Content/EngineMaterials/Substrate/Glints2/dict_0002_0105.uasset" 8673
"../../../Engine/Content/EngineMaterials/Substrate/Glints2/dict_0002_0115.uasset" 8674
"../../../Engine/Content/EngineMaterials/Substrate/Glints2/dict_0002_0104.uasset" 8675
"../../../Engine/Content/EngineMaterials/Substrate/Glints2/dict_0002_0116.uasset" 8676
"../../../Engine/Content/EngineMaterials/Substrate/Glints2/dict_0002_0110.uasset" 8677
"../../../Engine/Content/EngineMaterials/Substrate/Glints2/dict_0002_0111.uasset" 8678
"../../../Engine/Content/EngineMaterials/Substrate/Glints2/dict_0002_0112.uasset" 8679
"../../../Engine/Content/EngineMaterials/Substrate/Glints2/dict_0002_0113.uasset" 8680
"../../../Engine/Content/EngineMaterials/Substrate/Glints2/dict_0002_0114.uasset" 8681
"../../../Engine/Content/EngineMaterials/Substrate/Glints2/dict_0002_0108.uasset" 8682
"../../../Engine/Content/EngineMaterials/Substrate/Glints2/dict_0002_0117.uasset" 8683
"../../../Engine/Content/EngineMaterials/Substrate/Glints2/dict_0002_0109.uasset" 8684
"../../../Engine/Content/EngineMaterials/Substrate/Glints2/dict_0002_0118.uasset" 8685
"/Engine/EngineMaterials/Substrate/Glints2/dict_0002_0096" 8686
"../../../Engine/Content/EngineMaterials/Substrate/Glints2/dict_0002_0120.uasset" 8687
"../../../Engine/Content/EngineMaterials/Substrate/Glints2/dict_0002_0122.uasset" 8688
"../../../Engine/Content/EngineMaterials/Substrate/Glints2/dict_0002_0121.uasset" 8689
"../../../Engine/Content/EngineMaterials/Substrate/Glints2/dict_0002_0119.uasset" 8690
"/Engine/EngineMaterials/Substrate/Glints2/dict_0002_0095" 8691
"../../../Engine/Content/EngineMaterials/Substrate/Glints2/dict_0002_0123.uasset" 8692
"../../../Engine/Content/EngineMaterials/Substrate/Glints2/dict_0002_0124.uasset" 8693
"/Engine/EngineMaterials/Substrate/Glints2/dict_0002_0094" 8694
"/Engine/EngineMaterials/Substrate/Glints2/dict_0002_0093" 8695
"../../../Engine/Content/EngineMaterials/Substrate/Glints2/dict_0002_0126.uasset" 8696
"../../../Engine/Content/EngineMaterials/Substrate/Glints2/dict_0002_0125.uasset" 8697
"/Engine/EngineMaterials/Substrate/Glints2/dict_0002_0124" 8698
"../../../Engine/Content/EngineMaterials/Substrate/Glints2/dict_0002_0127.uasset" 8699
"../../../Engine/Content/EngineMaterials/Substrate/Glints2/dict_0002_0129.uasset" 8700
"../../../Engine/Content/EngineMaterials/Substrate/Glints2/dict_0002_0128.uasset" 8701
"/Engine/EngineMaterials/Substrate/Glints2/dict_0002_0123" 8702
"/Engine/EngineMaterials/Substrate/Glints2/dict_0002_0122" 8703
"/Engine/EngineMaterials/Substrate/Glints2/dict_0002_0121" 8704
"/Engine/EngineMaterials/Substrate/Glints2/dict_0002_0120" 8705
"/Engine/EngineMaterials/Substrate/Glints2/dict_0002_0119" 8706
"/Engine/EngineMaterials/Substrate/Glints2/dict_0002_0118" 8707
"/Engine/EngineMaterials/Substrate/Glints2/dict_0002_0117" 8708
"/Engine/EngineMaterials/Substrate/Glints2/dict_0002_0116" 8709
"/Engine/EngineMaterials/Substrate/Glints2/dict_0002_0115" 8710
"/Engine/EngineMaterials/Substrate/Glints2/dict_0002_0114" 8711
"/Engine/EngineMaterials/Substrate/Glints2/dict_0002_0113" 8712
"/Engine/EngineMaterials/Substrate/Glints2/dict_0002_0112" 8713
"/Engine/EngineMaterials/Substrate/Glints2/dict_0002_0111" 8714
"/Engine/EngineMaterials/Substrate/Glints2/dict_0002_0110" 8715
"/Engine/EngineMaterials/Substrate/Glints2/dict_0002_0109" 8716
"/Engine/EngineMaterials/Substrate/Glints2/dict_0002_0108" 8717
"/Engine/EngineMaterials/Substrate/Glints2/dict_0002_0107" 8718
"/Engine/EngineMaterials/Substrate/Glints2/dict_0002_0106" 8719
"/Engine/EngineMaterials/Substrate/Glints2/dict_0002_0105" 8720
"/Engine/EngineMaterials/Substrate/Glints2/dict_0002_0104" 8721
"/Engine/EngineMaterials/Substrate/Glints2/dict_0002_0103" 8722
"/Engine/EngineMaterials/Substrate/Glints2/dict_0002_0102" 8723
"/Engine/EngineMaterials/Substrate/Glints2/dict_0002_0101" 8724
"/Engine/EngineMaterials/Substrate/Glints2/dict_0002_0100" 8725
"/Engine/EngineMaterials/Substrate/Glints2/dict_0002_0099" 8726
"/Engine/EngineMaterials/Substrate/Glints2/dict_0002_0098" 8727
"../../../Engine/Content/EngineMaterials/Substrate/Glints2/dict_0002_0130.uasset" 8728
"/Engine/EngineMaterials/Substrate/Glints2/dict_0002_0129" 8729
"../../../Engine/Content/EngineMaterials/Substrate/Glints2/dict_0002_0138.uasset" 8730
"../../../Engine/Content/EngineMaterials/Substrate/Glints2/dict_0002_0131.uasset" 8731
"../../../Engine/Content/EngineMaterials/Substrate/Glints2/dict_0002_0147.uasset" 8732
"../../../Engine/Content/EngineMaterials/Substrate/Glints2/dict_0002_0139.uasset" 8733
"../../../Engine/Content/EngineMaterials/Substrate/Glints2/dict_0002_0133.uasset" 8734
"../../../Engine/Content/EngineMaterials/Substrate/Glints2/dict_0002_0132.uasset" 8735
"../../../Engine/Content/EngineMaterials/Substrate/Glints2/dict_0002_0134.uasset" 8736
"../../../Engine/Content/EngineMaterials/Substrate/Glints2/dict_0002_0140.uasset" 8737
"../../../Engine/Content/EngineMaterials/Substrate/Glints2/dict_0002_0136.uasset" 8738
"../../../Engine/Content/EngineMaterials/Substrate/Glints2/dict_0002_0142.uasset" 8739
"../../../Engine/Content/EngineMaterials/Substrate/Glints2/dict_0002_0135.uasset" 8740
"../../../Engine/Content/EngineMaterials/Substrate/Glints2/dict_0002_0137.uasset" 8741
"../../../Engine/Content/EngineMaterials/Substrate/Glints2/dict_0002_0148.uasset" 8742
"../../../Engine/Content/EngineMaterials/Substrate/Glints2/dict_0002_0141.uasset" 8743
"../../../Engine/Content/EngineMaterials/Substrate/Glints2/dict_0002_0145.uasset" 8744
"../../../Engine/Content/EngineMaterials/Substrate/Glints2/dict_0002_0144.uasset" 8745
"/Engine/EngineMaterials/Substrate/Glints2/dict_0002_0128" 8746
"../../../Engine/Content/EngineMaterials/Substrate/Glints2/dict_0002_0143.uasset" 8747
"../../../Engine/Content/EngineMaterials/Substrate/Glints2/dict_0002_0146.uasset" 8748
"../../../Engine/Content/EngineMaterials/Substrate/Glints2/dict_0002_0149.uasset" 8749
"../../../Engine/Content/EngineMaterials/Substrate/Glints2/dict_0002_0150.uasset" 8750
"../../../Engine/Content/EngineMaterials/Substrate/Glints2/dict_0002_0154.uasset" 8751
"../../../Engine/Content/EngineMaterials/Substrate/Glints2/dict_0002_0153.uasset" 8752
"../../../Engine/Content/EngineMaterials/Substrate/Glints2/dict_0002_0151.uasset" 8753
"../../../Engine/Content/EngineMaterials/Substrate/Glints2/dict_0002_0152.uasset" 8754
"../../../Engine/Content/EngineMaterials/Substrate/Glints2/dict_0002_0155.uasset" 8755
"/Engine/EngineMaterials/Substrate/Glints2/dict_0002_0127" 8756
"../../../Engine/Content/EngineMaterials/Substrate/Glints2/dict_0002_0156.uasset" 8757
"/Engine/EngineMaterials/Substrate/Glints2/dict_0002_0126" 8758
"/Engine/EngineMaterials/Substrate/Glints2/dict_0002_0125" 8759
"../../../Engine/Content/EngineMaterials/Substrate/Glints2/dict_0002_0158.uasset" 8760
"../../../Engine/Content/EngineMaterials/Substrate/Glints2/dict_0002_0157.uasset" 8761
"/Engine/EngineMaterials/Substrate/Glints2/dict_0002_0156" 8762
"../../../Engine/Content/EngineMaterials/Substrate/Glints2/dict_0002_0160.uasset" 8763
"../../../Engine/Content/EngineMaterials/Substrate/Glints2/dict_0002_0161.uasset" 8764
"../../../Engine/Content/EngineMaterials/Substrate/Glints2/dict_0002_0159.uasset" 8765
"/Engine/EngineMaterials/Substrate/Glints2/dict_0002_0155" 8766
"/Engine/EngineMaterials/Substrate/Glints2/dict_0002_0154" 8767
"/Engine/EngineMaterials/Substrate/Glints2/dict_0002_0153" 8768
"/Engine/EngineMaterials/Substrate/Glints2/dict_0002_0152" 8769
"/Engine/EngineMaterials/Substrate/Glints2/dict_0002_0151" 8770
"/Engine/EngineMaterials/Substrate/Glints2/dict_0002_0150" 8771
"/Engine/EngineMaterials/Substrate/Glints2/dict_0002_0149" 8772
"/Engine/EngineMaterials/Substrate/Glints2/dict_0002_0148" 8773
"/Engine/EngineMaterials/Substrate/Glints2/dict_0002_0147" 8774
"/Engine/EngineMaterials/Substrate/Glints2/dict_0002_0146" 8775
"/Engine/EngineMaterials/Substrate/Glints2/dict_0002_0145" 8776
"/Engine/EngineMaterials/Substrate/Glints2/dict_0002_0144" 8777
"/Engine/EngineMaterials/Substrate/Glints2/dict_0002_0143" 8778
"/Engine/EngineMaterials/Substrate/Glints2/dict_0002_0142" 8779
"/Engine/EngineMaterials/Substrate/Glints2/dict_0002_0141" 8780
"/Engine/EngineMaterials/Substrate/Glints2/dict_0002_0140" 8781
"/Engine/EngineMaterials/Substrate/Glints2/dict_0002_0139" 8782
"/Engine/EngineMaterials/Substrate/Glints2/dict_0002_0138" 8783
"/Engine/EngineMaterials/Substrate/Glints2/dict_0002_0137" 8784
"/Engine/EngineMaterials/Substrate/Glints2/dict_0002_0136" 8785
"/Engine/EngineMaterials/Substrate/Glints2/dict_0002_0135" 8786
"/Engine/EngineMaterials/Substrate/Glints2/dict_0002_0134" 8787
"/Engine/EngineMaterials/Substrate/Glints2/dict_0002_0133" 8788
"/Engine/EngineMaterials/Substrate/Glints2/dict_0002_0132" 8789
"/Engine/EngineMaterials/Substrate/Glints2/dict_0002_0131" 8790
"/Engine/EngineMaterials/Substrate/Glints2/dict_0002_0130" 8791
"../../../Engine/Content/EngineMaterials/Substrate/Glints2/dict_0002_0162.uasset" 8792
"/Engine/EngineMaterials/Substrate/Glints2/dict_0002_0161" 8793
"../../../Engine/Content/EngineMaterials/Substrate/Glints2/dict_0002_0168.uasset" 8794
"../../../Engine/Content/EngineMaterials/Substrate/Glints2/dict_0002_0165.uasset" 8795
"../../../Engine/Content/EngineMaterials/Substrate/Glints2/dict_0002_0163.uasset" 8796
"../../../Engine/Content/EngineMaterials/Substrate/Glints2/dict_0002_0164.uasset" 8797
"../../../Engine/Content/EngineMaterials/Substrate/Glints2/dict_0002_0170.uasset" 8798
"../../../Engine/Content/EngineMaterials/Substrate/Glints2/dict_0002_0171.uasset" 8799
"../../../Engine/Content/EngineMaterials/Substrate/Glints2/dict_0002_0173.uasset" 8800
"../../../Engine/Content/EngineMaterials/Substrate/Glints2/dict_0002_0174.uasset" 8801
"../../../Engine/Content/EngineMaterials/Substrate/Glints2/dict_0002_0166.uasset" 8802
"../../../Engine/Content/EngineMaterials/Substrate/Glints2/dict_0002_0169.uasset" 8803
"../../../Engine/Content/EngineMaterials/Substrate/Glints2/dict_0002_0167.uasset" 8804
"../../../Engine/Content/EngineMaterials/Substrate/Glints2/dict_0002_0172.uasset" 8805
"../../../Engine/Content/EngineMaterials/Substrate/Glints2/dict_0002_0175.uasset" 8806
"../../../Engine/Content/EngineMaterials/Substrate/Glints2/dict_0002_0180.uasset" 8807
"../../../Engine/Content/EngineMaterials/Substrate/Glints2/dict_0002_0177.uasset" 8808
"../../../Engine/Content/EngineMaterials/Substrate/Glints2/dict_0002_0176.uasset" 8809
"../../../Engine/Content/EngineMaterials/Substrate/Glints2/dict_0002_0179.uasset" 8810
"../../../Engine/Content/EngineMaterials/Substrate/Glints2/dict_0002_0178.uasset" 8811
"../../../Engine/Content/EngineMaterials/Substrate/Glints2/dict_0002_0181.uasset" 8812
"../../../Engine/Content/EngineMaterials/Substrate/Glints2/dict_0002_0182.uasset" 8813
"/Engine/EngineMaterials/Substrate/Glints2/dict_0002_0160" 8814
"../../../Engine/Content/EngineMaterials/Substrate/Glints2/dict_0002_0185.uasset" 8815
"/Engine/EngineMaterials/Substrate/Glints2/dict_0002_0159" 8816
"../../../Engine/Content/EngineMaterials/Substrate/Glints2/dict_0002_0183.uasset" 8817
"../../../Engine/Content/EngineMaterials/Substrate/Glints2/dict_0002_0186.uasset" 8818
"../../../Engine/Content/EngineMaterials/Substrate/Glints2/dict_0002_0187.uasset" 8819
"../../../Engine/Content/EngineMaterials/Substrate/Glints2/dict_0002_0184.uasset" 8820
"../../../Engine/Content/EngineMaterials/Substrate/Glints2/dict_0002_0188.uasset" 8821
"/Engine/EngineMaterials/Substrate/Glints2/dict_0002_0158" 8822
"/Engine/EngineMaterials/Substrate/Glints2/dict_0002_0157" 8823
"../../../Engine/Content/EngineMaterials/Substrate/Glints2/dict_0002_0190.uasset" 8824
"../../../Engine/Content/EngineMaterials/Substrate/Glints2/dict_0002_0189.uasset" 8825
"/Engine/EngineMaterials/Substrate/Glints2/dict_0002_0188" 8826
"../../../Engine/Content/EngineMaterials/Substrate/Glints2/dict_0002_0192.uasset" 8827
"../../../Engine/Content/EngineMaterials/Substrate/Glints2/dict_0002_0191.uasset" 8828
"../../../Engine/Content/EngineMaterials/Substrate/Glints2/dict_0002_0193.uasset" 8829
"/Engine/EngineMaterials/Substrate/Glints2/dict_0002_0187" 8830
"/Engine/EngineMaterials/Substrate/Glints2/dict_0002_0186" 8831
"/Engine/EngineMaterials/Substrate/Glints2/dict_0002_0185" 8832
"/Engine/EngineMaterials/Substrate/Glints2/dict_0002_0184" 8833
"/Engine/EngineMaterials/Substrate/Glints2/dict_0002_0183" 8834
"/Engine/EngineMaterials/Substrate/Glints2/dict_0002_0182" 8835
"/Engine/EngineMaterials/Substrate/Glints2/dict_0002_0181" 8836
"/Engine/EngineMaterials/Substrate/Glints2/dict_0002_0180" 8837
"/Engine/EngineMaterials/Substrate/Glints2/dict_0002_0179" 8838
"/Engine/EngineMaterials/Substrate/Glints2/dict_0002_0178" 8839
"/Engine/EngineMaterials/Substrate/Glints2/dict_0002_0177" 8840
"/Engine/EngineMaterials/Substrate/Glints2/dict_0002_0176" 8841
"/Engine/EngineMaterials/Substrate/Glints2/dict_0002_0175" 8842
"/Engine/EngineMaterials/Substrate/Glints2/dict_0002_0174" 8843
"/Engine/EngineMaterials/Substrate/Glints2/dict_0002_0173" 8844
"/Engine/EngineMaterials/Substrate/Glints2/dict_0002_0172" 8845
"/Engine/EngineMaterials/Substrate/Glints2/dict_0002_0171" 8846
"/Engine/EngineMaterials/Substrate/Glints2/dict_0002_0170" 8847
"/Engine/EngineMaterials/Substrate/Glints2/dict_0002_0169" 8848
"/Engine/EngineMaterials/Substrate/Glints2/dict_0002_0168" 8849
"/Engine/EngineMaterials/Substrate/Glints2/dict_0002_0167" 8850
"/Engine/EngineMaterials/Substrate/Glints2/dict_0002_0166" 8851
"/Engine/EngineMaterials/Substrate/Glints2/dict_0002_0165" 8852
"/Engine/EngineMaterials/Substrate/Glints2/dict_0002_0164" 8853
"/Engine/EngineMaterials/Substrate/Glints2/dict_0002_0163" 8854
"/Engine/EngineMaterials/Substrate/Glints2/dict_0002_0162" 8855
"../../../Engine/Content/EngineMaterials/Substrate/Glints2/dict_0002_0194.uasset" 8856
"/Engine/EngineMaterials/Substrate/Glints2/dict_0002_0193" 8857
"../../../Engine/Content/EngineMaterials/Substrate/Glints2/dict_0002_0199.uasset" 8858
"../../../Engine/Content/EngineMaterials/Substrate/Glints2/dict_0002_0198.uasset" 8859
"../../../Engine/Content/EngineMaterials/Substrate/Glints2/dict_0002_0196.uasset" 8860
"../../../Engine/Content/EngineMaterials/Substrate/Glints2/dict_0002_0203.uasset" 8861
"../../../Engine/Content/EngineMaterials/Substrate/Glints2/dict_0002_0197.uasset" 8862
"../../../Engine/Content/EngineMaterials/Substrate/Glints2/dict_0002_0202.uasset" 8863
"../../../Engine/Content/EngineMaterials/Substrate/Glints2/dict_0002_0211.uasset" 8864
"../../../Engine/Content/EngineMaterials/Substrate/Glints2/dict_0002_0195.uasset" 8865
"../../../Engine/Content/EngineMaterials/Substrate/Glints2/dict_0002_0206.uasset" 8866
"../../../Engine/Content/EngineMaterials/Substrate/Glints2/dict_0002_0204.uasset" 8867
"../../../Engine/Content/EngineMaterials/Substrate/Glints2/dict_0002_0208.uasset" 8868
"../../../Engine/Content/EngineMaterials/Substrate/Glints2/dict_0002_0200.uasset" 8869
"../../../Engine/Content/EngineMaterials/Substrate/Glints2/dict_0002_0201.uasset" 8870
"../../../Engine/Content/EngineMaterials/Substrate/Glints2/dict_0002_0207.uasset" 8871
"../../../Engine/Content/EngineMaterials/Substrate/Glints2/dict_0002_0210.uasset" 8872
"../../../Engine/Content/EngineMaterials/Substrate/Glints2/dict_0002_0205.uasset" 8873
"../../../Engine/Content/EngineMaterials/Substrate/Glints2/dict_0002_0212.uasset" 8874
"../../../Engine/Content/EngineMaterials/Substrate/Glints2/dict_0002_0209.uasset" 8875
"../../../Engine/Content/EngineMaterials/Substrate/Glints2/dict_0002_0214.uasset" 8876
"../../../Engine/Content/EngineMaterials/Substrate/Glints2/dict_0002_0213.uasset" 8877
"/Engine/EngineMaterials/Substrate/Glints2/dict_0002_0192" 8878
"../../../Engine/Content/EngineMaterials/Substrate/Glints2/dict_0002_0216.uasset" 8879
"../../../Engine/Content/EngineMaterials/Substrate/Glints2/dict_0002_0215.uasset" 8880
"../../../Engine/Content/EngineMaterials/Substrate/Glints2/dict_0002_0218.uasset" 8881
"../../../Engine/Content/EngineMaterials/Substrate/Glints2/dict_0002_0217.uasset" 8882
"../../../Engine/Content/EngineMaterials/Substrate/Glints2/dict_0002_0219.uasset" 8883
"../../../Engine/Content/EngineMaterials/Substrate/Glints2/dict_0002_0220.uasset" 8884
"/Engine/EngineMaterials/Substrate/Glints2/dict_0002_0191" 8885
"/Engine/EngineMaterials/Substrate/Glints2/dict_0002_0190" 8886
"/Engine/EngineMaterials/Substrate/Glints2/dict_0002_0189" 8887
"../../../Engine/Content/EngineMaterials/Substrate/Glints2/dict_0002_0222.uasset" 8888
"/Engine/EngineMaterials/Substrate/Glints2/dict_0002_0220" 8889
"../../../Engine/Content/EngineMaterials/Substrate/Glints2/dict_0002_0221.uasset" 8890
"../../../Engine/Content/EngineMaterials/Substrate/Glints2/dict_0002_0224.uasset" 8891
"../../../Engine/Content/EngineMaterials/Substrate/Glints2/dict_0002_0225.uasset" 8892
"../../../Engine/Content/EngineMaterials/Substrate/Glints2/dict_0002_0223.uasset" 8893
"/Engine/EngineMaterials/Substrate/Glints2/dict_0002_0219" 8894
"/Engine/EngineMaterials/Substrate/Glints2/dict_0002_0218" 8895
"/Engine/EngineMaterials/Substrate/Glints2/dict_0002_0217" 8896
"/Engine/EngineMaterials/Substrate/Glints2/dict_0002_0216" 8897
"/Engine/EngineMaterials/Substrate/Glints2/dict_0002_0215" 8898
"/Engine/EngineMaterials/Substrate/Glints2/dict_0002_0214" 8899
"/Engine/EngineMaterials/Substrate/Glints2/dict_0002_0213" 8900
"/Engine/EngineMaterials/Substrate/Glints2/dict_0002_0212" 8901
"/Engine/EngineMaterials/Substrate/Glints2/dict_0002_0211" 8902
"/Engine/EngineMaterials/Substrate/Glints2/dict_0002_0210" 8903
"/Engine/EngineMaterials/Substrate/Glints2/dict_0002_0209" 8904
"/Engine/EngineMaterials/Substrate/Glints2/dict_0002_0208" 8905
"/Engine/EngineMaterials/Substrate/Glints2/dict_0002_0207" 8906
"/Engine/EngineMaterials/Substrate/Glints2/dict_0002_0206" 8907
"/Engine/EngineMaterials/Substrate/Glints2/dict_0002_0205" 8908
"/Engine/EngineMaterials/Substrate/Glints2/dict_0002_0204" 8909
"/Engine/EngineMaterials/Substrate/Glints2/dict_0002_0203" 8910
"/Engine/EngineMaterials/Substrate/Glints2/dict_0002_0202" 8911
"/Engine/EngineMaterials/Substrate/Glints2/dict_0002_0201" 8912
"/Engine/EngineMaterials/Substrate/Glints2/dict_0002_0200" 8913
"/Engine/EngineMaterials/Substrate/Glints2/dict_0002_0199" 8914
"/Engine/EngineMaterials/Substrate/Glints2/dict_0002_0198" 8915
"/Engine/EngineMaterials/Substrate/Glints2/dict_0002_0197" 8916
"/Engine/EngineMaterials/Substrate/Glints2/dict_0002_0196" 8917
"/Engine/EngineMaterials/Substrate/Glints2/dict_0002_0195" 8918
"/Engine/EngineMaterials/Substrate/Glints2/dict_0002_0194" 8919
"../../../Engine/Content/EngineMaterials/Substrate/Glints2/dict_0002_0226.uasset" 8920
"/Engine/EngineMaterials/Substrate/Glints2/dict_0002_0225" 8921
"../../../Engine/Content/EngineMaterials/Substrate/Glints2/dict_0002_0243.uasset" 8922
"../../../Engine/Content/EngineMaterials/Substrate/Glints2/dict_0002_0234.uasset" 8923
"../../../Engine/Content/EngineMaterials/Substrate/Glints2/dict_0002_0233.uasset" 8924
"../../../Engine/Content/EngineMaterials/Substrate/Glints2/dict_0002_0227.uasset" 8925
"../../../Engine/Content/EngineMaterials/Substrate/Glints2/dict_0002_0232.uasset" 8926
"../../../Engine/Content/EngineMaterials/Substrate/Glints2/dict_0002_0228.uasset" 8927
"../../../Engine/Content/EngineMaterials/Substrate/Glints2/dict_0002_0229.uasset" 8928
"../../../Engine/Content/EngineMaterials/Substrate/Glints2/dict_0002_0230.uasset" 8929
"../../../Engine/Content/EngineMaterials/Substrate/Glints2/dict_0002_0244.uasset" 8930
"../../../Engine/Content/EngineMaterials/Substrate/Glints2/dict_0002_0235.uasset" 8931
"../../../Engine/Content/EngineMaterials/Substrate/Glints2/dict_0002_0245.uasset" 8932
"../../../Engine/Content/EngineMaterials/Substrate/Glints2/dict_0002_0236.uasset" 8933
"../../../Engine/Content/EngineMaterials/Substrate/Glints2/dict_0002_0246.uasset" 8934
"../../../Engine/Content/EngineMaterials/Substrate/Glints2/dict_0002_0231.uasset" 8935
"/Engine/EngineMaterials/Substrate/Glints2/dict_0002_0224" 8936
"../../../Engine/Content/EngineMaterials/Substrate/Glints2/dict_0002_0239.uasset" 8937
"../../../Engine/Content/EngineMaterials/Substrate/Glints2/dict_0002_0238.uasset" 8938
"../../../Engine/Content/EngineMaterials/Substrate/Glints2/dict_0002_0241.uasset" 8939
"../../../Engine/Content/EngineMaterials/Substrate/Glints2/dict_0002_0240.uasset" 8940
"../../../Engine/Content/EngineMaterials/Substrate/Glints2/dict_0002_0242.uasset" 8941
"../../../Engine/Content/EngineMaterials/Substrate/Glints2/dict_0002_0237.uasset" 8942
"../../../Engine/Content/EngineMaterials/Substrate/Glints2/dict_0002_0247.uasset" 8943
"../../../Engine/Content/EngineMaterials/Substrate/Glints2/dict_0002_0249.uasset" 8944
"../../../Engine/Content/EngineMaterials/Substrate/Glints2/dict_0002_0248.uasset" 8945
"../../../Engine/Content/EngineMaterials/Substrate/Glints2/dict_0002_0250.uasset" 8946
"../../../Engine/Content/EngineMaterials/Substrate/Glints2/dict_0002_0251.uasset" 8947
"../../../Engine/Content/EngineMaterials/Substrate/Glints2/dict_0002_0252.uasset" 8948
"/Engine/EngineMaterials/Substrate/Glints2/dict_0002_0223" 8949
"/Engine/EngineMaterials/Substrate/Glints2/dict_0002_0222" 8950
"/Engine/EngineMaterials/Substrate/Glints2/dict_0002_0221" 8951
"../../../Engine/Content/EngineMaterials/Substrate/Glints2/dict_0002_0253.uasset" 8952
"/Engine/EngineMaterials/Substrate/Glints2/dict_0002_0252" 8953
"../../../Engine/Content/EngineMaterials/Substrate/Glints2/dict_0002_0254.uasset" 8954
"../../../Engine/Content/EngineMaterials/Substrate/Glints2/dict_0002_0255.uasset" 8955
"../../../Engine/Content/EngineMaterials/Substrate/Glints2/dict_0003_0000.uasset" 8956
"../../../Engine/Content/EngineMaterials/Substrate/Glints2/dict_0003_0001.uasset" 8957
"/Engine/EngineMaterials/Substrate/Glints2/dict_0002_0251" 8958
"/Engine/EngineMaterials/Substrate/Glints2/dict_0002_0250" 8959
"/Engine/EngineMaterials/Substrate/Glints2/dict_0002_0249" 8960
"/Engine/EngineMaterials/Substrate/Glints2/dict_0002_0248" 8961
"/Engine/EngineMaterials/Substrate/Glints2/dict_0002_0247" 8962
"/Engine/EngineMaterials/Substrate/Glints2/dict_0002_0246" 8963
"/Engine/EngineMaterials/Substrate/Glints2/dict_0002_0245" 8964
"/Engine/EngineMaterials/Substrate/Glints2/dict_0002_0244" 8965
"/Engine/EngineMaterials/Substrate/Glints2/dict_0002_0243" 8966
"/Engine/EngineMaterials/Substrate/Glints2/dict_0002_0242" 8967
"/Engine/EngineMaterials/Substrate/Glints2/dict_0002_0241" 8968
"/Engine/EngineMaterials/Substrate/Glints2/dict_0002_0240" 8969
"/Engine/EngineMaterials/Substrate/Glints2/dict_0002_0239" 8970
"/Engine/EngineMaterials/Substrate/Glints2/dict_0002_0238" 8971
"/Engine/EngineMaterials/Substrate/Glints2/dict_0002_0237" 8972
"/Engine/EngineMaterials/Substrate/Glints2/dict_0002_0236" 8973
"/Engine/EngineMaterials/Substrate/Glints2/dict_0002_0235" 8974
"/Engine/EngineMaterials/Substrate/Glints2/dict_0002_0234" 8975
"/Engine/EngineMaterials/Substrate/Glints2/dict_0002_0233" 8976
"/Engine/EngineMaterials/Substrate/Glints2/dict_0002_0232" 8977
"/Engine/EngineMaterials/Substrate/Glints2/dict_0002_0231" 8978
"/Engine/EngineMaterials/Substrate/Glints2/dict_0002_0230" 8979
"/Engine/EngineMaterials/Substrate/Glints2/dict_0002_0229" 8980
"/Engine/EngineMaterials/Substrate/Glints2/dict_0002_0228" 8981
"/Engine/EngineMaterials/Substrate/Glints2/dict_0002_0227" 8982
"/Engine/EngineMaterials/Substrate/Glints2/dict_0002_0226" 8983
"/Engine/EngineMaterials/Substrate/Glints2/dict_0003_0001" 8984
"../../../Engine/Content/EngineMaterials/Substrate/Glints2/dict_0003_0002.uasset" 8985
"../../../Engine/Content/EngineMaterials/Substrate/Glints2/dict_0003_0012.uasset" 8986
"../../../Engine/Content/EngineMaterials/Substrate/Glints2/dict_0003_0015.uasset" 8987
"../../../Engine/Content/EngineMaterials/Substrate/Glints2/dict_0003_0014.uasset" 8988
"../../../Engine/Content/EngineMaterials/Substrate/Glints2/dict_0003_0007.uasset" 8989
"../../../Engine/Content/EngineMaterials/Substrate/Glints2/dict_0003_0008.uasset" 8990
"../../../Engine/Content/EngineMaterials/Substrate/Glints2/dict_0003_0003.uasset" 8991
"../../../Engine/Content/EngineMaterials/Substrate/Glints2/dict_0003_0011.uasset" 8992
"../../../Engine/Content/EngineMaterials/Substrate/Glints2/dict_0003_0010.uasset" 8993
"../../../Engine/Content/EngineMaterials/Substrate/Glints2/dict_0003_0009.uasset" 8994
"../../../Engine/Content/EngineMaterials/Substrate/Glints2/dict_0003_0004.uasset" 8995
"../../../Engine/Content/EngineMaterials/Substrate/Glints2/dict_0003_0017.uasset" 8996
"../../../Engine/Content/EngineMaterials/Substrate/Glints2/dict_0003_0018.uasset" 8997
"../../../Engine/Content/EngineMaterials/Substrate/Glints2/dict_0003_0013.uasset" 8998
"/Engine/EngineMaterials/Substrate/Glints2/dict_0003_0000" 8999
"../../../Engine/Content/EngineMaterials/Substrate/Glints2/dict_0003_0005.uasset" 9000
"../../../Engine/Content/EngineMaterials/Substrate/Glints2/dict_0003_0021.uasset" 9001
"../../../Engine/Content/EngineMaterials/Substrate/Glints2/dict_0003_0016.uasset" 9002
"../../../Engine/Content/EngineMaterials/Substrate/Glints2/dict_0003_0006.uasset" 9003
"../../../Engine/Content/EngineMaterials/Substrate/Glints2/dict_0003_0020.uasset" 9004
"../../../Engine/Content/EngineMaterials/Substrate/Glints2/dict_0003_0019.uasset" 9005
"../../../Engine/Content/EngineMaterials/Substrate/Glints2/dict_0003_0022.uasset" 9006
"../../../Engine/Content/EngineMaterials/Substrate/Glints2/dict_0003_0024.uasset" 9007
"../../../Engine/Content/EngineMaterials/Substrate/Glints2/dict_0003_0025.uasset" 9008
"../../../Engine/Content/EngineMaterials/Substrate/Glints2/dict_0003_0023.uasset" 9009
"../../../Engine/Content/EngineMaterials/Substrate/Glints2/dict_0003_0026.uasset" 9010
"../../../Engine/Content/EngineMaterials/Substrate/Glints2/dict_0003_0027.uasset" 9011
"../../../Engine/Content/EngineMaterials/Substrate/Glints2/dict_0003_0028.uasset" 9012
"/Engine/EngineMaterials/Substrate/Glints2/dict_0002_0255" 9013
"/Engine/EngineMaterials/Substrate/Glints2/dict_0002_0254" 9014
"/Engine/EngineMaterials/Substrate/Glints2/dict_0002_0253" 9015
"../../../Engine/Content/EngineMaterials/Substrate/Glints2/dict_0003_0030.uasset" 9016
"../../../Engine/Content/EngineMaterials/Substrate/Glints2/dict_0003_0029.uasset" 9017
"/Engine/EngineMaterials/Substrate/Glints2/dict_0003_0028" 9018
"../../../Engine/Content/EngineMaterials/Substrate/Glints2/dict_0003_0032.uasset" 9019
"../../../Engine/Content/EngineMaterials/Substrate/Glints2/dict_0003_0031.uasset" 9020
"../../../Engine/Content/EngineMaterials/Substrate/Glints2/dict_0003_0033.uasset" 9021
"/Engine/EngineMaterials/Substrate/Glints2/dict_0003_0027" 9022
"/Engine/EngineMaterials/Substrate/Glints2/dict_0003_0026" 9023
"/Engine/EngineMaterials/Substrate/Glints2/dict_0003_0025" 9024
"/Engine/EngineMaterials/Substrate/Glints2/dict_0003_0024" 9025
"/Engine/EngineMaterials/Substrate/Glints2/dict_0003_0023" 9026
"/Engine/EngineMaterials/Substrate/Glints2/dict_0003_0022" 9027
"/Engine/EngineMaterials/Substrate/Glints2/dict_0003_0021" 9028
"/Engine/EngineMaterials/Substrate/Glints2/dict_0003_0020" 9029
"/Engine/EngineMaterials/Substrate/Glints2/dict_0003_0019" 9030
"/Engine/EngineMaterials/Substrate/Glints2/dict_0003_0018" 9031
"/Engine/EngineMaterials/Substrate/Glints2/dict_0003_0017" 9032
"/Engine/EngineMaterials/Substrate/Glints2/dict_0003_0016" 9033
"/Engine/EngineMaterials/Substrate/Glints2/dict_0003_0015" 9034
"/Engine/EngineMaterials/Substrate/Glints2/dict_0003_0014" 9035
"/Engine/EngineMaterials/Substrate/Glints2/dict_0003_0013" 9036
"/Engine/EngineMaterials/Substrate/Glints2/dict_0003_0012" 9037
"/Engine/EngineMaterials/Substrate/Glints2/dict_0003_0011" 9038
"/Engine/EngineMaterials/Substrate/Glints2/dict_0003_0010" 9039
"/Engine/EngineMaterials/Substrate/Glints2/dict_0003_0009" 9040
"/Engine/EngineMaterials/Substrate/Glints2/dict_0003_0008" 9041
"/Engine/EngineMaterials/Substrate/Glints2/dict_0003_0007" 9042
"/Engine/EngineMaterials/Substrate/Glints2/dict_0003_0006" 9043
"/Engine/EngineMaterials/Substrate/Glints2/dict_0003_0005" 9044
"/Engine/EngineMaterials/Substrate/Glints2/dict_0003_0004" 9045
"/Engine/EngineMaterials/Substrate/Glints2/dict_0003_0003" 9046
"/Engine/EngineMaterials/Substrate/Glints2/dict_0003_0002" 9047
"/Engine/EngineMaterials/Substrate/Glints2/dict_0003_0033" 9048
"../../../Engine/Content/EngineMaterials/Substrate/Glints2/dict_0003_0034.uasset" 9049
"../../../Engine/Content/EngineMaterials/Substrate/Glints2/dict_0003_0035.uasset" 9050
"../../../Engine/Content/EngineMaterials/Substrate/Glints2/dict_0003_0037.uasset" 9051
"../../../Engine/Content/EngineMaterials/Substrate/Glints2/dict_0003_0040.uasset" 9052
"../../../Engine/Content/EngineMaterials/Substrate/Glints2/dict_0003_0051.uasset" 9053
"../../../Engine/Content/EngineMaterials/Substrate/Glints2/dict_0003_0041.uasset" 9054
"../../../Engine/Content/EngineMaterials/Substrate/Glints2/dict_0003_0044.uasset" 9055
"../../../Engine/Content/EngineMaterials/Substrate/Glints2/dict_0003_0036.uasset" 9056
"../../../Engine/Content/EngineMaterials/Substrate/Glints2/dict_0003_0038.uasset" 9057
"../../../Engine/Content/EngineMaterials/Substrate/Glints2/dict_0003_0046.uasset" 9058
"../../../Engine/Content/EngineMaterials/Substrate/Glints2/dict_0003_0048.uasset" 9059
"../../../Engine/Content/EngineMaterials/Substrate/Glints2/dict_0003_0049.uasset" 9060
"../../../Engine/Content/EngineMaterials/Substrate/Glints2/dict_0003_0045.uasset" 9061
"../../../Engine/Content/EngineMaterials/Substrate/Glints2/dict_0003_0043.uasset" 9062
"../../../Engine/Content/EngineMaterials/Substrate/Glints2/dict_0003_0052.uasset" 9063
"../../../Engine/Content/EngineMaterials/Substrate/Glints2/dict_0003_0039.uasset" 9064
"../../../Engine/Content/EngineMaterials/Substrate/Glints2/dict_0003_0042.uasset" 9065
"../../../Engine/Content/EngineMaterials/Substrate/Glints2/dict_0003_0050.uasset" 9066
"../../../Engine/Content/EngineMaterials/Substrate/Glints2/dict_0003_0054.uasset" 9067
"../../../Engine/Content/EngineMaterials/Substrate/Glints2/dict_0003_0047.uasset" 9068
"/Engine/EngineMaterials/Substrate/Glints2/dict_0003_0032" 9069
"../../../Engine/Content/EngineMaterials/Substrate/Glints2/dict_0003_0053.uasset" 9070
"../../../Engine/Content/EngineMaterials/Substrate/Glints2/dict_0003_0058.uasset" 9071
"../../../Engine/Content/EngineMaterials/Substrate/Glints2/dict_0003_0057.uasset" 9072
"../../../Engine/Content/EngineMaterials/Substrate/Glints2/dict_0003_0055.uasset" 9073
"../../../Engine/Content/EngineMaterials/Substrate/Glints2/dict_0003_0056.uasset" 9074
"../../../Engine/Content/EngineMaterials/Substrate/Glints2/dict_0003_0059.uasset" 9075
"../../../Engine/Content/EngineMaterials/Substrate/Glints2/dict_0003_0060.uasset" 9076
"/Engine/EngineMaterials/Substrate/Glints2/dict_0003_0031" 9077
"/Engine/EngineMaterials/Substrate/Glints2/dict_0003_0030" 9078
"/Engine/EngineMaterials/Substrate/Glints2/dict_0003_0029" 9079
"../../../Engine/Content/EngineMaterials/Substrate/Glints2/dict_0003_0062.uasset" 9080
"../../../Engine/Content/EngineMaterials/Substrate/Glints2/dict_0003_0061.uasset" 9081
"/Engine/EngineMaterials/Substrate/Glints2/dict_0003_0060" 9082
"../../../Engine/Content/EngineMaterials/Substrate/Glints2/dict_0003_0063.uasset" 9083
"../../../Engine/Content/EngineMaterials/Substrate/Glints2/dict_0003_0064.uasset" 9084
"../../../Engine/Content/EngineMaterials/Substrate/Glints2/dict_0003_0065.uasset" 9085
"/Engine/EngineMaterials/Substrate/Glints2/dict_0003_0059" 9086
"/Engine/EngineMaterials/Substrate/Glints2/dict_0003_0058" 9087
"/Engine/EngineMaterials/Substrate/Glints2/dict_0003_0057" 9088
"/Engine/EngineMaterials/Substrate/Glints2/dict_0003_0056" 9089
"/Engine/EngineMaterials/Substrate/Glints2/dict_0003_0055" 9090
"/Engine/EngineMaterials/Substrate/Glints2/dict_0003_0054" 9091
"/Engine/EngineMaterials/Substrate/Glints2/dict_0003_0053" 9092
"/Engine/EngineMaterials/Substrate/Glints2/dict_0003_0052" 9093
"/Engine/EngineMaterials/Substrate/Glints2/dict_0003_0051" 9094
"/Engine/EngineMaterials/Substrate/Glints2/dict_0003_0050" 9095
"/Engine/EngineMaterials/Substrate/Glints2/dict_0003_0049" 9096
"/Engine/EngineMaterials/Substrate/Glints2/dict_0003_0048" 9097
"/Engine/EngineMaterials/Substrate/Glints2/dict_0003_0047" 9098
"/Engine/EngineMaterials/Substrate/Glints2/dict_0003_0046" 9099
"/Engine/EngineMaterials/Substrate/Glints2/dict_0003_0045" 9100
"/Engine/EngineMaterials/Substrate/Glints2/dict_0003_0044" 9101
"/Engine/EngineMaterials/Substrate/Glints2/dict_0003_0043" 9102
"/Engine/EngineMaterials/Substrate/Glints2/dict_0003_0042" 9103
"/Engine/EngineMaterials/Substrate/Glints2/dict_0003_0041" 9104
"/Engine/EngineMaterials/Substrate/Glints2/dict_0003_0040" 9105
"/Engine/EngineMaterials/Substrate/Glints2/dict_0003_0039" 9106
"/Engine/EngineMaterials/Substrate/Glints2/dict_0003_0038" 9107
"/Engine/EngineMaterials/Substrate/Glints2/dict_0003_0037" 9108
"/Engine/EngineMaterials/Substrate/Glints2/dict_0003_0036" 9109
"/Engine/EngineMaterials/Substrate/Glints2/dict_0003_0035" 9110
"/Engine/EngineMaterials/Substrate/Glints2/dict_0003_0034" 9111
"/Engine/EngineMaterials/Substrate/Glints2/dict_0003_0065" 9112
"../../../Engine/Content/EngineMaterials/Substrate/Glints2/dict_0003_0066.uasset" 9113
"../../../Engine/Content/EngineMaterials/Substrate/Glints2/dict_0003_0083.uasset" 9114
"../../../Engine/Content/EngineMaterials/Substrate/Glints2/dict_0003_0078.uasset" 9115
"../../../Engine/Content/EngineMaterials/Substrate/Glints2/dict_0003_0071.uasset" 9116
"../../../Engine/Content/EngineMaterials/Substrate/Glints2/dict_0003_0072.uasset" 9117
"../../../Engine/Content/EngineMaterials/Substrate/Glints2/dict_0003_0074.uasset" 9118
"../../../Engine/Content/EngineMaterials/Substrate/Glints2/dict_0003_0068.uasset" 9119
"../../../Engine/Content/EngineMaterials/Substrate/Glints2/dict_0003_0067.uasset" 9120
"../../../Engine/Content/EngineMaterials/Substrate/Glints2/dict_0003_0069.uasset" 9121
"../../../Engine/Content/EngineMaterials/Substrate/Glints2/dict_0003_0076.uasset" 9122
"../../../Engine/Content/EngineMaterials/Substrate/Glints2/dict_0003_0077.uasset" 9123
"../../../Engine/Content/EngineMaterials/Substrate/Glints2/dict_0003_0073.uasset" 9124
"../../../Engine/Content/EngineMaterials/Substrate/Glints2/dict_0003_0075.uasset" 9125
"../../../Engine/Content/EngineMaterials/Substrate/Glints2/dict_0003_0082.uasset" 9126
"../../../Engine/Content/EngineMaterials/Substrate/Glints2/dict_0003_0079.uasset" 9127
"../../../Engine/Content/EngineMaterials/Substrate/Glints2/dict_0003_0070.uasset" 9128
"../../../Engine/Content/EngineMaterials/Substrate/Glints2/dict_0003_0080.uasset" 9129
"../../../Engine/Content/EngineMaterials/Substrate/Glints2/dict_0003_0081.uasset" 9130
"/Engine/EngineMaterials/Substrate/Glints2/dict_0003_0064" 9131
"../../../Engine/Content/EngineMaterials/Substrate/Glints2/dict_0003_0084.uasset" 9132
"../../../Engine/Content/EngineMaterials/Substrate/Glints2/dict_0003_0085.uasset" 9133
"../../../Engine/Content/EngineMaterials/Substrate/Glints2/dict_0003_0086.uasset" 9134
"../../../Engine/Content/EngineMaterials/Substrate/Glints2/dict_0003_0087.uasset" 9135
"../../../Engine/Content/EngineMaterials/Substrate/Glints2/dict_0003_0089.uasset" 9136
"../../../Engine/Content/EngineMaterials/Substrate/Glints2/dict_0003_0088.uasset" 9137
"/Engine/EngineMaterials/Substrate/Glints2/dict_0003_0063" 9138
"../../../Engine/Content/EngineMaterials/Substrate/Glints2/dict_0003_0091.uasset" 9139
"../../../Engine/Content/EngineMaterials/Substrate/Glints2/dict_0003_0090.uasset" 9140
"../../../Engine/Content/EngineMaterials/Substrate/Glints2/dict_0003_0092.uasset" 9141
"/Engine/EngineMaterials/Substrate/Glints2/dict_0003_0062" 9142
"/Engine/EngineMaterials/Substrate/Glints2/dict_0003_0061" 9143
"../../../Engine/Content/EngineMaterials/Substrate/Glints2/dict_0003_0094.uasset" 9144
"../../../Engine/Content/EngineMaterials/Substrate/Glints2/dict_0003_0093.uasset" 9145
"/Engine/EngineMaterials/Substrate/Glints2/dict_0003_0092" 9146
"../../../Engine/Content/EngineMaterials/Substrate/Glints2/dict_0003_0095.uasset" 9147
"../../../Engine/Content/EngineMaterials/Substrate/Glints2/dict_0003_0096.uasset" 9148
"../../../Engine/Content/EngineMaterials/Substrate/Glints2/dict_0003_0097.uasset" 9149
"/Engine/EngineMaterials/Substrate/Glints2/dict_0003_0091" 9150
"/Engine/EngineMaterials/Substrate/Glints2/dict_0003_0090" 9151
"/Engine/EngineMaterials/Substrate/Glints2/dict_0003_0089" 9152
"/Engine/EngineMaterials/Substrate/Glints2/dict_0003_0088" 9153
"/Engine/EngineMaterials/Substrate/Glints2/dict_0003_0087" 9154
"/Engine/EngineMaterials/Substrate/Glints2/dict_0003_0086" 9155
"/Engine/EngineMaterials/Substrate/Glints2/dict_0003_0085" 9156
"/Engine/EngineMaterials/Substrate/Glints2/dict_0003_0084" 9157
"/Engine/EngineMaterials/Substrate/Glints2/dict_0003_0083" 9158
"/Engine/EngineMaterials/Substrate/Glints2/dict_0003_0082" 9159
"/Engine/EngineMaterials/Substrate/Glints2/dict_0003_0081" 9160
"/Engine/EngineMaterials/Substrate/Glints2/dict_0003_0080" 9161
"/Engine/EngineMaterials/Substrate/Glints2/dict_0003_0079" 9162
"/Engine/EngineMaterials/Substrate/Glints2/dict_0003_0078" 9163
"/Engine/EngineMaterials/Substrate/Glints2/dict_0003_0077" 9164
"/Engine/EngineMaterials/Substrate/Glints2/dict_0003_0076" 9165
"/Engine/EngineMaterials/Substrate/Glints2/dict_0003_0075" 9166
"/Engine/EngineMaterials/Substrate/Glints2/dict_0003_0074" 9167
"/Engine/EngineMaterials/Substrate/Glints2/dict_0003_0073" 9168
"/Engine/EngineMaterials/Substrate/Glints2/dict_0003_0072" 9169
"/Engine/EngineMaterials/Substrate/Glints2/dict_0003_0071" 9170
"/Engine/EngineMaterials/Substrate/Glints2/dict_0003_0070" 9171
"/Engine/EngineMaterials/Substrate/Glints2/dict_0003_0069" 9172
"/Engine/EngineMaterials/Substrate/Glints2/dict_0003_0068" 9173
"/Engine/EngineMaterials/Substrate/Glints2/dict_0003_0067" 9174
"/Engine/EngineMaterials/Substrate/Glints2/dict_0003_0066" 9175
"../../../Engine/Content/EngineMaterials/Substrate/Glints2/dict_0003_0098.uasset" 9176
"/Engine/EngineMaterials/Substrate/Glints2/dict_0003_0097" 9177
"../../../Engine/Content/EngineMaterials/Substrate/Glints2/dict_0003_0099.uasset" 9178
"../../../Engine/Content/EngineMaterials/Substrate/Glints2/dict_0003_0108.uasset" 9179
"../../../Engine/Content/EngineMaterials/Substrate/Glints2/dict_0003_0110.uasset" 9180
"../../../Engine/Content/EngineMaterials/Substrate/Glints2/dict_0003_0105.uasset" 9181
"../../../Engine/Content/EngineMaterials/Substrate/Glints2/dict_0003_0107.uasset" 9182
"../../../Engine/Content/EngineMaterials/Substrate/Glints2/dict_0003_0103.uasset" 9183
"../../../Engine/Content/EngineMaterials/Substrate/Glints2/dict_0003_0100.uasset" 9184
"../../../Engine/Content/EngineMaterials/Substrate/Glints2/dict_0003_0106.uasset" 9185
"../../../Engine/Content/EngineMaterials/Substrate/Glints2/dict_0003_0104.uasset" 9186
"../../../Engine/Content/EngineMaterials/Substrate/Glints2/dict_0003_0101.uasset" 9187
"../../../Engine/Content/EngineMaterials/Substrate/Glints2/dict_0003_0102.uasset" 9188
"../../../Engine/Content/EngineMaterials/Substrate/Glints2/dict_0003_0115.uasset" 9189
"../../../Engine/Content/EngineMaterials/Substrate/Glints2/dict_0003_0109.uasset" 9190
"../../../Engine/Content/EngineMaterials/Substrate/Glints2/dict_0003_0114.uasset" 9191
"../../../Engine/Content/EngineMaterials/Substrate/Glints2/dict_0003_0113.uasset" 9192
"../../../Engine/Content/EngineMaterials/Substrate/Glints2/dict_0003_0116.uasset" 9193
"../../../Engine/Content/EngineMaterials/Substrate/Glints2/dict_0003_0112.uasset" 9194
"../../../Engine/Content/EngineMaterials/Substrate/Glints2/dict_0003_0111.uasset" 9195
"../../../Engine/Content/EngineMaterials/Substrate/Glints2/dict_0003_0117.uasset" 9196
"../../../Engine/Content/EngineMaterials/Substrate/Glints2/dict_0003_0118.uasset" 9197
"../../../Engine/Content/EngineMaterials/Substrate/Glints2/dict_0003_0122.uasset" 9198
"../../../Engine/Content/EngineMaterials/Substrate/Glints2/dict_0003_0119.uasset" 9199
"../../../Engine/Content/EngineMaterials/Substrate/Glints2/dict_0003_0120.uasset" 9200
"../../../Engine/Content/EngineMaterials/Substrate/Glints2/dict_0003_0121.uasset" 9201
"../../../Engine/Content/EngineMaterials/Substrate/Glints2/dict_0003_0124.uasset" 9202
"/Engine/EngineMaterials/Substrate/Glints2/dict_0003_0096" 9203
"../../../Engine/Content/EngineMaterials/Substrate/Glints2/dict_0003_0123.uasset" 9204
"/Engine/EngineMaterials/Substrate/Glints2/dict_0003_0095" 9205
"/Engine/EngineMaterials/Substrate/Glints2/dict_0003_0094" 9206
"/Engine/EngineMaterials/Substrate/Glints2/dict_0003_0093" 9207
"../../../Engine/Content/EngineMaterials/Substrate/Glints2/dict_0003_0126.uasset" 9208
"../../../Engine/Content/EngineMaterials/Substrate/Glints2/dict_0003_0125.uasset" 9209
"/Engine/EngineMaterials/Substrate/Glints2/dict_0003_0124" 9210
"../../../Engine/Content/EngineMaterials/Substrate/Glints2/dict_0003_0127.uasset" 9211
"../../../Engine/Content/EngineMaterials/Substrate/Glints2/dict_0003_0128.uasset" 9212
"../../../Engine/Content/EngineMaterials/Substrate/Glints2/dict_0003_0129.uasset" 9213
"/Engine/EngineMaterials/Substrate/Glints2/dict_0003_0123" 9214
"/Engine/EngineMaterials/Substrate/Glints2/dict_0003_0122" 9215
"/Engine/EngineMaterials/Substrate/Glints2/dict_0003_0121" 9216
"/Engine/EngineMaterials/Substrate/Glints2/dict_0003_0120" 9217
"/Engine/EngineMaterials/Substrate/Glints2/dict_0003_0119" 9218
"/Engine/EngineMaterials/Substrate/Glints2/dict_0003_0118" 9219
"/Engine/EngineMaterials/Substrate/Glints2/dict_0003_0117" 9220
"/Engine/EngineMaterials/Substrate/Glints2/dict_0003_0116" 9221
"/Engine/EngineMaterials/Substrate/Glints2/dict_0003_0115" 9222
"/Engine/EngineMaterials/Substrate/Glints2/dict_0003_0114" 9223
"/Engine/EngineMaterials/Substrate/Glints2/dict_0003_0113" 9224
"/Engine/EngineMaterials/Substrate/Glints2/dict_0003_0112" 9225
"/Engine/EngineMaterials/Substrate/Glints2/dict_0003_0111" 9226
"/Engine/EngineMaterials/Substrate/Glints2/dict_0003_0110" 9227
"/Engine/EngineMaterials/Substrate/Glints2/dict_0003_0109" 9228
"/Engine/EngineMaterials/Substrate/Glints2/dict_0003_0108" 9229
"/Engine/EngineMaterials/Substrate/Glints2/dict_0003_0107" 9230
"/Engine/EngineMaterials/Substrate/Glints2/dict_0003_0106" 9231
"/Engine/EngineMaterials/Substrate/Glints2/dict_0003_0105" 9232
"/Engine/EngineMaterials/Substrate/Glints2/dict_0003_0104" 9233
"/Engine/EngineMaterials/Substrate/Glints2/dict_0003_0103" 9234
"/Engine/EngineMaterials/Substrate/Glints2/dict_0003_0102" 9235
"/Engine/EngineMaterials/Substrate/Glints2/dict_0003_0101" 9236
"/Engine/EngineMaterials/Substrate/Glints2/dict_0003_0100" 9237
"/Engine/EngineMaterials/Substrate/Glints2/dict_0003_0099" 9238
"/Engine/EngineMaterials/Substrate/Glints2/dict_0003_0098" 9239
"/Engine/EngineMaterials/Substrate/Glints2/dict_0003_0129" 9240
"../../../Engine/Content/EngineMaterials/Substrate/Glints2/dict_0003_0130.uasset" 9241
"../../../Engine/Content/EngineMaterials/Substrate/Glints2/dict_0003_0135.uasset" 9242
"../../../Engine/Content/EngineMaterials/Substrate/Glints2/dict_0003_0133.uasset" 9243
"../../../Engine/Content/EngineMaterials/Substrate/Glints2/dict_0003_0131.uasset" 9244
"../../../Engine/Content/EngineMaterials/Substrate/Glints2/dict_0003_0141.uasset" 9245
"../../../Engine/Content/EngineMaterials/Substrate/Glints2/dict_0003_0147.uasset" 9246
"../../../Engine/Content/EngineMaterials/Substrate/Glints2/dict_0003_0136.uasset" 9247
"../../../Engine/Content/EngineMaterials/Substrate/Glints2/dict_0003_0134.uasset" 9248
"../../../Engine/Content/EngineMaterials/Substrate/Glints2/dict_0003_0140.uasset" 9249
"../../../Engine/Content/EngineMaterials/Substrate/Glints2/dict_0003_0143.uasset" 9250
"../../../Engine/Content/EngineMaterials/Substrate/Glints2/dict_0003_0144.uasset" 9251
"../../../Engine/Content/EngineMaterials/Substrate/Glints2/dict_0003_0148.uasset" 9252
"../../../Engine/Content/EngineMaterials/Substrate/Glints2/dict_0003_0137.uasset" 9253
"../../../Engine/Content/EngineMaterials/Substrate/Glints2/dict_0003_0138.uasset" 9254
"../../../Engine/Content/EngineMaterials/Substrate/Glints2/dict_0003_0145.uasset" 9255
"../../../Engine/Content/EngineMaterials/Substrate/Glints2/dict_0003_0146.uasset" 9256
"../../../Engine/Content/EngineMaterials/Substrate/Glints2/dict_0003_0142.uasset" 9257
"../../../Engine/Content/EngineMaterials/Substrate/Glints2/dict_0003_0139.uasset" 9258
"/Engine/EngineMaterials/Substrate/Glints2/dict_0003_0128" 9259
"../../../Engine/Content/EngineMaterials/Substrate/Glints2/dict_0003_0132.uasset" 9260
"../../../Engine/Content/EngineMaterials/Substrate/Glints2/dict_0003_0149.uasset" 9261
"../../../Engine/Content/EngineMaterials/Substrate/Glints2/dict_0003_0150.uasset" 9262
"../../../Engine/Content/EngineMaterials/Substrate/Glints2/dict_0003_0151.uasset" 9263
"../../../Engine/Content/EngineMaterials/Substrate/Glints2/dict_0003_0152.uasset" 9264
"../../../Engine/Content/EngineMaterials/Substrate/Glints2/dict_0003_0153.uasset" 9265
"../../../Engine/Content/EngineMaterials/Substrate/Glints2/dict_0003_0154.uasset" 9266
"../../../Engine/Content/EngineMaterials/Substrate/Glints2/dict_0003_0155.uasset" 9267
"../../../Engine/Content/EngineMaterials/Substrate/Glints2/dict_0003_0156.uasset" 9268
"/Engine/EngineMaterials/Substrate/Glints2/dict_0003_0127" 9269
"/Engine/EngineMaterials/Substrate/Glints2/dict_0003_0126" 9270
"/Engine/EngineMaterials/Substrate/Glints2/dict_0003_0125" 9271
"../../../Engine/Content/EngineMaterials/Substrate/Glints2/dict_0003_0157.uasset" 9272
"../../../Engine/Content/EngineMaterials/Substrate/Glints2/dict_0003_0158.uasset" 9273
"/Engine/EngineMaterials/Substrate/Glints2/dict_0003_0156" 9274
"../../../Engine/Content/EngineMaterials/Substrate/Glints2/dict_0003_0159.uasset" 9275
"../../../Engine/Content/EngineMaterials/Substrate/Glints2/dict_0003_0160.uasset" 9276
"../../../Engine/Content/EngineMaterials/Substrate/Glints2/dict_0003_0161.uasset" 9277
"/Engine/EngineMaterials/Substrate/Glints2/dict_0003_0155" 9278
"/Engine/EngineMaterials/Substrate/Glints2/dict_0003_0154" 9279
"/Engine/EngineMaterials/Substrate/Glints2/dict_0003_0153" 9280
"/Engine/EngineMaterials/Substrate/Glints2/dict_0003_0152" 9281
"/Engine/EngineMaterials/Substrate/Glints2/dict_0003_0151" 9282
"/Engine/EngineMaterials/Substrate/Glints2/dict_0003_0150" 9283
"/Engine/EngineMaterials/Substrate/Glints2/dict_0003_0149" 9284
"/Engine/EngineMaterials/Substrate/Glints2/dict_0003_0148" 9285
"/Engine/EngineMaterials/Substrate/Glints2/dict_0003_0147" 9286
"/Engine/EngineMaterials/Substrate/Glints2/dict_0003_0146" 9287
"/Engine/EngineMaterials/Substrate/Glints2/dict_0003_0145" 9288
"/Engine/EngineMaterials/Substrate/Glints2/dict_0003_0144" 9289
"/Engine/EngineMaterials/Substrate/Glints2/dict_0003_0143" 9290
"/Engine/EngineMaterials/Substrate/Glints2/dict_0003_0142" 9291
"/Engine/EngineMaterials/Substrate/Glints2/dict_0003_0141" 9292
"/Engine/EngineMaterials/Substrate/Glints2/dict_0003_0140" 9293
"/Engine/EngineMaterials/Substrate/Glints2/dict_0003_0139" 9294
"/Engine/EngineMaterials/Substrate/Glints2/dict_0003_0138" 9295
"/Engine/EngineMaterials/Substrate/Glints2/dict_0003_0137" 9296
"/Engine/EngineMaterials/Substrate/Glints2/dict_0003_0136" 9297
"/Engine/EngineMaterials/Substrate/Glints2/dict_0003_0135" 9298
"/Engine/EngineMaterials/Substrate/Glints2/dict_0003_0134" 9299
"/Engine/EngineMaterials/Substrate/Glints2/dict_0003_0133" 9300
"/Engine/EngineMaterials/Substrate/Glints2/dict_0003_0132" 9301
"/Engine/EngineMaterials/Substrate/Glints2/dict_0003_0131" 9302
"/Engine/EngineMaterials/Substrate/Glints2/dict_0003_0130" 9303
"/Engine/EngineMaterials/Substrate/Glints2/dict_0003_0161" 9304
"../../../Engine/Content/EngineMaterials/Substrate/Glints2/dict_0003_0162.uasset" 9305
"../../../Engine/Content/EngineMaterials/Substrate/Glints2/dict_0003_0171.uasset" 9306
"../../../Engine/Content/EngineMaterials/Substrate/Glints2/dict_0003_0170.uasset" 9307
"/Engine/EngineMaterials/Substrate/Glints2/dict_0003_0160" 9308
"../../../Engine/Content/EngineMaterials/Substrate/Glints2/dict_0003_0168.uasset" 9309
"../../../Engine/Content/EngineMaterials/Substrate/Glints2/dict_0003_0167.uasset" 9310
"../../../Engine/Content/EngineMaterials/Substrate/Glints2/dict_0003_0165.uasset" 9311
"../../../Engine/Content/EngineMaterials/Substrate/Glints2/dict_0003_0169.uasset" 9312
"../../../Engine/Content/EngineMaterials/Substrate/Glints2/dict_0003_0177.uasset" 9313
"../../../Engine/Content/EngineMaterials/Substrate/Glints2/dict_0003_0179.uasset" 9314
"../../../Engine/Content/EngineMaterials/Substrate/Glints2/dict_0003_0164.uasset" 9315
"../../../Engine/Content/EngineMaterials/Substrate/Glints2/dict_0003_0178.uasset" 9316
"../../../Engine/Content/EngineMaterials/Substrate/Glints2/dict_0003_0163.uasset" 9317
"/Engine/EngineMaterials/Substrate/Glints2/dict_0003_0159" 9318
"../../../Engine/Content/EngineMaterials/Substrate/Glints2/dict_0003_0180.uasset" 9319
"../../../Engine/Content/EngineMaterials/Substrate/Glints2/dict_0003_0174.uasset" 9320
"../../../Engine/Content/EngineMaterials/Substrate/Glints2/dict_0003_0173.uasset" 9321
"../../../Engine/Content/EngineMaterials/Substrate/Glints2/dict_0003_0175.uasset" 9322
"../../../Engine/Content/EngineMaterials/Substrate/Glints2/dict_0003_0176.uasset" 9323
"../../../Engine/Content/EngineMaterials/Substrate/Glints2/dict_0003_0166.uasset" 9324
"../../../Engine/Content/EngineMaterials/Substrate/Glints2/dict_0003_0172.uasset" 9325
"../../../Engine/Content/EngineMaterials/Substrate/Glints2/dict_0003_0181.uasset" 9326
"../../../Engine/Content/EngineMaterials/Substrate/Glints2/dict_0003_0182.uasset" 9327
"/Engine/EngineMaterials/Substrate/Glints2/dict_0003_0158" 9328
"../../../Engine/Content/EngineMaterials/Substrate/Glints2/dict_0003_0184.uasset" 9329
"../../../Engine/Content/EngineMaterials/Substrate/Glints2/dict_0003_0185.uasset" 9330
"../../../Engine/Content/EngineMaterials/Substrate/Glints2/dict_0003_0183.uasset" 9331
"../../../Engine/Content/EngineMaterials/Substrate/Glints2/dict_0003_0186.uasset" 9332
"../../../Engine/Content/EngineMaterials/Substrate/Glints2/dict_0003_0187.uasset" 9333
"../../../Engine/Content/EngineMaterials/Substrate/Glints2/dict_0003_0188.uasset" 9334
"/Engine/EngineMaterials/Substrate/Glints2/dict_0003_0157" 9335
"../../../Engine/Content/EngineMaterials/Substrate/Glints2/dict_0003_0190.uasset" 9336
"../../../Engine/Content/EngineMaterials/Substrate/Glints2/dict_0003_0189.uasset" 9337
"/Engine/EngineMaterials/Substrate/Glints2/dict_0003_0187" 9338
"../../../Engine/Content/EngineMaterials/Substrate/Glints2/dict_0003_0193.uasset" 9339
"../../../Engine/Content/EngineMaterials/Substrate/Glints2/dict_0003_0191.uasset" 9340
"../../../Engine/Content/EngineMaterials/Substrate/Glints2/dict_0003_0192.uasset" 9341
"/Engine/EngineMaterials/Substrate/Glints2/dict_0003_0186" 9342
"/Engine/EngineMaterials/Substrate/Glints2/dict_0003_0185" 9343
"/Engine/EngineMaterials/Substrate/Glints2/dict_0003_0184" 9344
"/Engine/EngineMaterials/Substrate/Glints2/dict_0003_0183" 9345
"/Engine/EngineMaterials/Substrate/Glints2/dict_0003_0182" 9346
"/Engine/EngineMaterials/Substrate/Glints2/dict_0003_0181" 9347
"/Engine/EngineMaterials/Substrate/Glints2/dict_0003_0180" 9348
"/Engine/EngineMaterials/Substrate/Glints2/dict_0003_0179" 9349
"/Engine/EngineMaterials/Substrate/Glints2/dict_0003_0178" 9350
"/Engine/EngineMaterials/Substrate/Glints2/dict_0003_0177" 9351
"/Engine/EngineMaterials/Substrate/Glints2/dict_0003_0176" 9352
"/Engine/EngineMaterials/Substrate/Glints2/dict_0003_0175" 9353
"/Engine/EngineMaterials/Substrate/Glints2/dict_0003_0174" 9354
"/Engine/EngineMaterials/Substrate/Glints2/dict_0003_0173" 9355
"/Engine/EngineMaterials/Substrate/Glints2/dict_0003_0172" 9356
"/Engine/EngineMaterials/Substrate/Glints2/dict_0003_0171" 9357
"/Engine/EngineMaterials/Substrate/Glints2/dict_0003_0170" 9358
"/Engine/EngineMaterials/Substrate/Glints2/dict_0003_0169" 9359
"/Engine/EngineMaterials/Substrate/Glints2/dict_0003_0168" 9360
"/Engine/EngineMaterials/Substrate/Glints2/dict_0003_0167" 9361
"/Engine/EngineMaterials/Substrate/Glints2/dict_0003_0166" 9362
"/Engine/EngineMaterials/Substrate/Glints2/dict_0003_0165" 9363
"/Engine/EngineMaterials/Substrate/Glints2/dict_0003_0164" 9364
"/Engine/EngineMaterials/Substrate/Glints2/dict_0003_0163" 9365
"/Engine/EngineMaterials/Substrate/Glints2/dict_0003_0162" 9366
"/Engine/EngineMaterials/Substrate/Glints2/dict_0003_0188" 9367
"../../../Engine/Content/EngineMaterials/Substrate/Glints2/dict_0003_0194.uasset" 9368
"../../../Engine/Content/EngineMaterials/Substrate/Glints2/dict_0003_0200.uasset" 9369
"../../../Engine/Content/EngineMaterials/Substrate/Glints2/dict_0003_0206.uasset" 9370
"../../../Engine/Content/EngineMaterials/Substrate/Glints2/dict_0003_0196.uasset" 9371
"../../../Engine/Content/EngineMaterials/Substrate/Glints2/dict_0003_0195.uasset" 9372
"../../../Engine/Content/EngineMaterials/Substrate/Glints2/dict_0003_0199.uasset" 9373
"../../../Engine/Content/EngineMaterials/Substrate/Glints2/dict_0003_0209.uasset" 9374
"../../../Engine/Content/EngineMaterials/Substrate/Glints2/dict_0003_0203.uasset" 9375
"../../../Engine/Content/EngineMaterials/Substrate/Glints2/dict_0003_0207.uasset" 9376
"../../../Engine/Content/EngineMaterials/Substrate/Glints2/dict_0003_0202.uasset" 9377
"../../../Engine/Content/EngineMaterials/Substrate/Glints2/dict_0003_0198.uasset" 9378
"../../../Engine/Content/EngineMaterials/Substrate/Glints2/dict_0003_0204.uasset" 9379
"../../../Engine/Content/EngineMaterials/Substrate/Glints2/dict_0003_0197.uasset" 9380
"../../../Engine/Content/EngineMaterials/Substrate/Glints2/dict_0003_0208.uasset" 9381
"../../../Engine/Content/EngineMaterials/Substrate/Glints2/dict_0003_0211.uasset" 9382
"../../../Engine/Content/EngineMaterials/Substrate/Glints2/dict_0003_0210.uasset" 9383
"../../../Engine/Content/EngineMaterials/Substrate/Glints2/dict_0003_0201.uasset" 9384
"../../../Engine/Content/EngineMaterials/Substrate/Glints2/dict_0003_0212.uasset" 9385
"../../../Engine/Content/EngineMaterials/Substrate/Glints2/dict_0003_0205.uasset" 9386
"../../../Engine/Content/EngineMaterials/Substrate/Glints2/dict_0003_0213.uasset" 9387
"../../../Engine/Content/EngineMaterials/Substrate/Glints2/dict_0003_0214.uasset" 9388
"/Engine/EngineMaterials/Substrate/Glints2/dict_0003_0193" 9389
"../../../Engine/Content/EngineMaterials/Substrate/Glints2/dict_0003_0215.uasset" 9390
"../../../Engine/Content/EngineMaterials/Substrate/Glints2/dict_0003_0216.uasset" 9391
"../../../Engine/Content/EngineMaterials/Substrate/Glints2/dict_0003_0217.uasset" 9392
"../../../Engine/Content/EngineMaterials/Substrate/Glints2/dict_0003_0219.uasset" 9393
"../../../Engine/Content/EngineMaterials/Substrate/Glints2/dict_0003_0218.uasset" 9394
"/Engine/EngineMaterials/Substrate/Glints2/dict_0003_0192" 9395
"/Engine/EngineMaterials/Substrate/Glints2/dict_0003_0191" 9396
"/Engine/EngineMaterials/Substrate/Glints2/dict_0003_0190" 9397
"/Engine/EngineMaterials/Substrate/Glints2/dict_0003_0189" 9398
"/Engine/EngineMaterials/Substrate/Glints2/dict_0003_0219" 9399
"../../../Engine/Content/EngineMaterials/Substrate/Glints2/dict_0003_0222.uasset" 9400
"../../../Engine/Content/EngineMaterials/Substrate/Glints2/dict_0003_0220.uasset" 9401
"../../../Engine/Content/EngineMaterials/Substrate/Glints2/dict_0003_0221.uasset" 9402
"../../../Engine/Content/EngineMaterials/Substrate/Glints2/dict_0003_0223.uasset" 9403
"../../../Engine/Content/EngineMaterials/Substrate/Glints2/dict_0003_0225.uasset" 9404
"../../../Engine/Content/EngineMaterials/Substrate/Glints2/dict_0003_0224.uasset" 9405
"/Engine/EngineMaterials/Substrate/Glints2/dict_0003_0218" 9406
"/Engine/EngineMaterials/Substrate/Glints2/dict_0003_0217" 9407
"/Engine/EngineMaterials/Substrate/Glints2/dict_0003_0216" 9408
"/Engine/EngineMaterials/Substrate/Glints2/dict_0003_0215" 9409
"/Engine/EngineMaterials/Substrate/Glints2/dict_0003_0214" 9410
"/Engine/EngineMaterials/Substrate/Glints2/dict_0003_0213" 9411
"/Engine/EngineMaterials/Substrate/Glints2/dict_0003_0212" 9412
"/Engine/EngineMaterials/Substrate/Glints2/dict_0003_0211" 9413
"/Engine/EngineMaterials/Substrate/Glints2/dict_0003_0210" 9414
"/Engine/EngineMaterials/Substrate/Glints2/dict_0003_0209" 9415
"/Engine/EngineMaterials/Substrate/Glints2/dict_0003_0208" 9416
"/Engine/EngineMaterials/Substrate/Glints2/dict_0003_0207" 9417
"/Engine/EngineMaterials/Substrate/Glints2/dict_0003_0206" 9418
"/Engine/EngineMaterials/Substrate/Glints2/dict_0003_0205" 9419
"/Engine/EngineMaterials/Substrate/Glints2/dict_0003_0204" 9420
"/Engine/EngineMaterials/Substrate/Glints2/dict_0003_0203" 9421
"/Engine/EngineMaterials/Substrate/Glints2/dict_0003_0202" 9422
"/Engine/EngineMaterials/Substrate/Glints2/dict_0003_0201" 9423
"/Engine/EngineMaterials/Substrate/Glints2/dict_0003_0200" 9424
"/Engine/EngineMaterials/Substrate/Glints2/dict_0003_0199" 9425
"/Engine/EngineMaterials/Substrate/Glints2/dict_0003_0198" 9426
"/Engine/EngineMaterials/Substrate/Glints2/dict_0003_0197" 9427
"/Engine/EngineMaterials/Substrate/Glints2/dict_0003_0196" 9428
"/Engine/EngineMaterials/Substrate/Glints2/dict_0003_0195" 9429
"/Engine/EngineMaterials/Substrate/Glints2/dict_0003_0194" 9430
"../../../Engine/Content/EngineMaterials/Substrate/Glints2/dict_0003_0226.uasset" 9431
"/Engine/EngineMaterials/Substrate/Glints2/dict_0003_0225" 9432
"../../../Engine/Content/EngineMaterials/Substrate/Glints2/dict_0003_0234.uasset" 9433
"../../../Engine/Content/EngineMaterials/Substrate/Glints2/dict_0003_0237.uasset" 9434
"../../../Engine/Content/EngineMaterials/Substrate/Glints2/dict_0003_0228.uasset" 9435
"../../../Engine/Content/EngineMaterials/Substrate/Glints2/dict_0003_0235.uasset" 9436
"../../../Engine/Content/EngineMaterials/Substrate/Glints2/dict_0003_0231.uasset" 9437
"../../../Engine/Content/EngineMaterials/Substrate/Glints2/dict_0003_0230.uasset" 9438
"../../../Engine/Content/EngineMaterials/Substrate/Glints2/dict_0003_0232.uasset" 9439
"../../../Engine/Content/EngineMaterials/Substrate/Glints2/dict_0003_0238.uasset" 9440
"../../../Engine/Content/EngineMaterials/Substrate/Glints2/dict_0003_0233.uasset" 9441
"../../../Engine/Content/EngineMaterials/Substrate/Glints2/dict_0003_0236.uasset" 9442
"../../../Engine/Content/EngineMaterials/Substrate/Glints2/dict_0003_0229.uasset" 9443
"../../../Engine/Content/EngineMaterials/Substrate/Glints2/dict_0003_0227.uasset" 9444
"../../../Engine/Content/EngineMaterials/Substrate/Glints2/dict_0003_0241.uasset" 9445
"../../../Engine/Content/EngineMaterials/Substrate/Glints2/dict_0003_0243.uasset" 9446
"../../../Engine/Content/EngineMaterials/Substrate/Glints2/dict_0003_0239.uasset" 9447
"/Engine/EngineMaterials/Substrate/Glints2/dict_0003_0224" 9448
"../../../Engine/Content/EngineMaterials/Substrate/Glints2/dict_0003_0244.uasset" 9449
"../../../Engine/Content/EngineMaterials/Substrate/Glints2/dict_0003_0240.uasset" 9450
"../../../Engine/Content/EngineMaterials/Substrate/Glints2/dict_0003_0245.uasset" 9451
"../../../Engine/Content/EngineMaterials/Substrate/Glints2/dict_0003_0246.uasset" 9452
"../../../Engine/Content/EngineMaterials/Substrate/Glints2/dict_0003_0242.uasset" 9453
"../../../Engine/Content/EngineMaterials/Substrate/Glints2/dict_0003_0249.uasset" 9454
"../../../Engine/Content/EngineMaterials/Substrate/Glints2/dict_0003_0247.uasset" 9455
"../../../Engine/Content/EngineMaterials/Substrate/Glints2/dict_0003_0250.uasset" 9456
"../../../Engine/Content/EngineMaterials/Substrate/Glints2/dict_0003_0248.uasset" 9457
"../../../Engine/Content/EngineMaterials/Substrate/Glints2/dict_0003_0251.uasset" 9458
"/Engine/EngineMaterials/Substrate/Glints2/dict_0003_0223" 9459
"/Engine/EngineMaterials/Substrate/Glints2/dict_0003_0222" 9460
"/Engine/EngineMaterials/Substrate/Glints2/dict_0003_0221" 9461
"/Engine/EngineMaterials/Substrate/Glints2/dict_0003_0220" 9462
"../../../Engine/Content/EngineMaterials/Substrate/Glints2/dict_0003_0252.uasset" 9463
"../../../Engine/Content/EngineMaterials/Substrate/Glints2/dict_0003_0254.uasset" 9464
"../../../Engine/Content/EngineMaterials/Substrate/Glints2/dict_0003_0253.uasset" 9465
"/Engine/EngineMaterials/Substrate/Glints2/dict_0003_0251" 9466
"../../../Engine/Content/EngineMaterials/Substrate/Glints2/dict_0004_0000.uasset" 9467
"../../../Engine/Content/EngineMaterials/Substrate/Glints2/dict_0004_0001.uasset" 9468
"../../../Engine/Content/EngineMaterials/Substrate/Glints2/dict_0003_0255.uasset" 9469
"/Engine/EngineMaterials/Substrate/Glints2/dict_0003_0250" 9470
"/Engine/EngineMaterials/Substrate/Glints2/dict_0003_0249" 9471
"/Engine/EngineMaterials/Substrate/Glints2/dict_0003_0248" 9472
"/Engine/EngineMaterials/Substrate/Glints2/dict_0003_0247" 9473
"/Engine/EngineMaterials/Substrate/Glints2/dict_0003_0246" 9474
"/Engine/EngineMaterials/Substrate/Glints2/dict_0003_0245" 9475
"/Engine/EngineMaterials/Substrate/Glints2/dict_0003_0244" 9476
"/Engine/EngineMaterials/Substrate/Glints2/dict_0003_0243" 9477
"/Engine/EngineMaterials/Substrate/Glints2/dict_0003_0242" 9478
"/Engine/EngineMaterials/Substrate/Glints2/dict_0003_0241" 9479
"/Engine/EngineMaterials/Substrate/Glints2/dict_0003_0240" 9480
"/Engine/EngineMaterials/Substrate/Glints2/dict_0003_0239" 9481
"/Engine/EngineMaterials/Substrate/Glints2/dict_0003_0238" 9482
"/Engine/EngineMaterials/Substrate/Glints2/dict_0003_0237" 9483
"/Engine/EngineMaterials/Substrate/Glints2/dict_0003_0236" 9484
"/Engine/EngineMaterials/Substrate/Glints2/dict_0003_0235" 9485
"/Engine/EngineMaterials/Substrate/Glints2/dict_0003_0234" 9486
"/Engine/EngineMaterials/Substrate/Glints2/dict_0003_0233" 9487
"/Engine/EngineMaterials/Substrate/Glints2/dict_0003_0232" 9488
"/Engine/EngineMaterials/Substrate/Glints2/dict_0003_0231" 9489
"/Engine/EngineMaterials/Substrate/Glints2/dict_0003_0230" 9490
"/Engine/EngineMaterials/Substrate/Glints2/dict_0003_0229" 9491
"/Engine/EngineMaterials/Substrate/Glints2/dict_0003_0228" 9492
"/Engine/EngineMaterials/Substrate/Glints2/dict_0003_0227" 9493
"/Engine/EngineMaterials/Substrate/Glints2/dict_0003_0226" 9494
"../../../Engine/Content/EngineMaterials/Substrate/Glints2/dict_0004_0002.uasset" 9495
"/Engine/EngineMaterials/Substrate/Glints2/dict_0004_0001" 9496
"../../../Engine/Content/EngineMaterials/Substrate/Glints2/dict_0004_0019.uasset" 9497
"../../../Engine/Content/EngineMaterials/Substrate/Glints2/dict_0004_0004.uasset" 9498
"../../../Engine/Content/EngineMaterials/Substrate/Glints2/dict_0004_0003.uasset" 9499
"../../../Engine/Content/EngineMaterials/Substrate/Glints2/dict_0004_0010.uasset" 9500
"../../../Engine/Content/EngineMaterials/Substrate/Glints2/dict_0004_0009.uasset" 9501
"../../../Engine/Content/EngineMaterials/Substrate/Glints2/dict_0004_0007.uasset" 9502
"../../../Engine/Content/EngineMaterials/Substrate/Glints2/dict_0004_0011.uasset" 9503
"../../../Engine/Content/EngineMaterials/Substrate/Glints2/dict_0004_0008.uasset" 9504
"../../../Engine/Content/EngineMaterials/Substrate/Glints2/dict_0004_0005.uasset" 9505
"../../../Engine/Content/EngineMaterials/Substrate/Glints2/dict_0004_0006.uasset" 9506
"../../../Engine/Content/EngineMaterials/Substrate/Glints2/dict_0004_0016.uasset" 9507
"../../../Engine/Content/EngineMaterials/Substrate/Glints2/dict_0004_0020.uasset" 9508
"../../../Engine/Content/EngineMaterials/Substrate/Glints2/dict_0004_0017.uasset" 9509
"../../../Engine/Content/EngineMaterials/Substrate/Glints2/dict_0004_0013.uasset" 9510
"../../../Engine/Content/EngineMaterials/Substrate/Glints2/dict_0004_0014.uasset" 9511
"../../../Engine/Content/EngineMaterials/Substrate/Glints2/dict_0004_0015.uasset" 9512
"../../../Engine/Content/EngineMaterials/Substrate/Glints2/dict_0004_0021.uasset" 9513
"/Engine/EngineMaterials/Substrate/Glints2/dict_0004_0000" 9514
"../../../Engine/Content/EngineMaterials/Substrate/Glints2/dict_0004_0022.uasset" 9515
"../../../Engine/Content/EngineMaterials/Substrate/Glints2/dict_0004_0018.uasset" 9516
"../../../Engine/Content/EngineMaterials/Substrate/Glints2/dict_0004_0012.uasset" 9517
"/Engine/EngineMaterials/Substrate/Glints2/dict_0003_0255" 9518
"../../../Engine/Content/EngineMaterials/Substrate/Glints2/dict_0004_0026.uasset" 9519
"../../../Engine/Content/EngineMaterials/Substrate/Glints2/dict_0004_0025.uasset" 9520
"../../../Engine/Content/EngineMaterials/Substrate/Glints2/dict_0004_0023.uasset" 9521
"../../../Engine/Content/EngineMaterials/Substrate/Glints2/dict_0004_0027.uasset" 9522
"../../../Engine/Content/EngineMaterials/Substrate/Glints2/dict_0004_0024.uasset" 9523
"/Engine/EngineMaterials/Substrate/Glints2/dict_0003_0254" 9524
"/Engine/EngineMaterials/Substrate/Glints2/dict_0003_0253" 9525
"/Engine/EngineMaterials/Substrate/Glints2/dict_0003_0252" 9526
"../../../Engine/Content/EngineMaterials/Substrate/Glints2/dict_0004_0030.uasset" 9527
"../../../Engine/Content/EngineMaterials/Substrate/Glints2/dict_0004_0028.uasset" 9528
"../../../Engine/Content/EngineMaterials/Substrate/Glints2/dict_0004_0029.uasset" 9529
"/Engine/EngineMaterials/Substrate/Glints2/dict_0004_0027" 9530
"../../../Engine/Content/EngineMaterials/Substrate/Glints2/dict_0004_0033.uasset" 9531
"../../../Engine/Content/EngineMaterials/Substrate/Glints2/dict_0004_0032.uasset" 9532
"../../../Engine/Content/EngineMaterials/Substrate/Glints2/dict_0004_0031.uasset" 9533
"/Engine/EngineMaterials/Substrate/Glints2/dict_0004_0026" 9534
"/Engine/EngineMaterials/Substrate/Glints2/dict_0004_0025" 9535
"/Engine/EngineMaterials/Substrate/Glints2/dict_0004_0024" 9536
"/Engine/EngineMaterials/Substrate/Glints2/dict_0004_0023" 9537
"/Engine/EngineMaterials/Substrate/Glints2/dict_0004_0022" 9538
"/Engine/EngineMaterials/Substrate/Glints2/dict_0004_0021" 9539
"/Engine/EngineMaterials/Substrate/Glints2/dict_0004_0020" 9540
"/Engine/EngineMaterials/Substrate/Glints2/dict_0004_0019" 9541
"/Engine/EngineMaterials/Substrate/Glints2/dict_0004_0018" 9542
"/Engine/EngineMaterials/Substrate/Glints2/dict_0004_0017" 9543
"/Engine/EngineMaterials/Substrate/Glints2/dict_0004_0016" 9544
"/Engine/EngineMaterials/Substrate/Glints2/dict_0004_0015" 9545
"/Engine/EngineMaterials/Substrate/Glints2/dict_0004_0014" 9546
"/Engine/EngineMaterials/Substrate/Glints2/dict_0004_0013" 9547
"/Engine/EngineMaterials/Substrate/Glints2/dict_0004_0012" 9548
"/Engine/EngineMaterials/Substrate/Glints2/dict_0004_0011" 9549
"/Engine/EngineMaterials/Substrate/Glints2/dict_0004_0010" 9550
"/Engine/EngineMaterials/Substrate/Glints2/dict_0004_0009" 9551
"/Engine/EngineMaterials/Substrate/Glints2/dict_0004_0008" 9552
"/Engine/EngineMaterials/Substrate/Glints2/dict_0004_0007" 9553
"/Engine/EngineMaterials/Substrate/Glints2/dict_0004_0006" 9554
"/Engine/EngineMaterials/Substrate/Glints2/dict_0004_0005" 9555
"/Engine/EngineMaterials/Substrate/Glints2/dict_0004_0004" 9556
"/Engine/EngineMaterials/Substrate/Glints2/dict_0004_0003" 9557
"/Engine/EngineMaterials/Substrate/Glints2/dict_0004_0002" 9558
"../../../Engine/Content/EngineMaterials/Substrate/Glints2/dict_0004_0034.uasset" 9559
"/Engine/EngineMaterials/Substrate/Glints2/dict_0004_0033" 9560
"../../../Engine/Content/EngineMaterials/Substrate/Glints2/dict_0004_0036.uasset" 9561
"../../../Engine/Content/EngineMaterials/Substrate/Glints2/dict_0004_0038.uasset" 9562
"../../../Engine/Content/EngineMaterials/Substrate/Glints2/dict_0004_0039.uasset" 9563
"../../../Engine/Content/EngineMaterials/Substrate/Glints2/dict_0004_0042.uasset" 9564
"../../../Engine/Content/EngineMaterials/Substrate/Glints2/dict_0004_0041.uasset" 9565
"../../../Engine/Content/EngineMaterials/Substrate/Glints2/dict_0004_0037.uasset" 9566
"../../../Engine/Content/EngineMaterials/Substrate/Glints2/dict_0004_0035.uasset" 9567
"../../../Engine/Content/EngineMaterials/Substrate/Glints2/dict_0004_0051.uasset" 9568
"../../../Engine/Content/EngineMaterials/Substrate/Glints2/dict_0004_0044.uasset" 9569
"../../../Engine/Content/EngineMaterials/Substrate/Glints2/dict_0004_0040.uasset" 9570
"../../../Engine/Content/EngineMaterials/Substrate/Glints2/dict_0004_0045.uasset" 9571
"../../../Engine/Content/EngineMaterials/Substrate/Glints2/dict_0004_0050.uasset" 9572
"../../../Engine/Content/EngineMaterials/Substrate/Glints2/dict_0004_0052.uasset" 9573
"../../../Engine/Content/EngineMaterials/Substrate/Glints2/dict_0004_0043.uasset" 9574
"../../../Engine/Content/EngineMaterials/Substrate/Glints2/dict_0004_0048.uasset" 9575
"../../../Engine/Content/EngineMaterials/Substrate/Glints2/dict_0004_0049.uasset" 9576
"../../../Engine/Content/EngineMaterials/Substrate/Glints2/dict_0004_0053.uasset" 9577
"../../../Engine/Content/EngineMaterials/Substrate/Glints2/dict_0004_0046.uasset" 9578
"../../../Engine/Content/EngineMaterials/Substrate/Glints2/dict_0004_0054.uasset" 9579
"../../../Engine/Content/EngineMaterials/Substrate/Glints2/dict_0004_0047.uasset" 9580
"/Engine/EngineMaterials/Substrate/Glints2/dict_0004_0032" 9581
"../../../Engine/Content/EngineMaterials/Substrate/Glints2/dict_0004_0057.uasset" 9582
"../../../Engine/Content/EngineMaterials/Substrate/Glints2/dict_0004_0056.uasset" 9583
"../../../Engine/Content/EngineMaterials/Substrate/Glints2/dict_0004_0058.uasset" 9584
"../../../Engine/Content/EngineMaterials/Substrate/Glints2/dict_0004_0055.uasset" 9585
"../../../Engine/Content/EngineMaterials/Substrate/Glints2/dict_0004_0059.uasset" 9586
"/Engine/EngineMaterials/Substrate/Glints2/dict_0004_0031" 9587
"/Engine/EngineMaterials/Substrate/Glints2/dict_0004_0030" 9588
"/Engine/EngineMaterials/Substrate/Glints2/dict_0004_0029" 9589
"/Engine/EngineMaterials/Substrate/Glints2/dict_0004_0028" 9590
"../../../Engine/Content/EngineMaterials/Substrate/Glints2/dict_0004_0062.uasset" 9591
"/Engine/EngineMaterials/Substrate/Glints2/dict_0004_0059" 9592
"../../../Engine/Content/EngineMaterials/Substrate/Glints2/dict_0004_0060.uasset" 9593
"../../../Engine/Content/EngineMaterials/Substrate/Glints2/dict_0004_0061.uasset" 9594
"../../../Engine/Content/EngineMaterials/Substrate/Glints2/dict_0004_0065.uasset" 9595
"../../../Engine/Content/EngineMaterials/Substrate/Glints2/dict_0004_0063.uasset" 9596
"../../../Engine/Content/EngineMaterials/Substrate/Glints2/dict_0004_0064.uasset" 9597
"/Engine/EngineMaterials/Substrate/Glints2/dict_0004_0058" 9598
"/Engine/EngineMaterials/Substrate/Glints2/dict_0004_0057" 9599
"/Engine/EngineMaterials/Substrate/Glints2/dict_0004_0056" 9600
"/Engine/EngineMaterials/Substrate/Glints2/dict_0004_0055" 9601
"/Engine/EngineMaterials/Substrate/Glints2/dict_0004_0054" 9602
"/Engine/EngineMaterials/Substrate/Glints2/dict_0004_0053" 9603
"/Engine/EngineMaterials/Substrate/Glints2/dict_0004_0052" 9604
"/Engine/EngineMaterials/Substrate/Glints2/dict_0004_0051" 9605
"/Engine/EngineMaterials/Substrate/Glints2/dict_0004_0050" 9606
"/Engine/EngineMaterials/Substrate/Glints2/dict_0004_0049" 9607
"/Engine/EngineMaterials/Substrate/Glints2/dict_0004_0048" 9608
"/Engine/EngineMaterials/Substrate/Glints2/dict_0004_0047" 9609
"/Engine/EngineMaterials/Substrate/Glints2/dict_0004_0046" 9610
"/Engine/EngineMaterials/Substrate/Glints2/dict_0004_0045" 9611
"/Engine/EngineMaterials/Substrate/Glints2/dict_0004_0044" 9612
"/Engine/EngineMaterials/Substrate/Glints2/dict_0004_0043" 9613
"/Engine/EngineMaterials/Substrate/Glints2/dict_0004_0042" 9614
"/Engine/EngineMaterials/Substrate/Glints2/dict_0004_0041" 9615
"/Engine/EngineMaterials/Substrate/Glints2/dict_0004_0040" 9616
"/Engine/EngineMaterials/Substrate/Glints2/dict_0004_0039" 9617
"/Engine/EngineMaterials/Substrate/Glints2/dict_0004_0038" 9618
"/Engine/EngineMaterials/Substrate/Glints2/dict_0004_0037" 9619
"/Engine/EngineMaterials/Substrate/Glints2/dict_0004_0036" 9620
"/Engine/EngineMaterials/Substrate/Glints2/dict_0004_0035" 9621
"/Engine/EngineMaterials/Substrate/Glints2/dict_0004_0034" 9622
"../../../Engine/Content/EngineMaterials/Substrate/Glints2/dict_0004_0066.uasset" 9623
"/Engine/EngineMaterials/Substrate/Glints2/dict_0004_0065" 9624
"../../../Engine/Content/EngineMaterials/Substrate/Glints2/dict_0004_0073.uasset" 9625
"../../../Engine/Content/EngineMaterials/Substrate/Glints2/dict_0004_0071.uasset" 9626
"../../../Engine/Content/EngineMaterials/Substrate/Glints2/dict_0004_0070.uasset" 9627
"../../../Engine/Content/EngineMaterials/Substrate/Glints2/dict_0004_0074.uasset" 9628
"../../../Engine/Content/EngineMaterials/Substrate/Glints2/dict_0004_0068.uasset" 9629
"../../../Engine/Content/EngineMaterials/Substrate/Glints2/dict_0004_0069.uasset" 9630
"../../../Engine/Content/EngineMaterials/Substrate/Glints2/dict_0004_0067.uasset" 9631
"../../../Engine/Content/EngineMaterials/Substrate/Glints2/dict_0004_0083.uasset" 9632
"../../../Engine/Content/EngineMaterials/Substrate/Glints2/dict_0004_0075.uasset" 9633
"../../../Engine/Content/EngineMaterials/Substrate/Glints2/dict_0004_0076.uasset" 9634
"../../../Engine/Content/EngineMaterials/Substrate/Glints2/dict_0004_0072.uasset" 9635
"../../../Engine/Content/EngineMaterials/Substrate/Glints2/dict_0004_0079.uasset" 9636
"../../../Engine/Content/EngineMaterials/Substrate/Glints2/dict_0004_0078.uasset" 9637
"../../../Engine/Content/EngineMaterials/Substrate/Glints2/dict_0004_0080.uasset" 9638
"../../../Engine/Content/EngineMaterials/Substrate/Glints2/dict_0004_0084.uasset" 9639
"../../../Engine/Content/EngineMaterials/Substrate/Glints2/dict_0004_0086.uasset" 9640
"/Engine/EngineMaterials/Substrate/Glints2/dict_0004_0064" 9641
"../../../Engine/Content/EngineMaterials/Substrate/Glints2/dict_0004_0085.uasset" 9642
"../../../Engine/Content/EngineMaterials/Substrate/Glints2/dict_0004_0082.uasset" 9643
"../../../Engine/Content/EngineMaterials/Substrate/Glints2/dict_0004_0077.uasset" 9644
"../../../Engine/Content/EngineMaterials/Substrate/Glints2/dict_0004_0081.uasset" 9645
"../../../Engine/Content/EngineMaterials/Substrate/Glints2/dict_0004_0087.uasset" 9646
"../../../Engine/Content/EngineMaterials/Substrate/Glints2/dict_0004_0089.uasset" 9647
"../../../Engine/Content/EngineMaterials/Substrate/Glints2/dict_0004_0090.uasset" 9648
"../../../Engine/Content/EngineMaterials/Substrate/Glints2/dict_0004_0088.uasset" 9649
"../../../Engine/Content/EngineMaterials/Substrate/Glints2/dict_0004_0091.uasset" 9650
"/Engine/EngineMaterials/Substrate/Glints2/dict_0004_0063" 9651
"/Engine/EngineMaterials/Substrate/Glints2/dict_0004_0062" 9652
"/Engine/EngineMaterials/Substrate/Glints2/dict_0004_0061" 9653
"/Engine/EngineMaterials/Substrate/Glints2/dict_0004_0060" 9654
"../../../Engine/Content/EngineMaterials/Substrate/Glints2/dict_0004_0092.uasset" 9655
"../../../Engine/Content/EngineMaterials/Substrate/Glints2/dict_0004_0094.uasset" 9656
"../../../Engine/Content/EngineMaterials/Substrate/Glints2/dict_0004_0093.uasset" 9657
"/Engine/EngineMaterials/Substrate/Glints2/dict_0004_0091" 9658
"../../../Engine/Content/EngineMaterials/Substrate/Glints2/dict_0004_0097.uasset" 9659
"../../../Engine/Content/EngineMaterials/Substrate/Glints2/dict_0004_0095.uasset" 9660
"../../../Engine/Content/EngineMaterials/Substrate/Glints2/dict_0004_0096.uasset" 9661
"/Engine/EngineMaterials/Substrate/Glints2/dict_0004_0090" 9662
"/Engine/EngineMaterials/Substrate/Glints2/dict_0004_0089" 9663
"/Engine/EngineMaterials/Substrate/Glints2/dict_0004_0088" 9664
"/Engine/EngineMaterials/Substrate/Glints2/dict_0004_0087" 9665
"/Engine/EngineMaterials/Substrate/Glints2/dict_0004_0086" 9666
"/Engine/EngineMaterials/Substrate/Glints2/dict_0004_0085" 9667
"/Engine/EngineMaterials/Substrate/Glints2/dict_0004_0084" 9668
"/Engine/EngineMaterials/Substrate/Glints2/dict_0004_0083" 9669
"/Engine/EngineMaterials/Substrate/Glints2/dict_0004_0082" 9670
"/Engine/EngineMaterials/Substrate/Glints2/dict_0004_0081" 9671
"/Engine/EngineMaterials/Substrate/Glints2/dict_0004_0080" 9672
"/Engine/EngineMaterials/Substrate/Glints2/dict_0004_0079" 9673
"/Engine/EngineMaterials/Substrate/Glints2/dict_0004_0078" 9674
"/Engine/EngineMaterials/Substrate/Glints2/dict_0004_0077" 9675
"/Engine/EngineMaterials/Substrate/Glints2/dict_0004_0076" 9676
"/Engine/EngineMaterials/Substrate/Glints2/dict_0004_0075" 9677
"/Engine/EngineMaterials/Substrate/Glints2/dict_0004_0074" 9678
"/Engine/EngineMaterials/Substrate/Glints2/dict_0004_0073" 9679
"/Engine/EngineMaterials/Substrate/Glints2/dict_0004_0072" 9680
"/Engine/EngineMaterials/Substrate/Glints2/dict_0004_0071" 9681
"/Engine/EngineMaterials/Substrate/Glints2/dict_0004_0070" 9682
"/Engine/EngineMaterials/Substrate/Glints2/dict_0004_0069" 9683
"/Engine/EngineMaterials/Substrate/Glints2/dict_0004_0068" 9684
"/Engine/EngineMaterials/Substrate/Glints2/dict_0004_0067" 9685
"/Engine/EngineMaterials/Substrate/Glints2/dict_0004_0066" 9686
"/Engine/EngineMaterials/Substrate/Glints2/dict_0004_0097" 9687
"../../../Engine/Content/EngineMaterials/Substrate/Glints2/dict_0004_0098.uasset" 9688
"../../../Engine/Content/EngineMaterials/Substrate/Glints2/dict_0004_0102.uasset" 9689
"../../../Engine/Content/EngineMaterials/Substrate/Glints2/dict_0004_0106.uasset" 9690
"../../../Engine/Content/EngineMaterials/Substrate/Glints2/dict_0004_0109.uasset" 9691
"../../../Engine/Content/EngineMaterials/Substrate/Glints2/dict_0004_0107.uasset" 9692
"../../../Engine/Content/EngineMaterials/Substrate/Glints2/dict_0004_0103.uasset" 9693
"../../../Engine/Content/EngineMaterials/Substrate/Glints2/dict_0004_0108.uasset" 9694
"../../../Engine/Content/EngineMaterials/Substrate/Glints2/dict_0004_0101.uasset" 9695
"../../../Engine/Content/EngineMaterials/Substrate/Glints2/dict_0004_0112.uasset" 9696
"../../../Engine/Content/EngineMaterials/Substrate/Glints2/dict_0004_0110.uasset" 9697
"../../../Engine/Content/EngineMaterials/Substrate/Glints2/dict_0004_0099.uasset" 9698
"/Engine/EngineMaterials/Substrate/Glints2/dict_0004_0096" 9699
"../../../Engine/Content/EngineMaterials/Substrate/Glints2/dict_0004_0111.uasset" 9700
"../../../Engine/Content/EngineMaterials/Substrate/Glints2/dict_0004_0105.uasset" 9701
"../../../Engine/Content/EngineMaterials/Substrate/Glints2/dict_0004_0100.uasset" 9702
"../../../Engine/Content/EngineMaterials/Substrate/Glints2/dict_0004_0114.uasset" 9703
"../../../Engine/Content/EngineMaterials/Substrate/Glints2/dict_0004_0115.uasset" 9704
"../../../Engine/Content/EngineMaterials/Substrate/Glints2/dict_0004_0104.uasset" 9705
"../../../Engine/Content/EngineMaterials/Substrate/Glints2/dict_0004_0113.uasset" 9706
"../../../Engine/Content/EngineMaterials/Substrate/Glints2/dict_0004_0118.uasset" 9707
"/Engine/EngineMaterials/Substrate/Glints2/dict_0004_0095" 9708
"../../../Engine/Content/EngineMaterials/Substrate/Glints2/dict_0004_0116.uasset" 9709
"../../../Engine/Content/EngineMaterials/Substrate/Glints2/dict_0004_0117.uasset" 9710
"../../../Engine/Content/EngineMaterials/Substrate/Glints2/dict_0004_0122.uasset" 9711
"../../../Engine/Content/EngineMaterials/Substrate/Glints2/dict_0004_0121.uasset" 9712
"../../../Engine/Content/EngineMaterials/Substrate/Glints2/dict_0004_0120.uasset" 9713
"../../../Engine/Content/EngineMaterials/Substrate/Glints2/dict_0004_0119.uasset" 9714
"../../../Engine/Content/EngineMaterials/Substrate/Glints2/dict_0004_0123.uasset" 9715
"/Engine/EngineMaterials/Substrate/Glints2/dict_0004_0094" 9716
"/Engine/EngineMaterials/Substrate/Glints2/dict_0004_0093" 9717
"/Engine/EngineMaterials/Substrate/Glints2/dict_0004_0092" 9718
"../../../Engine/Content/EngineMaterials/Substrate/Glints2/dict_0004_0124.uasset" 9719
"../../../Engine/Content/EngineMaterials/Substrate/Glints2/dict_0004_0126.uasset" 9720
"/Engine/EngineMaterials/Substrate/Glints2/dict_0004_0123" 9721
"../../../Engine/Content/EngineMaterials/Substrate/Glints2/dict_0004_0125.uasset" 9722
"../../../Engine/Content/EngineMaterials/Substrate/Glints2/dict_0004_0128.uasset" 9723
"../../../Engine/Content/EngineMaterials/Substrate/Glints2/dict_0004_0129.uasset" 9724
"../../../Engine/Content/EngineMaterials/Substrate/Glints2/dict_0004_0127.uasset" 9725
"/Engine/EngineMaterials/Substrate/Glints2/dict_0004_0122" 9726
"/Engine/EngineMaterials/Substrate/Glints2/dict_0004_0121" 9727
"/Engine/EngineMaterials/Substrate/Glints2/dict_0004_0120" 9728
"/Engine/EngineMaterials/Substrate/Glints2/dict_0004_0119" 9729
"/Engine/EngineMaterials/Substrate/Glints2/dict_0004_0118" 9730
"/Engine/EngineMaterials/Substrate/Glints2/dict_0004_0117" 9731
"/Engine/EngineMaterials/Substrate/Glints2/dict_0004_0116" 9732
"/Engine/EngineMaterials/Substrate/Glints2/dict_0004_0115" 9733
"/Engine/EngineMaterials/Substrate/Glints2/dict_0004_0114" 9734
"/Engine/EngineMaterials/Substrate/Glints2/dict_0004_0113" 9735
"/Engine/EngineMaterials/Substrate/Glints2/dict_0004_0112" 9736
"/Engine/EngineMaterials/Substrate/Glints2/dict_0004_0111" 9737
"/Engine/EngineMaterials/Substrate/Glints2/dict_0004_0110" 9738
"/Engine/EngineMaterials/Substrate/Glints2/dict_0004_0109" 9739
"/Engine/EngineMaterials/Substrate/Glints2/dict_0004_0108" 9740
"/Engine/EngineMaterials/Substrate/Glints2/dict_0004_0107" 9741
"/Engine/EngineMaterials/Substrate/Glints2/dict_0004_0106" 9742
"/Engine/EngineMaterials/Substrate/Glints2/dict_0004_0105" 9743
"/Engine/EngineMaterials/Substrate/Glints2/dict_0004_0104" 9744
"/Engine/EngineMaterials/Substrate/Glints2/dict_0004_0103" 9745
"/Engine/EngineMaterials/Substrate/Glints2/dict_0004_0102" 9746
"/Engine/EngineMaterials/Substrate/Glints2/dict_0004_0101" 9747
"/Engine/EngineMaterials/Substrate/Glints2/dict_0004_0100" 9748
"/Engine/EngineMaterials/Substrate/Glints2/dict_0004_0099" 9749
"/Engine/EngineMaterials/Substrate/Glints2/dict_0004_0098" 9750
"/Engine/EngineMaterials/Substrate/Glints2/dict_0004_0129" 9751
"../../../Engine/Content/EngineMaterials/Substrate/Glints2/dict_0004_0130.uasset" 9752
"../../../Engine/Content/EngineMaterials/Substrate/Glints2/dict_0004_0142.uasset" 9753
"../../../Engine/Content/EngineMaterials/Substrate/Glints2/dict_0004_0139.uasset" 9754
"/Engine/EngineMaterials/Substrate/Glints2/dict_0004_0128" 9755
"../../../Engine/Content/EngineMaterials/Substrate/Glints2/dict_0004_0133.uasset" 9756
"../../../Engine/Content/EngineMaterials/Substrate/Glints2/dict_0004_0134.uasset" 9757
"../../../Engine/Content/EngineMaterials/Substrate/Glints2/dict_0004_0137.uasset" 9758
"../../../Engine/Content/EngineMaterials/Substrate/Glints2/dict_0004_0132.uasset" 9759
"../../../Engine/Content/EngineMaterials/Substrate/Glints2/dict_0004_0135.uasset" 9760
"../../../Engine/Content/EngineMaterials/Substrate/Glints2/dict_0004_0138.uasset" 9761
"../../../Engine/Content/EngineMaterials/Substrate/Glints2/dict_0004_0136.uasset" 9762
"../../../Engine/Content/EngineMaterials/Substrate/Glints2/dict_0004_0141.uasset" 9763
"../../../Engine/Content/EngineMaterials/Substrate/Glints2/dict_0004_0147.uasset" 9764
"/Engine/EngineMaterials/Substrate/Glints2/dict_0004_0127" 9765
"../../../Engine/Content/EngineMaterials/Substrate/Glints2/dict_0004_0131.uasset" 9766
"../../../Engine/Content/EngineMaterials/Substrate/Glints2/dict_0004_0148.uasset" 9767
"../../../Engine/Content/EngineMaterials/Substrate/Glints2/dict_0004_0145.uasset" 9768
"../../../Engine/Content/EngineMaterials/Substrate/Glints2/dict_0004_0143.uasset" 9769
"../../../Engine/Content/EngineMaterials/Substrate/Glints2/dict_0004_0146.uasset" 9770
"../../../Engine/Content/EngineMaterials/Substrate/Glints2/dict_0004_0149.uasset" 9771
"../../../Engine/Content/EngineMaterials/Substrate/Glints2/dict_0004_0144.uasset" 9772
"../../../Engine/Content/EngineMaterials/Substrate/Glints2/dict_0004_0152.uasset" 9773
"../../../Engine/Content/EngineMaterials/Substrate/Glints2/dict_0004_0151.uasset" 9774
"/Engine/EngineMaterials/Substrate/Glints2/dict_0004_0126" 9775
"../../../Engine/Content/EngineMaterials/Substrate/Glints2/dict_0004_0154.uasset" 9776
"../../../Engine/Content/EngineMaterials/Substrate/Glints2/dict_0004_0150.uasset" 9777
"../../../Engine/Content/EngineMaterials/Substrate/Glints2/dict_0004_0140.uasset" 9778
"../../../Engine/Content/EngineMaterials/Substrate/Glints2/dict_0004_0153.uasset" 9779
"../../../Engine/Content/EngineMaterials/Substrate/Glints2/dict_0004_0155.uasset" 9780
"/Engine/EngineMaterials/Substrate/Glints2/dict_0004_0125" 9781
"/Engine/EngineMaterials/Substrate/Glints2/dict_0004_0124" 9782
"../../../Engine/Content/EngineMaterials/Substrate/Glints2/dict_0004_0158.uasset" 9783
"../../../Engine/Content/EngineMaterials/Substrate/Glints2/dict_0004_0157.uasset" 9784
"../../../Engine/Content/EngineMaterials/Substrate/Glints2/dict_0004_0156.uasset" 9785
"/Engine/EngineMaterials/Substrate/Glints2/dict_0004_0155" 9786
"../../../Engine/Content/EngineMaterials/Substrate/Glints2/dict_0004_0159.uasset" 9787
"../../../Engine/Content/EngineMaterials/Substrate/Glints2/dict_0004_0160.uasset" 9788
"../../../Engine/Content/EngineMaterials/Substrate/Glints2/dict_0004_0161.uasset" 9789
"/Engine/EngineMaterials/Substrate/Glints2/dict_0004_0154" 9790
"/Engine/EngineMaterials/Substrate/Glints2/dict_0004_0153" 9791
"/Engine/EngineMaterials/Substrate/Glints2/dict_0004_0152" 9792
"/Engine/EngineMaterials/Substrate/Glints2/dict_0004_0151" 9793
"/Engine/EngineMaterials/Substrate/Glints2/dict_0004_0150" 9794
"/Engine/EngineMaterials/Substrate/Glints2/dict_0004_0149" 9795
"/Engine/EngineMaterials/Substrate/Glints2/dict_0004_0148" 9796
"/Engine/EngineMaterials/Substrate/Glints2/dict_0004_0147" 9797
"/Engine/EngineMaterials/Substrate/Glints2/dict_0004_0146" 9798
"/Engine/EngineMaterials/Substrate/Glints2/dict_0004_0145" 9799
"/Engine/EngineMaterials/Substrate/Glints2/dict_0004_0144" 9800
"/Engine/EngineMaterials/Substrate/Glints2/dict_0004_0143" 9801
"/Engine/EngineMaterials/Substrate/Glints2/dict_0004_0142" 9802
"/Engine/EngineMaterials/Substrate/Glints2/dict_0004_0141" 9803
"/Engine/EngineMaterials/Substrate/Glints2/dict_0004_0140" 9804
"/Engine/EngineMaterials/Substrate/Glints2/dict_0004_0139" 9805
"/Engine/EngineMaterials/Substrate/Glints2/dict_0004_0138" 9806
"/Engine/EngineMaterials/Substrate/Glints2/dict_0004_0137" 9807
"/Engine/EngineMaterials/Substrate/Glints2/dict_0004_0136" 9808
"/Engine/EngineMaterials/Substrate/Glints2/dict_0004_0135" 9809
"/Engine/EngineMaterials/Substrate/Glints2/dict_0004_0134" 9810
"/Engine/EngineMaterials/Substrate/Glints2/dict_0004_0133" 9811
"/Engine/EngineMaterials/Substrate/Glints2/dict_0004_0132" 9812
"/Engine/EngineMaterials/Substrate/Glints2/dict_0004_0131" 9813
"/Engine/EngineMaterials/Substrate/Glints2/dict_0004_0130" 9814
"../../../Engine/Content/EngineMaterials/Substrate/Glints2/dict_0004_0162.uasset" 9815
"/Engine/EngineMaterials/Substrate/Glints2/dict_0004_0161" 9816
"../../../Engine/Content/EngineMaterials/Substrate/Glints2/dict_0004_0172.uasset" 9817
"../../../Engine/Content/EngineMaterials/Substrate/Glints2/dict_0004_0171.uasset" 9818
"../../../Engine/Content/EngineMaterials/Substrate/Glints2/dict_0004_0163.uasset" 9819
"../../../Engine/Content/EngineMaterials/Substrate/Glints2/dict_0004_0170.uasset" 9820
"../../../Engine/Content/EngineMaterials/Substrate/Glints2/dict_0004_0165.uasset" 9821
"../../../Engine/Content/EngineMaterials/Substrate/Glints2/dict_0004_0167.uasset" 9822
"../../../Engine/Content/EngineMaterials/Substrate/Glints2/dict_0004_0169.uasset" 9823
"../../../Engine/Content/EngineMaterials/Substrate/Glints2/dict_0004_0180.uasset" 9824
"../../../Engine/Content/EngineMaterials/Substrate/Glints2/dict_0004_0179.uasset" 9825
"/Engine/EngineMaterials/Substrate/Glints2/dict_0004_0160" 9826
"../../../Engine/Content/EngineMaterials/Substrate/Glints2/dict_0004_0166.uasset" 9827
"../../../Engine/Content/EngineMaterials/Substrate/Glints2/dict_0004_0164.uasset" 9828
"../../../Engine/Content/EngineMaterials/Substrate/Glints2/dict_0004_0174.uasset" 9829
"../../../Engine/Content/EngineMaterials/Substrate/Glints2/dict_0004_0176.uasset" 9830
"../../../Engine/Content/EngineMaterials/Substrate/Glints2/dict_0004_0173.uasset" 9831
"../../../Engine/Content/EngineMaterials/Substrate/Glints2/dict_0004_0182.uasset" 9832
"../../../Engine/Content/EngineMaterials/Substrate/Glints2/dict_0004_0175.uasset" 9833
"../../../Engine/Content/EngineMaterials/Substrate/Glints2/dict_0004_0181.uasset" 9834
"../../../Engine/Content/EngineMaterials/Substrate/Glints2/dict_0004_0177.uasset" 9835
"../../../Engine/Content/EngineMaterials/Substrate/Glints2/dict_0004_0168.uasset" 9836
"../../../Engine/Content/EngineMaterials/Substrate/Glints2/dict_0004_0178.uasset" 9837
"/Engine/EngineMaterials/Substrate/Glints2/dict_0004_0159" 9838
"../../../Engine/Content/EngineMaterials/Substrate/Glints2/dict_0004_0183.uasset" 9839
"../../../Engine/Content/EngineMaterials/Substrate/Glints2/dict_0004_0185.uasset" 9840
"../../../Engine/Content/EngineMaterials/Substrate/Glints2/dict_0004_0184.uasset" 9841
"../../../Engine/Content/EngineMaterials/Substrate/Glints2/dict_0004_0186.uasset" 9842
"../../../Engine/Content/EngineMaterials/Substrate/Glints2/dict_0004_0187.uasset" 9843
"/Engine/EngineMaterials/Substrate/Glints2/dict_0004_0158" 9844
"/Engine/EngineMaterials/Substrate/Glints2/dict_0004_0157" 9845
"/Engine/EngineMaterials/Substrate/Glints2/dict_0004_0156" 9846
"../../../Engine/Content/EngineMaterials/Substrate/Glints2/dict_0004_0189.uasset" 9847
"../../../Engine/Content/EngineMaterials/Substrate/Glints2/dict_0004_0188.uasset" 9848
"../../../Engine/Content/EngineMaterials/Substrate/Glints2/dict_0004_0190.uasset" 9849
"/Engine/EngineMaterials/Substrate/Glints2/dict_0004_0187" 9850
"../../../Engine/Content/EngineMaterials/Substrate/Glints2/dict_0004_0192.uasset" 9851
"../../../Engine/Content/EngineMaterials/Substrate/Glints2/dict_0004_0191.uasset" 9852
"../../../Engine/Content/EngineMaterials/Substrate/Glints2/dict_0004_0193.uasset" 9853
"/Engine/EngineMaterials/Substrate/Glints2/dict_0004_0186" 9854
"/Engine/EngineMaterials/Substrate/Glints2/dict_0004_0185" 9855
"/Engine/EngineMaterials/Substrate/Glints2/dict_0004_0184" 9856
"/Engine/EngineMaterials/Substrate/Glints2/dict_0004_0183" 9857
"/Engine/EngineMaterials/Substrate/Glints2/dict_0004_0182" 9858
"/Engine/EngineMaterials/Substrate/Glints2/dict_0004_0181" 9859
"/Engine/EngineMaterials/Substrate/Glints2/dict_0004_0180" 9860
"/Engine/EngineMaterials/Substrate/Glints2/dict_0004_0179" 9861
"/Engine/EngineMaterials/Substrate/Glints2/dict_0004_0178" 9862
"/Engine/EngineMaterials/Substrate/Glints2/dict_0004_0177" 9863
"/Engine/EngineMaterials/Substrate/Glints2/dict_0004_0176" 9864
"/Engine/EngineMaterials/Substrate/Glints2/dict_0004_0175" 9865
"/Engine/EngineMaterials/Substrate/Glints2/dict_0004_0174" 9866
"/Engine/EngineMaterials/Substrate/Glints2/dict_0004_0173" 9867
"/Engine/EngineMaterials/Substrate/Glints2/dict_0004_0172" 9868
"/Engine/EngineMaterials/Substrate/Glints2/dict_0004_0171" 9869
"/Engine/EngineMaterials/Substrate/Glints2/dict_0004_0170" 9870
"/Engine/EngineMaterials/Substrate/Glints2/dict_0004_0169" 9871
"/Engine/EngineMaterials/Substrate/Glints2/dict_0004_0168" 9872
"/Engine/EngineMaterials/Substrate/Glints2/dict_0004_0167" 9873
"/Engine/EngineMaterials/Substrate/Glints2/dict_0004_0166" 9874
"/Engine/EngineMaterials/Substrate/Glints2/dict_0004_0165" 9875
"/Engine/EngineMaterials/Substrate/Glints2/dict_0004_0164" 9876
"/Engine/EngineMaterials/Substrate/Glints2/dict_0004_0163" 9877
"/Engine/EngineMaterials/Substrate/Glints2/dict_0004_0162" 9878
"/Engine/EngineMaterials/Substrate/Glints2/dict_0004_0193" 9879
"../../../Engine/Content/EngineMaterials/Substrate/Glints2/dict_0004_0194.uasset" 9880
"../../../Engine/Content/EngineMaterials/Substrate/Glints2/dict_0004_0200.uasset" 9881
"../../../Engine/Content/EngineMaterials/Substrate/Glints2/dict_0004_0198.uasset" 9882
"../../../Engine/Content/EngineMaterials/Substrate/Glints2/dict_0004_0202.uasset" 9883
"../../../Engine/Content/EngineMaterials/Substrate/Glints2/dict_0004_0195.uasset" 9884
"../../../Engine/Content/EngineMaterials/Substrate/Glints2/dict_0004_0199.uasset" 9885
"../../../Engine/Content/EngineMaterials/Substrate/Glints2/dict_0004_0197.uasset" 9886
"/Engine/EngineMaterials/Substrate/Glints2/dict_0004_0192" 9887
"../../../Engine/Content/EngineMaterials/Substrate/Glints2/dict_0004_0203.uasset" 9888
"../../../Engine/Content/EngineMaterials/Substrate/Glints2/dict_0004_0204.uasset" 9889
"../../../Engine/Content/EngineMaterials/Substrate/Glints2/dict_0004_0201.uasset" 9890
"../../../Engine/Content/EngineMaterials/Substrate/Glints2/dict_0004_0196.uasset" 9891
"../../../Engine/Content/EngineMaterials/Substrate/Glints2/dict_0004_0206.uasset" 9892
"../../../Engine/Content/EngineMaterials/Substrate/Glints2/dict_0004_0211.uasset" 9893
"../../../Engine/Content/EngineMaterials/Substrate/Glints2/dict_0004_0209.uasset" 9894
"../../../Engine/Content/EngineMaterials/Substrate/Glints2/dict_0004_0207.uasset" 9895
"../../../Engine/Content/EngineMaterials/Substrate/Glints2/dict_0004_0213.uasset" 9896
"../../../Engine/Content/EngineMaterials/Substrate/Glints2/dict_0004_0205.uasset" 9897
"../../../Engine/Content/EngineMaterials/Substrate/Glints2/dict_0004_0208.uasset" 9898
"../../../Engine/Content/EngineMaterials/Substrate/Glints2/dict_0004_0210.uasset" 9899
"../../../Engine/Content/EngineMaterials/Substrate/Glints2/dict_0004_0214.uasset" 9900
"/Engine/EngineMaterials/Substrate/Glints2/dict_0004_0191" 9901
"../../../Engine/Content/EngineMaterials/Substrate/Glints2/dict_0004_0212.uasset" 9902
"../../../Engine/Content/EngineMaterials/Substrate/Glints2/dict_0004_0215.uasset" 9903
"../../../Engine/Content/EngineMaterials/Substrate/Glints2/dict_0004_0216.uasset" 9904
"../../../Engine/Content/EngineMaterials/Substrate/Glints2/dict_0004_0217.uasset" 9905
"../../../Engine/Content/EngineMaterials/Substrate/Glints2/dict_0004_0218.uasset" 9906
"/Engine/EngineMaterials/Substrate/Glints2/dict_0004_0190" 9907
"../../../Engine/Content/EngineMaterials/Substrate/Glints2/dict_0004_0219.uasset" 9908
"/Engine/EngineMaterials/Substrate/Glints2/dict_0004_0189" 9909
"/Engine/EngineMaterials/Substrate/Glints2/dict_0004_0188" 9910
"../../../Engine/Content/EngineMaterials/Substrate/Glints2/dict_0004_0221.uasset" 9911
"../../../Engine/Content/EngineMaterials/Substrate/Glints2/dict_0004_0222.uasset" 9912
"../../../Engine/Content/EngineMaterials/Substrate/Glints2/dict_0004_0220.uasset" 9913
"/Engine/EngineMaterials/Substrate/Glints2/dict_0004_0219" 9914
"../../../Engine/Content/EngineMaterials/Substrate/Glints2/dict_0004_0224.uasset" 9915
"../../../Engine/Content/EngineMaterials/Substrate/Glints2/dict_0004_0223.uasset" 9916
"../../../Engine/Content/EngineMaterials/Substrate/Glints2/dict_0004_0225.uasset" 9917
"/Engine/EngineMaterials/Substrate/Glints2/dict_0004_0218" 9918
"/Engine/EngineMaterials/Substrate/Glints2/dict_0004_0217" 9919
"/Engine/EngineMaterials/Substrate/Glints2/dict_0004_0216" 9920
"/Engine/EngineMaterials/Substrate/Glints2/dict_0004_0215" 9921
"/Engine/EngineMaterials/Substrate/Glints2/dict_0004_0214" 9922
"/Engine/EngineMaterials/Substrate/Glints2/dict_0004_0213" 9923
"/Engine/EngineMaterials/Substrate/Glints2/dict_0004_0212" 9924
"/Engine/EngineMaterials/Substrate/Glints2/dict_0004_0211" 9925
"/Engine/EngineMaterials/Substrate/Glints2/dict_0004_0210" 9926
"/Engine/EngineMaterials/Substrate/Glints2/dict_0004_0209" 9927
"/Engine/EngineMaterials/Substrate/Glints2/dict_0004_0208" 9928
"/Engine/EngineMaterials/Substrate/Glints2/dict_0004_0207" 9929
"/Engine/EngineMaterials/Substrate/Glints2/dict_0004_0206" 9930
"/Engine/EngineMaterials/Substrate/Glints2/dict_0004_0205" 9931
"/Engine/EngineMaterials/Substrate/Glints2/dict_0004_0204" 9932
"/Engine/EngineMaterials/Substrate/Glints2/dict_0004_0203" 9933
"/Engine/EngineMaterials/Substrate/Glints2/dict_0004_0202" 9934
"/Engine/EngineMaterials/Substrate/Glints2/dict_0004_0201" 9935
"/Engine/EngineMaterials/Substrate/Glints2/dict_0004_0200" 9936
"/Engine/EngineMaterials/Substrate/Glints2/dict_0004_0199" 9937
"/Engine/EngineMaterials/Substrate/Glints2/dict_0004_0198" 9938
"/Engine/EngineMaterials/Substrate/Glints2/dict_0004_0197" 9939
"/Engine/EngineMaterials/Substrate/Glints2/dict_0004_0196" 9940
"/Engine/EngineMaterials/Substrate/Glints2/dict_0004_0195" 9941
"/Engine/EngineMaterials/Substrate/Glints2/dict_0004_0194" 9942
"/Engine/EngineMaterials/Substrate/Glints2/dict_0004_0225" 9943
"../../../Engine/Content/EngineMaterials/Substrate/Glints2/dict_0004_0235.uasset" 9944
"../../../Engine/Content/EngineMaterials/Substrate/Glints2/dict_0004_0231.uasset" 9945
"../../../Engine/Content/EngineMaterials/Substrate/Glints2/dict_0004_0230.uasset" 9946
"../../../Engine/Content/EngineMaterials/Substrate/Glints2/dict_0004_0237.uasset" 9947
"../../../Engine/Content/EngineMaterials/Substrate/Glints2/dict_0004_0232.uasset" 9948
"../../../Engine/Content/EngineMaterials/Substrate/Glints2/dict_0004_0238.uasset" 9949
"../../../Engine/Content/EngineMaterials/Substrate/Glints2/dict_0004_0233.uasset" 9950
"../../../Engine/Content/EngineMaterials/Substrate/Glints2/dict_0004_0236.uasset" 9951
"../../../Engine/Content/EngineMaterials/Substrate/Glints2/dict_0004_0229.uasset" 9952
"../../../Engine/Content/EngineMaterials/Substrate/Glints2/dict_0004_0228.uasset" 9953
"../../../Engine/Content/EngineMaterials/Substrate/Glints2/dict_0004_0226.uasset" 9954
"../../../Engine/Content/EngineMaterials/Substrate/Glints2/dict_0004_0227.uasset" 9955
"../../../Engine/Content/EngineMaterials/Substrate/Glints2/dict_0004_0243.uasset" 9956
"../../../Engine/Content/EngineMaterials/Substrate/Glints2/dict_0004_0234.uasset" 9957
"../../../Engine/Content/EngineMaterials/Substrate/Glints2/dict_0004_0239.uasset" 9958
"../../../Engine/Content/EngineMaterials/Substrate/Glints2/dict_0004_0241.uasset" 9959
"../../../Engine/Content/EngineMaterials/Substrate/Glints2/dict_0004_0240.uasset" 9960
"../../../Engine/Content/EngineMaterials/Substrate/Glints2/dict_0004_0242.uasset" 9961
"/Engine/EngineMaterials/Substrate/Glints2/dict_0004_0224" 9962
"../../../Engine/Content/EngineMaterials/Substrate/Glints2/dict_0004_0244.uasset" 9963
"../../../Engine/Content/EngineMaterials/Substrate/Glints2/dict_0004_0245.uasset" 9964
"../../../Engine/Content/EngineMaterials/Substrate/Glints2/dict_0004_0246.uasset" 9965
"../../../Engine/Content/EngineMaterials/Substrate/Glints2/dict_0004_0249.uasset" 9966
"../../../Engine/Content/EngineMaterials/Substrate/Glints2/dict_0004_0247.uasset" 9967
"../../../Engine/Content/EngineMaterials/Substrate/Glints2/dict_0004_0251.uasset" 9968
"../../../Engine/Content/EngineMaterials/Substrate/Glints2/dict_0004_0250.uasset" 9969
"../../../Engine/Content/EngineMaterials/Substrate/Glints2/dict_0004_0248.uasset" 9970
"/Engine/EngineMaterials/Substrate/Glints2/dict_0004_0223" 9971
"/Engine/EngineMaterials/Substrate/Glints2/dict_0004_0222" 9972
"/Engine/EngineMaterials/Substrate/Glints2/dict_0004_0221" 9973
"/Engine/EngineMaterials/Substrate/Glints2/dict_0004_0220" 9974
"/Engine/EngineMaterials/Substrate/Glints2/dict_0004_0251" 9975
"../../../Engine/Content/EngineMaterials/Substrate/Glints2/dict_0004_0252.uasset" 9976
"../../../Engine/Content/EngineMaterials/Substrate/Glints2/dict_0004_0254.uasset" 9977
"../../../Engine/Content/EngineMaterials/Substrate/Glints2/dict_0004_0253.uasset" 9978
"../../../Engine/Content/EngineMaterials/Substrate/Glints2/dict_0005_0001.uasset" 9979
"../../../Engine/Content/EngineMaterials/Substrate/Glints2/dict_0005_0000.uasset" 9980
"../../../Engine/Content/EngineMaterials/Substrate/Glints2/dict_0004_0255.uasset" 9981
"/Engine/EngineMaterials/Substrate/Glints2/dict_0004_0250" 9982
"/Engine/EngineMaterials/Substrate/Glints2/dict_0004_0249" 9983
"/Engine/EngineMaterials/Substrate/Glints2/dict_0004_0248" 9984
"/Engine/EngineMaterials/Substrate/Glints2/dict_0004_0247" 9985
"/Engine/EngineMaterials/Substrate/Glints2/dict_0004_0246" 9986
"/Engine/EngineMaterials/Substrate/Glints2/dict_0004_0245" 9987
"/Engine/EngineMaterials/Substrate/Glints2/dict_0004_0244" 9988
"/Engine/EngineMaterials/Substrate/Glints2/dict_0004_0243" 9989
"/Engine/EngineMaterials/Substrate/Glints2/dict_0004_0242" 9990
"/Engine/EngineMaterials/Substrate/Glints2/dict_0004_0241" 9991
"/Engine/EngineMaterials/Substrate/Glints2/dict_0004_0240" 9992
"/Engine/EngineMaterials/Substrate/Glints2/dict_0004_0239" 9993
"/Engine/EngineMaterials/Substrate/Glints2/dict_0004_0238" 9994
"/Engine/EngineMaterials/Substrate/Glints2/dict_0004_0237" 9995
"/Engine/EngineMaterials/Substrate/Glints2/dict_0004_0236" 9996
"/Engine/EngineMaterials/Substrate/Glints2/dict_0004_0235" 9997
"/Engine/EngineMaterials/Substrate/Glints2/dict_0004_0234" 9998
"/Engine/EngineMaterials/Substrate/Glints2/dict_0004_0233" 9999
"/Engine/EngineMaterials/Substrate/Glints2/dict_0004_0232" 10000
"/Engine/EngineMaterials/Substrate/Glints2/dict_0004_0231" 10001
"/Engine/EngineMaterials/Substrate/Glints2/dict_0004_0230" 10002
"/Engine/EngineMaterials/Substrate/Glints2/dict_0004_0229" 10003
"/Engine/EngineMaterials/Substrate/Glints2/dict_0004_0228" 10004
"/Engine/EngineMaterials/Substrate/Glints2/dict_0004_0227" 10005
"/Engine/EngineMaterials/Substrate/Glints2/dict_0004_0226" 10006
"../../../Engine/Content/EngineMaterials/Substrate/Glints2/dict_0005_0002.uasset" 10007
"/Engine/EngineMaterials/Substrate/Glints2/dict_0005_0001" 10008
"../../../Engine/Content/EngineMaterials/Substrate/Glints2/dict_0005_0011.uasset" 10009
"../../../Engine/Content/EngineMaterials/Substrate/Glints2/dict_0005_0008.uasset" 10010
"../../../Engine/Content/EngineMaterials/Substrate/Glints2/dict_0005_0006.uasset" 10011
"../../../Engine/Content/EngineMaterials/Substrate/Glints2/dict_0005_0005.uasset" 10012
"../../../Engine/Content/EngineMaterials/Substrate/Glints2/dict_0005_0003.uasset" 10013
"../../../Engine/Content/EngineMaterials/Substrate/Glints2/dict_0005_0014.uasset" 10014
"../../../Engine/Content/EngineMaterials/Substrate/Glints2/dict_0005_0007.uasset" 10015
"../../../Engine/Content/EngineMaterials/Substrate/Glints2/dict_0005_0009.uasset" 10016
"../../../Engine/Content/EngineMaterials/Substrate/Glints2/dict_0005_0004.uasset" 10017
"../../../Engine/Content/EngineMaterials/Substrate/Glints2/dict_0005_0010.uasset" 10018
"../../../Engine/Content/EngineMaterials/Substrate/Glints2/dict_0005_0012.uasset" 10019
"../../../Engine/Content/EngineMaterials/Substrate/Glints2/dict_0005_0018.uasset" 10020
"../../../Engine/Content/EngineMaterials/Substrate/Glints2/dict_0005_0019.uasset" 10021
"../../../Engine/Content/EngineMaterials/Substrate/Glints2/dict_0005_0017.uasset" 10022
"../../../Engine/Content/EngineMaterials/Substrate/Glints2/dict_0005_0013.uasset" 10023
"../../../Engine/Content/EngineMaterials/Substrate/Glints2/dict_0005_0015.uasset" 10024
"../../../Engine/Content/EngineMaterials/Substrate/Glints2/dict_0005_0016.uasset" 10025
"../../../Engine/Content/EngineMaterials/Substrate/Glints2/dict_0005_0020.uasset" 10026
"../../../Engine/Content/EngineMaterials/Substrate/Glints2/dict_0005_0021.uasset" 10027
"../../../Engine/Content/EngineMaterials/Substrate/Glints2/dict_0005_0022.uasset" 10028
"../../../Engine/Content/EngineMaterials/Substrate/Glints2/dict_0005_0025.uasset" 10029
"../../../Engine/Content/EngineMaterials/Substrate/Glints2/dict_0005_0023.uasset" 10030
"/Engine/EngineMaterials/Substrate/Glints2/dict_0005_0000" 10031
"../../../Engine/Content/EngineMaterials/Substrate/Glints2/dict_0005_0026.uasset" 10032
"../../../Engine/Content/EngineMaterials/Substrate/Glints2/dict_0005_0027.uasset" 10033
"../../../Engine/Content/EngineMaterials/Substrate/Glints2/dict_0005_0024.uasset" 10034
"/Engine/EngineMaterials/Substrate/Glints2/dict_0004_0255" 10035
"/Engine/EngineMaterials/Substrate/Glints2/dict_0004_0254" 10036
"/Engine/EngineMaterials/Substrate/Glints2/dict_0004_0253" 10037
"/Engine/EngineMaterials/Substrate/Glints2/dict_0004_0252" 10038
"../../../Engine/Content/EngineMaterials/Substrate/Glints2/dict_0005_0028.uasset" 10039
"../../../Engine/Content/EngineMaterials/Substrate/Glints2/dict_0005_0030.uasset" 10040
"/Engine/EngineMaterials/Substrate/Glints2/dict_0005_0027" 10041
"../../../Engine/Content/EngineMaterials/Substrate/Glints2/dict_0005_0029.uasset" 10042
"../../../Engine/Content/EngineMaterials/Substrate/Glints2/dict_0005_0031.uasset" 10043
"../../../Engine/Content/EngineMaterials/Substrate/Glints2/dict_0005_0033.uasset" 10044
"../../../Engine/Content/EngineMaterials/Substrate/Glints2/dict_0005_0032.uasset" 10045
"/Engine/EngineMaterials/Substrate/Glints2/dict_0005_0026" 10046
"/Engine/EngineMaterials/Substrate/Glints2/dict_0005_0025" 10047
"/Engine/EngineMaterials/Substrate/Glints2/dict_0005_0024" 10048
"/Engine/EngineMaterials/Substrate/Glints2/dict_0005_0023" 10049
"/Engine/EngineMaterials/Substrate/Glints2/dict_0005_0022" 10050
"/Engine/EngineMaterials/Substrate/Glints2/dict_0005_0021" 10051
"/Engine/EngineMaterials/Substrate/Glints2/dict_0005_0020" 10052
"/Engine/EngineMaterials/Substrate/Glints2/dict_0005_0019" 10053
"/Engine/EngineMaterials/Substrate/Glints2/dict_0005_0018" 10054
"/Engine/EngineMaterials/Substrate/Glints2/dict_0005_0017" 10055
"/Engine/EngineMaterials/Substrate/Glints2/dict_0005_0016" 10056
"/Engine/EngineMaterials/Substrate/Glints2/dict_0005_0015" 10057
"/Engine/EngineMaterials/Substrate/Glints2/dict_0005_0014" 10058
"/Engine/EngineMaterials/Substrate/Glints2/dict_0005_0013" 10059
"/Engine/EngineMaterials/Substrate/Glints2/dict_0005_0012" 10060
"/Engine/EngineMaterials/Substrate/Glints2/dict_0005_0011" 10061
"/Engine/EngineMaterials/Substrate/Glints2/dict_0005_0010" 10062
"/Engine/EngineMaterials/Substrate/Glints2/dict_0005_0009" 10063
"/Engine/EngineMaterials/Substrate/Glints2/dict_0005_0008" 10064
"/Engine/EngineMaterials/Substrate/Glints2/dict_0005_0007" 10065
"/Engine/EngineMaterials/Substrate/Glints2/dict_0005_0006" 10066
"/Engine/EngineMaterials/Substrate/Glints2/dict_0005_0005" 10067
"/Engine/EngineMaterials/Substrate/Glints2/dict_0005_0004" 10068
"/Engine/EngineMaterials/Substrate/Glints2/dict_0005_0003" 10069
"/Engine/EngineMaterials/Substrate/Glints2/dict_0005_0002" 10070
"/Engine/EngineMaterials/Substrate/Glints2/dict_0005_0033" 10071
"../../../Engine/Content/EngineMaterials/Substrate/Glints2/dict_0005_0034.uasset" 10072
"../../../Engine/Content/EngineMaterials/Substrate/Glints2/dict_0005_0036.uasset" 10073
"../../../Engine/Content/EngineMaterials/Substrate/Glints2/dict_0005_0044.uasset" 10074
"../../../Engine/Content/EngineMaterials/Substrate/Glints2/dict_0005_0043.uasset" 10075
"../../../Engine/Content/EngineMaterials/Substrate/Glints2/dict_0005_0042.uasset" 10076
"../../../Engine/Content/EngineMaterials/Substrate/Glints2/dict_0005_0039.uasset" 10077
"../../../Engine/Content/EngineMaterials/Substrate/Glints2/dict_0005_0037.uasset" 10078
"../../../Engine/Content/EngineMaterials/Substrate/Glints2/dict_0005_0040.uasset" 10079
"../../../Engine/Content/EngineMaterials/Substrate/Glints2/dict_0005_0035.uasset" 10080
"../../../Engine/Content/EngineMaterials/Substrate/Glints2/dict_0005_0038.uasset" 10081
"../../../Engine/Content/EngineMaterials/Substrate/Glints2/dict_0005_0041.uasset" 10082
"../../../Engine/Content/EngineMaterials/Substrate/Glints2/dict_0005_0046.uasset" 10083
"../../../Engine/Content/EngineMaterials/Substrate/Glints2/dict_0005_0045.uasset" 10084
"../../../Engine/Content/EngineMaterials/Substrate/Glints2/dict_0005_0049.uasset" 10085
"../../../Engine/Content/EngineMaterials/Substrate/Glints2/dict_0005_0050.uasset" 10086
"../../../Engine/Content/EngineMaterials/Substrate/Glints2/dict_0005_0051.uasset" 10087
"/Engine/EngineMaterials/Substrate/Glints2/dict_0005_0032" 10088
"../../../Engine/Content/EngineMaterials/Substrate/Glints2/dict_0005_0047.uasset" 10089
"../../../Engine/Content/EngineMaterials/Substrate/Glints2/dict_0005_0048.uasset" 10090
"../../../Engine/Content/EngineMaterials/Substrate/Glints2/dict_0005_0053.uasset" 10091
"../../../Engine/Content/EngineMaterials/Substrate/Glints2/dict_0005_0054.uasset" 10092
"../../../Engine/Content/EngineMaterials/Substrate/Glints2/dict_0005_0052.uasset" 10093
"/Engine/EngineMaterials/Substrate/Glints2/dict_0005_0031" 10094
"../../../Engine/Content/EngineMaterials/Substrate/Glints2/dict_0005_0056.uasset" 10095
"../../../Engine/Content/EngineMaterials/Substrate/Glints2/dict_0005_0055.uasset" 10096
"../../../Engine/Content/EngineMaterials/Substrate/Glints2/dict_0005_0059.uasset" 10097
"../../../Engine/Content/EngineMaterials/Substrate/Glints2/dict_0005_0057.uasset" 10098
"../../../Engine/Content/EngineMaterials/Substrate/Glints2/dict_0005_0058.uasset" 10099
"/Engine/EngineMaterials/Substrate/Glints2/dict_0005_0030" 10100
"/Engine/EngineMaterials/Substrate/Glints2/dict_0005_0029" 10101
"/Engine/EngineMaterials/Substrate/Glints2/dict_0005_0028" 10102
"../../../Engine/Content/EngineMaterials/Substrate/Glints2/dict_0005_0061.uasset" 10103
"../../../Engine/Content/EngineMaterials/Substrate/Glints2/dict_0005_0060.uasset" 10104
"../../../Engine/Content/EngineMaterials/Substrate/Glints2/dict_0005_0062.uasset" 10105
"/Engine/EngineMaterials/Substrate/Glints2/dict_0005_0059" 10106
"../../../Engine/Content/EngineMaterials/Substrate/Glints2/dict_0005_0064.uasset" 10107
"../../../Engine/Content/EngineMaterials/Substrate/Glints2/dict_0005_0065.uasset" 10108
"../../../Engine/Content/EngineMaterials/Substrate/Glints2/dict_0005_0063.uasset" 10109
"/Engine/EngineMaterials/Substrate/Glints2/dict_0005_0058" 10110
"/Engine/EngineMaterials/Substrate/Glints2/dict_0005_0057" 10111
"/Engine/EngineMaterials/Substrate/Glints2/dict_0005_0056" 10112
"/Engine/EngineMaterials/Substrate/Glints2/dict_0005_0055" 10113
"/Engine/EngineMaterials/Substrate/Glints2/dict_0005_0054" 10114
"/Engine/EngineMaterials/Substrate/Glints2/dict_0005_0053" 10115
"/Engine/EngineMaterials/Substrate/Glints2/dict_0005_0052" 10116
"/Engine/EngineMaterials/Substrate/Glints2/dict_0005_0051" 10117
"/Engine/EngineMaterials/Substrate/Glints2/dict_0005_0050" 10118
"/Engine/EngineMaterials/Substrate/Glints2/dict_0005_0049" 10119
"/Engine/EngineMaterials/Substrate/Glints2/dict_0005_0048" 10120
"/Engine/EngineMaterials/Substrate/Glints2/dict_0005_0047" 10121
"/Engine/EngineMaterials/Substrate/Glints2/dict_0005_0046" 10122
"/Engine/EngineMaterials/Substrate/Glints2/dict_0005_0045" 10123
"/Engine/EngineMaterials/Substrate/Glints2/dict_0005_0044" 10124
"/Engine/EngineMaterials/Substrate/Glints2/dict_0005_0043" 10125
"/Engine/EngineMaterials/Substrate/Glints2/dict_0005_0042" 10126
"/Engine/EngineMaterials/Substrate/Glints2/dict_0005_0041" 10127
"/Engine/EngineMaterials/Substrate/Glints2/dict_0005_0040" 10128
"/Engine/EngineMaterials/Substrate/Glints2/dict_0005_0039" 10129
"/Engine/EngineMaterials/Substrate/Glints2/dict_0005_0038" 10130
"/Engine/EngineMaterials/Substrate/Glints2/dict_0005_0037" 10131
"/Engine/EngineMaterials/Substrate/Glints2/dict_0005_0036" 10132
"/Engine/EngineMaterials/Substrate/Glints2/dict_0005_0035" 10133
"/Engine/EngineMaterials/Substrate/Glints2/dict_0005_0034" 10134
"/Engine/EngineMaterials/Substrate/Glints2/dict_0005_0065" 10135
"../../../Engine/Content/EngineMaterials/Substrate/Glints2/dict_0005_0066.uasset" 10136
"../../../Engine/Content/EngineMaterials/Substrate/Glints2/dict_0005_0071.uasset" 10137
"../../../Engine/Content/EngineMaterials/Substrate/Glints2/dict_0005_0083.uasset" 10138
"../../../Engine/Content/EngineMaterials/Substrate/Glints2/dict_0005_0067.uasset" 10139
"../../../Engine/Content/EngineMaterials/Substrate/Glints2/dict_0005_0076.uasset" 10140
"../../../Engine/Content/EngineMaterials/Substrate/Glints2/dict_0005_0077.uasset" 10141
"../../../Engine/Content/EngineMaterials/Substrate/Glints2/dict_0005_0074.uasset" 10142
"../../../Engine/Content/EngineMaterials/Substrate/Glints2/dict_0005_0080.uasset" 10143
"../../../Engine/Content/EngineMaterials/Substrate/Glints2/dict_0005_0073.uasset" 10144
"../../../Engine/Content/EngineMaterials/Substrate/Glints2/dict_0005_0075.uasset" 10145
"../../../Engine/Content/EngineMaterials/Substrate/Glints2/dict_0005_0070.uasset" 10146
"../../../Engine/Content/EngineMaterials/Substrate/Glints2/dict_0005_0078.uasset" 10147
"../../../Engine/Content/EngineMaterials/Substrate/Glints2/dict_0005_0072.uasset" 10148
"/Engine/EngineMaterials/Substrate/Glints2/dict_0005_0064" 10149
"../../../Engine/Content/EngineMaterials/Substrate/Glints2/dict_0005_0081.uasset" 10150
"../../../Engine/Content/EngineMaterials/Substrate/Glints2/dict_0005_0079.uasset" 10151
"../../../Engine/Content/EngineMaterials/Substrate/Glints2/dict_0005_0084.uasset" 10152
"../../../Engine/Content/EngineMaterials/Substrate/Glints2/dict_0005_0069.uasset" 10153
"../../../Engine/Content/EngineMaterials/Substrate/Glints2/dict_0005_0082.uasset" 10154
"../../../Engine/Content/EngineMaterials/Substrate/Glints2/dict_0005_0068.uasset" 10155
"../../../Engine/Content/EngineMaterials/Substrate/Glints2/dict_0005_0085.uasset" 10156
"../../../Engine/Content/EngineMaterials/Substrate/Glints2/dict_0005_0086.uasset" 10157
"/Engine/EngineMaterials/Substrate/Glints2/dict_0005_0063" 10158
"../../../Engine/Content/EngineMaterials/Substrate/Glints2/dict_0005_0089.uasset" 10159
"../../../Engine/Content/EngineMaterials/Substrate/Glints2/dict_0005_0088.uasset" 10160
"../../../Engine/Content/EngineMaterials/Substrate/Glints2/dict_0005_0087.uasset" 10161
"../../../Engine/Content/EngineMaterials/Substrate/Glints2/dict_0005_0090.uasset" 10162
"../../../Engine/Content/EngineMaterials/Substrate/Glints2/dict_0005_0091.uasset" 10163
"/Engine/EngineMaterials/Substrate/Glints2/dict_0005_0062" 10164
"/Engine/EngineMaterials/Substrate/Glints2/dict_0005_0061" 10165
"/Engine/EngineMaterials/Substrate/Glints2/dict_0005_0060" 10166
"../../../Engine/Content/EngineMaterials/Substrate/Glints2/dict_0005_0094.uasset" 10167
"../../../Engine/Content/EngineMaterials/Substrate/Glints2/dict_0005_0093.uasset" 10168
"../../../Engine/Content/EngineMaterials/Substrate/Glints2/dict_0005_0092.uasset" 10169
"/Engine/EngineMaterials/Substrate/Glints2/dict_0005_0091" 10170
"../../../Engine/Content/EngineMaterials/Substrate/Glints2/dict_0005_0096.uasset" 10171
"../../../Engine/Content/EngineMaterials/Substrate/Glints2/dict_0005_0097.uasset" 10172
"../../../Engine/Content/EngineMaterials/Substrate/Glints2/dict_0005_0095.uasset" 10173
"/Engine/EngineMaterials/Substrate/Glints2/dict_0005_0090" 10174
"/Engine/EngineMaterials/Substrate/Glints2/dict_0005_0089" 10175
"/Engine/EngineMaterials/Substrate/Glints2/dict_0005_0088" 10176
"/Engine/EngineMaterials/Substrate/Glints2/dict_0005_0087" 10177
"/Engine/EngineMaterials/Substrate/Glints2/dict_0005_0086" 10178
"/Engine/EngineMaterials/Substrate/Glints2/dict_0005_0085" 10179
"/Engine/EngineMaterials/Substrate/Glints2/dict_0005_0084" 10180
"/Engine/EngineMaterials/Substrate/Glints2/dict_0005_0083" 10181
"/Engine/EngineMaterials/Substrate/Glints2/dict_0005_0082" 10182
"/Engine/EngineMaterials/Substrate/Glints2/dict_0005_0081" 10183
"/Engine/EngineMaterials/Substrate/Glints2/dict_0005_0080" 10184
"/Engine/EngineMaterials/Substrate/Glints2/dict_0005_0079" 10185
"/Engine/EngineMaterials/Substrate/Glints2/dict_0005_0078" 10186
"/Engine/EngineMaterials/Substrate/Glints2/dict_0005_0077" 10187
"/Engine/EngineMaterials/Substrate/Glints2/dict_0005_0076" 10188
"/Engine/EngineMaterials/Substrate/Glints2/dict_0005_0075" 10189
"/Engine/EngineMaterials/Substrate/Glints2/dict_0005_0074" 10190
"/Engine/EngineMaterials/Substrate/Glints2/dict_0005_0073" 10191
"/Engine/EngineMaterials/Substrate/Glints2/dict_0005_0072" 10192
"/Engine/EngineMaterials/Substrate/Glints2/dict_0005_0071" 10193
"/Engine/EngineMaterials/Substrate/Glints2/dict_0005_0070" 10194
"/Engine/EngineMaterials/Substrate/Glints2/dict_0005_0069" 10195
"/Engine/EngineMaterials/Substrate/Glints2/dict_0005_0068" 10196
"/Engine/EngineMaterials/Substrate/Glints2/dict_0005_0067" 10197
"/Engine/EngineMaterials/Substrate/Glints2/dict_0005_0066" 10198
"../../../Engine/Content/EngineMaterials/Substrate/Glints2/dict_0005_0098.uasset" 10199
"/Engine/EngineMaterials/Substrate/Glints2/dict_0005_0097" 10200
"../../../Engine/Content/EngineMaterials/Substrate/Glints2/dict_0005_0100.uasset" 10201
"../../../Engine/Content/EngineMaterials/Substrate/Glints2/dict_0005_0104.uasset" 10202
"../../../Engine/Content/EngineMaterials/Substrate/Glints2/dict_0005_0101.uasset" 10203
"../../../Engine/Content/EngineMaterials/Substrate/Glints2/dict_0005_0106.uasset" 10204
"../../../Engine/Content/EngineMaterials/Substrate/Glints2/dict_0005_0109.uasset" 10205
"../../../Engine/Content/EngineMaterials/Substrate/Glints2/dict_0005_0103.uasset" 10206
"../../../Engine/Content/EngineMaterials/Substrate/Glints2/dict_0005_0107.uasset" 10207
"../../../Engine/Content/EngineMaterials/Substrate/Glints2/dict_0005_0105.uasset" 10208
"../../../Engine/Content/EngineMaterials/Substrate/Glints2/dict_0005_0099.uasset" 10209
"../../../Engine/Content/EngineMaterials/Substrate/Glints2/dict_0005_0108.uasset" 10210
"../../../Engine/Content/EngineMaterials/Substrate/Glints2/dict_0005_0112.uasset" 10211
"../../../Engine/Content/EngineMaterials/Substrate/Glints2/dict_0005_0114.uasset" 10212
"../../../Engine/Content/EngineMaterials/Substrate/Glints2/dict_0005_0115.uasset" 10213
"../../../Engine/Content/EngineMaterials/Substrate/Glints2/dict_0005_0113.uasset" 10214
"../../../Engine/Content/EngineMaterials/Substrate/Glints2/dict_0005_0110.uasset" 10215
"../../../Engine/Content/EngineMaterials/Substrate/Glints2/dict_0005_0102.uasset" 10216
"../../../Engine/Content/EngineMaterials/Substrate/Glints2/dict_0005_0111.uasset" 10217
"../../../Engine/Content/EngineMaterials/Substrate/Glints2/dict_0005_0116.uasset" 10218
"../../../Engine/Content/EngineMaterials/Substrate/Glints2/dict_0005_0117.uasset" 10219
"../../../Engine/Content/EngineMaterials/Substrate/Glints2/dict_0005_0118.uasset" 10220
"/Engine/EngineMaterials/Substrate/Glints2/dict_0005_0096" 10221
"../../../Engine/Content/EngineMaterials/Substrate/Glints2/dict_0005_0120.uasset" 10222
"../../../Engine/Content/EngineMaterials/Substrate/Glints2/dict_0005_0119.uasset" 10223
"../../../Engine/Content/EngineMaterials/Substrate/Glints2/dict_0005_0123.uasset" 10224
"../../../Engine/Content/EngineMaterials/Substrate/Glints2/dict_0005_0121.uasset" 10225
"../../../Engine/Content/EngineMaterials/Substrate/Glints2/dict_0005_0122.uasset" 10226
"/Engine/EngineMaterials/Substrate/Glints2/dict_0005_0095" 10227
"/Engine/EngineMaterials/Substrate/Glints2/dict_0005_0094" 10228
"/Engine/EngineMaterials/Substrate/Glints2/dict_0005_0093" 10229
"/Engine/EngineMaterials/Substrate/Glints2/dict_0005_0092" 10230
"../../../Engine/Content/EngineMaterials/Substrate/Glints2/dict_0005_0125.uasset" 10231
"/Engine/EngineMaterials/Substrate/Glints2/dict_0005_0123" 10232
"../../../Engine/Content/EngineMaterials/Substrate/Glints2/dict_0005_0124.uasset" 10233
"../../../Engine/Content/EngineMaterials/Substrate/Glints2/dict_0005_0126.uasset" 10234
"../../../Engine/Content/EngineMaterials/Substrate/Glints2/dict_0005_0128.uasset" 10235
"../../../Engine/Content/EngineMaterials/Substrate/Glints2/dict_0005_0127.uasset" 10236
"../../../Engine/Content/EngineMaterials/Substrate/Glints2/dict_0005_0129.uasset" 10237
"/Engine/EngineMaterials/Substrate/Glints2/dict_0005_0122" 10238
"/Engine/EngineMaterials/Substrate/Glints2/dict_0005_0121" 10239
"/Engine/EngineMaterials/Substrate/Glints2/dict_0005_0120" 10240
"/Engine/EngineMaterials/Substrate/Glints2/dict_0005_0119" 10241
"/Engine/EngineMaterials/Substrate/Glints2/dict_0005_0118" 10242
"/Engine/EngineMaterials/Substrate/Glints2/dict_0005_0117" 10243
"/Engine/EngineMaterials/Substrate/Glints2/dict_0005_0116" 10244
"/Engine/EngineMaterials/Substrate/Glints2/dict_0005_0115" 10245
"/Engine/EngineMaterials/Substrate/Glints2/dict_0005_0114" 10246
"/Engine/EngineMaterials/Substrate/Glints2/dict_0005_0113" 10247
"/Engine/EngineMaterials/Substrate/Glints2/dict_0005_0112" 10248
"/Engine/EngineMaterials/Substrate/Glints2/dict_0005_0111" 10249
"/Engine/EngineMaterials/Substrate/Glints2/dict_0005_0110" 10250
"/Engine/EngineMaterials/Substrate/Glints2/dict_0005_0109" 10251
"/Engine/EngineMaterials/Substrate/Glints2/dict_0005_0108" 10252
"/Engine/EngineMaterials/Substrate/Glints2/dict_0005_0107" 10253
"/Engine/EngineMaterials/Substrate/Glints2/dict_0005_0106" 10254
"/Engine/EngineMaterials/Substrate/Glints2/dict_0005_0105" 10255
"/Engine/EngineMaterials/Substrate/Glints2/dict_0005_0104" 10256
"/Engine/EngineMaterials/Substrate/Glints2/dict_0005_0103" 10257
"/Engine/EngineMaterials/Substrate/Glints2/dict_0005_0102" 10258
"/Engine/EngineMaterials/Substrate/Glints2/dict_0005_0101" 10259
"/Engine/EngineMaterials/Substrate/Glints2/dict_0005_0100" 10260
"/Engine/EngineMaterials/Substrate/Glints2/dict_0005_0099" 10261
"/Engine/EngineMaterials/Substrate/Glints2/dict_0005_0098" 10262
"/Engine/EngineMaterials/Substrate/Glints2/dict_0005_0129" 10263
"../../../Engine/Content/EngineMaterials/Substrate/Glints2/dict_0005_0136.uasset" 10264
"../../../Engine/Content/EngineMaterials/Substrate/Glints2/dict_0005_0135.uasset" 10265
"../../../Engine/Content/EngineMaterials/Substrate/Glints2/dict_0005_0133.uasset" 10266
"../../../Engine/Content/EngineMaterials/Substrate/Glints2/dict_0005_0134.uasset" 10267
"../../../Engine/Content/EngineMaterials/Substrate/Glints2/dict_0005_0131.uasset" 10268
"../../../Engine/Content/EngineMaterials/Substrate/Glints2/dict_0005_0138.uasset" 10269
"../../../Engine/Content/EngineMaterials/Substrate/Glints2/dict_0005_0147.uasset" 10270
"../../../Engine/Content/EngineMaterials/Substrate/Glints2/dict_0005_0137.uasset" 10271
"../../../Engine/Content/EngineMaterials/Substrate/Glints2/dict_0005_0139.uasset" 10272
"../../../Engine/Content/EngineMaterials/Substrate/Glints2/dict_0005_0130.uasset" 10273
"../../../Engine/Content/EngineMaterials/Substrate/Glints2/dict_0005_0132.uasset" 10274
"../../../Engine/Content/EngineMaterials/Substrate/Glints2/dict_0005_0140.uasset" 10275
"../../../Engine/Content/EngineMaterials/Substrate/Glints2/dict_0005_0141.uasset" 10276
"../../../Engine/Content/EngineMaterials/Substrate/Glints2/dict_0005_0142.uasset" 10277
"../../../Engine/Content/EngineMaterials/Substrate/Glints2/dict_0005_0148.uasset" 10278
"../../../Engine/Content/EngineMaterials/Substrate/Glints2/dict_0005_0143.uasset" 10279
"../../../Engine/Content/EngineMaterials/Substrate/Glints2/dict_0005_0149.uasset" 10280
"../../../Engine/Content/EngineMaterials/Substrate/Glints2/dict_0005_0150.uasset" 10281
"../../../Engine/Content/EngineMaterials/Substrate/Glints2/dict_0005_0144.uasset" 10282
"../../../Engine/Content/EngineMaterials/Substrate/Glints2/dict_0005_0145.uasset" 10283
"/Engine/EngineMaterials/Substrate/Glints2/dict_0005_0128" 10284
"../../../Engine/Content/EngineMaterials/Substrate/Glints2/dict_0005_0146.uasset" 10285
"../../../Engine/Content/EngineMaterials/Substrate/Glints2/dict_0005_0151.uasset" 10286
"../../../Engine/Content/EngineMaterials/Substrate/Glints2/dict_0005_0152.uasset" 10287
"../../../Engine/Content/EngineMaterials/Substrate/Glints2/dict_0005_0155.uasset" 10288
"../../../Engine/Content/EngineMaterials/Substrate/Glints2/dict_0005_0153.uasset" 10289
"../../../Engine/Content/EngineMaterials/Substrate/Glints2/dict_0005_0154.uasset" 10290
"/Engine/EngineMaterials/Substrate/Glints2/dict_0005_0127" 10291
"/Engine/EngineMaterials/Substrate/Glints2/dict_0005_0126" 10292
"/Engine/EngineMaterials/Substrate/Glints2/dict_0005_0125" 10293
"/Engine/EngineMaterials/Substrate/Glints2/dict_0005_0124" 10294
"../../../Engine/Content/EngineMaterials/Substrate/Glints2/dict_0005_0158.uasset" 10295
"/Engine/EngineMaterials/Substrate/Glints2/dict_0005_0155" 10296
"../../../Engine/Content/EngineMaterials/Substrate/Glints2/dict_0005_0156.uasset" 10297
"../../../Engine/Content/EngineMaterials/Substrate/Glints2/dict_0005_0157.uasset" 10298
"../../../Engine/Content/EngineMaterials/Substrate/Glints2/dict_0005_0159.uasset" 10299
"../../../Engine/Content/EngineMaterials/Substrate/Glints2/dict_0005_0160.uasset" 10300
"../../../Engine/Content/EngineMaterials/Substrate/Glints2/dict_0005_0161.uasset" 10301
"/Engine/EngineMaterials/Substrate/Glints2/dict_0005_0154" 10302
"/Engine/EngineMaterials/Substrate/Glints2/dict_0005_0153" 10303
"/Engine/EngineMaterials/Substrate/Glints2/dict_0005_0152" 10304
"/Engine/EngineMaterials/Substrate/Glints2/dict_0005_0151" 10305
"/Engine/EngineMaterials/Substrate/Glints2/dict_0005_0150" 10306
"/Engine/EngineMaterials/Substrate/Glints2/dict_0005_0149" 10307
"/Engine/EngineMaterials/Substrate/Glints2/dict_0005_0148" 10308
"/Engine/EngineMaterials/Substrate/Glints2/dict_0005_0147" 10309
"/Engine/EngineMaterials/Substrate/Glints2/dict_0005_0146" 10310
"/Engine/EngineMaterials/Substrate/Glints2/dict_0005_0145" 10311
"/Engine/EngineMaterials/Substrate/Glints2/dict_0005_0144" 10312
"/Engine/EngineMaterials/Substrate/Glints2/dict_0005_0143" 10313
"/Engine/EngineMaterials/Substrate/Glints2/dict_0005_0142" 10314
"/Engine/EngineMaterials/Substrate/Glints2/dict_0005_0141" 10315
"/Engine/EngineMaterials/Substrate/Glints2/dict_0005_0140" 10316
"/Engine/EngineMaterials/Substrate/Glints2/dict_0005_0139" 10317
"/Engine/EngineMaterials/Substrate/Glints2/dict_0005_0138" 10318
"/Engine/EngineMaterials/Substrate/Glints2/dict_0005_0137" 10319
"/Engine/EngineMaterials/Substrate/Glints2/dict_0005_0136" 10320
"/Engine/EngineMaterials/Substrate/Glints2/dict_0005_0135" 10321
"/Engine/EngineMaterials/Substrate/Glints2/dict_0005_0134" 10322
"/Engine/EngineMaterials/Substrate/Glints2/dict_0005_0133" 10323
"/Engine/EngineMaterials/Substrate/Glints2/dict_0005_0132" 10324
"/Engine/EngineMaterials/Substrate/Glints2/dict_0005_0131" 10325
"/Engine/EngineMaterials/Substrate/Glints2/dict_0005_0130" 10326
"../../../Engine/Content/EngineMaterials/Substrate/Glints2/dict_0005_0162.uasset" 10327
"/Engine/EngineMaterials/Substrate/Glints2/dict_0005_0161" 10328
"../../../Engine/Content/EngineMaterials/Substrate/Glints2/dict_0005_0169.uasset" 10329
"../../../Engine/Content/EngineMaterials/Substrate/Glints2/dict_0005_0165.uasset" 10330
"../../../Engine/Content/EngineMaterials/Substrate/Glints2/dict_0005_0163.uasset" 10331
"../../../Engine/Content/EngineMaterials/Substrate/Glints2/dict_0005_0167.uasset" 10332
"../../../Engine/Content/EngineMaterials/Substrate/Glints2/dict_0005_0170.uasset" 10333
"../../../Engine/Content/EngineMaterials/Substrate/Glints2/dict_0005_0171.uasset" 10334
"../../../Engine/Content/EngineMaterials/Substrate/Glints2/dict_0005_0164.uasset" 10335
"../../../Engine/Content/EngineMaterials/Substrate/Glints2/dict_0005_0172.uasset" 10336
"../../../Engine/Content/EngineMaterials/Substrate/Glints2/dict_0005_0166.uasset" 10337
"../../../Engine/Content/EngineMaterials/Substrate/Glints2/dict_0005_0168.uasset" 10338
"../../../Engine/Content/EngineMaterials/Substrate/Glints2/dict_0005_0177.uasset" 10339
"../../../Engine/Content/EngineMaterials/Substrate/Glints2/dict_0005_0178.uasset" 10340
"../../../Engine/Content/EngineMaterials/Substrate/Glints2/dict_0005_0176.uasset" 10341
"../../../Engine/Content/EngineMaterials/Substrate/Glints2/dict_0005_0173.uasset" 10342
"../../../Engine/Content/EngineMaterials/Substrate/Glints2/dict_0005_0175.uasset" 10343
"../../../Engine/Content/EngineMaterials/Substrate/Glints2/dict_0005_0174.uasset" 10344
"../../../Engine/Content/EngineMaterials/Substrate/Glints2/dict_0005_0179.uasset" 10345
"../../../Engine/Content/EngineMaterials/Substrate/Glints2/dict_0005_0180.uasset" 10346
"../../../Engine/Content/EngineMaterials/Substrate/Glints2/dict_0005_0181.uasset" 10347
"../../../Engine/Content/EngineMaterials/Substrate/Glints2/dict_0005_0182.uasset" 10348
"../../../Engine/Content/EngineMaterials/Substrate/Glints2/dict_0005_0184.uasset" 10349
"/Engine/EngineMaterials/Substrate/Glints2/dict_0005_0160" 10350
"../../../Engine/Content/EngineMaterials/Substrate/Glints2/dict_0005_0185.uasset" 10351
"../../../Engine/Content/EngineMaterials/Substrate/Glints2/dict_0005_0186.uasset" 10352
"../../../Engine/Content/EngineMaterials/Substrate/Glints2/dict_0005_0183.uasset" 10353
"../../../Engine/Content/EngineMaterials/Substrate/Glints2/dict_0005_0187.uasset" 10354
"/Engine/EngineMaterials/Substrate/Glints2/dict_0005_0159" 10355
"/Engine/EngineMaterials/Substrate/Glints2/dict_0005_0158" 10356
"/Engine/EngineMaterials/Substrate/Glints2/dict_0005_0157" 10357
"/Engine/EngineMaterials/Substrate/Glints2/dict_0005_0156" 10358
"/Engine/EngineMaterials/Substrate/Glints2/dict_0005_0187" 10359
"../../../Engine/Content/EngineMaterials/Substrate/Glints2/dict_0005_0188.uasset" 10360
"../../../Engine/Content/EngineMaterials/Substrate/Glints2/dict_0005_0189.uasset" 10361
"../../../Engine/Content/EngineMaterials/Substrate/Glints2/dict_0005_0190.uasset" 10362
"../../../Engine/Content/EngineMaterials/Substrate/Glints2/dict_0005_0193.uasset" 10363
"../../../Engine/Content/EngineMaterials/Substrate/Glints2/dict_0005_0191.uasset" 10364
"../../../Engine/Content/EngineMaterials/Substrate/Glints2/dict_0005_0192.uasset" 10365
"/Engine/EngineMaterials/Substrate/Glints2/dict_0005_0186" 10366
"/Engine/EngineMaterials/Substrate/Glints2/dict_0005_0185" 10367
"/Engine/EngineMaterials/Substrate/Glints2/dict_0005_0184" 10368
"/Engine/EngineMaterials/Substrate/Glints2/dict_0005_0183" 10369
"/Engine/EngineMaterials/Substrate/Glints2/dict_0005_0182" 10370
"/Engine/EngineMaterials/Substrate/Glints2/dict_0005_0181" 10371
"/Engine/EngineMaterials/Substrate/Glints2/dict_0005_0180" 10372
"/Engine/EngineMaterials/Substrate/Glints2/dict_0005_0179" 10373
"/Engine/EngineMaterials/Substrate/Glints2/dict_0005_0178" 10374
"/Engine/EngineMaterials/Substrate/Glints2/dict_0005_0177" 10375
"/Engine/EngineMaterials/Substrate/Glints2/dict_0005_0176" 10376
"/Engine/EngineMaterials/Substrate/Glints2/dict_0005_0175" 10377
"/Engine/EngineMaterials/Substrate/Glints2/dict_0005_0174" 10378
"/Engine/EngineMaterials/Substrate/Glints2/dict_0005_0173" 10379
"/Engine/EngineMaterials/Substrate/Glints2/dict_0005_0172" 10380
"/Engine/EngineMaterials/Substrate/Glints2/dict_0005_0171" 10381
"/Engine/EngineMaterials/Substrate/Glints2/dict_0005_0170" 10382
"/Engine/EngineMaterials/Substrate/Glints2/dict_0005_0169" 10383
"/Engine/EngineMaterials/Substrate/Glints2/dict_0005_0168" 10384
"/Engine/EngineMaterials/Substrate/Glints2/dict_0005_0167" 10385
"/Engine/EngineMaterials/Substrate/Glints2/dict_0005_0166" 10386
"/Engine/EngineMaterials/Substrate/Glints2/dict_0005_0165" 10387
"/Engine/EngineMaterials/Substrate/Glints2/dict_0005_0164" 10388
"/Engine/EngineMaterials/Substrate/Glints2/dict_0005_0163" 10389
"/Engine/EngineMaterials/Substrate/Glints2/dict_0005_0162" 10390
"../../../Engine/Content/EngineMaterials/Substrate/Glints2/dict_0005_0194.uasset" 10391
"/Engine/EngineMaterials/Substrate/Glints2/dict_0005_0193" 10392
"../../../Engine/Content/EngineMaterials/Substrate/Glints2/dict_0005_0202.uasset" 10393
"../../../Engine/Content/EngineMaterials/Substrate/Glints2/dict_0005_0211.uasset" 10394
"../../../Engine/Content/EngineMaterials/Substrate/Glints2/dict_0005_0206.uasset" 10395
"../../../Engine/Content/EngineMaterials/Substrate/Glints2/dict_0005_0200.uasset" 10396
"../../../Engine/Content/EngineMaterials/Substrate/Glints2/dict_0005_0205.uasset" 10397
"../../../Engine/Content/EngineMaterials/Substrate/Glints2/dict_0005_0196.uasset" 10398
"../../../Engine/Content/EngineMaterials/Substrate/Glints2/dict_0005_0198.uasset" 10399
"../../../Engine/Content/EngineMaterials/Substrate/Glints2/dict_0005_0199.uasset" 10400
"../../../Engine/Content/EngineMaterials/Substrate/Glints2/dict_0005_0207.uasset" 10401
"../../../Engine/Content/EngineMaterials/Substrate/Glints2/dict_0005_0201.uasset" 10402
"../../../Engine/Content/EngineMaterials/Substrate/Glints2/dict_0005_0204.uasset" 10403
"../../../Engine/Content/EngineMaterials/Substrate/Glints2/dict_0005_0203.uasset" 10404
"../../../Engine/Content/EngineMaterials/Substrate/Glints2/dict_0005_0197.uasset" 10405
"../../../Engine/Content/EngineMaterials/Substrate/Glints2/dict_0005_0209.uasset" 10406
"../../../Engine/Content/EngineMaterials/Substrate/Glints2/dict_0005_0195.uasset" 10407
"../../../Engine/Content/EngineMaterials/Substrate/Glints2/dict_0005_0212.uasset" 10408
"../../../Engine/Content/EngineMaterials/Substrate/Glints2/dict_0005_0210.uasset" 10409
"../../../Engine/Content/EngineMaterials/Substrate/Glints2/dict_0005_0208.uasset" 10410
"../../../Engine/Content/EngineMaterials/Substrate/Glints2/dict_0005_0213.uasset" 10411
"/Engine/EngineMaterials/Substrate/Glints2/dict_0005_0192" 10412
"../../../Engine/Content/EngineMaterials/Substrate/Glints2/dict_0005_0214.uasset" 10413
"/Engine/EngineMaterials/Substrate/Glints2/dict_0005_0191" 10414
"../../../Engine/Content/EngineMaterials/Substrate/Glints2/dict_0005_0215.uasset" 10415
"../../../Engine/Content/EngineMaterials/Substrate/Glints2/dict_0005_0217.uasset" 10416
"../../../Engine/Content/EngineMaterials/Substrate/Glints2/dict_0005_0216.uasset" 10417
"../../../Engine/Content/EngineMaterials/Substrate/Glints2/dict_0005_0219.uasset" 10418
"../../../Engine/Content/EngineMaterials/Substrate/Glints2/dict_0005_0218.uasset" 10419
"/Engine/EngineMaterials/Substrate/Glints2/dict_0005_0190" 10420
"/Engine/EngineMaterials/Substrate/Glints2/dict_0005_0189" 10421
"/Engine/EngineMaterials/Substrate/Glints2/dict_0005_0188" 10422
"../../../Engine/Content/EngineMaterials/Substrate/Glints2/dict_0005_0222.uasset" 10423
"../../../Engine/Content/EngineMaterials/Substrate/Glints2/dict_0005_0220.uasset" 10424
"../../../Engine/Content/EngineMaterials/Substrate/Glints2/dict_0005_0221.uasset" 10425
"/Engine/EngineMaterials/Substrate/Glints2/dict_0005_0219" 10426
"../../../Engine/Content/EngineMaterials/Substrate/Glints2/dict_0005_0223.uasset" 10427
"../../../Engine/Content/EngineMaterials/Substrate/Glints2/dict_0005_0225.uasset" 10428
"../../../Engine/Content/EngineMaterials/Substrate/Glints2/dict_0005_0224.uasset" 10429
"/Engine/EngineMaterials/Substrate/Glints2/dict_0005_0218" 10430
"/Engine/EngineMaterials/Substrate/Glints2/dict_0005_0217" 10431
"/Engine/EngineMaterials/Substrate/Glints2/dict_0005_0216" 10432
"/Engine/EngineMaterials/Substrate/Glints2/dict_0005_0215" 10433
"/Engine/EngineMaterials/Substrate/Glints2/dict_0005_0214" 10434
"/Engine/EngineMaterials/Substrate/Glints2/dict_0005_0213" 10435
"/Engine/EngineMaterials/Substrate/Glints2/dict_0005_0212" 10436
"/Engine/EngineMaterials/Substrate/Glints2/dict_0005_0211" 10437
"/Engine/EngineMaterials/Substrate/Glints2/dict_0005_0210" 10438
"/Engine/EngineMaterials/Substrate/Glints2/dict_0005_0209" 10439
"/Engine/EngineMaterials/Substrate/Glints2/dict_0005_0208" 10440
"/Engine/EngineMaterials/Substrate/Glints2/dict_0005_0207" 10441
"/Engine/EngineMaterials/Substrate/Glints2/dict_0005_0206" 10442
"/Engine/EngineMaterials/Substrate/Glints2/dict_0005_0205" 10443
"/Engine/EngineMaterials/Substrate/Glints2/dict_0005_0204" 10444
"/Engine/EngineMaterials/Substrate/Glints2/dict_0005_0203" 10445
"/Engine/EngineMaterials/Substrate/Glints2/dict_0005_0202" 10446
"/Engine/EngineMaterials/Substrate/Glints2/dict_0005_0201" 10447
"/Engine/EngineMaterials/Substrate/Glints2/dict_0005_0200" 10448
"/Engine/EngineMaterials/Substrate/Glints2/dict_0005_0199" 10449
"/Engine/EngineMaterials/Substrate/Glints2/dict_0005_0198" 10450
"/Engine/EngineMaterials/Substrate/Glints2/dict_0005_0197" 10451
"/Engine/EngineMaterials/Substrate/Glints2/dict_0005_0196" 10452
"/Engine/EngineMaterials/Substrate/Glints2/dict_0005_0195" 10453
"/Engine/EngineMaterials/Substrate/Glints2/dict_0005_0194" 10454
"../../../Engine/Content/EngineMaterials/Substrate/Glints2/dict_0005_0226.uasset" 10455
"/Engine/EngineMaterials/Substrate/Glints2/dict_0005_0225" 10456
"../../../Engine/Content/EngineMaterials/Substrate/Glints2/dict_0005_0232.uasset" 10457
"../../../Engine/Content/EngineMaterials/Substrate/Glints2/dict_0005_0237.uasset" 10458
"../../../Engine/Content/EngineMaterials/Substrate/Glints2/dict_0005_0235.uasset" 10459
"../../../Engine/Content/EngineMaterials/Substrate/Glints2/dict_0005_0228.uasset" 10460
"../../../Engine/Content/EngineMaterials/Substrate/Glints2/dict_0005_0234.uasset" 10461
"../../../Engine/Content/EngineMaterials/Substrate/Glints2/dict_0005_0227.uasset" 10462
"../../../Engine/Content/EngineMaterials/Substrate/Glints2/dict_0005_0233.uasset" 10463
"../../../Engine/Content/EngineMaterials/Substrate/Glints2/dict_0005_0230.uasset" 10464
"../../../Engine/Content/EngineMaterials/Substrate/Glints2/dict_0005_0229.uasset" 10465
"../../../Engine/Content/EngineMaterials/Substrate/Glints2/dict_0005_0231.uasset" 10466
"../../../Engine/Content/EngineMaterials/Substrate/Glints2/dict_0005_0243.uasset" 10467
"../../../Engine/Content/EngineMaterials/Substrate/Glints2/dict_0005_0240.uasset" 10468
"../../../Engine/Content/EngineMaterials/Substrate/Glints2/dict_0005_0239.uasset" 10469
"../../../Engine/Content/EngineMaterials/Substrate/Glints2/dict_0005_0244.uasset" 10470
"../../../Engine/Content/EngineMaterials/Substrate/Glints2/dict_0005_0238.uasset" 10471
"../../../Engine/Content/EngineMaterials/Substrate/Glints2/dict_0005_0236.uasset" 10472
"../../../Engine/Content/EngineMaterials/Substrate/Glints2/dict_0005_0245.uasset" 10473
"/Engine/EngineMaterials/Substrate/Glints2/dict_0005_0224" 10474
"../../../Engine/Content/EngineMaterials/Substrate/Glints2/dict_0005_0241.uasset" 10475
"../../../Engine/Content/EngineMaterials/Substrate/Glints2/dict_0005_0246.uasset" 10476
"../../../Engine/Content/EngineMaterials/Substrate/Glints2/dict_0005_0242.uasset" 10477
"../../../Engine/Content/EngineMaterials/Substrate/Glints2/dict_0005_0247.uasset" 10478
"../../../Engine/Content/EngineMaterials/Substrate/Glints2/dict_0005_0250.uasset" 10479
"../../../Engine/Content/EngineMaterials/Substrate/Glints2/dict_0005_0249.uasset" 10480
"../../../Engine/Content/EngineMaterials/Substrate/Glints2/dict_0005_0248.uasset" 10481
"../../../Engine/Content/EngineMaterials/Substrate/Glints2/dict_0005_0251.uasset" 10482
"/Engine/EngineMaterials/Substrate/Glints2/dict_0005_0223" 10483
"/Engine/EngineMaterials/Substrate/Glints2/dict_0005_0222" 10484
"/Engine/EngineMaterials/Substrate/Glints2/dict_0005_0221" 10485
"/Engine/EngineMaterials/Substrate/Glints2/dict_0005_0220" 10486
"../../../Engine/Content/EngineMaterials/Substrate/Glints2/dict_0005_0253.uasset" 10487
"../../../Engine/Content/EngineMaterials/Substrate/Glints2/dict_0005_0252.uasset" 10488
"/Engine/EngineMaterials/Substrate/Glints2/dict_0005_0251" 10489
"../../../Engine/Content/EngineMaterials/Substrate/Glints2/dict_0005_0254.uasset" 10490
"../../../Engine/Content/EngineMaterials/Substrate/Glints2/dict_0005_0255.uasset" 10491
"../../../Engine/Content/EngineMaterials/Substrate/Glints2/dict_0006_0000.uasset" 10492
"../../../Engine/Content/EngineMaterials/Substrate/Glints2/dict_0006_0001.uasset" 10493
"/Engine/EngineMaterials/Substrate/Glints2/dict_0005_0250" 10494
"/Engine/EngineMaterials/Substrate/Glints2/dict_0005_0249" 10495
"/Engine/EngineMaterials/Substrate/Glints2/dict_0005_0248" 10496
"/Engine/EngineMaterials/Substrate/Glints2/dict_0005_0247" 10497
"/Engine/EngineMaterials/Substrate/Glints2/dict_0005_0246" 10498
"/Engine/EngineMaterials/Substrate/Glints2/dict_0005_0245" 10499
"/Engine/EngineMaterials/Substrate/Glints2/dict_0005_0244" 10500
"/Engine/EngineMaterials/Substrate/Glints2/dict_0005_0243" 10501
"/Engine/EngineMaterials/Substrate/Glints2/dict_0005_0242" 10502
"/Engine/EngineMaterials/Substrate/Glints2/dict_0005_0241" 10503
"/Engine/EngineMaterials/Substrate/Glints2/dict_0005_0240" 10504
"/Engine/EngineMaterials/Substrate/Glints2/dict_0005_0239" 10505
"/Engine/EngineMaterials/Substrate/Glints2/dict_0005_0238" 10506
"/Engine/EngineMaterials/Substrate/Glints2/dict_0005_0237" 10507
"/Engine/EngineMaterials/Substrate/Glints2/dict_0005_0236" 10508
"/Engine/EngineMaterials/Substrate/Glints2/dict_0005_0235" 10509
"/Engine/EngineMaterials/Substrate/Glints2/dict_0005_0234" 10510
"/Engine/EngineMaterials/Substrate/Glints2/dict_0005_0233" 10511
"/Engine/EngineMaterials/Substrate/Glints2/dict_0005_0232" 10512
"/Engine/EngineMaterials/Substrate/Glints2/dict_0005_0231" 10513
"/Engine/EngineMaterials/Substrate/Glints2/dict_0005_0230" 10514
"/Engine/EngineMaterials/Substrate/Glints2/dict_0005_0229" 10515
"/Engine/EngineMaterials/Substrate/Glints2/dict_0005_0228" 10516
"/Engine/EngineMaterials/Substrate/Glints2/dict_0005_0227" 10517
"/Engine/EngineMaterials/Substrate/Glints2/dict_0005_0226" 10518
"/Engine/EngineMaterials/Substrate/Glints2/dict_0006_0001" 10519
"../../../Engine/Content/EngineMaterials/Substrate/Glints2/dict_0006_0002.uasset" 10520
"../../../Engine/Content/EngineMaterials/Substrate/Glints2/dict_0006_0019.uasset" 10521
"../../../Engine/Content/EngineMaterials/Substrate/Glints2/dict_0006_0004.uasset" 10522
"../../../Engine/Content/EngineMaterials/Substrate/Glints2/dict_0006_0011.uasset" 10523
"../../../Engine/Content/EngineMaterials/Substrate/Glints2/dict_0006_0012.uasset" 10524
"../../../Engine/Content/EngineMaterials/Substrate/Glints2/dict_0006_0005.uasset" 10525
"../../../Engine/Content/EngineMaterials/Substrate/Glints2/dict_0006_0010.uasset" 10526
"../../../Engine/Content/EngineMaterials/Substrate/Glints2/dict_0006_0008.uasset" 10527
"../../../Engine/Content/EngineMaterials/Substrate/Glints2/dict_0006_0007.uasset" 10528
"../../../Engine/Content/EngineMaterials/Substrate/Glints2/dict_0006_0013.uasset" 10529
"../../../Engine/Content/EngineMaterials/Substrate/Glints2/dict_0006_0003.uasset" 10530
"../../../Engine/Content/EngineMaterials/Substrate/Glints2/dict_0006_0017.uasset" 10531
"../../../Engine/Content/EngineMaterials/Substrate/Glints2/dict_0006_0018.uasset" 10532
"../../../Engine/Content/EngineMaterials/Substrate/Glints2/dict_0006_0006.uasset" 10533
"../../../Engine/Content/EngineMaterials/Substrate/Glints2/dict_0006_0009.uasset" 10534
"../../../Engine/Content/EngineMaterials/Substrate/Glints2/dict_0006_0015.uasset" 10535
"../../../Engine/Content/EngineMaterials/Substrate/Glints2/dict_0006_0016.uasset" 10536
"../../../Engine/Content/EngineMaterials/Substrate/Glints2/dict_0006_0014.uasset" 10537
"/Engine/EngineMaterials/Substrate/Glints2/dict_0006_0000" 10538
"../../../Engine/Content/EngineMaterials/Substrate/Glints2/dict_0006_0021.uasset" 10539
"../../../Engine/Content/EngineMaterials/Substrate/Glints2/dict_0006_0020.uasset" 10540
"../../../Engine/Content/EngineMaterials/Substrate/Glints2/dict_0006_0022.uasset" 10541
"../../../Engine/Content/EngineMaterials/Substrate/Glints2/dict_0006_0023.uasset" 10542
"../../../Engine/Content/EngineMaterials/Substrate/Glints2/dict_0006_0025.uasset" 10543
"../../../Engine/Content/EngineMaterials/Substrate/Glints2/dict_0006_0024.uasset" 10544
"../../../Engine/Content/EngineMaterials/Substrate/Glints2/dict_0006_0026.uasset" 10545
"../../../Engine/Content/EngineMaterials/Substrate/Glints2/dict_0006_0027.uasset" 10546
"/Engine/EngineMaterials/Substrate/Glints2/dict_0005_0255" 10547
"/Engine/EngineMaterials/Substrate/Glints2/dict_0005_0254" 10548
"/Engine/EngineMaterials/Substrate/Glints2/dict_0005_0253" 10549
"/Engine/EngineMaterials/Substrate/Glints2/dict_0005_0252" 10550
"../../../Engine/Content/EngineMaterials/Substrate/Glints2/dict_0006_0028.uasset" 10551
"../../../Engine/Content/EngineMaterials/Substrate/Glints2/dict_0006_0029.uasset" 10552
"../../../Engine/Content/EngineMaterials/Substrate/Glints2/dict_0006_0030.uasset" 10553
"/Engine/EngineMaterials/Substrate/Glints2/dict_0006_0027" 10554
"../../../Engine/Content/EngineMaterials/Substrate/Glints2/dict_0006_0032.uasset" 10555
"../../../Engine/Content/EngineMaterials/Substrate/Glints2/dict_0006_0031.uasset" 10556
"../../../Engine/Content/EngineMaterials/Substrate/Glints2/dict_0006_0033.uasset" 10557
"/Engine/EngineMaterials/Substrate/Glints2/dict_0006_0026" 10558
"/Engine/EngineMaterials/Substrate/Glints2/dict_0006_0025" 10559
"/Engine/EngineMaterials/Substrate/Glints2/dict_0006_0024" 10560
"/Engine/EngineMaterials/Substrate/Glints2/dict_0006_0023" 10561
"/Engine/EngineMaterials/Substrate/Glints2/dict_0006_0022" 10562
"/Engine/EngineMaterials/Substrate/Glints2/dict_0006_0021" 10563
"/Engine/EngineMaterials/Substrate/Glints2/dict_0006_0020" 10564
"/Engine/EngineMaterials/Substrate/Glints2/dict_0006_0019" 10565
"/Engine/EngineMaterials/Substrate/Glints2/dict_0006_0018" 10566
"/Engine/EngineMaterials/Substrate/Glints2/dict_0006_0017" 10567
"/Engine/EngineMaterials/Substrate/Glints2/dict_0006_0016" 10568
"/Engine/EngineMaterials/Substrate/Glints2/dict_0006_0015" 10569
"/Engine/EngineMaterials/Substrate/Glints2/dict_0006_0014" 10570
"/Engine/EngineMaterials/Substrate/Glints2/dict_0006_0013" 10571
"/Engine/EngineMaterials/Substrate/Glints2/dict_0006_0012" 10572
"/Engine/EngineMaterials/Substrate/Glints2/dict_0006_0011" 10573
"/Engine/EngineMaterials/Substrate/Glints2/dict_0006_0010" 10574
"/Engine/EngineMaterials/Substrate/Glints2/dict_0006_0009" 10575
"/Engine/EngineMaterials/Substrate/Glints2/dict_0006_0008" 10576
"/Engine/EngineMaterials/Substrate/Glints2/dict_0006_0007" 10577
"/Engine/EngineMaterials/Substrate/Glints2/dict_0006_0006" 10578
"/Engine/EngineMaterials/Substrate/Glints2/dict_0006_0005" 10579
"/Engine/EngineMaterials/Substrate/Glints2/dict_0006_0004" 10580
"/Engine/EngineMaterials/Substrate/Glints2/dict_0006_0003" 10581
"/Engine/EngineMaterials/Substrate/Glints2/dict_0006_0002" 10582
"/Engine/EngineMaterials/Substrate/Glints2/dict_0006_0033" 10583
"../../../Engine/Content/EngineMaterials/Substrate/Glints2/dict_0006_0034.uasset" 10584
"../../../Engine/Content/EngineMaterials/Substrate/Glints2/dict_0006_0041.uasset" 10585
"../../../Engine/Content/EngineMaterials/Substrate/Glints2/dict_0006_0044.uasset" 10586
"../../../Engine/Content/EngineMaterials/Substrate/Glints2/dict_0006_0051.uasset" 10587
"../../../Engine/Content/EngineMaterials/Substrate/Glints2/dict_0006_0042.uasset" 10588
"../../../Engine/Content/EngineMaterials/Substrate/Glints2/dict_0006_0035.uasset" 10589
"../../../Engine/Content/EngineMaterials/Substrate/Glints2/dict_0006_0043.uasset" 10590
"../../../Engine/Content/EngineMaterials/Substrate/Glints2/dict_0006_0036.uasset" 10591
"../../../Engine/Content/EngineMaterials/Substrate/Glints2/dict_0006_0047.uasset" 10592
"../../../Engine/Content/EngineMaterials/Substrate/Glints2/dict_0006_0046.uasset" 10593
"../../../Engine/Content/EngineMaterials/Substrate/Glints2/dict_0006_0039.uasset" 10594
"../../../Engine/Content/EngineMaterials/Substrate/Glints2/dict_0006_0038.uasset" 10595
"../../../Engine/Content/EngineMaterials/Substrate/Glints2/dict_0006_0045.uasset" 10596
"../../../Engine/Content/EngineMaterials/Substrate/Glints2/dict_0006_0040.uasset" 10597
"../../../Engine/Content/EngineMaterials/Substrate/Glints2/dict_0006_0037.uasset" 10598
"../../../Engine/Content/EngineMaterials/Substrate/Glints2/dict_0006_0052.uasset" 10599
"../../../Engine/Content/EngineMaterials/Substrate/Glints2/dict_0006_0049.uasset" 10600
"/Engine/EngineMaterials/Substrate/Glints2/dict_0006_0032" 10601
"../../../Engine/Content/EngineMaterials/Substrate/Glints2/dict_0006_0054.uasset" 10602
"../../../Engine/Content/EngineMaterials/Substrate/Glints2/dict_0006_0053.uasset" 10603
"../../../Engine/Content/EngineMaterials/Substrate/Glints2/dict_0006_0050.uasset" 10604
"../../../Engine/Content/EngineMaterials/Substrate/Glints2/dict_0006_0048.uasset" 10605
"../../../Engine/Content/EngineMaterials/Substrate/Glints2/dict_0006_0057.uasset" 10606
"../../../Engine/Content/EngineMaterials/Substrate/Glints2/dict_0006_0056.uasset" 10607
"../../../Engine/Content/EngineMaterials/Substrate/Glints2/dict_0006_0058.uasset" 10608
"../../../Engine/Content/EngineMaterials/Substrate/Glints2/dict_0006_0055.uasset" 10609
"../../../Engine/Content/EngineMaterials/Substrate/Glints2/dict_0006_0059.uasset" 10610
"/Engine/EngineMaterials/Substrate/Glints2/dict_0006_0031" 10611
"/Engine/EngineMaterials/Substrate/Glints2/dict_0006_0030" 10612
"/Engine/EngineMaterials/Substrate/Glints2/dict_0006_0029" 10613
"/Engine/EngineMaterials/Substrate/Glints2/dict_0006_0028" 10614
"/Engine/EngineMaterials/Substrate/Glints2/dict_0006_0059" 10615
"../../../Engine/Content/EngineMaterials/Substrate/Glints2/dict_0006_0060.uasset" 10616
"../../../Engine/Content/EngineMaterials/Substrate/Glints2/dict_0006_0061.uasset" 10617
"../../../Engine/Content/EngineMaterials/Substrate/Glints2/dict_0006_0062.uasset" 10618
"../../../Engine/Content/EngineMaterials/Substrate/Glints2/dict_0006_0065.uasset" 10619
"../../../Engine/Content/EngineMaterials/Substrate/Glints2/dict_0006_0063.uasset" 10620
"../../../Engine/Content/EngineMaterials/Substrate/Glints2/dict_0006_0064.uasset" 10621
"/Engine/EngineMaterials/Substrate/Glints2/dict_0006_0058" 10622
"/Engine/EngineMaterials/Substrate/Glints2/dict_0006_0057" 10623
"/Engine/EngineMaterials/Substrate/Glints2/dict_0006_0056" 10624
"/Engine/EngineMaterials/Substrate/Glints2/dict_0006_0055" 10625
"/Engine/EngineMaterials/Substrate/Glints2/dict_0006_0054" 10626
"/Engine/EngineMaterials/Substrate/Glints2/dict_0006_0053" 10627
"/Engine/EngineMaterials/Substrate/Glints2/dict_0006_0052" 10628
"/Engine/EngineMaterials/Substrate/Glints2/dict_0006_0051" 10629
"/Engine/EngineMaterials/Substrate/Glints2/dict_0006_0050" 10630
"/Engine/EngineMaterials/Substrate/Glints2/dict_0006_0049" 10631
"/Engine/EngineMaterials/Substrate/Glints2/dict_0006_0048" 10632
"/Engine/EngineMaterials/Substrate/Glints2/dict_0006_0047" 10633
"/Engine/EngineMaterials/Substrate/Glints2/dict_0006_0046" 10634
"/Engine/EngineMaterials/Substrate/Glints2/dict_0006_0045" 10635
"/Engine/EngineMaterials/Substrate/Glints2/dict_0006_0044" 10636
"/Engine/EngineMaterials/Substrate/Glints2/dict_0006_0043" 10637
"/Engine/EngineMaterials/Substrate/Glints2/dict_0006_0042" 10638
"/Engine/EngineMaterials/Substrate/Glints2/dict_0006_0041" 10639
"/Engine/EngineMaterials/Substrate/Glints2/dict_0006_0040" 10640
"/Engine/EngineMaterials/Substrate/Glints2/dict_0006_0039" 10641
"/Engine/EngineMaterials/Substrate/Glints2/dict_0006_0038" 10642
"/Engine/EngineMaterials/Substrate/Glints2/dict_0006_0037" 10643
"/Engine/EngineMaterials/Substrate/Glints2/dict_0006_0036" 10644
"/Engine/EngineMaterials/Substrate/Glints2/dict_0006_0035" 10645
"/Engine/EngineMaterials/Substrate/Glints2/dict_0006_0034" 10646
"/Engine/EngineMaterials/Substrate/Glints2/dict_0006_0065" 10647
"../../../Engine/Content/EngineMaterials/Substrate/Glints2/dict_0006_0066.uasset" 10648
"../../../Engine/Content/EngineMaterials/Substrate/Glints2/dict_0006_0068.uasset" 10649
"../../../Engine/Content/EngineMaterials/Substrate/Glints2/dict_0006_0069.uasset" 10650
"../../../Engine/Content/EngineMaterials/Substrate/Glints2/dict_0006_0067.uasset" 10651
"../../../Engine/Content/EngineMaterials/Substrate/Glints2/dict_0006_0071.uasset" 10652
"../../../Engine/Content/EngineMaterials/Substrate/Glints2/dict_0006_0073.uasset" 10653
"../../../Engine/Content/EngineMaterials/Substrate/Glints2/dict_0006_0070.uasset" 10654
"../../../Engine/Content/EngineMaterials/Substrate/Glints2/dict_0006_0076.uasset" 10655
"../../../Engine/Content/EngineMaterials/Substrate/Glints2/dict_0006_0080.uasset" 10656
"../../../Engine/Content/EngineMaterials/Substrate/Glints2/dict_0006_0078.uasset" 10657
"../../../Engine/Content/EngineMaterials/Substrate/Glints2/dict_0006_0082.uasset" 10658
"../../../Engine/Content/EngineMaterials/Substrate/Glints2/dict_0006_0072.uasset" 10659
"../../../Engine/Content/EngineMaterials/Substrate/Glints2/dict_0006_0083.uasset" 10660
"../../../Engine/Content/EngineMaterials/Substrate/Glints2/dict_0006_0079.uasset" 10661
"../../../Engine/Content/EngineMaterials/Substrate/Glints2/dict_0006_0074.uasset" 10662
"../../../Engine/Content/EngineMaterials/Substrate/Glints2/dict_0006_0077.uasset" 10663
"../../../Engine/Content/EngineMaterials/Substrate/Glints2/dict_0006_0081.uasset" 10664
"../../../Engine/Content/EngineMaterials/Substrate/Glints2/dict_0006_0084.uasset" 10665
"../../../Engine/Content/EngineMaterials/Substrate/Glints2/dict_0006_0085.uasset" 10666
"/Engine/EngineMaterials/Substrate/Glints2/dict_0006_0064" 10667
"../../../Engine/Content/EngineMaterials/Substrate/Glints2/dict_0006_0088.uasset" 10668
"../../../Engine/Content/EngineMaterials/Substrate/Glints2/dict_0006_0087.uasset" 10669
"../../../Engine/Content/EngineMaterials/Substrate/Glints2/dict_0006_0090.uasset" 10670
"../../../Engine/Content/EngineMaterials/Substrate/Glints2/dict_0006_0075.uasset" 10671
"../../../Engine/Content/EngineMaterials/Substrate/Glints2/dict_0006_0091.uasset" 10672
"../../../Engine/Content/EngineMaterials/Substrate/Glints2/dict_0006_0089.uasset" 10673
"../../../Engine/Content/EngineMaterials/Substrate/Glints2/dict_0006_0086.uasset" 10674
"/Engine/EngineMaterials/Substrate/Glints2/dict_0006_0063" 10675
"/Engine/EngineMaterials/Substrate/Glints2/dict_0006_0062" 10676
"/Engine/EngineMaterials/Substrate/Glints2/dict_0006_0061" 10677
"/Engine/EngineMaterials/Substrate/Glints2/dict_0006_0060" 10678
"/Engine/EngineMaterials/Substrate/Glints2/dict_0006_0091" 10679
"../../../Engine/Content/EngineMaterials/Substrate/Glints2/dict_0006_0094.uasset" 10680
"../../../Engine/Content/EngineMaterials/Substrate/Glints2/dict_0006_0092.uasset" 10681
"../../../Engine/Content/EngineMaterials/Substrate/Glints2/dict_0006_0095.uasset" 10682
"../../../Engine/Content/EngineMaterials/Substrate/Glints2/dict_0006_0096.uasset" 10683
"../../../Engine/Content/EngineMaterials/Substrate/Glints2/dict_0006_0097.uasset" 10684
"/Engine/EngineMaterials/Substrate/Glints2/dict_0006_0090" 10685
"../../../Engine/Content/EngineMaterials/Substrate/Glints2/dict_0006_0093.uasset" 10686
"/Engine/EngineMaterials/Substrate/Glints2/dict_0006_0089" 10687
"/Engine/EngineMaterials/Substrate/Glints2/dict_0006_0088" 10688
"/Engine/EngineMaterials/Substrate/Glints2/dict_0006_0087" 10689
"/Engine/EngineMaterials/Substrate/Glints2/dict_0006_0086" 10690
"/Engine/EngineMaterials/Substrate/Glints2/dict_0006_0085" 10691
"/Engine/EngineMaterials/Substrate/Glints2/dict_0006_0084" 10692
"/Engine/EngineMaterials/Substrate/Glints2/dict_0006_0083" 10693
"/Engine/EngineMaterials/Substrate/Glints2/dict_0006_0082" 10694
"/Engine/EngineMaterials/Substrate/Glints2/dict_0006_0081" 10695
"/Engine/EngineMaterials/Substrate/Glints2/dict_0006_0080" 10696
"/Engine/EngineMaterials/Substrate/Glints2/dict_0006_0079" 10697
"/Engine/EngineMaterials/Substrate/Glints2/dict_0006_0078" 10698
"/Engine/EngineMaterials/Substrate/Glints2/dict_0006_0077" 10699
"/Engine/EngineMaterials/Substrate/Glints2/dict_0006_0076" 10700
"/Engine/EngineMaterials/Substrate/Glints2/dict_0006_0075" 10701
"/Engine/EngineMaterials/Substrate/Glints2/dict_0006_0074" 10702
"/Engine/EngineMaterials/Substrate/Glints2/dict_0006_0073" 10703
"/Engine/EngineMaterials/Substrate/Glints2/dict_0006_0072" 10704
"/Engine/EngineMaterials/Substrate/Glints2/dict_0006_0071" 10705
"/Engine/EngineMaterials/Substrate/Glints2/dict_0006_0070" 10706
"/Engine/EngineMaterials/Substrate/Glints2/dict_0006_0069" 10707
"/Engine/EngineMaterials/Substrate/Glints2/dict_0006_0068" 10708
"/Engine/EngineMaterials/Substrate/Glints2/dict_0006_0067" 10709
"/Engine/EngineMaterials/Substrate/Glints2/dict_0006_0066" 10710
"/Engine/EngineMaterials/Substrate/Glints2/dict_0006_0097" 10711
"../../../Engine/Content/EngineMaterials/Substrate/Glints2/dict_0006_0098.uasset" 10712
"../../../Engine/Content/EngineMaterials/Substrate/Glints2/dict_0006_0101.uasset" 10713
"../../../Engine/Content/EngineMaterials/Substrate/Glints2/dict_0006_0102.uasset" 10714
"../../../Engine/Content/EngineMaterials/Substrate/Glints2/dict_0006_0109.uasset" 10715
"../../../Engine/Content/EngineMaterials/Substrate/Glints2/dict_0006_0105.uasset" 10716
"../../../Engine/Content/EngineMaterials/Substrate/Glints2/dict_0006_0108.uasset" 10717
"../../../Engine/Content/EngineMaterials/Substrate/Glints2/dict_0006_0099.uasset" 10718
"../../../Engine/Content/EngineMaterials/Substrate/Glints2/dict_0006_0107.uasset" 10719
"../../../Engine/Content/EngineMaterials/Substrate/Glints2/dict_0006_0100.uasset" 10720
"../../../Engine/Content/EngineMaterials/Substrate/Glints2/dict_0006_0106.uasset" 10721
"../../../Engine/Content/EngineMaterials/Substrate/Glints2/dict_0006_0104.uasset" 10722
"../../../Engine/Content/EngineMaterials/Substrate/Glints2/dict_0006_0103.uasset" 10723
"../../../Engine/Content/EngineMaterials/Substrate/Glints2/dict_0006_0111.uasset" 10724
"../../../Engine/Content/EngineMaterials/Substrate/Glints2/dict_0006_0112.uasset" 10725
"../../../Engine/Content/EngineMaterials/Substrate/Glints2/dict_0006_0113.uasset" 10726
"../../../Engine/Content/EngineMaterials/Substrate/Glints2/dict_0006_0110.uasset" 10727
"../../../Engine/Content/EngineMaterials/Substrate/Glints2/dict_0006_0114.uasset" 10728
"../../../Engine/Content/EngineMaterials/Substrate/Glints2/dict_0006_0117.uasset" 10729
"../../../Engine/Content/EngineMaterials/Substrate/Glints2/dict_0006_0115.uasset" 10730
"/Engine/EngineMaterials/Substrate/Glints2/dict_0006_0096" 10731
"../../../Engine/Content/EngineMaterials/Substrate/Glints2/dict_0006_0118.uasset" 10732
"../../../Engine/Content/EngineMaterials/Substrate/Glints2/dict_0006_0120.uasset" 10733
"../../../Engine/Content/EngineMaterials/Substrate/Glints2/dict_0006_0116.uasset" 10734
"../../../Engine/Content/EngineMaterials/Substrate/Glints2/dict_0006_0119.uasset" 10735
"../../../Engine/Content/EngineMaterials/Substrate/Glints2/dict_0006_0122.uasset" 10736
"../../../Engine/Content/EngineMaterials/Substrate/Glints2/dict_0006_0121.uasset" 10737
"../../../Engine/Content/EngineMaterials/Substrate/Glints2/dict_0006_0123.uasset" 10738
"/Engine/EngineMaterials/Substrate/Glints2/dict_0006_0095" 10739
"/Engine/EngineMaterials/Substrate/Glints2/dict_0006_0094" 10740
"/Engine/EngineMaterials/Substrate/Glints2/dict_0006_0093" 10741
"/Engine/EngineMaterials/Substrate/Glints2/dict_0006_0092" 10742
"/Engine/EngineMaterials/Substrate/Glints2/dict_0006_0123" 10743
"../../../Engine/Content/EngineMaterials/Substrate/Glints2/dict_0006_0125.uasset" 10744
"../../../Engine/Content/EngineMaterials/Substrate/Glints2/dict_0006_0124.uasset" 10745
"../../../Engine/Content/EngineMaterials/Substrate/Glints2/dict_0006_0126.uasset" 10746
"../../../Engine/Content/EngineMaterials/Substrate/Glints2/dict_0006_0127.uasset" 10747
"../../../Engine/Content/EngineMaterials/Substrate/Glints2/dict_0006_0129.uasset" 10748
"../../../Engine/Content/EngineMaterials/Substrate/Glints2/dict_0006_0128.uasset" 10749
"/Engine/EngineMaterials/Substrate/Glints2/dict_0006_0122" 10750
"/Engine/EngineMaterials/Substrate/Glints2/dict_0006_0121" 10751
"/Engine/EngineMaterials/Substrate/Glints2/dict_0006_0120" 10752
"/Engine/EngineMaterials/Substrate/Glints2/dict_0006_0119" 10753
"/Engine/EngineMaterials/Substrate/Glints2/dict_0006_0118" 10754
"/Engine/EngineMaterials/Substrate/Glints2/dict_0006_0117" 10755
"/Engine/EngineMaterials/Substrate/Glints2/dict_0006_0116" 10756
"/Engine/EngineMaterials/Substrate/Glints2/dict_0006_0115" 10757
"/Engine/EngineMaterials/Substrate/Glints2/dict_0006_0114" 10758
"/Engine/EngineMaterials/Substrate/Glints2/dict_0006_0113" 10759
"/Engine/EngineMaterials/Substrate/Glints2/dict_0006_0112" 10760
"/Engine/EngineMaterials/Substrate/Glints2/dict_0006_0111" 10761
"/Engine/EngineMaterials/Substrate/Glints2/dict_0006_0110" 10762
"/Engine/EngineMaterials/Substrate/Glints2/dict_0006_0109" 10763
"/Engine/EngineMaterials/Substrate/Glints2/dict_0006_0108" 10764
"/Engine/EngineMaterials/Substrate/Glints2/dict_0006_0107" 10765
"/Engine/EngineMaterials/Substrate/Glints2/dict_0006_0106" 10766
"/Engine/EngineMaterials/Substrate/Glints2/dict_0006_0105" 10767
"/Engine/EngineMaterials/Substrate/Glints2/dict_0006_0104" 10768
"/Engine/EngineMaterials/Substrate/Glints2/dict_0006_0103" 10769
"/Engine/EngineMaterials/Substrate/Glints2/dict_0006_0102" 10770
"/Engine/EngineMaterials/Substrate/Glints2/dict_0006_0101" 10771
"/Engine/EngineMaterials/Substrate/Glints2/dict_0006_0100" 10772
"/Engine/EngineMaterials/Substrate/Glints2/dict_0006_0099" 10773
"/Engine/EngineMaterials/Substrate/Glints2/dict_0006_0098" 10774
"/Engine/EngineMaterials/Substrate/Glints2/dict_0006_0129" 10775
"../../../Engine/Content/EngineMaterials/Substrate/Glints2/dict_0006_0130.uasset" 10776
"../../../Engine/Content/EngineMaterials/Substrate/Glints2/dict_0006_0134.uasset" 10777
"../../../Engine/Content/EngineMaterials/Substrate/Glints2/dict_0006_0137.uasset" 10778
"../../../Engine/Content/EngineMaterials/Substrate/Glints2/dict_0006_0138.uasset" 10779
"../../../Engine/Content/EngineMaterials/Substrate/Glints2/dict_0006_0140.uasset" 10780
"../../../Engine/Content/EngineMaterials/Substrate/Glints2/dict_0006_0135.uasset" 10781
"../../../Engine/Content/EngineMaterials/Substrate/Glints2/dict_0006_0132.uasset" 10782
"../../../Engine/Content/EngineMaterials/Substrate/Glints2/dict_0006_0136.uasset" 10783
"../../../Engine/Content/EngineMaterials/Substrate/Glints2/dict_0006_0139.uasset" 10784
"../../../Engine/Content/EngineMaterials/Substrate/Glints2/dict_0006_0147.uasset" 10785
"../../../Engine/Content/EngineMaterials/Substrate/Glints2/dict_0006_0131.uasset" 10786
"../../../Engine/Content/EngineMaterials/Substrate/Glints2/dict_0006_0142.uasset" 10787
"../../../Engine/Content/EngineMaterials/Substrate/Glints2/dict_0006_0146.uasset" 10788
"../../../Engine/Content/EngineMaterials/Substrate/Glints2/dict_0006_0145.uasset" 10789
"../../../Engine/Content/EngineMaterials/Substrate/Glints2/dict_0006_0143.uasset" 10790
"../../../Engine/Content/EngineMaterials/Substrate/Glints2/dict_0006_0141.uasset" 10791
"../../../Engine/Content/EngineMaterials/Substrate/Glints2/dict_0006_0148.uasset" 10792
"../../../Engine/Content/EngineMaterials/Substrate/Glints2/dict_0006_0144.uasset" 10793
"/Engine/EngineMaterials/Substrate/Glints2/dict_0006_0128" 10794
"../../../Engine/Content/EngineMaterials/Substrate/Glints2/dict_0006_0150.uasset" 10795
"../../../Engine/Content/EngineMaterials/Substrate/Glints2/dict_0006_0133.uasset" 10796
"../../../Engine/Content/EngineMaterials/Substrate/Glints2/dict_0006_0149.uasset" 10797
"../../../Engine/Content/EngineMaterials/Substrate/Glints2/dict_0006_0151.uasset" 10798
"../../../Engine/Content/EngineMaterials/Substrate/Glints2/dict_0006_0152.uasset" 10799
"../../../Engine/Content/EngineMaterials/Substrate/Glints2/dict_0006_0153.uasset" 10800
"../../../Engine/Content/EngineMaterials/Substrate/Glints2/dict_0006_0154.uasset" 10801
"../../../Engine/Content/EngineMaterials/Substrate/Glints2/dict_0006_0155.uasset" 10802
"/Engine/EngineMaterials/Substrate/Glints2/dict_0006_0127" 10803
"/Engine/EngineMaterials/Substrate/Glints2/dict_0006_0126" 10804
"/Engine/EngineMaterials/Substrate/Glints2/dict_0006_0125" 10805
"/Engine/EngineMaterials/Substrate/Glints2/dict_0006_0124" 10806
"/Engine/EngineMaterials/Substrate/Glints2/dict_0006_0155" 10807
"../../../Engine/Content/EngineMaterials/Substrate/Glints2/dict_0006_0157.uasset" 10808
"../../../Engine/Content/EngineMaterials/Substrate/Glints2/dict_0006_0158.uasset" 10809
"../../../Engine/Content/EngineMaterials/Substrate/Glints2/dict_0006_0156.uasset" 10810
"../../../Engine/Content/EngineMaterials/Substrate/Glints2/dict_0006_0159.uasset" 10811
"../../../Engine/Content/EngineMaterials/Substrate/Glints2/dict_0006_0160.uasset" 10812
"../../../Engine/Content/EngineMaterials/Substrate/Glints2/dict_0006_0161.uasset" 10813
"/Engine/EngineMaterials/Substrate/Glints2/dict_0006_0154" 10814
"/Engine/EngineMaterials/Substrate/Glints2/dict_0006_0153" 10815
"/Engine/EngineMaterials/Substrate/Glints2/dict_0006_0152" 10816
"/Engine/EngineMaterials/Substrate/Glints2/dict_0006_0151" 10817
"/Engine/EngineMaterials/Substrate/Glints2/dict_0006_0150" 10818
"/Engine/EngineMaterials/Substrate/Glints2/dict_0006_0149" 10819
"/Engine/EngineMaterials/Substrate/Glints2/dict_0006_0148" 10820
"/Engine/EngineMaterials/Substrate/Glints2/dict_0006_0147" 10821
"/Engine/EngineMaterials/Substrate/Glints2/dict_0006_0146" 10822
"/Engine/EngineMaterials/Substrate/Glints2/dict_0006_0145" 10823
"/Engine/EngineMaterials/Substrate/Glints2/dict_0006_0144" 10824
"/Engine/EngineMaterials/Substrate/Glints2/dict_0006_0143" 10825
"/Engine/EngineMaterials/Substrate/Glints2/dict_0006_0142" 10826
"/Engine/EngineMaterials/Substrate/Glints2/dict_0006_0141" 10827
"/Engine/EngineMaterials/Substrate/Glints2/dict_0006_0140" 10828
"/Engine/EngineMaterials/Substrate/Glints2/dict_0006_0139" 10829
"/Engine/EngineMaterials/Substrate/Glints2/dict_0006_0138" 10830
"/Engine/EngineMaterials/Substrate/Glints2/dict_0006_0137" 10831
"/Engine/EngineMaterials/Substrate/Glints2/dict_0006_0136" 10832
"/Engine/EngineMaterials/Substrate/Glints2/dict_0006_0135" 10833
"/Engine/EngineMaterials/Substrate/Glints2/dict_0006_0134" 10834
"/Engine/EngineMaterials/Substrate/Glints2/dict_0006_0133" 10835
"/Engine/EngineMaterials/Substrate/Glints2/dict_0006_0132" 10836
"/Engine/EngineMaterials/Substrate/Glints2/dict_0006_0131" 10837
"/Engine/EngineMaterials/Substrate/Glints2/dict_0006_0130" 10838
"../../../Engine/Content/EngineMaterials/Substrate/Glints2/dict_0006_0162.uasset" 10839
"/Engine/EngineMaterials/Substrate/Glints2/dict_0006_0161" 10840
"../../../Engine/Content/EngineMaterials/Substrate/Glints2/dict_0006_0165.uasset" 10841
"../../../Engine/Content/EngineMaterials/Substrate/Glints2/dict_0006_0163.uasset" 10842
"../../../Engine/Content/EngineMaterials/Substrate/Glints2/dict_0006_0169.uasset" 10843
"../../../Engine/Content/EngineMaterials/Substrate/Glints2/dict_0006_0164.uasset" 10844
"../../../Engine/Content/EngineMaterials/Substrate/Glints2/dict_0006_0166.uasset" 10845
"../../../Engine/Content/EngineMaterials/Substrate/Glints2/dict_0006_0168.uasset" 10846
"../../../Engine/Content/EngineMaterials/Substrate/Glints2/dict_0006_0174.uasset" 10847
"../../../Engine/Content/EngineMaterials/Substrate/Glints2/dict_0006_0170.uasset" 10848
"../../../Engine/Content/EngineMaterials/Substrate/Glints2/dict_0006_0180.uasset" 10849
"../../../Engine/Content/EngineMaterials/Substrate/Glints2/dict_0006_0176.uasset" 10850
"../../../Engine/Content/EngineMaterials/Substrate/Glints2/dict_0006_0177.uasset" 10851
"../../../Engine/Content/EngineMaterials/Substrate/Glints2/dict_0006_0171.uasset" 10852
"/Engine/EngineMaterials/Substrate/Glints2/dict_0006_0160" 10853
"../../../Engine/Content/EngineMaterials/Substrate/Glints2/dict_0006_0167.uasset" 10854
"../../../Engine/Content/EngineMaterials/Substrate/Glints2/dict_0006_0181.uasset" 10855
"../../../Engine/Content/EngineMaterials/Substrate/Glints2/dict_0006_0178.uasset" 10856
"../../../Engine/Content/EngineMaterials/Substrate/Glints2/dict_0006_0179.uasset" 10857
"../../../Engine/Content/EngineMaterials/Substrate/Glints2/dict_0006_0172.uasset" 10858
"../../../Engine/Content/EngineMaterials/Substrate/Glints2/dict_0006_0173.uasset" 10859
"../../../Engine/Content/EngineMaterials/Substrate/Glints2/dict_0006_0182.uasset" 10860
"../../../Engine/Content/EngineMaterials/Substrate/Glints2/dict_0006_0175.uasset" 10861
"../../../Engine/Content/EngineMaterials/Substrate/Glints2/dict_0006_0186.uasset" 10862
"../../../Engine/Content/EngineMaterials/Substrate/Glints2/dict_0006_0184.uasset" 10863
"../../../Engine/Content/EngineMaterials/Substrate/Glints2/dict_0006_0185.uasset" 10864
"../../../Engine/Content/EngineMaterials/Substrate/Glints2/dict_0006_0187.uasset" 10865
"/Engine/EngineMaterials/Substrate/Glints2/dict_0006_0159" 10866
"../../../Engine/Content/EngineMaterials/Substrate/Glints2/dict_0006_0183.uasset" 10867
"/Engine/EngineMaterials/Substrate/Glints2/dict_0006_0158" 10868
"/Engine/EngineMaterials/Substrate/Glints2/dict_0006_0157" 10869
"/Engine/EngineMaterials/Substrate/Glints2/dict_0006_0156" 10870
"../../../Engine/Content/EngineMaterials/Substrate/Glints2/dict_0006_0189.uasset" 10871
"../../../Engine/Content/EngineMaterials/Substrate/Glints2/dict_0006_0190.uasset" 10872
"/Engine/EngineMaterials/Substrate/Glints2/dict_0006_0187" 10873
"../../../Engine/Content/EngineMaterials/Substrate/Glints2/dict_0006_0188.uasset" 10874
"../../../Engine/Content/EngineMaterials/Substrate/Glints2/dict_0006_0191.uasset" 10875
"../../../Engine/Content/EngineMaterials/Substrate/Glints2/dict_0006_0193.uasset" 10876
"../../../Engine/Content/EngineMaterials/Substrate/Glints2/dict_0006_0192.uasset" 10877
"/Engine/EngineMaterials/Substrate/Glints2/dict_0006_0186" 10878
"/Engine/EngineMaterials/Substrate/Glints2/dict_0006_0185" 10879
"/Engine/EngineMaterials/Substrate/Glints2/dict_0006_0184" 10880
"/Engine/EngineMaterials/Substrate/Glints2/dict_0006_0183" 10881
"/Engine/EngineMaterials/Substrate/Glints2/dict_0006_0182" 10882
"/Engine/EngineMaterials/Substrate/Glints2/dict_0006_0181" 10883
"/Engine/EngineMaterials/Substrate/Glints2/dict_0006_0180" 10884
"/Engine/EngineMaterials/Substrate/Glints2/dict_0006_0179" 10885
"/Engine/EngineMaterials/Substrate/Glints2/dict_0006_0178" 10886
"/Engine/EngineMaterials/Substrate/Glints2/dict_0006_0177" 10887
"/Engine/EngineMaterials/Substrate/Glints2/dict_0006_0176" 10888
"/Engine/EngineMaterials/Substrate/Glints2/dict_0006_0175" 10889
"/Engine/EngineMaterials/Substrate/Glints2/dict_0006_0174" 10890
"/Engine/EngineMaterials/Substrate/Glints2/dict_0006_0173" 10891
"/Engine/EngineMaterials/Substrate/Glints2/dict_0006_0172" 10892
"/Engine/EngineMaterials/Substrate/Glints2/dict_0006_0171" 10893
"/Engine/EngineMaterials/Substrate/Glints2/dict_0006_0170" 10894
"/Engine/EngineMaterials/Substrate/Glints2/dict_0006_0169" 10895
"/Engine/EngineMaterials/Substrate/Glints2/dict_0006_0168" 10896
"/Engine/EngineMaterials/Substrate/Glints2/dict_0006_0167" 10897
"/Engine/EngineMaterials/Substrate/Glints2/dict_0006_0166" 10898
"/Engine/EngineMaterials/Substrate/Glints2/dict_0006_0165" 10899
"/Engine/EngineMaterials/Substrate/Glints2/dict_0006_0164" 10900
"/Engine/EngineMaterials/Substrate/Glints2/dict_0006_0163" 10901
"/Engine/EngineMaterials/Substrate/Glints2/dict_0006_0162" 10902
"../../../Engine/Content/EngineMaterials/Substrate/Glints2/dict_0006_0194.uasset" 10903
"/Engine/EngineMaterials/Substrate/Glints2/dict_0006_0193" 10904
"../../../Engine/Content/EngineMaterials/Substrate/Glints2/dict_0006_0206.uasset" 10905
"../../../Engine/Content/EngineMaterials/Substrate/Glints2/dict_0006_0198.uasset" 10906
"../../../Engine/Content/EngineMaterials/Substrate/Glints2/dict_0006_0211.uasset" 10907
"../../../Engine/Content/EngineMaterials/Substrate/Glints2/dict_0006_0202.uasset" 10908
"../../../Engine/Content/EngineMaterials/Substrate/Glints2/dict_0006_0201.uasset" 10909
"../../../Engine/Content/EngineMaterials/Substrate/Glints2/dict_0006_0195.uasset" 10910
"../../../Engine/Content/EngineMaterials/Substrate/Glints2/dict_0006_0205.uasset" 10911
"../../../Engine/Content/EngineMaterials/Substrate/Glints2/dict_0006_0200.uasset" 10912
"../../../Engine/Content/EngineMaterials/Substrate/Glints2/dict_0006_0196.uasset" 10913
"../../../Engine/Content/EngineMaterials/Substrate/Glints2/dict_0006_0203.uasset" 10914
"../../../Engine/Content/EngineMaterials/Substrate/Glints2/dict_0006_0199.uasset" 10915
"../../../Engine/Content/EngineMaterials/Substrate/Glints2/dict_0006_0197.uasset" 10916
"../../../Engine/Content/EngineMaterials/Substrate/Glints2/dict_0006_0209.uasset" 10917
"../../../Engine/Content/EngineMaterials/Substrate/Glints2/dict_0006_0212.uasset" 10918
"../../../Engine/Content/EngineMaterials/Substrate/Glints2/dict_0006_0213.uasset" 10919
"/Engine/EngineMaterials/Substrate/Glints2/dict_0006_0192" 10920
"../../../Engine/Content/EngineMaterials/Substrate/Glints2/dict_0006_0208.uasset" 10921
"../../../Engine/Content/EngineMaterials/Substrate/Glints2/dict_0006_0214.uasset" 10922
"../../../Engine/Content/EngineMaterials/Substrate/Glints2/dict_0006_0210.uasset" 10923
"../../../Engine/Content/EngineMaterials/Substrate/Glints2/dict_0006_0207.uasset" 10924
"../../../Engine/Content/EngineMaterials/Substrate/Glints2/dict_0006_0204.uasset" 10925
"../../../Engine/Content/EngineMaterials/Substrate/Glints2/dict_0006_0217.uasset" 10926
"../../../Engine/Content/EngineMaterials/Substrate/Glints2/dict_0006_0216.uasset" 10927
"../../../Engine/Content/EngineMaterials/Substrate/Glints2/dict_0006_0215.uasset" 10928
"../../../Engine/Content/EngineMaterials/Substrate/Glints2/dict_0006_0218.uasset" 10929
"../../../Engine/Content/EngineMaterials/Substrate/Glints2/dict_0006_0219.uasset" 10930
"/Engine/EngineMaterials/Substrate/Glints2/dict_0006_0191" 10931
"/Engine/EngineMaterials/Substrate/Glints2/dict_0006_0190" 10932
"/Engine/EngineMaterials/Substrate/Glints2/dict_0006_0189" 10933
"/Engine/EngineMaterials/Substrate/Glints2/dict_0006_0188" 10934
"../../../Engine/Content/EngineMaterials/Substrate/Glints2/dict_0006_0220.uasset" 10935
"../../../Engine/Content/EngineMaterials/Substrate/Glints2/dict_0006_0222.uasset" 10936
"../../../Engine/Content/EngineMaterials/Substrate/Glints2/dict_0006_0221.uasset" 10937
"/Engine/EngineMaterials/Substrate/Glints2/dict_0006_0219" 10938
"../../../Engine/Content/EngineMaterials/Substrate/Glints2/dict_0006_0225.uasset" 10939
"../../../Engine/Content/EngineMaterials/Substrate/Glints2/dict_0006_0223.uasset" 10940
"../../../Engine/Content/EngineMaterials/Substrate/Glints2/dict_0006_0224.uasset" 10941
"/Engine/EngineMaterials/Substrate/Glints2/dict_0006_0218" 10942
"/Engine/EngineMaterials/Substrate/Glints2/dict_0006_0217" 10943
"/Engine/EngineMaterials/Substrate/Glints2/dict_0006_0216" 10944
"/Engine/EngineMaterials/Substrate/Glints2/dict_0006_0215" 10945
"/Engine/EngineMaterials/Substrate/Glints2/dict_0006_0214" 10946
"/Engine/EngineMaterials/Substrate/Glints2/dict_0006_0213" 10947
"/Engine/EngineMaterials/Substrate/Glints2/dict_0006_0212" 10948
"/Engine/EngineMaterials/Substrate/Glints2/dict_0006_0211" 10949
"/Engine/EngineMaterials/Substrate/Glints2/dict_0006_0210" 10950
"/Engine/EngineMaterials/Substrate/Glints2/dict_0006_0209" 10951
"/Engine/EngineMaterials/Substrate/Glints2/dict_0006_0208" 10952
"/Engine/EngineMaterials/Substrate/Glints2/dict_0006_0207" 10953
"/Engine/EngineMaterials/Substrate/Glints2/dict_0006_0206" 10954
"/Engine/EngineMaterials/Substrate/Glints2/dict_0006_0205" 10955
"/Engine/EngineMaterials/Substrate/Glints2/dict_0006_0204" 10956
"/Engine/EngineMaterials/Substrate/Glints2/dict_0006_0203" 10957
"/Engine/EngineMaterials/Substrate/Glints2/dict_0006_0202" 10958
"/Engine/EngineMaterials/Substrate/Glints2/dict_0006_0201" 10959
"/Engine/EngineMaterials/Substrate/Glints2/dict_0006_0200" 10960
"/Engine/EngineMaterials/Substrate/Glints2/dict_0006_0199" 10961
"/Engine/EngineMaterials/Substrate/Glints2/dict_0006_0198" 10962
"/Engine/EngineMaterials/Substrate/Glints2/dict_0006_0197" 10963
"/Engine/EngineMaterials/Substrate/Glints2/dict_0006_0196" 10964
"/Engine/EngineMaterials/Substrate/Glints2/dict_0006_0195" 10965
"/Engine/EngineMaterials/Substrate/Glints2/dict_0006_0194" 10966
"../../../Engine/Content/EngineMaterials/Substrate/Glints2/dict_0006_0226.uasset" 10967
"/Engine/EngineMaterials/Substrate/Glints2/dict_0006_0225" 10968
"../../../Engine/Content/EngineMaterials/Substrate/Glints2/dict_0006_0232.uasset" 10969
"../../../Engine/Content/EngineMaterials/Substrate/Glints2/dict_0006_0229.uasset" 10970
"../../../Engine/Content/EngineMaterials/Substrate/Glints2/dict_0006_0235.uasset" 10971
"../../../Engine/Content/EngineMaterials/Substrate/Glints2/dict_0006_0227.uasset" 10972
"../../../Engine/Content/EngineMaterials/Substrate/Glints2/dict_0006_0230.uasset" 10973
"../../../Engine/Content/EngineMaterials/Substrate/Glints2/dict_0006_0231.uasset" 10974
"../../../Engine/Content/EngineMaterials/Substrate/Glints2/dict_0006_0233.uasset" 10975
"../../../Engine/Content/EngineMaterials/Substrate/Glints2/dict_0006_0234.uasset" 10976
"../../../Engine/Content/EngineMaterials/Substrate/Glints2/dict_0006_0228.uasset" 10977
"../../../Engine/Content/EngineMaterials/Substrate/Glints2/dict_0006_0237.uasset" 10978
"../../../Engine/Content/EngineMaterials/Substrate/Glints2/dict_0006_0236.uasset" 10979
"../../../Engine/Content/EngineMaterials/Substrate/Glints2/dict_0006_0238.uasset" 10980
"/Engine/EngineMaterials/Substrate/Glints2/dict_0006_0224" 10981
"../../../Engine/Content/EngineMaterials/Substrate/Glints2/dict_0006_0241.uasset" 10982
"../../../Engine/Content/EngineMaterials/Substrate/Glints2/dict_0006_0239.uasset" 10983
"../../../Engine/Content/EngineMaterials/Substrate/Glints2/dict_0006_0243.uasset" 10984
"../../../Engine/Content/EngineMaterials/Substrate/Glints2/dict_0006_0240.uasset" 10985
"../../../Engine/Content/EngineMaterials/Substrate/Glints2/dict_0006_0246.uasset" 10986
"../../../Engine/Content/EngineMaterials/Substrate/Glints2/dict_0006_0245.uasset" 10987
"../../../Engine/Content/EngineMaterials/Substrate/Glints2/dict_0006_0242.uasset" 10988
"../../../Engine/Content/EngineMaterials/Substrate/Glints2/dict_0006_0244.uasset" 10989
"../../../Engine/Content/EngineMaterials/Substrate/Glints2/dict_0006_0248.uasset" 10990
"/Engine/EngineMaterials/Substrate/Glints2/dict_0006_0223" 10991
"../../../Engine/Content/EngineMaterials/Substrate/Glints2/dict_0006_0247.uasset" 10992
"../../../Engine/Content/EngineMaterials/Substrate/Glints2/dict_0006_0249.uasset" 10993
"../../../Engine/Content/EngineMaterials/Substrate/Glints2/dict_0006_0251.uasset" 10994
"../../../Engine/Content/EngineMaterials/Substrate/Glints2/dict_0006_0250.uasset" 10995
"/Engine/EngineMaterials/Substrate/Glints2/dict_0006_0222" 10996
"/Engine/EngineMaterials/Substrate/Glints2/dict_0006_0221" 10997
"/Engine/EngineMaterials/Substrate/Glints2/dict_0006_0220" 10998
"../../../Engine/Content/EngineMaterials/Substrate/Glints2/dict_0006_0252.uasset" 10999
"../../../Engine/Content/EngineMaterials/Substrate/Glints2/dict_0006_0254.uasset" 11000
"../../../Engine/Content/EngineMaterials/Substrate/Glints2/dict_0006_0253.uasset" 11001
"/Engine/EngineMaterials/Substrate/Glints2/dict_0006_0251" 11002
"../../../Engine/Content/EngineMaterials/Substrate/Glints2/dict_0007_0000.uasset" 11003
"../../../Engine/Content/EngineMaterials/Substrate/Glints2/dict_0006_0255.uasset" 11004
"../../../Engine/Content/EngineMaterials/Substrate/Glints2/dict_0007_0001.uasset" 11005
"/Engine/EngineMaterials/Substrate/Glints2/dict_0006_0250" 11006
"/Engine/EngineMaterials/Substrate/Glints2/dict_0006_0249" 11007
"/Engine/EngineMaterials/Substrate/Glints2/dict_0006_0248" 11008
"/Engine/EngineMaterials/Substrate/Glints2/dict_0006_0247" 11009
"/Engine/EngineMaterials/Substrate/Glints2/dict_0006_0246" 11010
"/Engine/EngineMaterials/Substrate/Glints2/dict_0006_0245" 11011
"/Engine/EngineMaterials/Substrate/Glints2/dict_0006_0244" 11012
"/Engine/EngineMaterials/Substrate/Glints2/dict_0006_0243" 11013
"/Engine/EngineMaterials/Substrate/Glints2/dict_0006_0242" 11014
"/Engine/EngineMaterials/Substrate/Glints2/dict_0006_0241" 11015
"/Engine/EngineMaterials/Substrate/Glints2/dict_0006_0240" 11016
"/Engine/EngineMaterials/Substrate/Glints2/dict_0006_0239" 11017
"/Engine/EngineMaterials/Substrate/Glints2/dict_0006_0238" 11018
"/Engine/EngineMaterials/Substrate/Glints2/dict_0006_0237" 11019
"/Engine/EngineMaterials/Substrate/Glints2/dict_0006_0236" 11020
"/Engine/EngineMaterials/Substrate/Glints2/dict_0006_0235" 11021
"/Engine/EngineMaterials/Substrate/Glints2/dict_0006_0234" 11022
"/Engine/EngineMaterials/Substrate/Glints2/dict_0006_0233" 11023
"/Engine/EngineMaterials/Substrate/Glints2/dict_0006_0232" 11024
"/Engine/EngineMaterials/Substrate/Glints2/dict_0006_0231" 11025
"/Engine/EngineMaterials/Substrate/Glints2/dict_0006_0230" 11026
"/Engine/EngineMaterials/Substrate/Glints2/dict_0006_0229" 11027
"/Engine/EngineMaterials/Substrate/Glints2/dict_0006_0228" 11028
"/Engine/EngineMaterials/Substrate/Glints2/dict_0006_0227" 11029
"/Engine/EngineMaterials/Substrate/Glints2/dict_0006_0226" 11030
"../../../Engine/Content/EngineMaterials/Substrate/Glints2/dict_0007_0002.uasset" 11031
"/Engine/EngineMaterials/Substrate/Glints2/dict_0007_0001" 11032
"../../../Engine/Content/EngineMaterials/Substrate/Glints2/dict_0007_0014.uasset" 11033
"../../../Engine/Content/EngineMaterials/Substrate/Glints2/dict_0007_0010.uasset" 11034
"../../../Engine/Content/EngineMaterials/Substrate/Glints2/dict_0007_0005.uasset" 11035
"../../../Engine/Content/EngineMaterials/Substrate/Glints2/dict_0007_0003.uasset" 11036
"../../../Engine/Content/EngineMaterials/Substrate/Glints2/dict_0007_0006.uasset" 11037
"../../../Engine/Content/EngineMaterials/Substrate/Glints2/dict_0007_0013.uasset" 11038
"../../../Engine/Content/EngineMaterials/Substrate/Glints2/dict_0007_0011.uasset" 11039
"../../../Engine/Content/EngineMaterials/Substrate/Glints2/dict_0007_0004.uasset" 11040
"../../../Engine/Content/EngineMaterials/Substrate/Glints2/dict_0007_0012.uasset" 11041
"../../../Engine/Content/EngineMaterials/Substrate/Glints2/dict_0007_0007.uasset" 11042
"../../../Engine/Content/EngineMaterials/Substrate/Glints2/dict_0007_0008.uasset" 11043
"../../../Engine/Content/EngineMaterials/Substrate/Glints2/dict_0007_0019.uasset" 11044
"../../../Engine/Content/EngineMaterials/Substrate/Glints2/dict_0007_0009.uasset" 11045
"../../../Engine/Content/EngineMaterials/Substrate/Glints2/dict_0007_0016.uasset" 11046
"../../../Engine/Content/EngineMaterials/Substrate/Glints2/dict_0007_0018.uasset" 11047
"../../../Engine/Content/EngineMaterials/Substrate/Glints2/dict_0007_0017.uasset" 11048
"../../../Engine/Content/EngineMaterials/Substrate/Glints2/dict_0007_0020.uasset" 11049
"../../../Engine/Content/EngineMaterials/Substrate/Glints2/dict_0007_0015.uasset" 11050
"../../../Engine/Content/EngineMaterials/Substrate/Glints2/dict_0007_0022.uasset" 11051
"../../../Engine/Content/EngineMaterials/Substrate/Glints2/dict_0007_0021.uasset" 11052
"/Engine/EngineMaterials/Substrate/Glints2/dict_0007_0000" 11053
"../../../Engine/Content/EngineMaterials/Substrate/Glints2/dict_0007_0023.uasset" 11054
"../../../Engine/Content/EngineMaterials/Substrate/Glints2/dict_0007_0026.uasset" 11055
"../../../Engine/Content/EngineMaterials/Substrate/Glints2/dict_0007_0024.uasset" 11056
"../../../Engine/Content/EngineMaterials/Substrate/Glints2/dict_0007_0025.uasset" 11057
"../../../Engine/Content/EngineMaterials/Substrate/Glints2/dict_0007_0027.uasset" 11058
"/Engine/EngineMaterials/Substrate/Glints2/dict_0006_0255" 11059
"/Engine/EngineMaterials/Substrate/Glints2/dict_0006_0254" 11060
"/Engine/EngineMaterials/Substrate/Glints2/dict_0006_0253" 11061
"/Engine/EngineMaterials/Substrate/Glints2/dict_0006_0252" 11062
"../../../Engine/Content/EngineMaterials/Substrate/Glints2/dict_0007_0030.uasset" 11063
"../../../Engine/Content/EngineMaterials/Substrate/Glints2/dict_0007_0029.uasset" 11064
"/Engine/EngineMaterials/Substrate/Glints2/dict_0007_0027" 11065
"../../../Engine/Content/EngineMaterials/Substrate/Glints2/dict_0007_0028.uasset" 11066
"../../../Engine/Content/EngineMaterials/Substrate/Glints2/dict_0007_0032.uasset" 11067
"../../../Engine/Content/EngineMaterials/Substrate/Glints2/dict_0007_0033.uasset" 11068
"../../../Engine/Content/EngineMaterials/Substrate/Glints2/dict_0007_0031.uasset" 11069
"/Engine/EngineMaterials/Substrate/Glints2/dict_0007_0026" 11070
"/Engine/EngineMaterials/Substrate/Glints2/dict_0007_0025" 11071
"/Engine/EngineMaterials/Substrate/Glints2/dict_0007_0024" 11072
"/Engine/EngineMaterials/Substrate/Glints2/dict_0007_0023" 11073
"/Engine/EngineMaterials/Substrate/Glints2/dict_0007_0022" 11074
"/Engine/EngineMaterials/Substrate/Glints2/dict_0007_0021" 11075
"/Engine/EngineMaterials/Substrate/Glints2/dict_0007_0020" 11076
"/Engine/EngineMaterials/Substrate/Glints2/dict_0007_0019" 11077
"/Engine/EngineMaterials/Substrate/Glints2/dict_0007_0018" 11078
"/Engine/EngineMaterials/Substrate/Glints2/dict_0007_0017" 11079
"/Engine/EngineMaterials/Substrate/Glints2/dict_0007_0016" 11080
"/Engine/EngineMaterials/Substrate/Glints2/dict_0007_0015" 11081
"/Engine/EngineMaterials/Substrate/Glints2/dict_0007_0014" 11082
"/Engine/EngineMaterials/Substrate/Glints2/dict_0007_0013" 11083
"/Engine/EngineMaterials/Substrate/Glints2/dict_0007_0012" 11084
"/Engine/EngineMaterials/Substrate/Glints2/dict_0007_0011" 11085
"/Engine/EngineMaterials/Substrate/Glints2/dict_0007_0010" 11086
"/Engine/EngineMaterials/Substrate/Glints2/dict_0007_0009" 11087
"/Engine/EngineMaterials/Substrate/Glints2/dict_0007_0008" 11088
"/Engine/EngineMaterials/Substrate/Glints2/dict_0007_0007" 11089
"/Engine/EngineMaterials/Substrate/Glints2/dict_0007_0006" 11090
"/Engine/EngineMaterials/Substrate/Glints2/dict_0007_0005" 11091
"/Engine/EngineMaterials/Substrate/Glints2/dict_0007_0004" 11092
"/Engine/EngineMaterials/Substrate/Glints2/dict_0007_0003" 11093
"/Engine/EngineMaterials/Substrate/Glints2/dict_0007_0002" 11094
"/Engine/EngineMaterials/Substrate/Glints2/dict_0007_0033" 11095
"../../../Engine/Content/EngineMaterials/Substrate/Glints2/dict_0007_0034.uasset" 11096
"../../../Engine/Content/EngineMaterials/Substrate/Glints2/dict_0007_0051.uasset" 11097
"../../../Engine/Content/EngineMaterials/Substrate/Glints2/dict_0007_0036.uasset" 11098
"../../../Engine/Content/EngineMaterials/Substrate/Glints2/dict_0007_0041.uasset" 11099
"../../../Engine/Content/EngineMaterials/Substrate/Glints2/dict_0007_0043.uasset" 11100
"../../../Engine/Content/EngineMaterials/Substrate/Glints2/dict_0007_0038.uasset" 11101
"../../../Engine/Content/EngineMaterials/Substrate/Glints2/dict_0007_0037.uasset" 11102
"../../../Engine/Content/EngineMaterials/Substrate/Glints2/dict_0007_0045.uasset" 11103
"../../../Engine/Content/EngineMaterials/Substrate/Glints2/dict_0007_0035.uasset" 11104
"../../../Engine/Content/EngineMaterials/Substrate/Glints2/dict_0007_0040.uasset" 11105
"../../../Engine/Content/EngineMaterials/Substrate/Glints2/dict_0007_0044.uasset" 11106
"../../../Engine/Content/EngineMaterials/Substrate/Glints2/dict_0007_0039.uasset" 11107
"../../../Engine/Content/EngineMaterials/Substrate/Glints2/dict_0007_0050.uasset" 11108
"../../../Engine/Content/EngineMaterials/Substrate/Glints2/dict_0007_0042.uasset" 11109
"../../../Engine/Content/EngineMaterials/Substrate/Glints2/dict_0007_0048.uasset" 11110
"../../../Engine/Content/EngineMaterials/Substrate/Glints2/dict_0007_0049.uasset" 11111
"../../../Engine/Content/EngineMaterials/Substrate/Glints2/dict_0007_0047.uasset" 11112
"../../../Engine/Content/EngineMaterials/Substrate/Glints2/dict_0007_0046.uasset" 11113
"/Engine/EngineMaterials/Substrate/Glints2/dict_0007_0032" 11114
"../../../Engine/Content/EngineMaterials/Substrate/Glints2/dict_0007_0052.uasset" 11115
"../../../Engine/Content/EngineMaterials/Substrate/Glints2/dict_0007_0053.uasset" 11116
"../../../Engine/Content/EngineMaterials/Substrate/Glints2/dict_0007_0054.uasset" 11117
"../../../Engine/Content/EngineMaterials/Substrate/Glints2/dict_0007_0058.uasset" 11118
"../../../Engine/Content/EngineMaterials/Substrate/Glints2/dict_0007_0056.uasset" 11119
"../../../Engine/Content/EngineMaterials/Substrate/Glints2/dict_0007_0057.uasset" 11120
"../../../Engine/Content/EngineMaterials/Substrate/Glints2/dict_0007_0059.uasset" 11121
"../../../Engine/Content/EngineMaterials/Substrate/Glints2/dict_0007_0055.uasset" 11122
"/Engine/EngineMaterials/Substrate/Glints2/dict_0007_0031" 11123
"/Engine/EngineMaterials/Substrate/Glints2/dict_0007_0030" 11124
"/Engine/EngineMaterials/Substrate/Glints2/dict_0007_0029" 11125
"/Engine/EngineMaterials/Substrate/Glints2/dict_0007_0028" 11126
"../../../Engine/Content/EngineMaterials/Substrate/Glints2/dict_0007_0060.uasset" 11127
"../../../Engine/Content/EngineMaterials/Substrate/Glints2/dict_0007_0062.uasset" 11128
"../../../Engine/Content/EngineMaterials/Substrate/Glints2/dict_0007_0061.uasset" 11129
"/Engine/EngineMaterials/Substrate/Glints2/dict_0007_0059" 11130
"../../../Engine/Content/EngineMaterials/Substrate/Glints2/dict_0007_0063.uasset" 11131
"../../../Engine/Content/EngineMaterials/Substrate/Glints2/dict_0007_0065.uasset" 11132
"../../../Engine/Content/EngineMaterials/Substrate/Glints2/dict_0007_0064.uasset" 11133
"/Engine/EngineMaterials/Substrate/Glints2/dict_0007_0058" 11134
"/Engine/EngineMaterials/Substrate/Glints2/dict_0007_0057" 11135
"/Engine/EngineMaterials/Substrate/Glints2/dict_0007_0056" 11136
"/Engine/EngineMaterials/Substrate/Glints2/dict_0007_0055" 11137
"/Engine/EngineMaterials/Substrate/Glints2/dict_0007_0054" 11138
"/Engine/EngineMaterials/Substrate/Glints2/dict_0007_0053" 11139
"/Engine/EngineMaterials/Substrate/Glints2/dict_0007_0052" 11140
"/Engine/EngineMaterials/Substrate/Glints2/dict_0007_0051" 11141
"/Engine/EngineMaterials/Substrate/Glints2/dict_0007_0050" 11142
"/Engine/EngineMaterials/Substrate/Glints2/dict_0007_0049" 11143
"/Engine/EngineMaterials/Substrate/Glints2/dict_0007_0048" 11144
"/Engine/EngineMaterials/Substrate/Glints2/dict_0007_0047" 11145
"/Engine/EngineMaterials/Substrate/Glints2/dict_0007_0046" 11146
"/Engine/EngineMaterials/Substrate/Glints2/dict_0007_0045" 11147
"/Engine/EngineMaterials/Substrate/Glints2/dict_0007_0044" 11148
"/Engine/EngineMaterials/Substrate/Glints2/dict_0007_0043" 11149
"/Engine/EngineMaterials/Substrate/Glints2/dict_0007_0042" 11150
"/Engine/EngineMaterials/Substrate/Glints2/dict_0007_0041" 11151
"/Engine/EngineMaterials/Substrate/Glints2/dict_0007_0040" 11152
"/Engine/EngineMaterials/Substrate/Glints2/dict_0007_0039" 11153
"/Engine/EngineMaterials/Substrate/Glints2/dict_0007_0038" 11154
"/Engine/EngineMaterials/Substrate/Glints2/dict_0007_0037" 11155
"/Engine/EngineMaterials/Substrate/Glints2/dict_0007_0036" 11156
"/Engine/EngineMaterials/Substrate/Glints2/dict_0007_0035" 11157
"/Engine/EngineMaterials/Substrate/Glints2/dict_0007_0034" 11158
"../../../Engine/Content/EngineMaterials/Substrate/Glints2/dict_0007_0066.uasset" 11159
"/Engine/EngineMaterials/Substrate/Glints2/dict_0007_0065" 11160
"../../../Engine/Content/EngineMaterials/Substrate/Glints2/dict_0007_0068.uasset" 11161
"../../../Engine/Content/EngineMaterials/Substrate/Glints2/dict_0007_0074.uasset" 11162
"../../../Engine/Content/EngineMaterials/Substrate/Glints2/dict_0007_0073.uasset" 11163
"../../../Engine/Content/EngineMaterials/Substrate/Glints2/dict_0007_0069.uasset" 11164
"../../../Engine/Content/EngineMaterials/Substrate/Glints2/dict_0007_0072.uasset" 11165
"../../../Engine/Content/EngineMaterials/Substrate/Glints2/dict_0007_0076.uasset" 11166
"../../../Engine/Content/EngineMaterials/Substrate/Glints2/dict_0007_0071.uasset" 11167
"../../../Engine/Content/EngineMaterials/Substrate/Glints2/dict_0007_0082.uasset" 11168
"../../../Engine/Content/EngineMaterials/Substrate/Glints2/dict_0007_0075.uasset" 11169
"../../../Engine/Content/EngineMaterials/Substrate/Glints2/dict_0007_0079.uasset" 11170
"../../../Engine/Content/EngineMaterials/Substrate/Glints2/dict_0007_0080.uasset" 11171
"../../../Engine/Content/EngineMaterials/Substrate/Glints2/dict_0007_0084.uasset" 11172
"../../../Engine/Content/EngineMaterials/Substrate/Glints2/dict_0007_0070.uasset" 11173
"../../../Engine/Content/EngineMaterials/Substrate/Glints2/dict_0007_0077.uasset" 11174
"../../../Engine/Content/EngineMaterials/Substrate/Glints2/dict_0007_0067.uasset" 11175
"../../../Engine/Content/EngineMaterials/Substrate/Glints2/dict_0007_0085.uasset" 11176
"../../../Engine/Content/EngineMaterials/Substrate/Glints2/dict_0007_0083.uasset" 11177
"../../../Engine/Content/EngineMaterials/Substrate/Glints2/dict_0007_0081.uasset" 11178
"../../../Engine/Content/EngineMaterials/Substrate/Glints2/dict_0007_0086.uasset" 11179
"../../../Engine/Content/EngineMaterials/Substrate/Glints2/dict_0007_0078.uasset" 11180
"/Engine/EngineMaterials/Substrate/Glints2/dict_0007_0064" 11181
"../../../Engine/Content/EngineMaterials/Substrate/Glints2/dict_0007_0090.uasset" 11182
"../../../Engine/Content/EngineMaterials/Substrate/Glints2/dict_0007_0088.uasset" 11183
"../../../Engine/Content/EngineMaterials/Substrate/Glints2/dict_0007_0091.uasset" 11184
"../../../Engine/Content/EngineMaterials/Substrate/Glints2/dict_0007_0089.uasset" 11185
"../../../Engine/Content/EngineMaterials/Substrate/Glints2/dict_0007_0087.uasset" 11186
"/Engine/EngineMaterials/Substrate/Glints2/dict_0007_0063" 11187
"/Engine/EngineMaterials/Substrate/Glints2/dict_0007_0062" 11188
"/Engine/EngineMaterials/Substrate/Glints2/dict_0007_0061" 11189
"/Engine/EngineMaterials/Substrate/Glints2/dict_0007_0060" 11190
"../../../Engine/Content/EngineMaterials/Substrate/Glints2/dict_0007_0092.uasset" 11191
"../../../Engine/Content/EngineMaterials/Substrate/Glints2/dict_0007_0093.uasset" 11192
"../../../Engine/Content/EngineMaterials/Substrate/Glints2/dict_0007_0094.uasset" 11193
"/Engine/EngineMaterials/Substrate/Glints2/dict_0007_0091" 11194
"../../../Engine/Content/EngineMaterials/Substrate/Glints2/dict_0007_0096.uasset" 11195
"../../../Engine/Content/EngineMaterials/Substrate/Glints2/dict_0007_0095.uasset" 11196
"../../../Engine/Content/EngineMaterials/Substrate/Glints2/dict_0007_0097.uasset" 11197
"/Engine/EngineMaterials/Substrate/Glints2/dict_0007_0090" 11198
"/Engine/EngineMaterials/Substrate/Glints2/dict_0007_0089" 11199
"/Engine/EngineMaterials/Substrate/Glints2/dict_0007_0088" 11200
"/Engine/EngineMaterials/Substrate/Glints2/dict_0007_0087" 11201
"/Engine/EngineMaterials/Substrate/Glints2/dict_0007_0086" 11202
"/Engine/EngineMaterials/Substrate/Glints2/dict_0007_0085" 11203
"/Engine/EngineMaterials/Substrate/Glints2/dict_0007_0084" 11204
"/Engine/EngineMaterials/Substrate/Glints2/dict_0007_0083" 11205
"/Engine/EngineMaterials/Substrate/Glints2/dict_0007_0082" 11206
"/Engine/EngineMaterials/Substrate/Glints2/dict_0007_0081" 11207
"/Engine/EngineMaterials/Substrate/Glints2/dict_0007_0080" 11208
"/Engine/EngineMaterials/Substrate/Glints2/dict_0007_0079" 11209
"/Engine/EngineMaterials/Substrate/Glints2/dict_0007_0078" 11210
"/Engine/EngineMaterials/Substrate/Glints2/dict_0007_0077" 11211
"/Engine/EngineMaterials/Substrate/Glints2/dict_0007_0076" 11212
"/Engine/EngineMaterials/Substrate/Glints2/dict_0007_0075" 11213
"/Engine/EngineMaterials/Substrate/Glints2/dict_0007_0074" 11214
"/Engine/EngineMaterials/Substrate/Glints2/dict_0007_0073" 11215
"/Engine/EngineMaterials/Substrate/Glints2/dict_0007_0072" 11216
"/Engine/EngineMaterials/Substrate/Glints2/dict_0007_0071" 11217
"/Engine/EngineMaterials/Substrate/Glints2/dict_0007_0070" 11218
"/Engine/EngineMaterials/Substrate/Glints2/dict_0007_0069" 11219
"/Engine/EngineMaterials/Substrate/Glints2/dict_0007_0068" 11220
"/Engine/EngineMaterials/Substrate/Glints2/dict_0007_0067" 11221
"/Engine/EngineMaterials/Substrate/Glints2/dict_0007_0066" 11222
"../../../Engine/Content/EngineMaterials/Substrate/Glints2/dict_0007_0098.uasset" 11223
"/Engine/EngineMaterials/Substrate/Glints2/dict_0007_0097" 11224
"../../../Engine/Content/EngineMaterials/Substrate/Glints2/dict_0007_0099.uasset" 11225
"../../../Engine/Content/EngineMaterials/Substrate/Glints2/dict_0007_0104.uasset" 11226
"../../../Engine/Content/EngineMaterials/Substrate/Glints2/dict_0007_0100.uasset" 11227
"../../../Engine/Content/EngineMaterials/Substrate/Glints2/dict_0007_0102.uasset" 11228
"../../../Engine/Content/EngineMaterials/Substrate/Glints2/dict_0007_0101.uasset" 11229
"../../../Engine/Content/EngineMaterials/Substrate/Glints2/dict_0007_0109.uasset" 11230
"../../../Engine/Content/EngineMaterials/Substrate/Glints2/dict_0007_0115.uasset" 11231
"../../../Engine/Content/EngineMaterials/Substrate/Glints2/dict_0007_0105.uasset" 11232
"../../../Engine/Content/EngineMaterials/Substrate/Glints2/dict_0007_0107.uasset" 11233
"../../../Engine/Content/EngineMaterials/Substrate/Glints2/dict_0007_0113.uasset" 11234
"../../../Engine/Content/EngineMaterials/Substrate/Glints2/dict_0007_0110.uasset" 11235
"/Engine/EngineMaterials/Substrate/Glints2/dict_0007_0096" 11236
"../../../Engine/Content/EngineMaterials/Substrate/Glints2/dict_0007_0116.uasset" 11237
"../../../Engine/Content/EngineMaterials/Substrate/Glints2/dict_0007_0108.uasset" 11238
"../../../Engine/Content/EngineMaterials/Substrate/Glints2/dict_0007_0111.uasset" 11239
"../../../Engine/Content/EngineMaterials/Substrate/Glints2/dict_0007_0112.uasset" 11240
"../../../Engine/Content/EngineMaterials/Substrate/Glints2/dict_0007_0114.uasset" 11241
"../../../Engine/Content/EngineMaterials/Substrate/Glints2/dict_0007_0106.uasset" 11242
"../../../Engine/Content/EngineMaterials/Substrate/Glints2/dict_0007_0117.uasset" 11243
"../../../Engine/Content/EngineMaterials/Substrate/Glints2/dict_0007_0118.uasset" 11244
"../../../Engine/Content/EngineMaterials/Substrate/Glints2/dict_0007_0121.uasset" 11245
"../../../Engine/Content/EngineMaterials/Substrate/Glints2/dict_0007_0119.uasset" 11246
"../../../Engine/Content/EngineMaterials/Substrate/Glints2/dict_0007_0120.uasset" 11247
"../../../Engine/Content/EngineMaterials/Substrate/Glints2/dict_0007_0122.uasset" 11248
"../../../Engine/Content/EngineMaterials/Substrate/Glints2/dict_0007_0103.uasset" 11249
"../../../Engine/Content/EngineMaterials/Substrate/Glints2/dict_0007_0123.uasset" 11250
"/Engine/EngineMaterials/Substrate/Glints2/dict_0007_0095" 11251
"/Engine/EngineMaterials/Substrate/Glints2/dict_0007_0094" 11252
"/Engine/EngineMaterials/Substrate/Glints2/dict_0007_0093" 11253
"/Engine/EngineMaterials/Substrate/Glints2/dict_0007_0092" 11254
"../../../Engine/Content/EngineMaterials/Substrate/Glints2/dict_0007_0124.uasset" 11255
"../../../Engine/Content/EngineMaterials/Substrate/Glints2/dict_0007_0125.uasset" 11256
"../../../Engine/Content/EngineMaterials/Substrate/Glints2/dict_0007_0126.uasset" 11257
"/Engine/EngineMaterials/Substrate/Glints2/dict_0007_0123" 11258
"../../../Engine/Content/EngineMaterials/Substrate/Glints2/dict_0007_0127.uasset" 11259
"../../../Engine/Content/EngineMaterials/Substrate/Glints2/dict_0007_0129.uasset" 11260
"../../../Engine/Content/EngineMaterials/Substrate/Glints2/dict_0007_0128.uasset" 11261
"/Engine/EngineMaterials/Substrate/Glints2/dict_0007_0122" 11262
"/Engine/EngineMaterials/Substrate/Glints2/dict_0007_0121" 11263
"/Engine/EngineMaterials/Substrate/Glints2/dict_0007_0120" 11264
"/Engine/EngineMaterials/Substrate/Glints2/dict_0007_0119" 11265
"/Engine/EngineMaterials/Substrate/Glints2/dict_0007_0118" 11266
"/Engine/EngineMaterials/Substrate/Glints2/dict_0007_0117" 11267
"/Engine/EngineMaterials/Substrate/Glints2/dict_0007_0116" 11268
"/Engine/EngineMaterials/Substrate/Glints2/dict_0007_0115" 11269
"/Engine/EngineMaterials/Substrate/Glints2/dict_0007_0114" 11270
"/Engine/EngineMaterials/Substrate/Glints2/dict_0007_0113" 11271
"/Engine/EngineMaterials/Substrate/Glints2/dict_0007_0112" 11272
"/Engine/EngineMaterials/Substrate/Glints2/dict_0007_0111" 11273
"/Engine/EngineMaterials/Substrate/Glints2/dict_0007_0110" 11274
"/Engine/EngineMaterials/Substrate/Glints2/dict_0007_0109" 11275
"/Engine/EngineMaterials/Substrate/Glints2/dict_0007_0108" 11276
"/Engine/EngineMaterials/Substrate/Glints2/dict_0007_0107" 11277
"/Engine/EngineMaterials/Substrate/Glints2/dict_0007_0106" 11278
"/Engine/EngineMaterials/Substrate/Glints2/dict_0007_0105" 11279
"/Engine/EngineMaterials/Substrate/Glints2/dict_0007_0104" 11280
"/Engine/EngineMaterials/Substrate/Glints2/dict_0007_0103" 11281
"/Engine/EngineMaterials/Substrate/Glints2/dict_0007_0102" 11282
"/Engine/EngineMaterials/Substrate/Glints2/dict_0007_0101" 11283
"/Engine/EngineMaterials/Substrate/Glints2/dict_0007_0100" 11284
"/Engine/EngineMaterials/Substrate/Glints2/dict_0007_0099" 11285
"/Engine/EngineMaterials/Substrate/Glints2/dict_0007_0098" 11286
"../../../Engine/Content/EngineMaterials/Substrate/Glints2/dict_0007_0130.uasset" 11287
"../../../Engine/Content/EngineMaterials/Substrate/Glints2/dict_0007_0132.uasset" 11288
"../../../Engine/Content/EngineMaterials/Substrate/Glints2/dict_0007_0136.uasset" 11289
"../../../Engine/Content/EngineMaterials/Substrate/Glints2/dict_0007_0134.uasset" 11290
"../../../Engine/Content/EngineMaterials/Substrate/Glints2/dict_0007_0135.uasset" 11291
"../../../Engine/Content/EngineMaterials/Substrate/Glints2/dict_0007_0147.uasset" 11292
"../../../Engine/Content/EngineMaterials/Substrate/Glints2/dict_0007_0133.uasset" 11293
"../../../Engine/Content/EngineMaterials/Substrate/Glints2/dict_0007_0131.uasset" 11294
"/Engine/EngineMaterials/Substrate/Glints2/dict_0007_0129" 11295
"../../../Engine/Content/EngineMaterials/Substrate/Glints2/dict_0007_0143.uasset" 11296
"../../../Engine/Content/EngineMaterials/Substrate/Glints2/dict_0007_0137.uasset" 11297
"../../../Engine/Content/EngineMaterials/Substrate/Glints2/dict_0007_0139.uasset" 11298
"../../../Engine/Content/EngineMaterials/Substrate/Glints2/dict_0007_0145.uasset" 11299
"../../../Engine/Content/EngineMaterials/Substrate/Glints2/dict_0007_0144.uasset" 11300
"../../../Engine/Content/EngineMaterials/Substrate/Glints2/dict_0007_0141.uasset" 11301
"../../../Engine/Content/EngineMaterials/Substrate/Glints2/dict_0007_0138.uasset" 11302
"../../../Engine/Content/EngineMaterials/Substrate/Glints2/dict_0007_0142.uasset" 11303
"../../../Engine/Content/EngineMaterials/Substrate/Glints2/dict_0007_0148.uasset" 11304
"../../../Engine/Content/EngineMaterials/Substrate/Glints2/dict_0007_0149.uasset" 11305
"../../../Engine/Content/EngineMaterials/Substrate/Glints2/dict_0007_0150.uasset" 11306
"../../../Engine/Content/EngineMaterials/Substrate/Glints2/dict_0007_0146.uasset" 11307
"../../../Engine/Content/EngineMaterials/Substrate/Glints2/dict_0007_0140.uasset" 11308
"../../../Engine/Content/EngineMaterials/Substrate/Glints2/dict_0007_0155.uasset" 11309
"../../../Engine/Content/EngineMaterials/Substrate/Glints2/dict_0007_0153.uasset" 11310
"../../../Engine/Content/EngineMaterials/Substrate/Glints2/dict_0007_0152.uasset" 11311
"../../../Engine/Content/EngineMaterials/Substrate/Glints2/dict_0007_0151.uasset" 11312
"../../../Engine/Content/EngineMaterials/Substrate/Glints2/dict_0007_0154.uasset" 11313
"/Engine/EngineMaterials/Substrate/Glints2/dict_0007_0128" 11314
"/Engine/EngineMaterials/Substrate/Glints2/dict_0007_0127" 11315
"/Engine/EngineMaterials/Substrate/Glints2/dict_0007_0126" 11316
"/Engine/EngineMaterials/Substrate/Glints2/dict_0007_0125" 11317
"/Engine/EngineMaterials/Substrate/Glints2/dict_0007_0124" 11318
"/Engine/EngineMaterials/Substrate/Glints2/dict_0007_0130" 11319
"../../../Engine/Content/EngineMaterials/Substrate/Glints2/dict_0007_0158.uasset" 11320
"../../../Engine/Content/EngineMaterials/Substrate/Glints2/dict_0007_0156.uasset" 11321
"/Engine/EngineMaterials/Substrate/Glints2/dict_0007_0155" 11322
"../../../Engine/Content/EngineMaterials/Substrate/Glints2/dict_0007_0157.uasset" 11323
"../../../Engine/Content/EngineMaterials/Substrate/Glints2/dict_0007_0159.uasset" 11324
"../../../Engine/Content/EngineMaterials/Substrate/Glints2/dict_0007_0160.uasset" 11325
"/Engine/EngineMaterials/Substrate/Glints2/dict_0007_0154" 11326
"../../../Engine/Content/EngineMaterials/Substrate/Glints2/dict_0007_0162.uasset" 11327
"../../../Engine/Content/EngineMaterials/Substrate/Glints2/dict_0007_0161.uasset" 11328
"/Engine/EngineMaterials/Substrate/Glints2/dict_0007_0153" 11329
"/Engine/EngineMaterials/Substrate/Glints2/dict_0007_0152" 11330
"/Engine/EngineMaterials/Substrate/Glints2/dict_0007_0151" 11331
"/Engine/EngineMaterials/Substrate/Glints2/dict_0007_0150" 11332
"/Engine/EngineMaterials/Substrate/Glints2/dict_0007_0149" 11333
"/Engine/EngineMaterials/Substrate/Glints2/dict_0007_0148" 11334
"/Engine/EngineMaterials/Substrate/Glints2/dict_0007_0147" 11335
"/Engine/EngineMaterials/Substrate/Glints2/dict_0007_0146" 11336
"/Engine/EngineMaterials/Substrate/Glints2/dict_0007_0145" 11337
"/Engine/EngineMaterials/Substrate/Glints2/dict_0007_0144" 11338
"/Engine/EngineMaterials/Substrate/Glints2/dict_0007_0143" 11339
"/Engine/EngineMaterials/Substrate/Glints2/dict_0007_0142" 11340
"/Engine/EngineMaterials/Substrate/Glints2/dict_0007_0141" 11341
"/Engine/EngineMaterials/Substrate/Glints2/dict_0007_0140" 11342
"/Engine/EngineMaterials/Substrate/Glints2/dict_0007_0139" 11343
"/Engine/EngineMaterials/Substrate/Glints2/dict_0007_0138" 11344
"/Engine/EngineMaterials/Substrate/Glints2/dict_0007_0137" 11345
"/Engine/EngineMaterials/Substrate/Glints2/dict_0007_0136" 11346
"/Engine/EngineMaterials/Substrate/Glints2/dict_0007_0135" 11347
"/Engine/EngineMaterials/Substrate/Glints2/dict_0007_0134" 11348
"/Engine/EngineMaterials/Substrate/Glints2/dict_0007_0133" 11349
"/Engine/EngineMaterials/Substrate/Glints2/dict_0007_0132" 11350
"/Engine/EngineMaterials/Substrate/Glints2/dict_0007_0131" 11351
"/Engine/EngineMaterials/Substrate/Glints2/dict_0007_0162" 11352
"../../../Engine/Content/EngineMaterials/Substrate/Glints2/dict_0007_0179.uasset" 11353
"../../../Engine/Content/EngineMaterials/Substrate/Glints2/dict_0007_0166.uasset" 11354
"../../../Engine/Content/EngineMaterials/Substrate/Glints2/dict_0007_0167.uasset" 11355
"../../../Engine/Content/EngineMaterials/Substrate/Glints2/dict_0007_0171.uasset" 11356
"../../../Engine/Content/EngineMaterials/Substrate/Glints2/dict_0007_0164.uasset" 11357
"../../../Engine/Content/EngineMaterials/Substrate/Glints2/dict_0007_0168.uasset" 11358
"../../../Engine/Content/EngineMaterials/Substrate/Glints2/dict_0007_0176.uasset" 11359
"../../../Engine/Content/EngineMaterials/Substrate/Glints2/dict_0007_0169.uasset" 11360
"../../../Engine/Content/EngineMaterials/Substrate/Glints2/dict_0007_0165.uasset" 11361
"../../../Engine/Content/EngineMaterials/Substrate/Glints2/dict_0007_0178.uasset" 11362
"../../../Engine/Content/EngineMaterials/Substrate/Glints2/dict_0007_0163.uasset" 11363
"../../../Engine/Content/EngineMaterials/Substrate/Glints2/dict_0007_0180.uasset" 11364
"../../../Engine/Content/EngineMaterials/Substrate/Glints2/dict_0007_0170.uasset" 11365
"../../../Engine/Content/EngineMaterials/Substrate/Glints2/dict_0007_0172.uasset" 11366
"../../../Engine/Content/EngineMaterials/Substrate/Glints2/dict_0007_0177.uasset" 11367
"../../../Engine/Content/EngineMaterials/Substrate/Glints2/dict_0007_0173.uasset" 11368
"../../../Engine/Content/EngineMaterials/Substrate/Glints2/dict_0007_0174.uasset" 11369
"/Engine/EngineMaterials/Substrate/Glints2/dict_0007_0161" 11370
"../../../Engine/Content/EngineMaterials/Substrate/Glints2/dict_0007_0175.uasset" 11371
"../../../Engine/Content/EngineMaterials/Substrate/Glints2/dict_0007_0181.uasset" 11372
"../../../Engine/Content/EngineMaterials/Substrate/Glints2/dict_0007_0182.uasset" 11373
"../../../Engine/Content/EngineMaterials/Substrate/Glints2/dict_0007_0186.uasset" 11374
"../../../Engine/Content/EngineMaterials/Substrate/Glints2/dict_0007_0187.uasset" 11375
"../../../Engine/Content/EngineMaterials/Substrate/Glints2/dict_0007_0185.uasset" 11376
"../../../Engine/Content/EngineMaterials/Substrate/Glints2/dict_0007_0184.uasset" 11377
"../../../Engine/Content/EngineMaterials/Substrate/Glints2/dict_0007_0183.uasset" 11378
"/Engine/EngineMaterials/Substrate/Glints2/dict_0007_0160" 11379
"/Engine/EngineMaterials/Substrate/Glints2/dict_0007_0159" 11380
"/Engine/EngineMaterials/Substrate/Glints2/dict_0007_0158" 11381
"/Engine/EngineMaterials/Substrate/Glints2/dict_0007_0157" 11382
"/Engine/EngineMaterials/Substrate/Glints2/dict_0007_0156" 11383
"../../../Engine/Content/EngineMaterials/Substrate/Glints2/dict_0007_0188.uasset" 11384
"../../../Engine/Content/EngineMaterials/Substrate/Glints2/dict_0007_0190.uasset" 11385
"../../../Engine/Content/EngineMaterials/Substrate/Glints2/dict_0007_0189.uasset" 11386
"/Engine/EngineMaterials/Substrate/Glints2/dict_0007_0187" 11387
"../../../Engine/Content/EngineMaterials/Substrate/Glints2/dict_0007_0192.uasset" 11388
"../../../Engine/Content/EngineMaterials/Substrate/Glints2/dict_0007_0194.uasset" 11389
"../../../Engine/Content/EngineMaterials/Substrate/Glints2/dict_0007_0191.uasset" 11390
"../../../Engine/Content/EngineMaterials/Substrate/Glints2/dict_0007_0193.uasset" 11391
"/Engine/EngineMaterials/Substrate/Glints2/dict_0007_0186" 11392
"/Engine/EngineMaterials/Substrate/Glints2/dict_0007_0185" 11393
"/Engine/EngineMaterials/Substrate/Glints2/dict_0007_0184" 11394
"/Engine/EngineMaterials/Substrate/Glints2/dict_0007_0183" 11395
"/Engine/EngineMaterials/Substrate/Glints2/dict_0007_0182" 11396
"/Engine/EngineMaterials/Substrate/Glints2/dict_0007_0181" 11397
"/Engine/EngineMaterials/Substrate/Glints2/dict_0007_0180" 11398
"/Engine/EngineMaterials/Substrate/Glints2/dict_0007_0179" 11399
"/Engine/EngineMaterials/Substrate/Glints2/dict_0007_0178" 11400
"/Engine/EngineMaterials/Substrate/Glints2/dict_0007_0177" 11401
"/Engine/EngineMaterials/Substrate/Glints2/dict_0007_0176" 11402
"/Engine/EngineMaterials/Substrate/Glints2/dict_0007_0175" 11403
"/Engine/EngineMaterials/Substrate/Glints2/dict_0007_0174" 11404
"/Engine/EngineMaterials/Substrate/Glints2/dict_0007_0173" 11405
"/Engine/EngineMaterials/Substrate/Glints2/dict_0007_0172" 11406
"/Engine/EngineMaterials/Substrate/Glints2/dict_0007_0171" 11407
"/Engine/EngineMaterials/Substrate/Glints2/dict_0007_0170" 11408
"/Engine/EngineMaterials/Substrate/Glints2/dict_0007_0169" 11409
"/Engine/EngineMaterials/Substrate/Glints2/dict_0007_0168" 11410
"/Engine/EngineMaterials/Substrate/Glints2/dict_0007_0167" 11411
"/Engine/EngineMaterials/Substrate/Glints2/dict_0007_0166" 11412
"/Engine/EngineMaterials/Substrate/Glints2/dict_0007_0165" 11413
"/Engine/EngineMaterials/Substrate/Glints2/dict_0007_0164" 11414
"/Engine/EngineMaterials/Substrate/Glints2/dict_0007_0163" 11415
"/Engine/EngineMaterials/Substrate/Glints2/dict_0007_0194" 11416
"../../../Engine/Content/EngineMaterials/Substrate/Glints2/dict_0007_0198.uasset" 11417
"../../../Engine/Content/EngineMaterials/Substrate/Glints2/dict_0007_0195.uasset" 11418
"../../../Engine/Content/EngineMaterials/Substrate/Glints2/dict_0007_0201.uasset" 11419
"../../../Engine/Content/EngineMaterials/Substrate/Glints2/dict_0007_0199.uasset" 11420
"../../../Engine/Content/EngineMaterials/Substrate/Glints2/dict_0007_0197.uasset" 11421
"../../../Engine/Content/EngineMaterials/Substrate/Glints2/dict_0007_0196.uasset" 11422
"../../../Engine/Content/EngineMaterials/Substrate/Glints2/dict_0007_0200.uasset" 11423
"../../../Engine/Content/EngineMaterials/Substrate/Glints2/dict_0007_0207.uasset" 11424
"../../../Engine/Content/EngineMaterials/Substrate/Glints2/dict_0007_0203.uasset" 11425
"../../../Engine/Content/EngineMaterials/Substrate/Glints2/dict_0007_0204.uasset" 11426
"../../../Engine/Content/EngineMaterials/Substrate/Glints2/dict_0007_0202.uasset" 11427
"../../../Engine/Content/EngineMaterials/Substrate/Glints2/dict_0007_0208.uasset" 11428
"/Engine/EngineMaterials/Substrate/Glints2/dict_0007_0193" 11429
"../../../Engine/Content/EngineMaterials/Substrate/Glints2/dict_0007_0211.uasset" 11430
"../../../Engine/Content/EngineMaterials/Substrate/Glints2/dict_0007_0209.uasset" 11431
"../../../Engine/Content/EngineMaterials/Substrate/Glints2/dict_0007_0205.uasset" 11432
"../../../Engine/Content/EngineMaterials/Substrate/Glints2/dict_0007_0206.uasset" 11433
"../../../Engine/Content/EngineMaterials/Substrate/Glints2/dict_0007_0214.uasset" 11434
"../../../Engine/Content/EngineMaterials/Substrate/Glints2/dict_0007_0212.uasset" 11435
"../../../Engine/Content/EngineMaterials/Substrate/Glints2/dict_0007_0210.uasset" 11436
"../../../Engine/Content/EngineMaterials/Substrate/Glints2/dict_0007_0213.uasset" 11437
"../../../Engine/Content/EngineMaterials/Substrate/Glints2/dict_0007_0216.uasset" 11438
"../../../Engine/Content/EngineMaterials/Substrate/Glints2/dict_0007_0217.uasset" 11439
"../../../Engine/Content/EngineMaterials/Substrate/Glints2/dict_0007_0219.uasset" 11440
"../../../Engine/Content/EngineMaterials/Substrate/Glints2/dict_0007_0218.uasset" 11441
"/Engine/EngineMaterials/Substrate/Glints2/dict_0007_0192" 11442
"../../../Engine/Content/EngineMaterials/Substrate/Glints2/dict_0007_0215.uasset" 11443
"/Engine/EngineMaterials/Substrate/Glints2/dict_0007_0191" 11444
"/Engine/EngineMaterials/Substrate/Glints2/dict_0007_0190" 11445
"/Engine/EngineMaterials/Substrate/Glints2/dict_0007_0189" 11446
"/Engine/EngineMaterials/Substrate/Glints2/dict_0007_0188" 11447
"../../../Engine/Content/EngineMaterials/Substrate/Glints2/dict_0007_0220.uasset" 11448
"../../../Engine/Content/EngineMaterials/Substrate/Glints2/dict_0007_0221.uasset" 11449
"/Engine/EngineMaterials/Substrate/Glints2/dict_0007_0219" 11450
"../../../Engine/Content/EngineMaterials/Substrate/Glints2/dict_0007_0224.uasset" 11451
"../../../Engine/Content/EngineMaterials/Substrate/Glints2/dict_0007_0223.uasset" 11452
"../../../Engine/Content/EngineMaterials/Substrate/Glints2/dict_0007_0222.uasset" 11453
"../../../Engine/Content/EngineMaterials/Substrate/Glints2/dict_0007_0225.uasset" 11454
"../../../Engine/Content/EngineMaterials/Substrate/Glints2/dict_0007_0226.uasset" 11455
"/Engine/EngineMaterials/Substrate/Glints2/dict_0007_0218" 11456
"/Engine/EngineMaterials/Substrate/Glints2/dict_0007_0217" 11457
"/Engine/EngineMaterials/Substrate/Glints2/dict_0007_0216" 11458
"/Engine/EngineMaterials/Substrate/Glints2/dict_0007_0215" 11459
"/Engine/EngineMaterials/Substrate/Glints2/dict_0007_0214" 11460
"/Engine/EngineMaterials/Substrate/Glints2/dict_0007_0213" 11461
"/Engine/EngineMaterials/Substrate/Glints2/dict_0007_0212" 11462
"/Engine/EngineMaterials/Substrate/Glints2/dict_0007_0211" 11463
"/Engine/EngineMaterials/Substrate/Glints2/dict_0007_0210" 11464
"/Engine/EngineMaterials/Substrate/Glints2/dict_0007_0209" 11465
"/Engine/EngineMaterials/Substrate/Glints2/dict_0007_0208" 11466
"/Engine/EngineMaterials/Substrate/Glints2/dict_0007_0207" 11467
"/Engine/EngineMaterials/Substrate/Glints2/dict_0007_0206" 11468
"/Engine/EngineMaterials/Substrate/Glints2/dict_0007_0205" 11469
"/Engine/EngineMaterials/Substrate/Glints2/dict_0007_0204" 11470
"/Engine/EngineMaterials/Substrate/Glints2/dict_0007_0203" 11471
"/Engine/EngineMaterials/Substrate/Glints2/dict_0007_0202" 11472
"/Engine/EngineMaterials/Substrate/Glints2/dict_0007_0201" 11473
"/Engine/EngineMaterials/Substrate/Glints2/dict_0007_0200" 11474
"/Engine/EngineMaterials/Substrate/Glints2/dict_0007_0199" 11475
"/Engine/EngineMaterials/Substrate/Glints2/dict_0007_0198" 11476
"/Engine/EngineMaterials/Substrate/Glints2/dict_0007_0197" 11477
"/Engine/EngineMaterials/Substrate/Glints2/dict_0007_0196" 11478
"/Engine/EngineMaterials/Substrate/Glints2/dict_0007_0195" 11479
"/Engine/EngineMaterials/Substrate/Glints2/dict_0007_0226" 11480
"../../../Engine/Content/EngineMaterials/Substrate/Glints2/dict_0007_0231.uasset" 11481
"../../../Engine/Content/EngineMaterials/Substrate/Glints2/dict_0007_0233.uasset" 11482
"../../../Engine/Content/EngineMaterials/Substrate/Glints2/dict_0007_0228.uasset" 11483
"../../../Engine/Content/EngineMaterials/Substrate/Glints2/dict_0007_0234.uasset" 11484
"../../../Engine/Content/EngineMaterials/Substrate/Glints2/dict_0007_0227.uasset" 11485
"../../../Engine/Content/EngineMaterials/Substrate/Glints2/dict_0007_0230.uasset" 11486
"../../../Engine/Content/EngineMaterials/Substrate/Glints2/dict_0007_0240.uasset" 11487
"../../../Engine/Content/EngineMaterials/Substrate/Glints2/dict_0007_0232.uasset" 11488
"../../../Engine/Content/EngineMaterials/Substrate/Glints2/dict_0007_0237.uasset" 11489
"../../../Engine/Content/EngineMaterials/Substrate/Glints2/dict_0007_0229.uasset" 11490
"../../../Engine/Content/EngineMaterials/Substrate/Glints2/dict_0007_0243.uasset" 11491
"../../../Engine/Content/EngineMaterials/Substrate/Glints2/dict_0007_0235.uasset" 11492
"../../../Engine/Content/EngineMaterials/Substrate/Glints2/dict_0007_0244.uasset" 11493
"../../../Engine/Content/EngineMaterials/Substrate/Glints2/dict_0007_0241.uasset" 11494
"../../../Engine/Content/EngineMaterials/Substrate/Glints2/dict_0007_0238.uasset" 11495
"../../../Engine/Content/EngineMaterials/Substrate/Glints2/dict_0007_0236.uasset" 11496
"/Engine/EngineMaterials/Substrate/Glints2/dict_0007_0225" 11497
"../../../Engine/Content/EngineMaterials/Substrate/Glints2/dict_0007_0239.uasset" 11498
"../../../Engine/Content/EngineMaterials/Substrate/Glints2/dict_0007_0242.uasset" 11499
"../../../Engine/Content/EngineMaterials/Substrate/Glints2/dict_0007_0245.uasset" 11500
"../../../Engine/Content/EngineMaterials/Substrate/Glints2/dict_0007_0246.uasset" 11501
"../../../Engine/Content/EngineMaterials/Substrate/Glints2/dict_0007_0247.uasset" 11502
"../../../Engine/Content/EngineMaterials/Substrate/Glints2/dict_0007_0248.uasset" 11503
"../../../Engine/Content/EngineMaterials/Substrate/Glints2/dict_0007_0249.uasset" 11504
"../../../Engine/Content/EngineMaterials/Substrate/Glints2/dict_0007_0251.uasset" 11505
"/Engine/EngineMaterials/Substrate/Glints2/dict_0007_0224" 11506
"../../../Engine/Content/EngineMaterials/Substrate/Glints2/dict_0007_0250.uasset" 11507
"/Engine/EngineMaterials/Substrate/Glints2/dict_0007_0223" 11508
"/Engine/EngineMaterials/Substrate/Glints2/dict_0007_0222" 11509
"/Engine/EngineMaterials/Substrate/Glints2/dict_0007_0221" 11510
"/Engine/EngineMaterials/Substrate/Glints2/dict_0007_0220" 11511
"../../../Engine/Content/EngineMaterials/Substrate/Glints2/dict_0007_0254.uasset" 11512
"../../../Engine/Content/EngineMaterials/Substrate/Glints2/AGlintTex2dArray2.uasset" 11513
"../../../Engine/Content/EngineMaterials/Substrate/Glints2/dict_0007_0252.uasset" 11514
"../../../Engine/Content/EngineMaterials/Substrate/Glints2/dict_0007_0253.uasset" 11515
"../../../Engine/Content/EngineMaterials/Substrate/Volume/SubstrateSimpleVolumeLUT3D.uasset" 11516
"/Engine/EngineMaterials/Substrate/Glints2/dict_0007_0251" 11517
"../../../Engine/Content/EngineMaterials/Substrate/Glints2/dict_0007_0255.uasset" 11518
"../../../Engine/Content/EngineMaterials/Substrate/Volume/SubstrateSimpleVolumeLUT2D.uasset" 11519
"/Engine/EngineMaterials/Substrate/Glints2/dict_0007_0250" 11520
"/Engine/EngineMaterials/Substrate/Glints2/dict_0007_0249" 11521
"/Engine/EngineMaterials/Substrate/Glints2/dict_0007_0248" 11522
"/Engine/EngineMaterials/Substrate/Glints2/dict_0007_0247" 11523
"/Engine/EngineMaterials/Substrate/Glints2/dict_0007_0246" 11524
"/Engine/EngineMaterials/Substrate/Glints2/dict_0007_0245" 11525
"/Engine/EngineMaterials/Substrate/Glints2/dict_0007_0244" 11526
"/Engine/EngineMaterials/Substrate/Glints2/dict_0007_0243" 11527
"/Engine/EngineMaterials/Substrate/Glints2/dict_0007_0242" 11528
"/Engine/EngineMaterials/Substrate/Glints2/dict_0007_0241" 11529
"/Engine/EngineMaterials/Substrate/Glints2/dict_0007_0240" 11530
"/Engine/EngineMaterials/Substrate/Glints2/dict_0007_0239" 11531
"/Engine/EngineMaterials/Substrate/Glints2/dict_0007_0238" 11532
"/Engine/EngineMaterials/Substrate/Glints2/dict_0007_0237" 11533
"/Engine/EngineMaterials/Substrate/Glints2/dict_0007_0236" 11534
"/Engine/EngineMaterials/Substrate/Glints2/dict_0007_0235" 11535
"/Engine/EngineMaterials/Substrate/Glints2/dict_0007_0234" 11536
"/Engine/EngineMaterials/Substrate/Glints2/dict_0007_0233" 11537
"/Engine/EngineMaterials/Substrate/Glints2/dict_0007_0232" 11538
"/Engine/EngineMaterials/Substrate/Glints2/dict_0007_0231" 11539
"/Engine/EngineMaterials/Substrate/Glints2/dict_0007_0230" 11540
"/Engine/EngineMaterials/Substrate/Glints2/dict_0007_0229" 11541
"/Engine/EngineMaterials/Substrate/Glints2/dict_0007_0228" 11542
"/Engine/EngineMaterials/Substrate/Glints2/dict_0007_0227" 11543
"../../../Engine/Content/EngineMaterials/Substrate/Volume/SubstrateSimpleVolumeEnvLUT2D.uasset" 11544
"../../../Engine/Content/EngineMaterials/Substrate/Volume/SubstrateSimpleVolumeEnvLUT3D.uasset" 11545
"../../../Engine/Content/EngineMaterials/PPM_DefaultCalibrationColor.uasset" 11546
"../../../Engine/Content/EngineMaterials/PPM_DefaultCalibrationGrayscale.uasset" 11547
"../../../Engine/Content/EngineMaterials/DefaultCalibrationColor.uasset" 11548
"/Engine/EngineMaterials/Substrate/Volume/SubstrateSimpleVolumeLUT3D" 11549
"../../../Engine/Plugins/NNE/NNEDenoiser/Content/NNEDIM_ColorAlbedoNormal_Default.uasset" 11550
"../../../Engine/Content/Functions/MaterialLayerFunctions/MatLayerBlend_OverrideOpacity.uasset" 11551
"../../../Engine/Plugins/Interchange/Assets/Content/Functions/MX_Surface.uasset" 11552
"../../../Engine/Plugins/Interchange/Assets/Content/Functions/MX_Displacement.uasset" 11553
"../../../Engine/Plugins/NNE/NNEDenoiser/Content/NNEDIM_ColorAlbedoNormal_Alpha.uasset" 11554
"../../../Engine/Content/EngineMaterials/DefaultCalibrationGrayscale.uasset" 11555
"../../../Engine/Content/Functions/Engine_MaterialFunctions03/Procedurals/HeightToNormalSmooth.uasset" 11556
"../../../Engine/Content/Functions/Engine_MaterialFunctions02/Utility/BlendAngleCorrectedNormals.uasset" 11557
"/Engine/EngineMaterials/Substrate/Glints2/AGlintTex2dArray2" 11558
"/NNEDenoiser/NNEDIM_ColorAlbedoNormal_Default" 11559
"/NNEDenoiser/NNEDIM_ColorAlbedoNormal_Alpha" 11560
"/InterchangeAssets/Functions/MX_Displacement" 11561
"/InterchangeAssets/Functions/MX_Surface" 11562
"/Engine/EngineMaterials/PPM_DefaultCalibrationGrayscale" 11563
"/Engine/EngineMaterials/PPM_DefaultCalibrationColor" 11564
"/Engine/EngineMaterials/Substrate/Volume/SubstrateSimpleVolumeEnvLUT3D" 11565
"../../../Engine/Plugins/NNE/NNEDenoiser/Content/NNEDIM_HighQuality_Alpha.uasset" 11566
"../../../Engine/Plugins/NNE/NNEDenoiser/Content/NNEDOM_Output_Alpha.uasset" 11567
"../../../Engine/Plugins/NNE/NNEDenoiser/Content/NNEDIM_HighQuality_Default.uasset" 11568
"../../../Engine/Plugins/NNE/NNEDenoiser/Content/NNED_Oidn2-3_HighQuality.uasset" 11569
"../../../Engine/Plugins/NNE/NNEDenoiser/Content/NNED_Oidn2-3_Fast_Alpha.uasset" 11570
"../../../Engine/Plugins/NNE/NNEDenoiser/Content/NNEDTIM_ColorAlbedoNormal_Default.uasset" 11571
"../../../Engine/Plugins/NNE/NNEDenoiser/Content/NNEDTOM_Output_Alpha.uasset" 11572
"../../../Engine/Plugins/NNE/NNEDenoiser/Content/NNEDTOM_Output_Default.uasset" 11573
"../../../Engine/Plugins/NNE/NNEDenoiser/Content/NNEDT_Oidn2-3_Balanced_Alpha.uasset" 11574
"../../../Engine/Plugins/NNE/NNEDenoiser/Content/NNEDT_Oidn2-3_Balanced.uasset" 11575
"../../../Engine/Plugins/NNE/NNEDenoiser/Content/NNED_Oidn2-3_Balanced_Alpha.uasset" 11576
"../../../Engine/Plugins/NNE/NNEDenoiser/Content/NNEDTIM_ColorAlbedoNormal_Alpha.uasset" 11577
"../../../Engine/Plugins/NNE/NNEDenoiser/Content/NNED_Oidn2-3_Fast.uasset" 11578
"../../../Engine/Plugins/NNE/NNEDenoiser/Content/NNE_oidn2-3-0_rt_hdr_alb_nrm_small__dyn__fp16_opset11_DenoiseAlpha.uasset" 11579
"../../../Engine/Plugins/NNE/NNEDenoiser/Content/NNED_Oidn2-3_Balanced.uasset" 11580
"../../../Engine/Plugins/NNE/NNEDenoiser/Content/NNEDOM_Output_Default.uasset" 11581
"../../../Engine/Plugins/NNE/NNEDenoiser/Content/NNE_oidn2-3-0_rt_hdr_alb_nrm__dyn__fp16_opset11_DenoiseAlpha.uasset" 11582
"../../../Engine/Plugins/NNE/NNEDenoiser/Content/NNE_oidn2-3-0_rt_hdr_alb_nrm__dyn__fp16_opset11_ForwardAlpha.uasset" 11583
"../../../Engine/Plugins/NNE/NNEDenoiser/Content/NNE_oidn2-3-0_rt_hdr_alb_nrm_small__dyn__fp16_opset11_ForwardAlpha.uasset" 11584
"../../../Engine/Plugins/NNE/NNEDenoiser/Content/NNED_Oidn2-3_HighQuality_Alpha.uasset" 11585
"../../../Engine/Plugins/NNE/NNEDenoiser/Content/NNE_oidn2-3-0_rt_hdr_calb_cnrm_large__dyn__fp16_opset11_ForwardAlpha.uasset" 11586
"../../../Engine/Plugins/NNE/NNEDenoiser/Content/NNE_oidn2-3-0_rt_hdr_calb_cnrm_large__dyn__fp16_opset11_DenoiseAlpha.uasset" 11587
"/NNEDenoiser/NNE_oidn2-3-0_rt_hdr_alb_nrm__dyn__fp16_opset11_ForwardAlpha" 11588
"/NNEDenoiser/NNE_oidn2-3-0_rt_hdr_calb_cnrm_large__dyn__fp16_opset11_ForwardAlpha" 11589
"/NNEDenoiser/NNE_oidn2-3-0_rt_hdr_calb_cnrm_large__dyn__fp16_opset11_DenoiseAlpha" 11590
"/NNEDenoiser/NNED_Oidn2-3_Fast" 11591
"/NNEDenoiser/NNE_oidn2-3-0_rt_hdr_alb_nrm__dyn__fp16_opset11_DenoiseAlpha" 11592
"/NNEDenoiser/NNED_Oidn2-3_Balanced_Alpha" 11593
"/NNEDenoiser/NNED_Oidn2-3_Balanced" 11594
"/NNEDenoiser/NNE_oidn2-3-0_rt_hdr_alb_nrm_small__dyn__fp16_opset11_ForwardAlpha" 11595
"/NNEDenoiser/NNEDT_Oidn2-3_Balanced_Alpha" 11596
"/NNEDenoiser/NNEDT_Oidn2-3_Balanced" 11597
"/NNEDenoiser/NNE_oidn2-3-0_rt_hdr_alb_nrm_small__dyn__fp16_opset11_DenoiseAlpha" 11598
"/NNEDenoiser/NNEDTOM_Output_Default" 11599
"/NNEDenoiser/NNEDTOM_Output_Alpha" 11600
"/NNEDenoiser/NNEDTIM_ColorAlbedoNormal_Default" 11601
"D:/mydata/Repositories/MechaManZero/mmz/Intermediate/ORTOptimizerPass_Optimized01224DD44EBD12F7520D45932D9C4C1A.onnx" 11602
"D:/mydata/Repositories/MechaManZero/mmz/Intermediate/ORTOptimizerPass_Optimized22FBB6DE4E24B4FA1EE08BA97A79B7A0.onnx" 11603
"D:/mydata/Repositories/MechaManZero/mmz/Intermediate/ORTOptimizerPass_OptimizedD230A5A8429C33DA9C54988A9D8141F5.onnx" 11604
"D:/mydata/Repositories/MechaManZero/mmz/Intermediate/ORTOptimizerPass_Optimized55BFEFA64AADD5E6BD17509182E0BBF7.onnx" 11605
"D:/mydata/Repositories/MechaManZero/mmz/Intermediate/ORTOptimizerPass_OptimizedCEA0612C4F5E9D5EF4C8B7A7CB8853CC.onnx" 11606
"D:/mydata/Repositories/MechaManZero/mmz/Intermediate/ORTOptimizerPass_OptimizedB0637D4F4DAABDE7468176B209794882.onnx" 11607
"D:/mydata/Repositories/MechaManZero/mmz/Intermediate/ORTOptimizerPass_Optimized8A21478544566B1C2AB8DF928DABEA0F.onnx" 11608
"D:/mydata/Repositories/MechaManZero/mmz/Intermediate/ORTOptimizerPass_Optimized693DBEE944DB82E36EB778B6312082FA.onnx" 11609
"D:/mydata/Repositories/MechaManZero/mmz/Intermediate/ORTOptimizerPass_Optimized6679FBB64F9FE06B6F3E7C8CFEB532CE.onnx" 11610
"D:/mydata/Repositories/MechaManZero/mmz/Intermediate/ORTOptimizerPass_OptimizedD0BD04F0444AAD3B32D6B6BB3B92A6C7.onnx" 11611
"D:/mydata/Repositories/MechaManZero/mmz/Intermediate/ORTOptimizerPass_OptimizedC9D19F144C9FCBB576D7B1950EA8C1DB.onnx" 11612
"D:/mydata/Repositories/MechaManZero/mmz/Intermediate/ORTOptimizerPass_OptimizedB08A9A9A47F8DDEA8667E09DB45DA70E.onnx" 11613
"/NNEDenoiser/NNEDTIM_ColorAlbedoNormal_Alpha" 11614
"/NNEDenoiser/NNEDOM_Output_Default" 11615
"/NNEDenoiser/NNEDOM_Output_Alpha" 11616
"/NNEDenoiser/NNED_Oidn2-3_HighQuality_Alpha" 11617
"/NNEDenoiser/NNEDIM_HighQuality_Default" 11618
"/NNEDenoiser/NNEDIM_HighQuality_Alpha" 11619
"/NNEDenoiser/NNED_Oidn2-3_HighQuality" 11620
"/NNEDenoiser/NNED_Oidn2-3_Fast_Alpha" 11621
"../../../Engine/Content/EditorResources/BSPVertex.uasset" 11622
"../../../Engine/Content/EngineMaterials/DefaultBloomKernel.uasset" 11623
"../../../Engine/Content/EngineResources/FilmGrains/Marcie_Grain_v3_128_M2_000.uasset" 11624
"../../../Engine/Content/EngineResources/Development/ZenLogo_64.uasset" 11625
"D:/mydata/Repositories/MechaManZero/mmz/DerivedDataCache/VT/TEXTURE_7C16439390E24F1F9468894FB4D4BC55_VTCHUNK2A5F9F60441DA258D18B46D59C64D5BAD50E8EE3" 11626
"D:/mydata/Repositories/MechaManZero/mmz/DerivedDataCache/VT/TEXTURE_7C16439390E24F1F9468894FB4D4BC55_VTCHUNK44B429B40BB45A070EB17C1259C28734996A2F49" 11627
"D:/mydata/Repositories/MechaManZero/mmz/DerivedDataCache/VT/TEXTURE_7C16439390E24F1F9468894FB4D4BC55_VTCHUNK967C747FFC357A828288FA05D93CD5DCECDA891B" 11628
"D:/mydata/Repositories/MechaManZero/mmz/DerivedDataCache/VT/TEXTURE_7C16439390E24F1F9468894FB4D4BC55_VTCHUNKC0393DE8C5B4673D99D1BECB92AA8C1F72FEB491" 11629
"D:/mydata/Repositories/MechaManZero/mmz/DerivedDataCache/VT/TEXTURE_7C16439390E24F1F9468894FB4D4BC55_VTCHUNK02D4C3BCAD7DFA48AB32B8281FB06B8B83DB6275" 11630
"../../../Engine/Content/EngineDebugMaterials/DebugEditorMaterial.uasset" 11631
"../../../Engine/Content/EngineMaterials/FastBlueNoise_vec2_128x128x64.uasset" 11632
"../../../Engine/Content/EngineMaterials/FastBlueNoise_scalar_128x128x64.uasset" 11633
"../../../Engine/Content/EngineSounds/Master.uasset" 11634
"../../../Engine/Plugins/Interchange/Runtime/Content/Pipelines/DefaultGLTFPipeline.uasset" 11635
"../../../Engine/Plugins/Interchange/Runtime/Content/Pipelines/DefaultMaterialXPipeline.uasset" 11636
"/Engine/EngineResources/Development/ZenLogo_64" 11637
"../../../Engine/Plugins/Interchange/Runtime/Content/Pipelines/DefaultAssetsPipeline.uasset" 11638
"../../../Engine/Plugins/Interchange/Runtime/Content/Pipelines/DefaultSceneAssetsPipeline.uasset" 11639
"../../../Engine/Content/EngineMaterials/EnergyConservation/Sheen_Energy.uasset" 11640
"../../../Engine/Content/EngineMaterials/LTC/Sheen_LTC.uasset" 11641
"../../../Engine/Plugins/Interchange/Runtime/Content/Pipelines/DefaultGLTFSceneAssetsPipeline.uasset" 11642
"../../../Engine/Plugins/Interchange/Runtime/Content/Pipelines/DefaultMaterialPipeline.uasset" 11643
"../../../Engine/Plugins/Interchange/Runtime/Content/Pipelines/DefaultGLTFAssetsPipeline.uasset" 11644
"../../../Engine/Plugins/Interchange/Runtime/Content/Pipelines/DefaultTexturePipeline.uasset" 11645
"../../../Engine/Content/EngineMaterials/EnergyConservation/Diffuse_Energy.uasset" 11646
"../../../Engine/Plugins/Interchange/Runtime/Content/Pipelines/DefaultSceneLevelPipeline.uasset" 11647
"../../../Engine/Content/EngineMaterials/FastBlueNoise_scalar_128x128x8.uasset" 11648
"../../../Engine/Plugins/Interchange/Assets/Content/Functions/MX_SurfaceUnlit.uasset" 11649
"../../../Engine/Plugins/Interchange/Assets/Content/Functions/MX_UsdPreviewSurface.uasset" 11650
"../../../Engine/Plugins/Interchange/Assets/Content/Functions/MX_OrenNayarBSDF.uasset" 11651
"../../../Engine/Plugins/Interchange/Assets/Content/Functions/MX_BurleyDiffuseBSDF.uasset" 11652
"../../../Engine/Plugins/Interchange/Assets/Content/Functions/MX_TranslucentBSDF.uasset" 11653
"../../../Engine/Plugins/Interchange/Assets/Content/Functions/MX_DielectricBSDF.uasset" 11654
"../../../Engine/Plugins/Interchange/Assets/Content/Functions/MX_SubsurfaceBSDF.uasset" 11655
"../../../Engine/Plugins/Interchange/Assets/Content/Functions/MX_ConductorBSDF.uasset" 11656
"../../../Engine/Plugins/Interchange/Assets/Content/Functions/MX_ThinFilmBSDF.uasset" 11657
"../../../Engine/Plugins/Interchange/Assets/Content/Functions/MX_GeneralizedSchlickBSDF.uasset" 11658
"/Engine/EngineResources/FilmGrains/Marcie_Grain_v3_128_M2_000" 11659
"../../../Engine/Plugins/Interchange/Assets/Content/Functions/MX_SheenBSDF.uasset" 11660
"/Engine/EngineMaterials/DefaultBloomKernel" 11661
"/Engine/EditorResources/BSPVertex" 11662
"../../../Engine/Plugins/Interchange/Assets/Content/Functions/MX_AbsorptionVDF.uasset" 11663
"../../../Engine/Plugins/Interchange/Assets/Content/Functions/MX_UniformEDF.uasset" 11664
"../../../Engine/Plugins/Interchange/Assets/Content/Functions/MX_ConicalEDF.uasset" 11665
"../../../Engine/Plugins/Interchange/Assets/Content/Functions/MX_MeasuredEDF.uasset" 11666
"/InterchangeAssets/Functions/MX_SurfaceUnlit" 11667
"/InterchangeAssets/Functions/MX_ThinFilmBSDF" 11668
"/InterchangeAssets/Functions/MX_SheenBSDF" 11669
"/InterchangeAssets/Functions/MX_SubsurfaceBSDF" 11670
"/InterchangeAssets/Functions/MX_GeneralizedSchlickBSDF" 11671
"/InterchangeAssets/Functions/MX_ConductorBSDF" 11672
"/InterchangeAssets/Functions/MX_DielectricBSDF" 11673
"/InterchangeAssets/Functions/MX_TranslucentBSDF" 11674
"/InterchangeAssets/Functions/MX_BurleyDiffuseBSDF" 11675
"/InterchangeAssets/Functions/MX_OrenNayarBSDF" 11676
"/InterchangeAssets/Functions/MX_UsdPreviewSurface" 11677
"/Interchange/Pipelines/DefaultGLTFSceneAssetsPipeline" 11678
"/Interchange/Pipelines/DefaultSceneLevelPipeline" 11679
"/Interchange/Pipelines/DefaultSceneAssetsPipeline" 11680
"/Interchange/Pipelines/DefaultTexturePipeline" 11681
"/Interchange/Pipelines/DefaultMaterialPipeline" 11682
"/Interchange/Pipelines/DefaultGLTFPipeline" 11683
"/Interchange/Pipelines/DefaultGLTFAssetsPipeline" 11684
"/Interchange/Pipelines/DefaultMaterialXPipeline" 11685
"/Interchange/Pipelines/DefaultAssetsPipeline" 11686
"/Engine/EngineSounds/Master" 11687
"/Engine/EngineMaterials/EnergyConservation/Diffuse_Energy" 11688
"/Engine/EngineMaterials/EnergyConservation/Sheen_Energy" 11689
"/Engine/EngineMaterials/LTC/Sheen_LTC" 11690
"/Engine/EngineMaterials/FastBlueNoise_vec2_128x128x64" 11691
"/Engine/EngineMaterials/FastBlueNoise_scalar_128x128x8" 11692
"/Engine/EngineMaterials/FastBlueNoise_scalar_128x128x64" 11693
"/Engine/EngineDebugMaterials/DebugEditorMaterial" 11694
"/InterchangeAssets/Functions/MX_AbsorptionVDF" 11695
"../../../Engine/Plugins/Animation/ControlRig/Content/Controls/ControlRigGizmoMaterial.uasset" 11696
"../../../Engine/Plugins/Interchange/Assets/Content/Functions/MX_AnisotropicVDF.uasset" 11697
"/InterchangeAssets/Functions/MX_MeasuredEDF" 11698
"/InterchangeAssets/Functions/MX_ConicalEDF" 11699
"/InterchangeAssets/Functions/MX_UniformEDF" 11700
"/ControlRig/Controls/ControlRigGizmoMaterial" 11701
"/InterchangeAssets/Functions/MX_AnisotropicVDF" 11702
"D:/mydata/Repositories/MechaManZero/mmz/Saved/Cooked/Windows/mmz/Metadata/CookedSettings.txt" 11703
